-- --------------------------------------------------------
-- Host:                         127.0.0.1
-- Server version:               8.0.18 - MySQL Community Server - GPL
-- Server OS:                    Win64
-- HeidiSQL Version:             10.3.0.5771
-- --------------------------------------------------------

/*!40101 SET @OLD_CHARACTER_SET_CLIENT=@@CHARACTER_SET_CLIENT */;
/*!40101 SET NAMES utf8 */;
/*!50503 SET NAMES utf8mb4 */;
/*!40014 SET @OLD_FOREIGN_KEY_CHECKS=@@FOREIGN_KEY_CHECKS, FOREIGN_KEY_CHECKS=0 */;
/*!40101 SET @OLD_SQL_MODE=@@SQL_MODE, SQL_MODE='NO_AUTO_VALUE_ON_ZERO' */;
USE `--demo_db_replace_me--`;

-- Dumping data for table compcloud.access_group: ~3 rows (approximately)
/*!40000 ALTER TABLE `access_group` DISABLE KEYS */;
INSERT INTO `access_group` (`ACCESS_GROUP_ID`, `ORG_ID`, `TENANT_ID`, `ACCESS_GROUP_NAME`, `ACCESS_GROUP_DESC`, `STATUS`, `STATUS_TLM`, `WHEN_CREATED`, `TLM`) VALUES
	(1, 1, 1, 'Admin Group', 'Admin Group', 'ACTIVE', '2018-02-24 14:17:08', '2018-02-24 14:17:09', '2018-09-02 13:04:34'),
	(2, 1, 1, 'Manager', 'Demo Manager', 'ACTIVE', '2018-11-01 03:18:55', '2018-11-01 03:18:55', '2018-11-01 03:18:55'),
	(3, 1, 1, 'ReadOnlyGroup', 'Employee or manager read only', 'ACTIVE', '2020-05-30 23:57:23', '2020-05-30 23:57:23', '2020-05-30 23:57:23');
/*!40000 ALTER TABLE `access_group` ENABLE KEYS */;

-- Dumping data for table compcloud.access_group_auth: ~0 rows (approximately)
/*!40000 ALTER TABLE `access_group_auth` DISABLE KEYS */;
/*!40000 ALTER TABLE `access_group_auth` ENABLE KEYS */;

-- Dumping data for table compcloud.access_group_role: ~0 rows (approximately)
/*!40000 ALTER TABLE `access_group_role` DISABLE KEYS */;
/*!40000 ALTER TABLE `access_group_role` ENABLE KEYS */;

-- Dumping data for table compcloud.activity_log: ~171 rows (approximately)
/*!40000 ALTER TABLE `activity_log` DISABLE KEYS */;
INSERT INTO `activity_log` (`ACTIVITY_LOG_ID`, `EMPLOYEE_MASTER_ID`, `IP_ADDRESS`, `WORKSPACE`, `CATEGORY`, `ACTION`, `ITEM_ID`, `SEVERITY_INDEX`, `WHEN_CREATED`, `STATUS`, `STATUS_TLM`, `TLM`, `UPDATED_EMPLOYEE_MASTER_ID`, `display_message`, `LOGGED_IN_EMPLOYEE_MASTER_ID`) VALUES
	(317, 13, '0:0:0:0:0:0:0:1', 'planning', 'planningPopUp', 'updateRecord', NULL, 3, '2020-09-26 13:47:59', 'ACTIVE', '2020-09-26 13:47:59', '2021-02-12 10:01:52', 1, 'Salary record updated for Jennifer Lewis', 1),
	(318, 17, '0:0:0:0:0:0:0:1', 'planning', 'planningPopUp', 'updateRecord', NULL, 3, '2020-09-26 13:49:20', 'ACTIVE', '2020-09-26 13:49:20', '2021-02-12 10:01:52', 1, 'Salary record updated for Jessica Horton', 1),
	(319, 13, '0:0:0:0:0:0:0:1', 'userManagement', 'role', 'linkEmployee', '2', 5, '2020-09-26 13:52:35', 'ACTIVE', '2020-09-26 13:52:35', '2021-02-12 10:01:52', 1, 'Updated role', 1),
	(320, 13, '0:0:0:0:0:0:0:1', 'userManagement', 'role', 'linkEmployee', '2', 5, '2020-09-26 13:53:21', 'ACTIVE', '2020-09-26 13:53:21', '2021-02-12 10:01:52', 1, 'Updated role', 1),
	(321, 13, '0:0:0:0:0:0:0:1', 'userManagement', 'role', 'linkEmployee', '2', 5, '2020-09-26 13:53:36', 'ACTIVE', '2020-09-26 13:53:36', '2021-02-12 10:01:52', 1, 'Updated role', 1),
	(322, 13, '0:0:0:0:0:0:0:1', 'userManagement', 'role', 'unlinkEmployee', '2', 5, '2020-09-26 13:53:44', 'ACTIVE', '2020-09-26 13:53:44', '2021-02-12 10:01:52', 1, 'Updated role', 1),
	(323, 13, '0:0:0:0:0:0:0:1', 'userManagement', 'role', 'unlinkEmployee', '2', 5, '2020-09-26 13:53:51', 'ACTIVE', '2020-09-26 13:53:51', '2021-02-12 10:01:52', 1, 'Updated role', 1),
	(324, 13, '0:0:0:0:0:0:0:1', 'userManagement', 'hrPartners', 'linkEmployee', '15', 5, '2020-09-26 13:56:31', 'ACTIVE', '2020-09-26 13:56:31', '2021-02-12 10:01:52', 1, 'Updated hrPartners', 1),
	(325, 13, '0:0:0:0:0:0:0:1', 'ruleEngine', 'rule', 'addedRecord', '39', 2, '2020-09-26 22:38:00', 'ACTIVE', '2020-09-26 22:38:00', '2021-02-12 10:01:52', 1, 'Updated rule', 1),
	(326, 13, '0:0:0:0:0:0:0:1', 'viewBuilder', 'compliance', 'updatedRecord', '31', 3, '2020-09-26 22:38:31', 'ACTIVE', '2020-09-26 22:38:31', '2021-02-12 10:01:52', 1, 'Updated compliance', 1),
	(327, 13, '0:0:0:0:0:0:0:1', 'viewBuilder', 'compliance', 'updatedRecord', '31', 3, '2020-09-28 23:40:51', 'ACTIVE', '2020-09-28 23:40:51', '2021-02-12 10:01:52', 1, 'Updated compliance', 1),
	(328, 13, '0:0:0:0:0:0:0:1', 'planning', 'planningPopUp', 'updateRecord', NULL, 3, '2020-10-18 06:38:13', 'ACTIVE', '2020-10-18 06:38:13', '2021-02-12 10:01:52', 1, 'Salary record updated for Jennifer Lewis', 1),
	(329, 13, '0:0:0:0:0:0:0:1', 'planning', 'planningPopUp', 'updateRecord', NULL, 3, '2020-10-18 06:38:46', 'ACTIVE', '2020-10-18 06:38:46', '2021-02-12 10:01:52', 1, 'Salary record updated for Jennifer Lewis', 1),
	(330, 13, '0:0:0:0:0:0:0:1', 'planning', 'planningPopUp', 'updateRecord', NULL, 3, '2020-10-18 06:38:52', 'ACTIVE', '2020-10-18 06:38:52', '2021-02-12 10:01:52', 1, 'Salary record updated for Jennifer Lewis', 1),
	(331, 13, '0:0:0:0:0:0:0:1', 'planning', 'planningPopUp', 'updateRecord', NULL, 3, '2020-10-18 06:38:56', 'ACTIVE', '2020-10-18 06:38:56', '2021-02-12 10:01:52', 1, 'Salary record updated for Jennifer Lewis', 1),
	(332, 13, '0:0:0:0:0:0:0:1', 'planning', 'planningPopUp', 'updateRecord', NULL, 3, '2020-10-18 06:39:02', 'ACTIVE', '2020-10-18 06:39:02', '2021-02-12 10:01:52', 1, 'Salary record updated for Jennifer Lewis', 1),
	(616, 13, '0:0:0:0:0:0:0:1', 'userManagement', 'role', 'linkEmployee', '2', 5, '2021-02-13 17:39:55', 'ACTIVE', '2021-02-13 17:39:55', '2021-02-13 17:39:55', NULL, 'Updated role', 13),
	(617, 13, '0:0:0:0:0:0:0:1', 'viewBuilder', 'customise', 'updatedRecord', '24', 3, '2021-02-14 09:40:44', 'ACTIVE', '2021-02-14 09:40:44', '2021-02-14 09:40:44', NULL, 'Updated customise', 13),
	(618, 13, '0:0:0:0:0:0:0:1', 'userManagement', 'compManagers', 'addedRecord', '13', 2, '2021-02-14 13:42:47', 'ACTIVE', '2021-02-14 13:42:47', '2021-02-14 13:42:47', NULL, 'Updated compManagers', 13),
	(619, 13, '0:0:0:0:0:0:0:1', 'userManagement', 'compManagers', 'linkEmployee', '13', 5, '2021-02-14 13:42:49', 'ACTIVE', '2021-02-14 13:42:49', '2021-02-14 13:42:49', NULL, 'Updated compManagers', 13),
	(620, 13, '0:0:0:0:0:0:0:1', 'viewBuilder', 'dataTable', 'previewRecord', NULL, 4, '2021-02-14 14:02:42', 'ACTIVE', '2021-02-14 14:02:42', '2021-02-14 14:02:42', NULL, 'Updated dataTable', 13),
	(621, 13, '0:0:0:0:0:0:0:1', 'viewBuilder', 'dataTable', 'previewRecord', NULL, 4, '2021-02-14 14:04:43', 'ACTIVE', '2021-02-14 14:04:43', '2021-02-14 14:04:43', NULL, 'Updated dataTable', 13),
	(622, 13, '0:0:0:0:0:0:0:1', 'viewBuilder', 'dataTable', 'previewRecord', NULL, 4, '2021-02-14 14:05:27', 'ACTIVE', '2021-02-14 14:05:27', '2021-02-14 14:05:27', NULL, 'Updated dataTable', 13),
	(623, 13, '0:0:0:0:0:0:0:1', 'viewBuilder', 'dataTable', 'previewRecord', NULL, 4, '2021-02-14 14:06:09', 'ACTIVE', '2021-02-14 14:06:09', '2021-02-14 14:06:09', NULL, 'Updated dataTable', 13),
	(624, 13, '0:0:0:0:0:0:0:1', 'viewBuilder', 'dataTable', 'previewRecord', NULL, 4, '2021-02-14 14:07:32', 'ACTIVE', '2021-02-14 14:07:32', '2021-02-14 14:07:32', NULL, 'Updated dataTable', 13),
	(625, 13, '0:0:0:0:0:0:0:1', 'viewBuilder', 'dataTable', 'previewRecord', NULL, 4, '2021-02-14 14:10:20', 'ACTIVE', '2021-02-14 14:10:20', '2021-02-14 14:10:20', NULL, 'Updated dataTable', 13),
	(626, 1, '0:0:0:0:0:0:0:1', 'planning', 'planningGrid', 'updateRecord', NULL, 3, '2021-02-14 09:26:50', 'ACTIVE', '2021-02-14 09:26:50', '2021-02-14 09:26:50', 2, 'Salary record updated for David Wong', 13),
	(627, 13, '0:0:0:0:0:0:0:1', 'planning', 'planningGrid', 'updateRecord', NULL, 3, '2021-02-14 09:26:50', 'ACTIVE', '2021-02-14 09:26:50', '2021-02-14 09:26:50', 1, 'Salary record updated for Jennifer, Lewis', 13),
	(628, 13, '0:0:0:0:0:0:0:1', 'planning', 'planningGrid', 'updateRecord', NULL, 3, '2021-02-14 10:48:52', 'ACTIVE', '2021-02-14 10:48:52', '2021-02-14 10:48:52', 1, 'Salary record updated for Jennifer, Lewis', 13),
	(629, 13, '0:0:0:0:0:0:0:1', 'planning', 'planningGrid', 'updateRecord', NULL, 3, '2021-02-14 10:54:44', 'ACTIVE', '2021-02-14 10:54:44', '2021-02-14 10:54:44', 1, 'Salary record updated for Jennifer, Lewis', 13),
	(630, 13, '0:0:0:0:0:0:0:1', 'planning', 'planningGrid', 'updateRecord', NULL, 3, '2021-02-14 10:57:19', 'ACTIVE', '2021-02-14 10:57:19', '2021-02-14 10:57:19', 1, 'Salary record updated for Jennifer, Lewis', 13),
	(631, 13, '0:0:0:0:0:0:0:1', 'planning', 'planningGrid', 'updateRecord', NULL, 3, '2021-02-14 11:04:36', 'ACTIVE', '2021-02-14 11:04:36', '2021-02-14 11:04:36', 1, 'Salary record updated for Jennifer, Lewis', 13),
	(632, 13, '0:0:0:0:0:0:0:1', 'planning', 'planningGrid', 'updateRecord', NULL, 3, '2021-02-14 11:08:17', 'ACTIVE', '2021-02-14 11:08:17', '2021-02-14 11:08:17', 1, 'Salary record updated for Jennifer, Lewis', 13),
	(633, 13, '0:0:0:0:0:0:0:1', 'planning', 'planningGrid', 'updateRecord', NULL, 3, '2021-02-14 11:18:45', 'ACTIVE', '2021-02-14 11:18:45', '2021-02-14 11:18:45', 1, 'Salary record updated for Jennifer, Lewis', 13),
	(634, 13, '0:0:0:0:0:0:0:1', 'planning', 'planningGrid', 'updateRecord', NULL, 3, '2021-02-14 12:10:15', 'ACTIVE', '2021-02-14 12:10:15', '2021-02-14 12:10:15', 1, 'Salary record updated for Jennifer, Lewis', 13),
	(635, 13, '0:0:0:0:0:0:0:1', 'planning', 'planningPopUp', 'updateRecord', NULL, 3, '2021-02-14 12:12:53', 'ACTIVE', '2021-02-14 12:12:53', '2021-02-14 12:12:53', 1, 'Salary record updated for Jennifer, Lewis', 13),
	(636, 13, '0:0:0:0:0:0:0:1', 'planning', 'planningPopUp', 'updateRecord', NULL, 3, '2021-02-14 12:14:08', 'ACTIVE', '2021-02-14 12:14:08', '2021-02-14 12:14:08', 1, 'Salary record updated for Jennifer, Lewis', 13),
	(637, 13, '0:0:0:0:0:0:0:1', 'planning', 'planningPopUp', 'updateRecord', NULL, 3, '2021-02-14 12:32:56', 'ACTIVE', '2021-02-14 12:32:56', '2021-02-14 12:32:56', 1, 'Salary record updated for Jennifer, Lewis', 13),
	(638, 13, '0:0:0:0:0:0:0:1', 'planning', 'planningPopUp', 'updateRecord', NULL, 3, '2021-02-14 12:33:15', 'ACTIVE', '2021-02-14 12:33:15', '2021-02-14 12:33:15', 1, 'Salary record updated for Jennifer, Lewis', 13),
	(639, 13, '0:0:0:0:0:0:0:1', 'planning', 'planningPopUp', 'updateRecord', NULL, 3, '2021-02-14 12:33:32', 'ACTIVE', '2021-02-14 12:33:32', '2021-02-14 12:33:32', 1, 'Salary record updated for Jennifer, Lewis', 13),
	(640, 13, '0:0:0:0:0:0:0:1', 'planning', 'planningPopUp', 'updateRecord', NULL, 3, '2021-02-14 12:35:17', 'ACTIVE', '2021-02-14 12:35:17', '2021-02-14 12:35:17', 1, 'Salary record updated for Jennifer, Lewis', 13),
	(641, 13, '0:0:0:0:0:0:0:1', 'planning', 'planningPopUp', 'updateRecord', NULL, 3, '2021-02-14 12:35:32', 'ACTIVE', '2021-02-14 12:35:32', '2021-02-14 12:35:32', 1, 'Salary record updated for Jennifer, Lewis', 13),
	(642, 13, '0:0:0:0:0:0:0:1', 'planning', 'planningGrid', 'updateRecord', NULL, 3, '2021-02-14 12:35:52', 'ACTIVE', '2021-02-14 12:35:52', '2021-02-14 12:35:52', 5, 'Salary record updated for Mike, Hudson.', 13),
	(643, 13, '0:0:0:0:0:0:0:1', 'planning', 'planningGrid', 'updateRecord', NULL, 3, '2021-02-14 12:35:52', 'ACTIVE', '2021-02-14 12:35:52', '2021-02-14 12:35:52', 7, 'Salary record updated for Milanda Hages', 13),
	(644, 13, '0:0:0:0:0:0:0:1', 'planning', 'planningGrid', 'updateRecord', NULL, 3, '2021-02-14 15:21:14', 'ACTIVE', '2021-02-14 15:21:14', '2021-02-14 15:21:14', 1, 'Salary record updated for Jennifer, Lewis', 13),
	(645, 13, '0:0:0:0:0:0:0:1', 'planning', 'planningGrid', 'updateRecord', NULL, 3, '2021-02-14 15:21:14', 'ACTIVE', '2021-02-14 15:21:14', '2021-02-14 15:21:14', 5, 'Salary record updated for Mike, Hudson.', 13),
	(646, 13, '0:0:0:0:0:0:0:1', 'viewBuilder', 'planningPop', 'updatedRecord', '10', 3, '2021-02-15 16:10:22', 'ACTIVE', '2021-02-15 16:10:22', '2021-02-15 16:10:22', NULL, 'Updated planningPop', 13),
	(647, 13, '0:0:0:0:0:0:0:1', 'planning', 'planningPopUp', 'updateRecord', NULL, 3, '2021-02-15 10:42:15', 'ACTIVE', '2021-02-15 10:42:15', '2021-02-15 10:42:15', 1, 'Salary record updated for Jennifer, Lewis', 13),
	(648, 13, '0:0:0:0:0:0:0:1', 'planning', 'planningGrid', 'updateRecord', NULL, 3, '2021-02-17 12:49:20', 'ACTIVE', '2021-02-17 12:49:20', '2021-02-17 12:49:20', 1, 'Salary record updated for Jennifer, Lewis', 13),
	(649, 13, '0:0:0:0:0:0:0:1', 'planning', 'planningGrid', 'updateRecord', NULL, 3, '2021-02-17 12:49:42', 'ACTIVE', '2021-02-17 12:49:42', '2021-02-17 12:49:42', 5, 'Salary record updated for Mike, Hudson.', 13),
	(650, 13, '0:0:0:0:0:0:0:1', 'planning', 'planningGrid', 'updateRecord', NULL, 3, '2021-02-17 12:49:42', 'ACTIVE', '2021-02-17 12:49:42', '2021-02-17 12:49:42', 7, 'Salary record updated for Milanda Hages', 13),
	(651, 13, '0:0:0:0:0:0:0:1', 'planning', 'planningGrid', 'updateRecord', NULL, 3, '2021-02-17 12:50:28', 'ACTIVE', '2021-02-17 12:50:28', '2021-02-17 12:50:28', 5, 'Salary record updated for Mike, Hudson.', 13),
	(652, 13, '0:0:0:0:0:0:0:1', 'planning', 'planningGrid', 'updateRecord', NULL, 3, '2021-02-17 12:51:25', 'ACTIVE', '2021-02-17 12:51:25', '2021-02-17 12:51:25', 7, 'Salary record updated for Milanda Hages', 13),
	(653, 13, '0:0:0:0:0:0:0:1', 'planning', 'planningGrid', 'updateRecord', NULL, 3, '2021-02-17 12:51:25', 'ACTIVE', '2021-02-17 12:51:25', '2021-02-17 12:51:25', 1, 'Salary record updated for Jennifer, Lewis', 13),
	(654, 13, '0:0:0:0:0:0:0:1', 'planning', 'planningPopUp', 'updateRecord', NULL, 3, '2021-02-17 12:56:25', 'ACTIVE', '2021-02-17 12:56:25', '2021-02-17 12:56:25', 5, 'Salary record updated for Mike, Hudson.', 13),
	(655, 13, '0:0:0:0:0:0:0:1', 'planning', 'planningGrid', 'updateRecord', NULL, 3, '2021-02-17 13:07:19', 'ACTIVE', '2021-02-17 13:07:19', '2021-02-17 13:07:19', 5, 'Salary record updated for Mike, Hudson.', 13),
	(656, 13, '0:0:0:0:0:0:0:1', 'planning', 'planningGrid', 'updateRecord', NULL, 3, '2021-02-17 13:24:35', 'ACTIVE', '2021-02-17 13:24:35', '2021-02-17 13:24:35', 5, 'Salary record updated for Mike, Hudson.', 13),
	(657, 13, '0:0:0:0:0:0:0:1', 'planning', 'planningGrid', 'updateRecord', NULL, 3, '2021-02-17 13:24:35', 'ACTIVE', '2021-02-17 13:24:35', '2021-02-17 13:24:35', 1, 'Salary record updated for Jennifer, Lewis', 13),
	(658, 13, '0:0:0:0:0:0:0:1', 'planning', 'planningGrid', 'updateRecord', NULL, 3, '2021-02-17 13:24:35', 'ACTIVE', '2021-02-17 13:24:35', '2021-02-17 13:24:35', 7, 'Salary record updated for Milanda Hages', 13),
	(659, 13, '0:0:0:0:0:0:0:1', 'planning', 'planningGrid', 'updateRecord', NULL, 3, '2021-02-17 13:33:17', 'ACTIVE', '2021-02-17 13:33:17', '2021-02-17 13:33:17', 1, 'Salary record updated for Jennifer, Lewis', 13),
	(660, 13, '0:0:0:0:0:0:0:1', 'planning', 'planningGrid', 'updateRecord', NULL, 3, '2021-02-17 14:22:50', 'ACTIVE', '2021-02-17 14:22:50', '2021-02-17 14:22:50', 1, 'Salary record updated for Jennifer, Lewis', 13),
	(661, 13, '0:0:0:0:0:0:0:1', 'planning', 'planningGrid', 'updateRecord', NULL, 3, '2021-02-17 14:23:49', 'ACTIVE', '2021-02-17 14:23:49', '2021-02-17 14:23:49', 5, 'Salary record updated for Mike, Hudson.', 13),
	(662, 13, '0:0:0:0:0:0:0:1', 'planning', 'planningGrid', 'updateRecord', NULL, 3, '2021-02-17 14:24:27', 'ACTIVE', '2021-02-17 14:24:27', '2021-02-17 14:24:27', 7, 'Salary record updated for Milanda Hages', 13),
	(663, 13, '0:0:0:0:0:0:0:1', 'planning', 'planningGrid', 'updateRecord', NULL, 3, '2021-02-17 14:37:03', 'ACTIVE', '2021-02-17 14:37:03', '2021-02-17 14:37:03', 1, 'Salary record updated for Jennifer, Lewis', 13),
	(664, 13, '0:0:0:0:0:0:0:1', 'planning', 'planningGrid', 'updateRecord', NULL, 3, '2021-02-17 14:37:19', 'ACTIVE', '2021-02-17 14:37:19', '2021-02-17 14:37:19', 7, 'Salary record updated for Milanda Hages', 13),
	(665, 13, '0:0:0:0:0:0:0:1', 'planning', 'planningGrid', 'updateRecord', NULL, 3, '2021-02-17 14:37:33', 'ACTIVE', '2021-02-17 14:37:33', '2021-02-17 14:37:33', 5, 'Salary record updated for Mike, Hudson.', 13),
	(666, 13, '0:0:0:0:0:0:0:1', 'planning', 'planningGrid', 'updateRecord', NULL, 3, '2021-02-17 14:42:49', 'ACTIVE', '2021-02-17 14:42:49', '2021-02-17 14:42:49', 1, 'Salary record updated for Jennifer, Lewis', 13),
	(667, 13, '0:0:0:0:0:0:0:1', 'planning', 'planningGrid', 'updateRecord', NULL, 3, '2021-02-17 14:43:20', 'ACTIVE', '2021-02-17 14:43:20', '2021-02-17 14:43:20', 5, 'Salary record updated for Mike, Hudson.', 13),
	(668, 13, '0:0:0:0:0:0:0:1', 'planning', 'planningGrid', 'updateRecord', NULL, 3, '2021-02-17 14:43:42', 'ACTIVE', '2021-02-17 14:43:42', '2021-02-17 14:43:42', 7, 'Salary record updated for Milanda Hages', 13),
	(669, 13, '0:0:0:0:0:0:0:1', 'planning', 'planningGrid', 'updateRecord', NULL, 3, '2021-02-17 15:13:14', 'ACTIVE', '2021-02-17 15:13:14', '2021-02-17 15:13:14', 1, 'Salary record updated for Jennifer, Lewis', 13),
	(670, 13, '0:0:0:0:0:0:0:1', 'planning', 'planningGrid', 'updateRecord', NULL, 3, '2021-02-17 15:13:34', 'ACTIVE', '2021-02-17 15:13:34', '2021-02-17 15:13:34', 7, 'Salary record updated for Milanda Hages', 13),
	(671, 13, '0:0:0:0:0:0:0:1', 'planning', 'planningGrid', 'updateRecord', NULL, 3, '2021-02-17 15:13:51', 'ACTIVE', '2021-02-17 15:13:51', '2021-02-17 15:13:51', 5, 'Salary record updated for Mike, Hudson.', 13),
	(672, 13, '0:0:0:0:0:0:0:1', 'planning', 'planningGrid', 'updateRecord', NULL, 3, '2021-02-17 15:14:04', 'ACTIVE', '2021-02-17 15:14:04', '2021-02-17 15:14:04', 1, 'Salary record updated for Jennifer, Lewis', 13),
	(673, 13, '0:0:0:0:0:0:0:1', 'planning', 'planningGrid', 'updateRecord', NULL, 3, '2021-02-17 15:14:04', 'ACTIVE', '2021-02-17 15:14:04', '2021-02-17 15:14:04', 5, 'Salary record updated for Mike, Hudson.', 13),
	(674, 13, '0:0:0:0:0:0:0:1', 'viewBuilder', 'customise', 'addedRecord', '29', 2, '2021-02-25 13:46:59', 'ACTIVE', '2021-02-25 13:46:59', '2021-02-25 13:46:59', NULL, 'Updated customise', 13),
	(675, 13, '0:0:0:0:0:0:0:1', 'viewBuilder', 'customise', 'updatedRecord', '29', 3, '2021-02-25 13:47:28', 'ACTIVE', '2021-02-25 13:47:28', '2021-02-25 13:47:28', NULL, 'Updated customise', 13),
	(676, 13, '0:0:0:0:0:0:0:1', 'viewBuilder', 'customise', 'updatedRecord', '29', 3, '2021-02-25 13:50:12', 'ACTIVE', '2021-02-25 13:50:12', '2021-02-25 13:50:12', NULL, 'Updated customise', 13),
	(677, 13, '0:0:0:0:0:0:0:1', 'viewBuilder', 'customise', 'updatedRecord', '29', 3, '2021-02-25 13:51:00', 'ACTIVE', '2021-02-25 13:51:00', '2021-02-25 13:51:00', NULL, 'Updated customise', 13),
	(678, 13, '0:0:0:0:0:0:0:1', 'viewBuilder', 'customise', 'updatedRecord', '29', 3, '2021-02-25 14:00:05', 'ACTIVE', '2021-02-25 14:00:05', '2021-02-25 14:00:05', NULL, 'Updated customise', 13),
	(679, 13, '0:0:0:0:0:0:0:1', 'userManagement', 'compManagers', 'unlinkEmployee', '13', 5, '2021-02-25 14:17:55', 'ACTIVE', '2021-02-25 14:17:55', '2021-02-25 14:17:55', NULL, 'Updated compManagers', 13),
	(680, 13, '0:0:0:0:0:0:0:1', 'viewBuilder', 'customise', 'addedRecord', '30', 2, '2021-02-25 14:42:55', 'ACTIVE', '2021-02-25 14:42:55', '2021-02-25 14:42:55', NULL, 'Updated customise', 13),
	(681, 13, '0:0:0:0:0:0:0:1', 'viewBuilder', 'customise', 'updatedRecord', '30', 3, '2021-02-25 14:43:02', 'ACTIVE', '2021-02-25 14:43:02', '2021-02-25 14:43:02', NULL, 'Updated customise', 13),
	(682, 13, '0:0:0:0:0:0:0:1', 'viewBuilder', 'customise', 'updatedRecord', '30', 3, '2021-02-25 14:43:21', 'ACTIVE', '2021-02-25 14:43:21', '2021-02-25 14:43:21', NULL, 'Updated customise', 13),
	(683, 13, '0:0:0:0:0:0:0:1', 'viewBuilder', 'customise', 'updatedRecord', '30', 3, '2021-02-25 14:44:11', 'ACTIVE', '2021-02-25 14:44:11', '2021-02-25 14:44:11', NULL, 'Updated customise', 13),
	(684, 13, '0:0:0:0:0:0:0:1', 'viewBuilder', 'customise', 'updatedRecord', '30', 3, '2021-02-25 14:47:26', 'ACTIVE', '2021-02-25 14:47:26', '2021-02-25 14:47:26', NULL, 'Updated customise', 13),
	(685, 13, '0:0:0:0:0:0:0:1', 'viewBuilder', 'customise', 'updatedRecord', '30', 3, '2021-02-25 14:47:50', 'ACTIVE', '2021-02-25 14:47:50', '2021-02-25 14:47:50', NULL, 'Updated customise', 13),
	(686, 13, '0:0:0:0:0:0:0:1', 'viewBuilder', 'planningPop', 'updatedRecord', '10', 3, '2021-02-25 15:22:59', 'ACTIVE', '2021-02-25 15:22:59', '2021-02-25 15:22:59', NULL, 'Updated planningPop', 13),
	(687, 13, '0:0:0:0:0:0:0:1', 'viewBuilder', 'planningPop', 'updatedRecord', '10', 3, '2021-02-25 17:58:29', 'ACTIVE', '2021-02-25 17:58:29', '2021-02-25 17:58:29', NULL, 'Updated planningPop', 13),
	(688, 13, '0:0:0:0:0:0:0:1', 'planning', 'planningPopUp', 'updateRecord', NULL, 3, '2021-02-25 12:41:02', 'ACTIVE', '2021-02-25 12:41:02', '2021-02-25 12:41:02', 1, 'Salary record updated for Jennifer, Lewis', 13),
	(689, 13, '0:0:0:0:0:0:0:1', 'planning', 'planningPopUp', 'updateRecord', NULL, 3, '2021-02-25 12:41:09', 'ACTIVE', '2021-02-25 12:41:09', '2021-02-25 12:41:09', 1, 'Salary record updated for Jennifer, Lewis', 13),
	(690, 13, '0:0:0:0:0:0:0:1', 'planning', 'planningPopUp', 'updateRecord', NULL, 3, '2021-02-25 12:46:49', 'ACTIVE', '2021-02-25 12:46:49', '2021-02-25 12:46:49', 1, 'Salary record updated for Jennifer, Lewis', 13),
	(691, 13, '0:0:0:0:0:0:0:1', 'planning', 'planningPopUp', 'updateRecord', NULL, 3, '2021-02-25 12:47:14', 'ACTIVE', '2021-02-25 12:47:14', '2021-02-25 12:47:14', 1, 'Salary record updated for Jennifer, Lewis', 13),
	(692, 13, '0:0:0:0:0:0:0:1', 'planning', 'planningPopUp', 'updateRecord', NULL, 3, '2021-02-25 12:52:41', 'ACTIVE', '2021-02-25 12:52:41', '2021-02-25 12:52:41', 1, 'Salary record updated for Jennifer, Lewis', 13),
	(693, 13, '0:0:0:0:0:0:0:1', 'planning', 'planningPopUp', 'updateRecord', NULL, 3, '2021-02-25 12:55:20', 'ACTIVE', '2021-02-25 12:55:20', '2021-02-25 12:55:20', 1, 'Salary record updated for Jennifer, Lewis', 13),
	(694, 13, '0:0:0:0:0:0:0:1', 'planning', 'planningPopUp', 'updateRecord', NULL, 3, '2021-02-25 12:55:28', 'ACTIVE', '2021-02-25 12:55:28', '2021-02-25 12:55:28', 1, 'Salary record updated for Jennifer, Lewis', 13),
	(695, 13, '0:0:0:0:0:0:0:1', 'planning', 'planningPopUp', 'updateRecord', NULL, 3, '2021-02-25 12:55:47', 'ACTIVE', '2021-02-25 12:55:47', '2021-02-25 12:55:47', 1, 'Salary record updated for Jennifer, Lewis', 13),
	(696, 13, '0:0:0:0:0:0:0:1', 'planning', 'planningPopUp', 'updateRecord', NULL, 3, '2021-02-25 13:00:42', 'ACTIVE', '2021-02-25 13:00:42', '2021-02-25 13:00:42', 1, 'Salary record updated for Jennifer, Lewis', 13),
	(697, 13, '0:0:0:0:0:0:0:1', 'planning', 'planningPopUp', 'updateRecord', NULL, 3, '2021-02-25 13:00:52', 'ACTIVE', '2021-02-25 13:00:52', '2021-02-25 13:00:52', 1, 'Salary record updated for Jennifer, Lewis', 13),
	(698, 13, '0:0:0:0:0:0:0:1', 'planning', 'planningPopUp', 'updateRecord', NULL, 3, '2021-02-25 13:17:31', 'ACTIVE', '2021-02-25 13:17:31', '2021-02-25 13:17:31', 1, 'Salary record updated for Jennifer, Lewis', 13),
	(699, 13, '0:0:0:0:0:0:0:1', 'planning', 'planningPopUp', 'updateRecord', NULL, 3, '2021-02-25 13:17:43', 'ACTIVE', '2021-02-25 13:17:43', '2021-02-25 13:17:43', 1, 'Salary record updated for Jennifer, Lewis', 13),
	(700, 13, '0:0:0:0:0:0:0:1', 'planning', 'planningPopUp', 'updateRecord', NULL, 3, '2021-02-25 13:17:56', 'ACTIVE', '2021-02-25 13:17:56', '2021-02-25 13:17:56', 1, 'Salary record updated for Jennifer, Lewis', 13),
	(701, 13, '0:0:0:0:0:0:0:1', 'planning', 'planningPopUp', 'updateRecord', NULL, 3, '2021-02-25 13:21:30', 'ACTIVE', '2021-02-25 13:21:30', '2021-02-25 13:21:30', 1, 'Salary record updated for Jennifer, Lewis', 13),
	(702, 13, '0:0:0:0:0:0:0:1', 'performance', 'performanceRating', 'updateRecord', NULL, 3, '2021-02-25 15:45:19', 'ACTIVE', '2021-02-25 15:45:19', '2021-02-25 15:45:19', 1, 'Performance record updated for Jennifer, Lewis', 13),
	(703, 13, '0:0:0:0:0:0:0:1', 'report', 'buildReport', 'addedRecord', '68', 2, '2021-02-26 09:04:54', 'ACTIVE', '2021-02-26 09:04:54', '2021-02-26 09:04:54', NULL, 'Updated buildReport', 13),
	(704, 13, '0:0:0:0:0:0:0:1', 'report', 'buildReport', 'addedRecord', '69', 2, '2021-02-26 09:07:03', 'ACTIVE', '2021-02-26 09:07:03', '2021-02-26 09:07:03', NULL, 'Updated buildReport', 13),
	(705, 13, '0:0:0:0:0:0:0:1', 'report', 'buildReport', 'addedRecord', '69', 2, '2021-02-26 09:07:15', 'ACTIVE', '2021-02-26 09:07:15', '2021-02-26 09:07:15', NULL, 'Updated buildReport', 13),
	(706, 13, '0:0:0:0:0:0:0:1', 'report', 'buildReport', 'addedRecord', '69', 2, '2021-02-26 09:07:25', 'ACTIVE', '2021-02-26 09:07:25', '2021-02-26 09:07:25', NULL, 'Updated buildReport', 13),
	(707, 13, '0:0:0:0:0:0:0:1', 'planning', 'planningPopUp', 'updateRecord', NULL, 3, '2021-02-26 08:25:47', 'ACTIVE', '2021-02-26 08:25:47', '2021-02-26 08:25:47', 1, 'Salary record updated for Jennifer, Lewis', 13),
	(708, 13, '0:0:0:0:0:0:0:1', 'planning', 'planningPopUp', 'updateRecord', NULL, 3, '2021-02-26 08:25:53', 'ACTIVE', '2021-02-26 08:25:53', '2021-02-26 08:25:53', 1, 'Salary record updated for Jennifer, Lewis', 13),
	(709, 13, '0:0:0:0:0:0:0:1', 'userManagement', 'compManagers', 'linkEmployee', '13', 5, '2021-02-26 15:27:48', 'ACTIVE', '2021-02-26 15:27:48', '2021-02-26 15:27:48', NULL, 'Updated compManagers', 13),
	(710, 13, '0:0:0:0:0:0:0:1', 'viewBuilder', 'profile', 'updatedRecord', '38', 3, '2021-02-26 16:10:05', 'ACTIVE', '2021-02-26 16:10:05', '2021-02-26 16:10:05', NULL, 'Updated profile', 13),
	(711, 13, '0:0:0:0:0:0:0:1', 'planning', 'planningPopUp', 'updateRecord', NULL, 3, '2021-03-02 11:58:53', 'ACTIVE', '2021-03-02 11:58:53', '2021-03-02 11:58:53', 1, 'Salary record updated for Jennifer, Lewis', 13),
	(712, 13, '0:0:0:0:0:0:0:1', 'planning', 'planningPopUp', 'updateRecord', NULL, 3, '2021-03-02 14:32:49', 'ACTIVE', '2021-03-02 14:32:49', '2021-03-02 14:32:49', 1, 'Salary record updated for Jennifer, Lewis', 13),
	(713, 13, '0:0:0:0:0:0:0:1', 'report', 'buildReport', 'addedRecord', '70', 2, '2021-03-03 10:36:32', 'ACTIVE', '2021-03-03 10:36:32', '2021-03-03 10:36:32', NULL, 'Updated buildReport', 13),
	(714, 13, '0:0:0:0:0:0:0:1', 'viewBuilder', 'dataTable', 'updatedRecord', '11', 3, '2021-03-03 12:35:53', 'ACTIVE', '2021-03-03 12:35:53', '2021-03-03 12:35:53', NULL, 'Updated dataTable', 13),
	(715, 13, '0:0:0:0:0:0:0:1', 'viewBuilder', 'dataTable', 'updatedRecord', '11', 3, '2021-03-03 12:35:53', 'ACTIVE', '2021-03-03 12:35:53', '2021-03-03 12:35:53', NULL, 'Updated dataTable', 13),
	(716, 13, '0:0:0:0:0:0:0:1', 'viewBuilder', 'dataTable', 'updatedRecord', '11', 3, '2021-03-03 12:35:54', 'ACTIVE', '2021-03-03 12:35:54', '2021-03-03 12:35:54', NULL, 'Updated dataTable', 13),
	(717, 1, '0:0:0:0:0:0:0:1', 'planning', 'planningGrid', 'updateRecord', NULL, 3, '2021-03-03 12:25:32', 'ACTIVE', '2021-03-03 12:25:32', '2021-03-03 12:25:32', 2, 'Salary record updated for David Wong', 1),
	(718, 13, '0:0:0:0:0:0:0:1', 'report', 'buildReport', 'updatedRecord', '56', 3, '2021-03-04 09:32:05', 'ACTIVE', '2021-03-04 09:32:05', '2021-03-04 09:32:05', NULL, 'Updated buildReport', 13),
	(719, 13, '0:0:0:0:0:0:0:1', 'report', 'buildReport', 'addedRecord', '71', 2, '2021-03-04 09:43:07', 'ACTIVE', '2021-03-04 09:43:07', '2021-03-04 09:43:07', NULL, 'Updated buildReport', 13),
	(720, 13, '0:0:0:0:0:0:0:1', 'report', 'buildReport', 'addedRecord', '71', 2, '2021-03-04 09:46:04', 'ACTIVE', '2021-03-04 09:46:04', '2021-03-04 09:46:04', NULL, 'Updated buildReport', 13),
	(721, 13, '0:0:0:0:0:0:0:1', 'report', 'buildReport', 'addedRecord', '71', 2, '2021-03-04 09:55:23', 'ACTIVE', '2021-03-04 09:55:23', '2021-03-04 09:55:23', NULL, 'Updated buildReport', 13),
	(722, 13, '0:0:0:0:0:0:0:1', 'setting', 'preference', 'updatedRecord', NULL, 3, '2021-03-04 09:56:20', 'ACTIVE', '2021-03-04 09:56:20', '2021-03-04 09:56:20', NULL, 'Updated preference', 13),
	(723, 13, '0:0:0:0:0:0:0:1', 'report', 'buildReport', 'addedRecord', '71', 2, '2021-03-04 09:57:44', 'ACTIVE', '2021-03-04 09:57:44', '2021-03-04 09:57:44', NULL, 'Updated buildReport', 13),
	(724, 13, '0:0:0:0:0:0:0:1', 'report', 'buildReport', 'addedRecord', '71', 2, '2021-03-04 09:59:51', 'ACTIVE', '2021-03-04 09:59:51', '2021-03-04 09:59:51', NULL, 'Updated buildReport', 13),
	(725, 13, '0:0:0:0:0:0:0:1', 'report', 'buildReport', 'addedRecord', '72', 2, '2021-03-04 10:01:00', 'ACTIVE', '2021-03-04 10:01:00', '2021-03-04 10:01:00', NULL, 'Updated buildReport', 13),
	(726, 13, '0:0:0:0:0:0:0:1', 'report', 'buildReport', 'addedRecord', '73', 2, '2021-03-04 10:03:40', 'ACTIVE', '2021-03-04 10:03:40', '2021-03-04 10:03:40', NULL, 'Updated buildReport', 13),
	(727, 13, '0:0:0:0:0:0:0:1', 'report', 'buildReport', 'addedRecord', '71', 2, '2021-03-04 10:04:08', 'ACTIVE', '2021-03-04 10:04:08', '2021-03-04 10:04:08', NULL, 'Updated buildReport', 13),
	(728, 13, '0:0:0:0:0:0:0:1', 'guideline', 'basepay', 'updatedRecord', '47', 3, '2021-03-04 10:09:42', 'ACTIVE', '2021-03-04 10:09:42', '2021-03-04 10:09:42', NULL, 'Updated basepay', 13),
	(729, 13, '0:0:0:0:0:0:0:1', 'report', 'buildReport', 'addedRecord', '74', 2, '2021-03-04 13:04:52', 'ACTIVE', '2021-03-04 13:04:52', '2021-03-04 13:04:52', NULL, 'Updated buildReport', 13),
	(730, 13, '0:0:0:0:0:0:0:1', 'report', 'buildReport', 'addedRecord', '71', 2, '2021-03-04 18:42:04', 'ACTIVE', '2021-03-04 18:42:04', '2021-03-04 18:42:04', NULL, 'Updated buildReport', 13),
	(731, 13, '0:0:0:0:0:0:0:1', 'report', 'buildReport', 'addedRecord', '71', 2, '2021-03-04 18:42:27', 'ACTIVE', '2021-03-04 18:42:27', '2021-03-04 18:42:27', NULL, 'Updated buildReport', 13),
	(732, 13, '0:0:0:0:0:0:0:1', 'report', 'buildReport', 'addedRecord', '71', 2, '2021-03-04 18:43:45', 'ACTIVE', '2021-03-04 18:43:45', '2021-03-04 18:43:45', NULL, 'Updated buildReport', 13),
	(733, 13, '0:0:0:0:0:0:0:1', 'guideline', 'basepay', 'updatedRecord', '47', 3, '2021-03-04 20:05:02', 'ACTIVE', '2021-03-04 20:05:02', '2021-03-04 20:05:02', NULL, 'Updated basepay', 13),
	(734, 13, '0:0:0:0:0:0:0:1', 'guideline', 'basepay', 'updatedRecord', '47', 3, '2021-03-04 20:06:43', 'ACTIVE', '2021-03-04 20:06:43', '2021-03-04 20:06:43', NULL, 'Updated basepay', 13),
	(735, 13, '0:0:0:0:0:0:0:1', 'guideline', 'basepay', 'updatedRecord', '47', 3, '2021-03-04 20:10:01', 'ACTIVE', '2021-03-04 20:10:01', '2021-03-04 20:10:01', NULL, 'Updated basepay', 13),
	(736, 13, '0:0:0:0:0:0:0:1', 'guideline', 'basepay', 'updatedRecord', '47', 3, '2021-03-04 20:14:35', 'ACTIVE', '2021-03-04 20:14:35', '2021-03-04 20:14:35', NULL, 'Updated basepay', 13),
	(737, 13, '0:0:0:0:0:0:0:1', 'guideline', 'basepay', 'addedRecord', '52', 2, '2021-03-04 20:17:25', 'ACTIVE', '2021-03-04 20:17:25', '2021-03-04 20:17:25', NULL, 'Updated basepay', 13),
	(738, 13, '0:0:0:0:0:0:0:1', 'guideline', 'basepay', 'updatedRecord', '47', 3, '2021-03-04 21:14:59', 'ACTIVE', '2021-03-04 21:14:59', '2021-03-04 21:14:59', NULL, 'Updated basepay', 13),
	(739, 13, '0:0:0:0:0:0:0:1', 'guideline', 'basepay', 'updatedRecord', '47', 3, '2021-03-04 21:15:16', 'ACTIVE', '2021-03-04 21:15:16', '2021-03-04 21:15:16', NULL, 'Updated basepay', 13),
	(740, 13, '0:0:0:0:0:0:0:1', 'guideline', 'basepay', 'updatedRecord', '47', 3, '2021-03-04 21:21:40', 'ACTIVE', '2021-03-04 21:21:40', '2021-03-04 21:21:40', NULL, 'Updated basepay', 13),
	(741, 13, '0:0:0:0:0:0:0:1', 'guideline', 'basepay', 'updatedRecord', '47', 3, '2021-03-04 21:24:27', 'ACTIVE', '2021-03-04 21:24:27', '2021-03-04 21:24:27', NULL, 'Updated basepay', 13),
	(742, 13, '0:0:0:0:0:0:0:1', 'report', 'buildReport', 'addedRecord', '71', 2, '2021-03-04 21:42:42', 'ACTIVE', '2021-03-04 21:42:42', '2021-03-04 21:42:42', NULL, 'Updated buildReport', 13),
	(743, 13, '0:0:0:0:0:0:0:1', 'report', 'buildReport', 'addedRecord', '71', 2, '2021-03-04 21:46:13', 'ACTIVE', '2021-03-04 21:46:13', '2021-03-04 21:46:13', NULL, 'Updated buildReport', 13),
	(744, 13, '0:0:0:0:0:0:0:1', 'report', 'buildReport', 'addedRecord', '71', 2, '2021-03-05 09:43:41', 'ACTIVE', '2021-03-05 09:43:41', '2021-03-05 09:43:41', NULL, 'Updated buildReport', 13),
	(745, 13, '0:0:0:0:0:0:0:1', 'report', 'buildReport', 'addedRecord', '71', 2, '2021-03-05 09:44:52', 'ACTIVE', '2021-03-05 09:44:52', '2021-03-05 09:44:52', NULL, 'Updated buildReport', 13),
	(746, 13, '0:0:0:0:0:0:0:1', 'report', 'buildReport', 'addedRecord', '71', 2, '2021-03-05 10:14:07', 'ACTIVE', '2021-03-05 10:14:07', '2021-03-05 10:14:07', NULL, 'Updated buildReport', 13),
	(747, 13, '0:0:0:0:0:0:0:1', 'report', 'buildReport', 'addedRecord', '71', 2, '2021-03-05 11:27:03', 'ACTIVE', '2021-03-05 11:27:03', '2021-03-05 11:27:03', NULL, 'Updated buildReport', 13),
	(748, 13, '0:0:0:0:0:0:0:1', 'report', 'buildReport', 'addedRecord', '71', 2, '2021-03-05 12:10:32', 'ACTIVE', '2021-03-05 12:10:32', '2021-03-05 12:10:32', NULL, 'Updated buildReport', 13),
	(749, 13, '0:0:0:0:0:0:0:1', 'report', 'buildReport', 'addedRecord', '71', 2, '2021-03-05 12:24:53', 'ACTIVE', '2021-03-05 12:24:53', '2021-03-05 12:24:53', NULL, 'Updated buildReport', 13),
	(750, 13, '0:0:0:0:0:0:0:1', 'report', 'buildReport', 'addedRecord', '71', 2, '2021-03-05 12:25:13', 'ACTIVE', '2021-03-05 12:25:13', '2021-03-05 12:25:13', NULL, 'Updated buildReport', 13),
	(751, 13, '0:0:0:0:0:0:0:1', 'report', 'buildReport', 'addedRecord', '71', 2, '2021-03-05 12:26:08', 'ACTIVE', '2021-03-05 12:26:08', '2021-03-05 12:26:08', NULL, 'Updated buildReport', 13),
	(752, 13, '0:0:0:0:0:0:0:1', 'report', 'buildReport', 'addedRecord', '71', 2, '2021-03-05 12:49:22', 'ACTIVE', '2021-03-05 12:49:22', '2021-03-05 12:49:22', NULL, 'Updated buildReport', 13),
	(753, 13, '0:0:0:0:0:0:0:1', 'report', 'buildReport', 'addedRecord', '71', 2, '2021-03-06 14:45:38', 'ACTIVE', '2021-03-06 14:45:38', '2021-03-06 14:45:38', NULL, 'Updated buildReport', 13),
	(754, 13, '0:0:0:0:0:0:0:1', 'planning', 'planningGrid', 'updateRecord', NULL, 3, '2021-03-07 04:37:20', 'ACTIVE', '2021-03-07 04:37:20', '2021-03-07 04:37:20', 5, 'Salary record updated for Mike, Hudson.', 13),
	(755, 13, '0:0:0:0:0:0:0:1', 'planning', 'planningGrid', 'updateRecord', NULL, 3, '2021-03-07 04:37:20', 'ACTIVE', '2021-03-07 04:37:20', '2021-03-07 04:37:20', 1, 'Salary record updated for Jennifer, Lewis', 13),
	(769, 13, '0:0:0:0:0:0:0:1', 'userManagement', 'compManagers', 'addedRecord', '1', 2, '2021-03-20 19:17:56', 'ACTIVE', '2021-03-20 19:17:56', '2021-03-20 19:17:56', NULL, 'Updated compManagers', 13),
	(770, 13, '0:0:0:0:0:0:0:1', 'userManagement', 'compManagers', 'deletedRecord', '13', 1, '2021-03-20 19:56:49', 'ACTIVE', '2021-03-20 19:56:49', '2021-03-20 19:56:49', NULL, 'Updated compManagers', 13),
	(771, 13, '0:0:0:0:0:0:0:1', 'planning', 'planningPopUp', 'updateRecord', NULL, 3, '2021-03-21 11:44:48', 'ACTIVE', '2021-03-21 11:44:48', '2021-03-21 11:44:48', 1, 'Salary record updated for Jennifer, Lewis', 13),
	(772, 13, '0:0:0:0:0:0:0:1', 'planning', 'planningGrid', 'updateRecord', NULL, 3, '2021-03-21 12:35:17', 'ACTIVE', '2021-03-21 12:35:17', '2021-03-21 12:35:17', 1, 'Salary record updated for Jennifer, Lewis', 13),
	(773, 13, '0:0:0:0:0:0:0:1', 'planning', 'planningGrid', 'updateRecord', NULL, 3, '2021-03-21 15:51:10', 'ACTIVE', '2021-03-21 15:51:10', '2021-03-21 15:51:10', 7, 'Salary record updated for Milanda Hages', 13),
	(774, 13, '0:0:0:0:0:0:0:1', 'planning', 'planningGrid', 'updateRecord', NULL, 3, '2021-03-21 15:51:21', 'ACTIVE', '2021-03-21 15:51:21', '2021-03-21 15:51:21', 7, 'Salary record updated for Milanda Hages', 13),
	(775, 13, '0:0:0:0:0:0:0:1', 'planning', 'planningGrid', 'updateRecord', NULL, 3, '2021-03-21 15:51:21', 'ACTIVE', '2021-03-21 15:51:21', '2021-03-21 15:51:21', 7, 'Salary record updated for Milanda Hages', 13),
	(776, 13, '0:0:0:0:0:0:0:1', 'viewBuilder', 'compliance', 'updatedRecord', '28', 3, '2021-03-22 09:41:56', 'ACTIVE', '2021-03-22 09:41:56', '2021-03-22 09:41:56', NULL, 'Updated compliance', 13),
	(777, 13, '0:0:0:0:0:0:0:1', 'viewBuilder', 'compliance', 'updatedRecord', '31', 3, '2021-03-22 09:42:18', 'ACTIVE', '2021-03-22 09:42:18', '2021-03-22 09:42:18', NULL, 'Updated compliance', 13),
	(778, 13, '0:0:0:0:0:0:0:1', 'planning', 'planningPopUp', 'updateRecord', NULL, 3, '2021-03-22 04:12:37', 'ACTIVE', '2021-03-22 04:12:37', '2021-03-22 04:12:37', 1, 'Salary record updated for Jennifer, Lewis', 13),
	(779, 13, '0:0:0:0:0:0:0:1', 'planning', 'planningPopUp', 'updateRecord', NULL, 3, '2021-03-22 04:15:36', 'ACTIVE', '2021-03-22 04:15:36', '2021-03-22 04:15:36', 1, 'Salary record updated for Jennifer, Lewis', 13),
	(780, 13, '0:0:0:0:0:0:0:1', 'planning', 'planningPopUp', 'updateRecord', NULL, 3, '2021-03-22 07:49:36', 'ACTIVE', '2021-03-22 07:49:36', '2021-03-22 07:49:36', 1, 'Salary record updated for Jennifer, Lewis', 13),
	(781, 13, '0:0:0:0:0:0:0:1', 'planning', 'planningGrid', 'updateRecord', NULL, 3, '2021-03-22 07:54:01', 'ACTIVE', '2021-03-22 07:54:01', '2021-03-22 07:54:01', 1, 'Salary record updated for Jennifer, Lewis', 13),
	(782, 13, '0:0:0:0:0:0:0:1', 'planning', 'planningPopUp', 'updateRecord', NULL, 3, '2021-03-22 09:51:50', 'ACTIVE', '2021-03-22 09:51:50', '2021-03-22 09:51:50', 1, 'Salary record updated for Jennifer, Lewis', 13),
	(783, 13, '0:0:0:0:0:0:0:1', 'planning', 'planningPopUp', 'updateRecord', NULL, 3, '2021-03-22 09:52:21', 'ACTIVE', '2021-03-22 09:52:21', '2021-03-22 09:52:21', 1, 'Salary record updated for Jennifer, Lewis', 13);
/*!40000 ALTER TABLE `activity_log` ENABLE KEYS */;

-- Dumping data for table compcloud.analysis: ~0 rows (approximately)
/*!40000 ALTER TABLE `analysis` DISABLE KEYS */;
INSERT INTO `analysis` (`ANALYSIS_ID`, `TENANT_ID`, `ORG_ID`, `ANALYSIS_STATUS`, `STATUS_TLM`, `LAST_UPDATED`) VALUES
	(1, 1, 1, 'ACTIVE', '2016-07-22 13:03:24', '2016-07-22 13:03:25');
/*!40000 ALTER TABLE `analysis` ENABLE KEYS */;

-- Dumping data for table compcloud.application_configuration: ~0 rows (approximately)
/*!40000 ALTER TABLE `application_configuration` DISABLE KEYS */;
/*!40000 ALTER TABLE `application_configuration` ENABLE KEYS */;

-- Dumping data for table compcloud.attribute: ~6 rows (approximately)
/*!40000 ALTER TABLE `attribute` DISABLE KEYS */;
INSERT INTO `attribute` (`ATTRIBUTE_ID`, `ORG_ID`, `TENANT_ID`, `META_DATA_ID`, `ATTRIBUTE_NAME`, `ATTRIBUTE_STATUS`, `ATTRIBUTE_TYPE`, `STATUS_TLM`, `LAST_UPDATED`) VALUES
	(1, 1, 1, 199, 'Country', 'ACTIVE', 'FILTER', '2015-10-29 16:53:59', '2018-08-16 20:49:46'),
	(2, 1, 1, 26, 'Role', 'ACTIVE', 'FILTER', '2015-10-29 17:35:57', '2020-07-17 17:53:27'),
	(3, 1, 1, 10, 'Gender', 'ACTIVE', 'FILTER', '2015-10-29 17:36:28', '2018-08-16 20:50:00'),
	(4, 1, 1, NULL, 'Sort By 1', 'ACTIVE', 'SORTER', '2015-10-29 17:36:53', '2018-08-16 20:48:20'),
	(5, 1, 1, NULL, 'Sort By 2', 'ACTIVE', 'SORTER', '2015-10-29 17:38:48', '2018-08-16 20:48:19'),
	(6, 1, 1, NULL, 'Sort By 3', 'ACTIVE', 'SORTER', '2015-10-29 17:39:00', '2018-08-16 20:48:18');
/*!40000 ALTER TABLE `attribute` ENABLE KEYS */;

-- Dumping data for table compcloud.attribute_value: ~24 rows (approximately)
/*!40000 ALTER TABLE `attribute_value` DISABLE KEYS */;
INSERT INTO `attribute_value` (`ATTRIBUTE_VALUE_ID`, `ATTRIBUTE_ID`, `ATTRIBUTE_FIELD_VALUE`, `ATTRIBUTE_LABEL`, `ATTRIBUTE_VALUE_STATUS`, `STATUS_TLM`, `LAST_UPDATED`) VALUES
	(1, 1, 'India', 'India', 'ACTIVE', '2015-10-29 16:07:00', '2016-08-06 13:45:34'),
	(2, 1, 'USA', 'USA', 'ACTIVE', '2015-10-29 16:33:16', '2016-08-06 13:45:34'),
	(3, 1, 'Australia', 'Australia', 'ACTIVE', '2015-10-29 16:36:45', '2016-08-06 13:45:34'),
	(4, 1, 'Franch', 'Franch', 'ACTIVE', '2015-10-29 16:37:29', '2016-08-06 13:45:34'),
	(5, 1, 'Germany', 'Germany', 'ACTIVE', '2015-10-29 16:37:29', '2016-08-06 13:45:34'),
	(6, 1, 'UK', 'UK', 'ACTIVE', '2015-10-29 16:37:29', '2016-08-06 13:45:34'),
	(7, 2, 'CEO', 'CEO', 'ACTIVE', '2015-10-29 16:38:39', '2016-08-06 13:45:34'),
	(8, 2, 'VP', 'VP', 'ACTIVE', '2015-10-29 16:38:39', '2016-08-06 13:45:34'),
	(9, 2, 'Director', 'Director', 'ACTIVE', '2015-10-29 16:38:39', '2016-08-06 13:45:34'),
	(10, 2, 'Manager', 'Manager', 'ACTIVE', '2015-10-29 16:38:39', '2016-08-06 13:45:34'),
	(11, 2, 'Sr Manager', 'Sr Manager', 'ACTIVE', '2015-10-29 16:38:39', '2016-08-06 13:45:34'),
	(12, 2, 'HR', 'HR', 'ACTIVE', '2015-10-29 16:38:39', '2016-08-06 13:45:34'),
	(13, 3, 'Male', 'Male', 'ACTIVE', '2015-10-29 16:41:19', '2016-08-06 13:45:34'),
	(14, 3, 'Female', 'Female', 'ACTIVE', '2015-10-29 16:41:19', '2016-08-06 13:45:34'),
	(15, 4, 'Report Name', 'Report Name', 'ACTIVE', '2015-10-29 16:41:19', '2016-08-06 13:45:34'),
	(16, 4, 'Created Date', 'Created Date', 'ACTIVE', '2015-10-29 16:41:19', '2016-08-06 13:45:34'),
	(17, 4, 'User Name', 'User Name', 'ACTIVE', '2015-10-31 16:17:16', '2016-08-06 13:45:34'),
	(18, 5, 'Daily', 'Daily', 'ACTIVE', '2015-10-29 16:41:19', '2016-08-06 13:45:34'),
	(19, 5, 'Weekly', 'Weekly', 'ACTIVE', '2015-10-29 16:41:19', '2016-08-06 13:45:34'),
	(20, 5, 'Monthly', 'Monthly', 'ACTIVE', '2015-10-29 16:41:19', '2016-08-06 13:45:34'),
	(21, 5, 'Yearly', 'Yearly', 'ACTIVE', '2015-10-29 16:41:19', '2016-08-06 13:45:34'),
	(22, 6, 'Poor', 'Poor', 'ACTIVE', '2015-10-29 16:41:19', '2016-08-06 13:45:34'),
	(23, 6, 'Good', 'Good', 'ACTIVE', '2015-10-29 16:41:19', '2016-08-06 13:45:34'),
	(24, 6, 'Excellent', 'Excellent', 'ACTIVE', '2015-10-29 16:41:19', '2016-08-06 13:45:34');
/*!40000 ALTER TABLE `attribute_value` ENABLE KEYS */;

-- Dumping data for table compcloud.audit: ~0 rows (approximately)
/*!40000 ALTER TABLE `audit` DISABLE KEYS */;
INSERT INTO `audit` (`AUDIT_ID`, `TENANT_ID`, `ORG_ID`, `AUDIT_NAME`, `AUDIT_DESC`, `AUDIT_STATUS`, `STATUS_TLM`, `WHEN_CREATED`, `LAST_UPDATED`) VALUES
	(1, 1, 1, 'Annual Audit', 'Annual audit', 'ACTIVE', '2016-07-22 13:03:13', '2018-02-24 20:42:12', '2018-09-02 13:03:39');
/*!40000 ALTER TABLE `audit` ENABLE KEYS */;

-- Dumping data for table compcloud.authentication: ~15 rows (approximately)
/*!40000 ALTER TABLE `authentication` DISABLE KEYS */;
INSERT INTO `authentication` (`AUTHENTICATION_ID`, `USER_NAME`, `PASSWORD`, `TENANT_ID`, `ORG_ID`, `PASSWORD_TLM`, `PROXY_ACCOUNT`, `COMP_MANAGER`, `LAST_LOGIN_TLM`, `LAST_LOGIN_IP_ADDRESS`, `MF_KEY`, `LOGIN_COUNT`, `STATUS`, `WHEN_CREATED`, `LAST_UPDATED`) VALUES
	(1, 'jennifer.lewis@compensationcloud.com', _binary 0xC2B7D9CC2A5D908AA41E9F8B187BECD8FD6AD5171524A6719B5F1321A756733C6A275FF12CC5D7ED79E93597854C844865C4890BE1DA25B501C74129FEEEBA84, 1, 1, '2018-11-08 14:19:31', b'0', b'1', '2021-03-20 20:33:59', '0:0:0:0:0:0:0:1', NULL, 11014, 'ACTIVE', '2016-04-04 16:47:41', '2021-02-24 13:33:25'),
	(2, 'david.wong@compensationcloud.com', _binary 0xC2B7D9CC2A5D908AA41E9F8B187BECD8FD6AD5171524A6719B5F1321A756733C6A275FF12CC5D7ED79E93597854C844865C4890BE1DA25B501C74129FEEEBA84, 1, 1, '2018-11-08 14:19:31', b'0', b'0', '2018-11-10 10:58:14', '127.0.0.1', NULL, 10955, 'ACTIVE', '2016-04-04 16:47:41', '2021-02-24 13:33:24'),
	(3, 'lisa.davis@compensationcloud.com', _binary 0xC2B7D9CC2A5D908AA41E9F8B187BECD8FD6AD5171524A6719B5F1321A756733C6A275FF12CC5D7ED79E93597854C844865C4890BE1DA25B501C74129FEEEBA84, 1, 1, '2016-04-25 23:57:31', b'0', b'0', '2016-09-24 21:49:50', '127.0.0.1', NULL, 0, 'ACTIVE', '2016-04-25 23:57:31', '2021-02-24 13:33:23'),
	(4, 'maria.lee@compensationcloud.com', _binary 0xC2B7D9CC2A5D908AA41E9F8B187BECD8FD6AD5171524A6719B5F1321A756733C6A275FF12CC5D7ED79E93597854C844865C4890BE1DA25B501C74129FEEEBA84, 1, 1, '2016-04-25 23:57:31', b'1', b'0', '2021-03-21 16:24:40', '127.0.0.1', NULL, 17, 'ACTIVE', '2016-04-25 23:57:31', '2021-02-24 13:33:23'),
	(5, 'mike.hudson@compensationcloud.com', _binary 0xC2B7D9CC2A5D908AA41E9F8B187BECD8FD6AD5171524A6719B5F1321A756733C6A275FF12CC5D7ED79E93597854C844865C4890BE1DA25B501C74129FEEEBA84, 1, 1, '2016-04-25 23:57:31', b'0', b'0', '2016-09-24 21:49:50', '127.0.0.1', NULL, 0, 'ACTIVE', '2016-04-25 23:57:31', '2021-02-24 13:33:22'),
	(8, 'ravi.kapoor@compensationcloud.com', _binary 0xC2B7D9CC2A5D908AA41E9F8B187BECD8FD6AD5171524A6719B5F1321A756733C6A275FF12CC5D7ED79E93597854C844865C4890BE1DA25B501C74129FEEEBA84, 1, 1, '2016-04-25 23:57:31', b'0', b'0', '2020-12-28 10:44:31', '127.0.0.1', NULL, 40, 'ACTIVE', '2016-04-25 23:57:31', '2021-02-24 13:33:21'),
	(10, 'sumesh.roy@compensationcloud.com', _binary 0xC2B7D9CC2A5D908AA41E9F8B187BECD8FD6AD5171524A6719B5F1321A756733C6A275FF12CC5D7ED79E93597854C844865C4890BE1DA25B501C74129FEEEBA84, 1, 1, '2016-04-25 23:57:31', b'0', b'0', '2020-12-28 13:34:15', '127.0.0.1', NULL, 4, 'ACTIVE', '2016-04-25 23:57:31', '2021-02-24 13:33:21'),
	(11, 'emma.lee@compensationcloud.com', _binary 0xC2B7D9CC2A5D908AA41E9F8B187BECD8FD6AD5171524A6719B5F1321A756733C6A275FF12CC5D7ED79E93597854C844865C4890BE1DA25B501C74129FEEEBA84, 1, 1, '2016-04-25 23:57:31', b'0', b'0', '2020-12-28 18:13:17', '127.0.0.1', NULL, 9, 'ACTIVE', '2016-04-25 23:57:31', '2021-02-24 13:33:26'),
	(12, 'jenny.farad@compensationcloud.com', _binary 0xC2B7D9CC2A5D908AA41E9F8B187BECD8FD6AD5171524A6719B5F1321A756733C6A275FF12CC5D7ED79E93597854C844865C4890BE1DA25B501C74129FEEEBA84, 1, 1, '2016-04-25 23:57:31', b'0', b'0', '2021-03-21 16:24:26', '127.0.0.1', NULL, 42, 'ACTIVE', '2016-04-25 23:57:31', '2021-02-13 17:39:17'),
	(13, 'jdoe@compensationcloud.com', _binary 0xC2B7D9CC2A5D908AA41E9F8B187BECD8FD6AD5171524A6719B5F1321A756733C6A275FF12CC5D7ED79E93597854C844865C4890BE1DA25B501C74129FEEEBA84, 1, 1, '2020-06-01 02:59:31', b'0', b'0', '2021-03-22 15:21:13', '0:0:0:0:0:0:0:1', NULL, 241, 'ACTIVE', '2016-04-04 16:47:41', '2021-01-19 20:56:22'),
	(14, 'alex.martin@compensationcloud.com', _binary 0xC2B7D9CC2A5D908AA41E9F8B187BECD8FD6AD5171524A6719B5F1321A756733C6A275FF12CC5D7ED79E93597854C844865C4890BE1DA25B501C74129FEEEBA84, 1, 1, '2018-11-08 14:19:31', b'0', b'0', '2018-11-10 10:58:14', '127.0.0.1', NULL, 10955, 'ACTIVE', '2016-04-04 16:47:41', '2021-02-24 13:33:26'),
	(15, 'mark.lilly@compensationcloud.com', _binary 0xC2B7D9CC2A5D908AA41E9F8B187BECD8FD6AD5171524A6719B5F1321A756733C6A275FF12CC5D7ED79E93597854C844865C4890BE1DA25B501C74129FEEEBA84, 1, 1, '2018-11-08 14:19:31', b'1', b'0', '2021-03-21 16:24:36', '127.0.0.1', NULL, 10968, 'ACTIVE', '2016-04-04 16:47:41', '2021-02-24 13:33:26'),
	(16, 'chris.donald@compensationcloud.com', _binary 0xC2B7D9CC2A5D908AA41E9F8B187BECD8FD6AD5171524A6719B5F1321A756733C6A275FF12CC5D7ED79E93597854C844865C4890BE1DA25B501C74129FEEEBA84, 1, 1, '2018-11-08 14:19:31', b'0', b'0', '2018-11-10 10:58:14', '127.0.0.1', NULL, 10955, 'ACTIVE', '2016-04-04 16:47:41', '2021-02-24 13:33:27'),
	(17, 'emily.chang@compensationcloud.com', _binary 0xC2B7D9CC2A5D908AA41E9F8B187BECD8FD6AD5171524A6719B5F1321A756733C6A275FF12CC5D7ED79E93597854C844865C4890BE1DA25B501C74129FEEEBA84, 1, 1, '2016-04-25 23:57:31', b'0', b'0', '2021-03-21 16:24:33', '127.0.0.1', NULL, 128, 'ACTIVE', '2016-04-25 23:57:31', '2021-01-21 08:50:05'),
	(18, 'jesica.horton@compensationcloud.com', _binary 0xC2B7D9CC2A5D908AA41E9F8B187BECD8FD6AD5171524A6719B5F1321A756733C6A275FF12CC5D7ED79E93597854C844865C4890BE1DA25B501C74129FEEEBA84, 1, 1, '2016-04-25 23:57:31', b'0', b'0', '2020-12-28 22:25:33', '127.0.0.1', NULL, 10, 'ACTIVE', '2016-04-25 23:57:31', '2021-02-24 13:33:28');
/*!40000 ALTER TABLE `authentication` ENABLE KEYS */;

-- Dumping data for table compcloud.authentication_grant_type: ~4 rows (approximately)
/*!40000 ALTER TABLE `authentication_grant_type` DISABLE KEYS */;
INSERT INTO `authentication_grant_type` (`AUTHENTICATION_GRANT_TYPE_ID`, `GRANT_TYPE`, `STATUS`, `STATUS_TLM`, `WHEN_CREATED`, `TLM`) VALUES
	(1, 'AUTHENTICATION_CODE', 'ACTIVE', '2018-12-20 17:54:37', '2018-12-20 17:54:39', '2018-12-20 17:54:44'),
	(2, 'IMPLICT', 'ACTIVE', '2018-12-20 17:54:37', '2018-12-20 17:54:39', '2018-12-20 17:54:54'),
	(3, 'RESOURCE_CREDENTIALS', 'ACTIVE', '2018-12-20 17:54:37', '2018-12-20 17:54:39', '2018-12-20 17:54:54'),
	(4, 'CLIENT_CREDENTIALS', 'ACTIVE', '2018-12-20 17:54:37', '2018-12-20 17:54:39', '2018-12-20 17:54:54');
/*!40000 ALTER TABLE `authentication_grant_type` ENABLE KEYS */;

-- Dumping data for table compcloud.authentication_token: ~6 rows (approximately)
/*!40000 ALTER TABLE `authentication_token` DISABLE KEYS */;
INSERT INTO `authentication_token` (`AUTHENTICATION_TOKEN_ID`, `AUTHENTICATION_TOKEN`, `AUTHENTICATION_ID`, `VALID_UNTIL`, `WHEN_CREATED`, `LAST_UPDATED`) VALUES
	(35, 'eyJhbGciOiJSUzI1NiIsImp3ayI6eyJrdHkiOiJSU0EiLCJlIjoiQVFBQiIsImtpZCI6IjVlN2U3NmRjLTc5YjgtNDAyZC1hNWI4LWQ1ZGRkM2FiNzJiNSIsIm4iOiJ4Umc1SGdwSGQ2YklldWo1SkhfVEpDN0RYUmc1RGhhUWZ3OURhckdVbExxckRVNGZnVlVOQktIZzNxNGhocDFLZjQxbi1xcUJnLU1saHc4SU5SSUdsQkdPdkdtcnlQQkR0WXh5U2xsems4cnF4bTJMS3Bvb3Z4el9mTW1pZGhhY1dyLUp2N3hQVEVYUTVNeldDcnRrcmZId2h1cTJybUJpeHg0eHowRExIbzBEbFRyWnhqMWpHVThpbGpidGpWRk5rQXctaTZxVU9UTUdOYjZsTFZsbEI4YnNsYzF1WE80OW5HaXYzMDhmWjh4dkVvU3puNzI5dy1veUlLaGxMYVN6TkJ3SzJhSEp4STB0Sm5DWGlIS2VwN25oVTMwdHNUSTVJdmdkRGcxNzR0RUY5aXVMdGJNYVM4SU9DZUgxbnN3Z1AweE5NeE5TdnhmRl9WeDd6ZTl2SXcifX0.eyJzdWIiOiJjb21wY2xvdWRcL2NmZDIyYzY5LWI0MDYtNDI4Ni1hNTllLWUwMTNlOGZhYmFhNCIsImxhc3ROYW1lIjoiRG9lIiwibG9naW5JZCI6InhIejNNeU0wcUJuZ29FVVhibEZjcUE9PSIsInJvbGVzIjoiRzRLTFBLRXoiLCJpc3MiOiJodHRwOlwvXC93d3cuY29tcGNsb3VkLmNvbSIsImVtcGxveWVlSWQiOiIzMDkxMyIsImF1ZCI6Imh0dHA6XC9cL3d3dy5nb29nbGUuY29tIiwiZmlyc3ROYW1lIjoiSm9obiIsIm5iZiI6MTYxNjQwNjY3MywibmFtZSI6IkpvaG4gRG9lIiwibG9naW5FbXBsb3llZUlkIjoiMzA5MTMiLCJjdXJyZW5jeSI6IlVTRCIsImlkIjoieEh6M015TTBxQm5nb0VVWGJsRmNxQT09IiwiZXhwIjoxNjE2NTc5NDczLCJpYXQiOjE2MTY0MDY2NzMsImp0aSI6IjRiMTUxNWY4LTVkNmMtNDk4MC05NTZkLTQzYTNmZTEyZTNkZCIsImVtYWlsIjoidGVzdCtKb2huQGNvbXBlbnNhdGlvbmNsb3VkLmNvbSJ9.eO2S6EUrEzmypSnnKq1TNVdycxzLQXXTCGZVUnS0x5JYuNRVLjWn9o-KuIkhmfp_95AFP4ktPvRqIpsgpfpnmsotLVaIDKR9W5jBDWxdgi9smWpiapWPat6ml1UbWz_OXv8pUTXGFYKcoMPigeeJl2OCho1GCwkTH3qM0BqlyFctzpD6lUNaZZsRJpyACqgza10JvDVbZDyelMg4ZaSRuTmYeF8NFzHe_FnOSpEGdgR_2jCJYuAp6uOZ7XAAW8Lp-Ke9vDbBRoh1CSxZxbxJ48y-KCet_S5DRVRepjWNpaG_6bd-ZSNFlGJpviMFmtrlGOumhGmFO53EWWWqcmHiZw', 13, '2021-03-24 15:21:14', '2021-03-22 15:21:14', '2021-03-22 15:21:14'),
	(36, 'eyJhbGciOiJSUzI1NiIsImp3ayI6eyJrdHkiOiJSU0EiLCJlIjoiQVFBQiIsImtpZCI6ImFmOGNlYzZlLWE2MDAtNGQwOC1iN2I1LTk3N2M4ODhmODBmZCIsIm4iOiJ4Umc1SGdwSGQ2YklldWo1SkhfVEpDN0RYUmc1RGhhUWZ3OURhckdVbExxckRVNGZnVlVOQktIZzNxNGhocDFLZjQxbi1xcUJnLU1saHc4SU5SSUdsQkdPdkdtcnlQQkR0WXh5U2xsems4cnF4bTJMS3Bvb3Z4el9mTW1pZGhhY1dyLUp2N3hQVEVYUTVNeldDcnRrcmZId2h1cTJybUJpeHg0eHowRExIbzBEbFRyWnhqMWpHVThpbGpidGpWRk5rQXctaTZxVU9UTUdOYjZsTFZsbEI4YnNsYzF1WE80OW5HaXYzMDhmWjh4dkVvU3puNzI5dy1veUlLaGxMYVN6TkJ3SzJhSEp4STB0Sm5DWGlIS2VwN25oVTMwdHNUSTVJdmdkRGcxNzR0RUY5aXVMdGJNYVM4SU9DZUgxbnN3Z1AweE5NeE5TdnhmRl9WeDd6ZTl2SXcifX0.eyJzdWIiOiJjb21wY2xvdWRcL2VhODRhOWU5LWUzMDctNDIwNi1hYzQ2LWU2OWMzODU2YTIyYyIsImxhc3ROYW1lIjoiRmFyYWQiLCJsb2dpbklkIjoiaXFyUUoxajc4WjM3NktxYmFDbGxBUT09Iiwicm9sZXMiOiI4NkFOSkFXcSIsImlzcyI6Imh0dHA6XC9cL3d3dy5jb21wY2xvdWQuY29tIiwiZW1wbG95ZWVJZCI6IjMwOTEyIiwiYXVkIjoiaHR0cDpcL1wvd3d3Lmdvb2dsZS5jb20iLCJmaXJzdE5hbWUiOiJKZW5ueSIsIm5iZiI6MTYxNjMyNDA2NSwibmFtZSI6Ikplbm55IEZhcmFkIiwibG9naW5FbXBsb3llZUlkIjoiMzA5MTUiLCJjdXJyZW5jeSI6IlVTRCIsImlkIjoiNld2NGZpdXVxVFFDTDRIQmFNc0V1Zz09IiwiZXhwIjoxNjE2NDk2ODY1LCJpYXQiOjE2MTYzMjQwNjUsImp0aSI6ImM2ZjgxNzNjLTI3MzEtNDMyNi1iY2NjLWU5YTZmNTYzNDA4YSIsImVtYWlsIjoidGVzdCtKZW5ueUBjb21wZW5zYXRpb25jbG91ZC5jb20ifQ.Vl265Xg_4DrIbFQTjtLSLTMp-ThY7P4eABwsv3ZCen4RnTi_YSb07HaMlWs0QiCSbj2GuuAyuI3U32yBzOinwc_HXEaJT6yMPwuMxnE1eWIFd_xa3QTbQ1KmT43ddZ-vEAdLZ-jMFdvBjwYGuAnjgn5tLV9ikcfaQR5w9ksgnY0DRNiqxOoAnDTKP65C2j513OndtTMlvDW7a3aPreCF-pB4NAYYWAmdnve47IHS6ehO3MgkK4dZBmWDamfnkcm2rPEv7MuzZQvfSREKPBQ92YElSiRLPwd84AEBvB0CTthUUYoD65VuNpWqkvYIMuoy5DpOZu2ktzhOCtLqUMl9lg', 12, '2021-03-23 16:24:26', '2021-03-21 16:24:26', '2021-03-21 16:24:26'),
	(37, 'eyJhbGciOiJSUzI1NiIsImp3ayI6eyJrdHkiOiJSU0EiLCJlIjoiQVFBQiIsImtpZCI6Ijc1MzczNTljLWRlZDItNGFhNC04MGZlLWI3NjI4ODI3ZWY5YyIsIm4iOiJ4Umc1SGdwSGQ2YklldWo1SkhfVEpDN0RYUmc1RGhhUWZ3OURhckdVbExxckRVNGZnVlVOQktIZzNxNGhocDFLZjQxbi1xcUJnLU1saHc4SU5SSUdsQkdPdkdtcnlQQkR0WXh5U2xsems4cnF4bTJMS3Bvb3Z4el9mTW1pZGhhY1dyLUp2N3hQVEVYUTVNeldDcnRrcmZId2h1cTJybUJpeHg0eHowRExIbzBEbFRyWnhqMWpHVThpbGpidGpWRk5rQXctaTZxVU9UTUdOYjZsTFZsbEI4YnNsYzF1WE80OW5HaXYzMDhmWjh4dkVvU3puNzI5dy1veUlLaGxMYVN6TkJ3SzJhSEp4STB0Sm5DWGlIS2VwN25oVTMwdHNUSTVJdmdkRGcxNzR0RUY5aXVMdGJNYVM4SU9DZUgxbnN3Z1AweE5NeE5TdnhmRl9WeDd6ZTl2SXcifX0.eyJzdWIiOiJjb21wY2xvdWRcLzM0ODA3MzRjLWVhZWEtNGI3Ni1hNGNjLThmZWE1NzAwZDE3OCIsImxhc3ROYW1lIjoiQ2hhbmciLCJsb2dpbklkIjoiaXFyUUoxajc4WjM3NktxYmFDbGxBUT09Iiwicm9sZXMiOiIzdktZV2VFZyIsImlzcyI6Imh0dHA6XC9cL3d3dy5jb21wY2xvdWQuY29tIiwiZW1wbG95ZWVJZCI6IjMwOTE3IiwiYXVkIjoiaHR0cDpcL1wvd3d3Lmdvb2dsZS5jb20iLCJmaXJzdE5hbWUiOiJFbWlseSIsIm5iZiI6MTYxNjMyNDA3MywibmFtZSI6IkVtaWx5IENoYW5nIiwibG9naW5FbXBsb3llZUlkIjoiMzA5MTUiLCJjdXJyZW5jeSI6IlVTRCIsImlkIjoia0FlUEdtajN0aU9OVitqelwvNkphV3c9PSIsImV4cCI6MTYxNjQ5Njg3MywiaWF0IjoxNjE2MzI0MDczLCJqdGkiOiJjYzY3Y2M5ZC1iMjg5LTQ3NjEtOTBjNi1iNDgzY2Y4MWFlNjgiLCJlbWFpbCI6InRlc3QrRW1pbHlAY29tcGVuc2F0aW9uY2xvdWQuY29tIn0.pCWORnp5HpwhjnvYlCsi-Uhx5_FhcWJDuasMWPA1e3Q3e-NP_oc4UvgTXyjsan6tiDHo_j1p_Ly-Z-pYJLuLu8PtWMETjKAruDXLc_YJtTEOeFMejfCTE3VVN4zX3afPFGEMCLd3xMCBlG9ZDAPt48-QxpOfbWqpFLuVyAZPGUYNa5CMmPTdBrA9KbbdG2yvW4W7Z8y439PMtfj37NcX_ZPJkfhyZPSIcyVzdk7zNNpk-Nb_DPjCLnF7eZCMYVDqrKfrbNLMqXd1BfJh6dE8VPRSe1KuRXbeaCzXgzNVhM8d-6y6kseWSWpDtmdgfrfilxjBrJ-ibrfnHDN0Zun-Dg', 17, '2021-03-23 16:24:33', '2021-03-21 16:24:33', '2021-03-21 16:24:33'),
	(38, 'eyJhbGciOiJSUzI1NiIsImp3ayI6eyJrdHkiOiJSU0EiLCJlIjoiQVFBQiIsImtpZCI6IjFjY2YxOWRiLWI5NWMtNGNjYi04MGFlLTJmMzQyZTI1MWQ5MiIsIm4iOiJ4Umc1SGdwSGQ2YklldWo1SkhfVEpDN0RYUmc1RGhhUWZ3OURhckdVbExxckRVNGZnVlVOQktIZzNxNGhocDFLZjQxbi1xcUJnLU1saHc4SU5SSUdsQkdPdkdtcnlQQkR0WXh5U2xsems4cnF4bTJMS3Bvb3Z4el9mTW1pZGhhY1dyLUp2N3hQVEVYUTVNeldDcnRrcmZId2h1cTJybUJpeHg0eHowRExIbzBEbFRyWnhqMWpHVThpbGpidGpWRk5rQXctaTZxVU9UTUdOYjZsTFZsbEI4YnNsYzF1WE80OW5HaXYzMDhmWjh4dkVvU3puNzI5dy1veUlLaGxMYVN6TkJ3SzJhSEp4STB0Sm5DWGlIS2VwN25oVTMwdHNUSTVJdmdkRGcxNzR0RUY5aXVMdGJNYVM4SU9DZUgxbnN3Z1AweE5NeE5TdnhmRl9WeDd6ZTl2SXcifX0.eyJzdWIiOiJjb21wY2xvdWRcLzM0ZTJiNDUzLTlhOGMtNGNhZi1iOTJiLTJkYjFjNjY4OGVhYiIsImxhc3ROYW1lIjoiTGVlIiwibG9naW5JZCI6ImlxclFKMWo3OFozNzZLcWJhQ2xsQVE9PSIsInJvbGVzIjoiODZBTkpBV3EsR1ZPSkxBdmwiLCJpc3MiOiJodHRwOlwvXC93d3cuY29tcGNsb3VkLmNvbSIsImVtcGxveWVlSWQiOiIzMDkwNCIsImF1ZCI6Imh0dHA6XC9cL3d3dy5nb29nbGUuY29tIiwiZmlyc3ROYW1lIjoiTWFyaWEiLCJuYmYiOjE2MTYzMjQwNzksIm5hbWUiOiJNYXJpYSBMZWUiLCJsb2dpbkVtcGxveWVlSWQiOiIzMDkxNSIsImN1cnJlbmN5IjoiVVNEIiwiaWQiOiIrZVppU1NTaFNcL2pmbFJRMnpXYlcydz09IiwiZXhwIjoxNjE2NDk2ODc5LCJpYXQiOjE2MTYzMjQwNzksImp0aSI6ImNlODY3MTUyLTMwYjMtNGFkMy05ODkyLTA5NjI5ZWI0ZWQ4OSIsImVtYWlsIjoidGVzdCtNYXJpYUBjb21wZW5zYXRpb25jbG91ZC5jb20ifQ.wzM6VSp2zOkS9s2GDHoXeb4D_ydZ5BweHfHW5qMIfPsPOkWlhlUxFnTpWBGGHcRrEiy4Wiysm1-hBKEuDD2Xq2VTBazZCq-RN2dLi_o73k16uBECpX1Aens9a7aazefMBJA428cm9A-mP1RKpzW75WsMzeM-0T4UQ3IWIqNulSbSKMl49T4RlWyV-XTCW8nqiecsBIYtCvYCxk0RoJPkgL69e3VGnrun8zmNk-EU0CG7nNqeoj9rFF0BzrOx4kh_V69ne6Y_XHlgbad0BjFuC1D9CB6QjAAV9vpBHmNtX2L8B_jWNp9vrZEK47BO0ItcMSIy2F50nvy45XslF_B_3A', 4, '2021-03-23 16:24:40', '2021-03-21 16:24:40', '2021-03-21 16:24:40'),
	(39, 'eyJhbGciOiJSUzI1NiIsImp3ayI6eyJrdHkiOiJSU0EiLCJlIjoiQVFBQiIsImtpZCI6ImUwOGZkM2U0LWMzNGQtNDYxNi1iZmJjLTI0ZTY4ZjIxZTk5MSIsIm4iOiJ4Umc1SGdwSGQ2YklldWo1SkhfVEpDN0RYUmc1RGhhUWZ3OURhckdVbExxckRVNGZnVlVOQktIZzNxNGhocDFLZjQxbi1xcUJnLU1saHc4SU5SSUdsQkdPdkdtcnlQQkR0WXh5U2xsems4cnF4bTJMS3Bvb3Z4el9mTW1pZGhhY1dyLUp2N3hQVEVYUTVNeldDcnRrcmZId2h1cTJybUJpeHg0eHowRExIbzBEbFRyWnhqMWpHVThpbGpidGpWRk5rQXctaTZxVU9UTUdOYjZsTFZsbEI4YnNsYzF1WE80OW5HaXYzMDhmWjh4dkVvU3puNzI5dy1veUlLaGxMYVN6TkJ3SzJhSEp4STB0Sm5DWGlIS2VwN25oVTMwdHNUSTVJdmdkRGcxNzR0RUY5aXVMdGJNYVM4SU9DZUgxbnN3Z1AweE5NeE5TdnhmRl9WeDd6ZTl2SXcifX0.eyJzdWIiOiJjb21wY2xvdWRcLzllNDA2NDA3LWRkNWUtNGJhNC05YjEyLTBjNjU5YWUyYmRiMiIsImxhc3ROYW1lIjoiTGlsbHkiLCJsb2dpbklkIjoiaXFyUUoxajc4WjM3NktxYmFDbGxBUT09Iiwicm9sZXMiOiIiLCJpc3MiOiJodHRwOlwvXC93d3cuY29tcGNsb3VkLmNvbSIsImVtcGxveWVlSWQiOiIzMDkxNSIsImF1ZCI6Imh0dHA6XC9cL3d3dy5nb29nbGUuY29tIiwiZmlyc3ROYW1lIjoiTWFyayIsIm5iZiI6MTYxNjMyNDA3NiwibmFtZSI6Ik1hcmsgTGlsbHkiLCJsb2dpbkVtcGxveWVlSWQiOiIzMDkxNSIsImN1cnJlbmN5IjoiVVNEIiwiaWQiOiJpcXJRSjFqNzhaMzc2S3FiYUNsbEFRPT0iLCJleHAiOjE2MTY0OTY4NzYsImlhdCI6MTYxNjMyNDA3NiwianRpIjoiMjdkZmExYzYtN2JjMC00ODQ5LWJmNzItOWMwYmIzN2Y1ODRhIiwiZW1haWwiOiJ0ZXN0K01hcmtAY29tcGVuc2F0aW9uY2xvdWQuY29tIn0.iDyWpHhlvVxf57uU9OY1M6tbtMT_uXc7_Gowr-2IIXY5AuSgl9FERqQM_ItdhPAlVsFx5HcmMcOXrEAYD5grMGwZhAaG0EAJ5fGD29DZ4Rn-yis71WjgZiDV-iJc_hCMAH3FT792lqvRe5og4qfyryfiWOl6VqpZm1SjBZmt_Y2Xq8EUzgvTRRErYHuaFT2uB_wbFf_F7taTT3SoPKekQZ4wcQUXkbtn2DFSTIOufeWbxsz7CoNjLAVQHV6rRWE8faJ3a2PqPjKLCeZIwgOgrftHlgnNfF2O9cGiy5FGM2pfZRq_Yklj-Uki1nvYcMzAdww4msHu_thSoS1Hj5fI8Q', 15, '2021-03-23 16:24:36', '2021-03-21 16:24:36', '2021-03-21 16:24:36'),
	(40, 'eyJhbGciOiJSUzI1NiIsImp3ayI6eyJrdHkiOiJSU0EiLCJlIjoiQVFBQiIsImtpZCI6ImJhMDJjMDg3LTJhMDgtNDg4YS05MWVmLWYyMTM0ZTg4MTc0OCIsIm4iOiJ4Umc1SGdwSGQ2YklldWo1SkhfVEpDN0RYUmc1RGhhUWZ3OURhckdVbExxckRVNGZnVlVOQktIZzNxNGhocDFLZjQxbi1xcUJnLU1saHc4SU5SSUdsQkdPdkdtcnlQQkR0WXh5U2xsems4cnF4bTJMS3Bvb3Z4el9mTW1pZGhhY1dyLUp2N3hQVEVYUTVNeldDcnRrcmZId2h1cTJybUJpeHg0eHowRExIbzBEbFRyWnhqMWpHVThpbGpidGpWRk5rQXctaTZxVU9UTUdOYjZsTFZsbEI4YnNsYzF1WE80OW5HaXYzMDhmWjh4dkVvU3puNzI5dy1veUlLaGxMYVN6TkJ3SzJhSEp4STB0Sm5DWGlIS2VwN25oVTMwdHNUSTVJdmdkRGcxNzR0RUY5aXVMdGJNYVM4SU9DZUgxbnN3Z1AweE5NeE5TdnhmRl9WeDd6ZTl2SXcifX0.eyJzdWIiOiJjb21wY2xvdWRcL2VlN2I4NzMxLWE0YjUtNGE5Yy04ODE5LTg0NDdmMWJkNmRlOCIsImxhc3ROYW1lIjoiTGV3aXMiLCJsb2dpbklkIjoiMk1YTmtoU2kwY2trQkNOelNVN0VlZz09Iiwicm9sZXMiOiI4NkFOSkFXcSxHVk9KTEF2bCIsImlzcyI6Imh0dHA6XC9cL3d3dy5jb21wY2xvdWQuY29tIiwiZW1wbG95ZWVJZCI6IjMwOTAxIiwiYXVkIjoiaHR0cDpcL1wvd3d3Lmdvb2dsZS5jb20iLCJmaXJzdE5hbWUiOiJKZW5uaWZlciIsIm5iZiI6MTYxNjI1MjYzOCwibmFtZSI6Ikplbm5pZmVyLCBMZXdpcyIsImxvZ2luRW1wbG95ZWVJZCI6IjMwOTAxIiwiY3VycmVuY3kiOiJVU0QiLCJpZCI6IjJNWE5raFNpMGNra0JDTnpTVTdFZWc9PSIsImV4cCI6MTYxNjQyNTQzOCwiaWF0IjoxNjE2MjUyNjM4LCJqdGkiOiIzY2ZkYjYzOC01ZmQ4LTQ0MzQtYWY4OS00M2Q3YjFhYmQ3MDUiLCJlbWFpbCI6InRlc3QrSmVubmlmZXJAY29tcGVuc2F0aW9uY2xvdWQuY29tIn0.PtWw6IHYDM0tVVTsb-k5BM70dZY2Wimib16X6PA3lfurckfp9i1DP2GHvbVI2OSxC6uf3AipArXVrtNrSytjd8SvRluJozxWtxVMvI9LN-eSNrGW3ocoFpKKUooCJ5EvJvVG1vNJIF-BUFBf6pGhhyvvzc_YtZy9bYSmkBmWYEzUX66mQljOfbluvyVNi0GQMDpjItJ700_MTAEL06fu2Gh136yepA1OUpT9FkyBaSPCoV1K-zcdmGzjL9VoSJKOdm98nSKVdUsoAkfWv96uWZRg-tRRyNdScw-4XWWD7ZZiYOIj3aCYUxkNbBjr4laS6pfUoNtf3qtJjJdGKwhzWg', 1, '2021-03-22 20:33:59', '2021-03-20 20:33:59', '2021-03-20 20:33:59');
/*!40000 ALTER TABLE `authentication_token` ENABLE KEYS */;

-- Dumping data for table compcloud.auth_comp_manager: ~10 rows (approximately)
/*!40000 ALTER TABLE `auth_comp_manager` DISABLE KEYS */;
INSERT INTO `auth_comp_manager` (`AUTH_COMP_MANAGER_ID`, `AUTH_ID`, `EMPLOYEE_MASTER_ID`, `STATUS`, `STATUS_TLM`, `TLM`) VALUES
	(1, 1, 13, 'INACTIVE', '2020-12-10 10:45:06', '2020-12-10 10:45:06'),
	(2, 4, 13, 'INACTIVE', '2020-12-10 10:53:12', '2020-12-10 10:53:12'),
	(3, 4, 18, 'INACTIVE', '2020-12-10 10:54:45', '2020-12-10 10:54:33'),
	(4, 18, 2, 'ACTIVE', '2020-12-10 10:55:25', '2020-12-10 10:55:25'),
	(5, 1, 11, 'INACTIVE', '2020-12-28 10:16:45', '2020-12-28 10:16:34'),
	(6, 1, 13, 'ACTIVE', '2020-12-28 10:16:53', '2020-12-28 10:16:53'),
	(7, 11, 13, 'INACTIVE', '2020-12-28 10:17:41', '2020-12-28 10:17:41'),
	(8, 11, 10, 'ACTIVE', '2020-12-28 10:29:07', '2020-12-28 10:29:07'),
	(9, 13, 1, 'INACTIVE', '2021-02-25 14:17:55', '2021-02-14 13:42:49'),
	(10, 13, 1, 'INACTIVE', '2021-02-26 15:27:48', '2021-02-26 15:27:48');
/*!40000 ALTER TABLE `auth_comp_manager` ENABLE KEYS */;

-- Dumping data for table compcloud.auth_hr_manager: ~8 rows (approximately)
/*!40000 ALTER TABLE `auth_hr_manager` DISABLE KEYS */;
INSERT INTO `auth_hr_manager` (`AUTH_HR_MANAGER_ID`, `AUTH_ID`, `EMPLOYEE_MASTER_ID`, `STATUS`, `STATUS_TLM`, `TLM`) VALUES
	(1, 15, 9, 'ACTIVE', '2019-08-01 21:24:52', '2019-08-01 21:24:53'),
	(2, 15, 4, 'ACTIVE', '2019-08-01 21:24:52', '2019-08-01 21:24:53'),
	(3, 15, 6, 'ACTIVE', '2019-08-01 21:24:52', '2019-08-01 21:24:53'),
	(4, 15, 12, 'ACTIVE', '2020-06-01 04:07:38', '2020-06-01 04:07:38'),
	(5, 4, 12, 'ACTIVE', '2020-06-02 18:08:01', '2020-06-02 18:08:00'),
	(6, 15, 17, 'ACTIVE', '2020-09-26 13:56:31', '2020-09-26 13:56:31'),
	(8, 15, 15, 'ACTIVE', '2020-09-26 13:56:31', '2020-09-26 13:56:31'),
	(9, 15, 15, 'ACTIVE', '2020-09-26 13:56:31', '2020-09-26 13:56:31');
/*!40000 ALTER TABLE `auth_hr_manager` ENABLE KEYS */;

-- Dumping data for table compcloud.auth_login: ~0 rows (approximately)
/*!40000 ALTER TABLE `auth_login` DISABLE KEYS */;
/*!40000 ALTER TABLE `auth_login` ENABLE KEYS */;

-- Dumping data for table compcloud.auth_role: ~16 rows (approximately)
/*!40000 ALTER TABLE `auth_role` DISABLE KEYS */;
INSERT INTO `auth_role` (`AUTH_ROLE_ID`, `ROLE_ID`, `EMPLOYEE_MASTER_ID`, `STATUS`, `STATUS_TLM`, `TLM`) VALUES
	(38, 2, 1, 'ACTIVE', '2018-09-02 23:38:50', '2020-10-07 20:12:03'),
	(39, 2, 2, 'ACTIVE', '2020-04-13 00:54:43', '2021-03-21 16:21:21'),
	(40, 2, 3, 'ACTIVE', '2018-09-02 23:38:50', '2018-11-10 11:40:54'),
	(41, 2, 4, 'ACTIVE', '2018-09-02 23:38:50', '2018-11-10 11:40:57'),
	(42, 2, 5, 'ACTIVE', '2020-05-30 23:45:34', '2021-03-21 16:21:23'),
	(43, 2, 6, 'ACTIVE', '2018-09-02 23:38:50', '2018-11-10 11:41:25'),
	(44, 2, 7, 'ACTIVE', '2018-09-02 23:38:50', '2018-11-10 11:41:29'),
	(45, 2, 8, 'ACTIVE', '2018-09-02 23:38:50', '2018-11-10 11:41:37'),
	(46, 2, 9, 'ACTIVE', '2018-09-02 23:38:50', '2018-11-10 11:41:44'),
	(53, 2, 5, 'ACTIVE', '2020-05-30 23:47:00', '2020-05-30 23:47:00'),
	(59, 8, 1, 'ACTIVE', '2020-12-10 10:44:53', '2020-12-10 10:44:53'),
	(60, 8, 4, 'ACTIVE', '2020-12-10 10:55:09', '2021-03-21 16:22:22'),
	(67, 9, 3, 'ACTIVE', '2021-01-18 11:13:10', '2021-01-18 11:13:01'),
	(68, 7, 13, 'ACTIVE', '2021-01-18 11:13:10', '2021-01-18 11:13:01'),
	(69, 10, 17, 'ACTIVE', '2021-01-18 16:19:46', '2021-01-18 16:19:46'),
	(70, 2, 12, 'ACTIVE', '2021-02-13 17:39:55', '2021-02-13 17:39:55');
/*!40000 ALTER TABLE `auth_role` ENABLE KEYS */;

-- Dumping data for table compcloud.basepay_budget: ~0 rows (approximately)
/*!40000 ALTER TABLE `basepay_budget` DISABLE KEYS */;
INSERT INTO `basepay_budget` (`BASEPAY_BUDGET_ID`, `TENANT_ID`, `ORG_ID`, `BASEPAY_BUDGET_NAME`, `BASEPAY_BUDGET_DESCRIPTION`, `BASEPAY_BUDGET_TYPE`, `COMMENT`, `BASEPAY_BUDGET_STATUS`, `BASEPAY_BUDGET_BUILDER_TYPE`, `WHEN_CREATED`, `MODIFIED_BY`, `CREATED_BY`, `STATUS_TLM`, `LAST_UPDATED`) VALUES
	(3, 1, 1, 'Annual Basepay Budget', 'Annual Basepay Budget', 'BOTTOM_UP', 'Annual Basepay Budget', 'ACTIVE', 'GUIDELINE', '2018-09-02 22:52:22', 13, 1, '2019-04-23 21:14:26', '2019-04-23 21:14:26');
/*!40000 ALTER TABLE `basepay_budget` ENABLE KEYS */;

-- Dumping data for table compcloud.basepay_budget_allocated_details: ~50 rows (approximately)
/*!40000 ALTER TABLE `basepay_budget_allocated_details` DISABLE KEYS */;
INSERT INTO `basepay_budget_allocated_details` (`id`, `budget_name`, `current_salary_amount`, `budget_amount`, `percent_increase`, `budget_builder_type`, `total_employee`, `total_eligible_employee`, `budget_type`, `when_created`, `TLM`) VALUES
	(1, 'Annual Basepay Budget', 1336000, 1336000, 0, 'GUIDELINE', 13, 4, 'TOP_DOWN', '2018-12-17 13:56:01', '2019-04-16 18:05:32'),
	(2, 'Annual Basepay Budget', 0, 0, 0, 'FIXED_AMOUNT', 0, 0, 'TOP_DOWN', '2018-12-17 13:56:20', '2019-04-16 18:05:32'),
	(3, 'Annual Basepay Budget', 1336000, 1336000, 0, 'GUIDELINE', 0, 0, 'TOP_DOWN', '2019-03-09 10:38:26', '2019-04-16 18:05:32'),
	(4, 'Annual Basepay Budget', 1336000, 1336000, 0, 'GUIDELINE', 0, 0, 'TOP_DOWN', '2019-03-09 10:52:44', '2019-04-16 18:05:32'),
	(5, 'Annual Basepay Budget', 351000, 386100.00000000006, 10, 'FIXED_AMOUNT', 15, 4, 'TOP_DOWN', '2019-03-09 10:54:26', '2019-04-16 18:05:32'),
	(6, 'Annual Basepay Budget', 1336000, 1336000, 0, 'GUIDELINE', 0, 0, 'TOP_DOWN', '2019-03-09 10:54:55', '2019-04-16 18:05:32'),
	(7, 'Annual Basepay Budget', 351000, 354510, 1, 'FIXED_AMOUNT', 15, 4, 'TOP_DOWN', '2019-03-09 10:55:50', '2019-04-16 18:05:32'),
	(8, 'Annual Basepay Budget', 1336000, 1336000, 0, 'GUIDELINE', 0, 0, 'TOP_DOWN', '2019-03-09 11:00:01', '2019-04-16 18:05:32'),
	(9, 'Annual Basepay Budget', 351000, 365040, 4, 'FIXED_AMOUNT', 15, 4, 'TOP_DOWN', '2019-03-09 11:04:40', '2019-04-16 18:05:32'),
	(10, 'Annual Basepay Budget', 351000, 365040, 4, 'FIXED_AMOUNT', 15, 4, 'TOP_DOWN', '2019-03-09 11:08:44', '2019-04-16 18:05:32'),
	(11, 'Annual Basepay Budget', 351000, 386100.00000000006, 10, 'FIXED_AMOUNT', 15, 4, 'TOP_DOWN', '2019-03-09 11:09:50', '2019-04-16 18:05:32'),
	(12, 'Annual Basepay Budget', 351000, 354510, 1, 'FIXED_AMOUNT', 15, 4, 'TOP_DOWN', '2019-03-09 19:07:48', '2019-04-16 18:05:32'),
	(13, 'Annual Basepay Budget', 351000, 354510, 1, 'FIXED_AMOUNT', 15, 4, 'TOP_DOWN', '2019-03-09 19:08:12', '2019-04-16 18:05:32'),
	(14, 'Annual Basepay Budget', 351000, 354510, 1, 'FIXED_AMOUNT', 15, 4, 'TOP_DOWN', '2019-03-09 21:30:20', '2019-04-16 18:05:32'),
	(15, 'Annual Basepay Budget', 351000, 3510, 1, 'FIXED_AMOUNT', 15, 4, 'TOP_DOWN', '2019-03-09 23:52:34', '2019-04-16 18:05:32'),
	(16, 'Annual Basepay Budget', 1336000, 1336000, 0, 'GUIDELINE', 0, 0, 'TOP_DOWN', '2019-03-09 23:52:56', '2019-04-16 18:05:32'),
	(17, 'Annual Basepay Budget', 1336000, 1336000, 0, 'GUIDELINE', 0, 0, 'TOP_DOWN', '2019-03-10 10:49:31', '2019-04-16 18:05:32'),
	(18, 'Annual Basepay Budget', 351000, 7020, 2, 'FIXED_AMOUNT', 15, 4, 'TOP_DOWN', '2019-03-10 11:13:12', '2019-04-16 18:05:32'),
	(19, 'Annual Basepay Budget', 351000, 3510, 1, 'FIXED_AMOUNT', 15, 4, 'TOP_DOWN', '2019-03-10 11:15:16', '2019-04-16 18:05:32'),
	(20, 'Annual Basepay Budget', 351000, 3510, 1, 'FIXED_AMOUNT', 15, 4, 'TOP_DOWN', '2019-03-10 11:17:15', '2019-04-16 18:05:32'),
	(21, 'Annual Basepay Budget', 351000, 7020, 2, 'FIXED_AMOUNT', 15, 4, 'TOP_DOWN', '2019-03-10 11:20:26', '2019-04-16 18:05:32'),
	(22, 'Annual Basepay Budget', 351000, 3510, 1, 'FIXED_AMOUNT', 15, 4, 'TOP_DOWN', '2019-03-10 12:29:42', '2019-04-16 18:05:32'),
	(23, 'Annual Basepay Budget', 351000, 3510, 1, 'FIXED_AMOUNT', 15, 4, 'TOP_DOWN', '2019-03-10 12:30:21', '2019-04-16 18:05:32'),
	(24, 'Annual Basepay Budget', 351000, 3510, 1, 'FIXED_AMOUNT', 15, 4, 'TOP_DOWN', '2019-03-10 12:31:57', '2019-04-16 18:05:32'),
	(25, 'Annual Basepay Budget', 351000, 7020, 2, 'FIXED_AMOUNT', 15, 4, 'TOP_DOWN', '2019-03-10 12:32:26', '2019-04-16 18:05:32'),
	(26, 'Annual Basepay Budget', 351000, 10530, 3, 'FIXED_AMOUNT', 15, 4, 'TOP_DOWN', '2019-03-10 12:34:03', '2019-04-16 18:05:32'),
	(27, 'Annual Basepay Budget', 262000, 5240, 2, 'FIXED_AMOUNT', 15, 3, 'TOP_DOWN', '2019-03-10 13:19:50', '2019-04-16 18:05:32'),
	(28, 'Annual Basepay Budget', 1147000, 34410, 3, 'FIXED_AMOUNT', 15, 13, 'TOP_DOWN', '2019-03-10 18:39:25', '2019-04-16 18:05:32'),
	(29, 'Annual Basepay Budget', 1147000, 22940, 2, 'FIXED_AMOUNT', 15, 13, 'TOP_DOWN', '2019-03-10 19:09:59', '2019-04-16 18:05:32'),
	(30, 'Annual Basepay Budget', 1147000, 22940, 2, 'FIXED_AMOUNT', 15, 13, 'TOP_DOWN', '2019-03-10 19:11:10', '2019-04-16 18:05:32'),
	(31, 'Annual Basepay Budget', 1147000, 57350, 5, 'FIXED_AMOUNT', 15, 13, 'TOP_DOWN', '2019-03-11 11:02:06', '2019-04-16 18:05:32'),
	(32, 'Annual Basepay Budget', 1147000, 57350, 5, 'FIXED_AMOUNT', 15, 13, 'TOP_DOWN', '2019-03-12 22:58:45', '2019-04-16 18:05:32'),
	(33, 'Annual Basepay Budget', 1147000, 57350, 5, 'FIXED_AMOUNT', 15, 13, 'TOP_DOWN', '2019-03-12 23:00:34', '2019-04-16 18:05:32'),
	(34, 'Annual Basepay Budget', 1147000, 80290.00000000001, 7, 'FIXED_AMOUNT', 15, 13, 'TOP_DOWN', '2019-03-12 23:01:01', '2019-04-16 18:05:32'),
	(35, 'Annual Basepay Budget', 1147000, 57350, 5, 'FIXED_AMOUNT', 15, 13, 'TOP_DOWN', '2019-03-12 23:01:24', '2019-04-16 18:05:32'),
	(36, 'Annual Basepay Budget', 1147000, 114700, 10, 'FIXED_AMOUNT', 15, 13, 'TOP_DOWN', '2019-03-27 09:25:43', '2019-04-16 18:05:32'),
	(37, 'Annual Basepay Budget', 1147000, 114700, 10, 'FIXED_AMOUNT', 15, 13, 'TOP_DOWN', '2019-03-29 01:32:56', '2019-04-16 18:05:32'),
	(38, 'Annual Basepay Budget', 1147000, 114700, 10, 'FIXED_AMOUNT', 15, 13, 'TOP_DOWN', '2019-03-29 01:32:54', '2019-04-16 18:05:32'),
	(39, 'Annual Basepay Budget', 1147000, 114700, 10, 'FIXED_AMOUNT', 15, 0, 'TOP_DOWN', '2019-03-29 20:51:04', '2019-04-16 18:05:32'),
	(40, 'Annual Basepay Budget', 1147000, 45880, 4, 'FIXED_AMOUNT', 15, 0, 'TOP_DOWN', '2019-04-01 20:57:12', '2019-04-16 18:05:32'),
	(41, 'Annual Basepay Budget', 1147000, 45880, 4, 'FIXED_AMOUNT', 15, 0, 'BOTTOM_UP', '2019-04-20 20:34:55', '2019-04-20 20:34:55'),
	(42, 'Annual Basepay Budget', 1147000, 45880, 4, 'FIXED_AMOUNT', 15, 0, 'BOTTOM_UP', '2019-04-23 19:45:37', '2019-04-23 19:45:37'),
	(43, 'Annual Basepay Budget', 1147000, 45880, 4, 'FIXED_AMOUNT', 15, 0, 'BOTTOM_UP', '2019-04-23 19:54:33', '2019-04-23 19:54:33'),
	(44, 'Annual Basepay Budget', 1147000, 45880, 4, 'FIXED_AMOUNT', 15, 0, 'BOTTOM_UP', '2019-04-23 20:05:55', '2019-04-23 20:05:55'),
	(45, 'Annual Basepay Budget', 1147000, 45880, 4, 'FIXED_AMOUNT', 15, 0, 'BOTTOM_UP', '2019-04-23 20:22:36', '2019-04-23 20:22:36'),
	(46, 'Annual Basepay Budget', 1147000, 45880, 4, 'FIXED_AMOUNT', 15, 0, 'BOTTOM_UP', '2019-04-23 20:44:22', '2019-04-23 20:44:22'),
	(47, 'Annual Basepay Budget', 1147000, 45880, 4, 'FIXED_AMOUNT', 15, 0, 'BOTTOM_UP', '2019-04-23 20:47:43', '2019-04-23 20:47:42'),
	(48, 'Annual Basepay Budget', 0, 0, 0, 'GUIDELINE', 0, 0, 'BOTTOM_UP', '2019-04-23 21:03:13', '2019-04-23 21:03:13'),
	(49, 'Annual Basepay Budget', 0, 0, 0, 'GUIDELINE', 0, 0, 'BOTTOM_UP', '2019-04-23 21:12:16', '2019-04-23 21:12:16'),
	(50, 'Annual Basepay Budget', 0, 0, 0, 'GUIDELINE', 0, 0, 'BOTTOM_UP', '2019-04-23 21:14:26', '2019-04-23 21:14:26');
/*!40000 ALTER TABLE `basepay_budget_allocated_details` ENABLE KEYS */;

-- Dumping data for table compcloud.basepay_budget_master: ~12 rows (approximately)
/*!40000 ALTER TABLE `basepay_budget_master` DISABLE KEYS */;
INSERT INTO `basepay_budget_master` (`BASEPAY_BUDGET_MASTER_ID`, `ORG_ID`, `TENANT_ID`, `EMPLOYEE_MASTER_ID`, `COMPENSATION_INCREASE_TYPE_ID`, `DIRECT_REPORTS_BUDGET_TOTAL`, `DIRECT_REPORTS_BUDGET_ALLOCATED`, `DIRECT_REPORTS_BUDGET_REMAINING`, `ALL_REPORTS_BUDGET_TOTAL`, `ALL_REPORTS_BUDGET_ALLOCATED`, `ALL_REPORTS_BUDGET_REMAINING`, `STATUS`, `ACTION_STATUS`, `NOS_ELIGIBLE_EMPLOYEES`, `NOS_INELIGIBLE_EMPLOYEES`, `APPROVAL_MANAGER`, `FINAL_APPROVAL_MANAGER`, `FINAL_APPROVAL_HR`, `LAST_UPDATED_BY`, `LAST_UPDATED`) VALUES
	(65, 1, 1, 16, 1, 100000, 0, 100000, NULL, NULL, NULL, 'ACTIVE', 'NOT_STARTED', NULL, NULL, NULL, NULL, NULL, NULL, '2021-02-26 16:32:03'),
	(66, 1, 1, 1, 1, 80000, 1, 79999, NULL, NULL, NULL, 'ACTIVE', 'NOT_STARTED', NULL, NULL, NULL, NULL, NULL, NULL, '2021-02-26 16:32:03'),
	(67, 1, 1, 2, 1, 90000, 0, 90000, NULL, NULL, NULL, 'ACTIVE', 'NOT_STARTED', NULL, NULL, NULL, NULL, NULL, NULL, '2021-02-26 16:32:03'),
	(68, 1, 1, 18, 1, 100000, 0, 100000, NULL, NULL, NULL, 'ACTIVE', 'NOT_STARTED', NULL, NULL, NULL, NULL, NULL, NULL, '2021-02-26 16:32:03'),
	(69, 1, 1, 3, 1, 100000, 0, 100000, NULL, NULL, NULL, 'ACTIVE', 'NOT_STARTED', NULL, NULL, NULL, NULL, NULL, NULL, '2021-02-26 16:32:03'),
	(70, 1, 1, 4, 1, 100000, 0, 100000, NULL, NULL, NULL, 'ACTIVE', 'NOT_STARTED', NULL, NULL, NULL, NULL, NULL, NULL, '2021-02-26 16:32:03'),
	(71, 1, 1, 7, 1, 100000, 0, 100000, NULL, NULL, NULL, 'ACTIVE', 'NOT_STARTED', NULL, NULL, NULL, NULL, NULL, NULL, '2021-02-26 16:32:03'),
	(72, 1, 1, 8, 1, 220000, 0, 220000, NULL, NULL, NULL, 'ACTIVE', 'NOT_STARTED', NULL, NULL, NULL, NULL, NULL, NULL, '2021-02-26 16:32:03'),
	(73, 1, 1, 11, 1, 100000, 0, 100000, NULL, NULL, NULL, 'ACTIVE', 'NOT_STARTED', NULL, NULL, NULL, NULL, NULL, NULL, '2021-02-26 16:32:03'),
	(74, 1, 1, 12, 1, 15000, 0, 15000, NULL, NULL, NULL, 'ACTIVE', 'NOT_STARTED', NULL, NULL, NULL, NULL, NULL, NULL, '2021-02-26 16:32:03'),
	(75, 1, 1, 13, 1, 266260, -3260.000000000058, 269520.00000000006, NULL, NULL, NULL, 'ACTIVE', 'NOT_STARTED', NULL, NULL, NULL, NULL, NULL, NULL, '2021-02-26 16:32:03'),
	(76, 1, 1, 14, 1, 100000, 0, 100000, NULL, NULL, NULL, 'ACTIVE', 'NOT_STARTED', NULL, NULL, NULL, NULL, NULL, NULL, '2021-02-26 16:32:03');
/*!40000 ALTER TABLE `basepay_budget_master` ENABLE KEYS */;

-- Dumping data for table compcloud.basepay_budget_rule_mapper: ~2 rows (approximately)
/*!40000 ALTER TABLE `basepay_budget_rule_mapper` DISABLE KEYS */;
INSERT INTO `basepay_budget_rule_mapper` (`BASEPAY_BUDGET_RULE_MAPPER_ID`, `ORG_ID`, `TENANT_ID`, `BASEPAY_BUDGET_ID`, `RULE_ID`, `BASEPAY_BUDGET_RULE_MAPPER_STATUS`) VALUES
	(41, 1, 1, 3, 32, 'ACTIVE'),
	(42, 1, 1, 3, 35, 'ACTIVE');
/*!40000 ALTER TABLE `basepay_budget_rule_mapper` ENABLE KEYS */;

-- Dumping data for table compcloud.basepay_fixed_amount_budget_builder_type: ~93 rows (approximately)
/*!40000 ALTER TABLE `basepay_fixed_amount_budget_builder_type` DISABLE KEYS */;
INSERT INTO `basepay_fixed_amount_budget_builder_type` (`id`, `BASEPAY_BUDGET_ID`, `COMPENSATION_INCREASE_TYPE_ID`, `percent`, `final_budget`, `STATUS`, `STATUS_TLM`, `WHEN_CREATED`) VALUES
	(3, 3, 1, 1, 354510, 'INACTIVE', '2019-03-09 10:55:50', '2019-03-09 10:55:50'),
	(4, 3, 10, 4, 365040, 'INACTIVE', '2019-03-09 11:04:40', '2019-03-09 11:04:40'),
	(5, 3, 10, 4, 365040, 'INACTIVE', '2019-03-09 11:04:40', '2019-03-09 11:04:40'),
	(6, 3, 10, 10, 386100.00000000006, 'INACTIVE', '2019-03-09 11:08:44', '2019-03-09 11:08:44'),
	(7, 3, 10, 4, 365040, 'INACTIVE', '2019-03-09 11:04:40', '2019-03-09 11:04:40'),
	(8, 3, 1, 10, 386100.00000000006, 'INACTIVE', '2019-03-09 11:09:50', '2019-03-09 11:09:50'),
	(9, 3, 10, 10, 386100.00000000006, 'INACTIVE', '2019-03-09 11:08:44', '2019-03-09 11:08:44'),
	(10, 3, 10, 1, 354510, 'INACTIVE', '2019-03-09 19:07:48', '2019-03-09 19:07:48'),
	(11, 3, 10, 1, 354510, 'INACTIVE', '2019-03-09 19:08:12', '2019-03-09 19:08:12'),
	(12, 3, 10, 1, 354510, 'INACTIVE', '2019-03-09 19:07:48', '2019-03-09 19:07:48'),
	(13, 3, 10, 1, 354510, 'INACTIVE', '2019-03-09 21:30:20', '2019-03-09 21:30:20'),
	(14, 3, 10, 1, 354510, 'INACTIVE', '2019-03-09 19:08:12', '2019-03-09 19:08:12'),
	(15, 3, 10, 1, 354510, 'INACTIVE', '2019-03-09 19:07:48', '2019-03-09 19:07:48'),
	(16, 3, 2, 1, 3510, 'INACTIVE', '2019-03-09 23:52:34', '2019-03-09 23:52:34'),
	(17, 3, 2, 1, 3510, 'INACTIVE', '2019-03-09 23:52:34', '2019-03-09 23:52:34'),
	(18, 3, 1, 2, 7020, 'INACTIVE', '2019-03-10 11:13:12', '2019-03-10 11:13:12'),
	(19, 3, 2, 1, 3510, 'INACTIVE', '2019-03-10 11:15:16', '2019-03-10 11:15:16'),
	(20, 3, 2, 1, 3510, 'INACTIVE', '2019-03-10 11:17:00', '2019-03-10 11:17:00'),
	(21, 3, 2, 1, 3510, 'INACTIVE', '2019-03-10 11:15:16', '2019-03-10 11:15:16'),
	(22, 3, 2, 1, 3510, 'INACTIVE', '2019-03-10 11:17:00', '2019-03-10 11:17:00'),
	(23, 3, 2, 2, 7020, 'INACTIVE', '2019-03-10 11:20:25', '2019-03-10 11:20:25'),
	(24, 3, 2, 1, 3510, 'INACTIVE', '2019-03-10 11:15:16', '2019-03-10 11:15:16'),
	(25, 3, 2, 3, 10530, 'INACTIVE', '2019-03-10 12:29:42', '2019-03-10 12:29:42'),
	(26, 3, 2, 1, 3510, 'INACTIVE', '2019-03-10 11:17:00', '2019-03-10 11:17:00'),
	(27, 3, 2, 2, 7020, 'INACTIVE', '2019-03-10 11:20:25', '2019-03-10 11:20:25'),
	(28, 3, 2, 1, 3510, 'INACTIVE', '2019-03-10 11:15:16', '2019-03-10 11:15:16'),
	(29, 3, 2, 3, 10530, 'INACTIVE', '2019-03-10 12:29:42', '2019-03-10 12:29:42'),
	(30, 3, 2, 1, 3510, 'INACTIVE', '2019-03-10 11:17:00', '2019-03-10 11:17:00'),
	(31, 3, 2, 2, 7020, 'INACTIVE', '2019-03-10 11:20:25', '2019-03-10 11:20:25'),
	(32, 3, 2, 1, 3510, 'INACTIVE', '2019-03-10 11:15:16', '2019-03-10 11:15:16'),
	(33, 3, 2, 4, 14040, 'INACTIVE', '2019-03-10 12:30:21', '2019-03-10 12:30:21'),
	(34, 3, 2, 3, 10530, 'INACTIVE', '2019-03-10 12:29:42', '2019-03-10 12:29:42'),
	(35, 3, 2, 1, 3510, 'INACTIVE', '2019-03-10 11:17:00', '2019-03-10 11:17:00'),
	(36, 3, 2, 2, 7020, 'INACTIVE', '2019-03-10 11:20:25', '2019-03-10 11:20:25'),
	(37, 3, 2, 1, 3510, 'INACTIVE', '2019-03-10 12:31:57', '2019-03-10 12:31:57'),
	(38, 3, 2, 1, 3510, 'INACTIVE', '2019-03-10 11:15:16', '2019-03-10 11:15:16'),
	(39, 3, 2, 4, 14040, 'INACTIVE', '2019-03-10 12:30:21', '2019-03-10 12:30:21'),
	(40, 3, 2, 3, 10530, 'INACTIVE', '2019-03-10 12:29:42', '2019-03-10 12:29:42'),
	(41, 3, 2, 2, 7020, 'INACTIVE', '2019-03-10 12:32:26', '2019-03-10 12:32:26'),
	(42, 3, 2, 1, 3510, 'INACTIVE', '2019-03-10 11:17:00', '2019-03-10 11:17:00'),
	(43, 3, 2, 2, 7020, 'INACTIVE', '2019-03-10 11:20:25', '2019-03-10 11:20:25'),
	(44, 3, 2, 1, 3510, 'INACTIVE', '2019-03-10 12:31:57', '2019-03-10 12:31:57'),
	(45, 3, 2, 1, 3510, 'INACTIVE', '2019-03-10 11:15:16', '2019-03-10 11:15:16'),
	(46, 3, 2, 4, 14040, 'INACTIVE', '2019-03-10 12:30:21', '2019-03-10 12:30:21'),
	(47, 3, 2, 3, 10530, 'INACTIVE', '2019-03-10 12:29:42', '2019-03-10 12:29:42'),
	(48, 3, 2, 2, 7020, 'INACTIVE', '2019-03-10 12:32:26', '2019-03-10 12:32:26'),
	(49, 3, 2, 2, 7020, 'INACTIVE', '2019-03-10 11:20:25', '2019-03-10 11:20:25'),
	(50, 3, 2, 1, 3510, 'INACTIVE', '2019-03-10 12:31:57', '2019-03-10 12:31:57'),
	(51, 3, 2, 1, 3510, 'INACTIVE', '2019-03-10 11:17:00', '2019-03-10 11:17:00'),
	(52, 3, 2, 1, 3510, 'INACTIVE', '2019-03-10 11:15:16', '2019-03-10 11:15:16'),
	(53, 3, 2, 3, 10530, 'INACTIVE', '2019-03-10 12:33:18', '2019-03-10 12:33:18'),
	(54, 3, 2, 4, 14040, 'INACTIVE', '2019-03-10 12:30:21', '2019-03-10 12:30:21'),
	(55, 3, 2, 2, 7020, 'INACTIVE', '2019-03-10 13:11:30', '2019-03-10 13:11:30'),
	(56, 3, 2, 3, 10530, 'INACTIVE', '2019-03-10 12:29:42', '2019-03-10 12:29:42'),
	(57, 3, 2, 2, 7020, 'INACTIVE', '2019-03-10 12:32:26', '2019-03-10 12:32:26'),
	(58, 3, 2, 2, 7020, 'INACTIVE', '2019-03-10 11:20:25', '2019-03-10 11:20:25'),
	(59, 3, 2, 1, 3510, 'INACTIVE', '2019-03-10 12:31:57', '2019-03-10 12:31:57'),
	(60, 3, 2, 1, 3510, 'INACTIVE', '2019-03-10 11:17:00', '2019-03-10 11:17:00'),
	(61, 3, 2, 1, 3510, 'INACTIVE', '2019-03-10 11:15:16', '2019-03-10 11:15:16'),
	(62, 3, 2, 3, 10530, 'INACTIVE', '2019-03-10 12:33:18', '2019-03-10 12:33:18'),
	(63, 3, 2, 4, 14040, 'INACTIVE', '2019-03-10 12:30:21', '2019-03-10 12:30:21'),
	(64, 3, 2, 2, 5240, 'INACTIVE', '2019-03-10 13:19:48', '2019-03-10 13:19:48'),
	(65, 3, 2, 3, 34410, 'INACTIVE', '2019-03-10 18:39:24', '2019-03-10 18:39:24'),
	(66, 3, 2, 2, 22940, 'INACTIVE', '2019-03-10 19:09:59', '2019-03-10 19:09:59'),
	(67, 3, 8, 5, 57350, 'INACTIVE', '2019-03-10 19:11:10', '2019-03-10 19:11:10'),
	(68, 3, 2, 2, 22940, 'INACTIVE', '2019-03-10 19:09:59', '2019-03-10 19:09:59'),
	(69, 3, 8, 5, 57350, 'INACTIVE', '2019-03-11 11:02:06', '2019-03-11 11:02:06'),
	(70, 3, 8, 5, 57350, 'INACTIVE', '2019-03-12 22:58:44', '2019-03-12 22:58:44'),
	(71, 3, 8, 5, 57350, 'INACTIVE', '2019-03-12 22:58:44', '2019-03-12 22:58:44'),
	(72, 3, 8, 7, 80290, 'INACTIVE', '2019-03-12 23:00:34', '2019-03-12 23:00:34'),
	(73, 3, 8, 5, 57350, 'INACTIVE', '2019-03-12 22:58:44', '2019-03-12 22:58:44'),
	(74, 3, 8, 7, 80290, 'INACTIVE', '2019-03-12 23:00:34', '2019-03-12 23:00:34'),
	(75, 3, 8, 5, 57350, 'INACTIVE', '2019-03-12 23:01:01', '2019-03-12 23:01:01'),
	(76, 3, 8, 5, 57350, 'INACTIVE', '2019-03-12 22:58:44', '2019-03-12 22:58:44'),
	(77, 3, 8, 2, 22940, 'INACTIVE', '2019-03-12 23:01:23', '2019-03-12 23:01:23'),
	(78, 3, 8, 7, 80290, 'INACTIVE', '2019-03-12 23:00:34', '2019-03-12 23:00:34'),
	(79, 3, 8, 5, 57350, 'INACTIVE', '2019-03-12 23:01:01', '2019-03-12 23:01:01'),
	(80, 3, 8, 10, 114700, 'INACTIVE', '2019-03-27 09:25:43', '2019-03-27 09:25:43'),
	(81, 3, 8, 10, 114700, 'INACTIVE', '2019-03-29 01:32:54', '2019-03-29 01:32:54'),
	(82, 3, 8, 10, 114700, 'INACTIVE', '2019-03-29 01:32:56', '2019-03-29 01:32:56'),
	(83, 3, 8, 10, 114700, 'INACTIVE', '2019-03-29 01:32:54', '2019-03-29 01:32:54'),
	(84, 3, 8, 10, 114700, 'INACTIVE', '2019-03-29 20:51:04', '2019-03-29 20:51:04'),
	(85, 3, 8, 4, 45880, 'INACTIVE', '2019-04-01 20:57:12', '2019-04-01 20:57:12'),
	(86, 3, 8, 4, 45880, 'INACTIVE', '2019-04-20 20:34:55', '2019-04-20 20:34:55'),
	(87, 3, 8, 4, 45880, 'INACTIVE', '2019-04-23 19:45:37', '2019-04-23 19:45:37'),
	(88, 3, 8, 4, 45880, 'INACTIVE', '2019-04-23 19:54:33', '2019-04-23 19:54:33'),
	(89, 3, 8, 4, 45880, 'INACTIVE', '2019-04-23 19:54:33', '2019-04-23 19:54:33'),
	(90, 3, 8, 4, 45880, 'INACTIVE', '2019-04-23 20:05:55', '2019-04-23 20:05:55'),
	(91, 3, 8, 4, 45880, 'INACTIVE', '2019-04-23 20:22:36', '2019-04-23 20:22:36'),
	(92, 3, 8, 4, 45880, 'ACTIVE', '2019-04-23 20:44:22', '2019-04-23 20:44:22'),
	(93, 3, 8, 4, 45880, 'INACTIVE', '2019-04-23 20:44:22', '2019-04-23 20:44:22'),
	(94, 3, 1, 2, 22940, 'ACTIVE', '2019-04-23 20:47:43', '2019-04-23 20:47:43'),
	(95, 3, 1, 2, 22940, 'INACTIVE', '2019-04-23 20:47:43', '2019-04-23 20:47:43');
/*!40000 ALTER TABLE `basepay_fixed_amount_budget_builder_type` ENABLE KEYS */;

-- Dumping data for table compcloud.basepay_guideline: ~4 rows (approximately)
/*!40000 ALTER TABLE `basepay_guideline` DISABLE KEYS */;
INSERT INTO `basepay_guideline` (`BASEPAY_GUIDELINE_ID`, `ORG_ID`, `TENANT_ID`, `LOADED`, `STATUS`, `STATUS_TLM`, `NAME`, `DESCRIPTION`, `TEMPLATE`, `APPLY_RULES`, `INCREASE_TYPE_ID`, `WHEN_CREATED`, `MODIFIED_BY`, `CREATED_BY`, `LAST_UPDATED`) VALUES
	(46, 1, 1, b'0', 'INACTIVE', '2019-03-29 23:46:53', 'Annual Basepay Guideline', 'Annual Basepay Guideline', '[ {\r\n  "id" : 0,\r\n  "fields" : [ {\r\n    "id" : "22",\r\n"type": "metadata"\r\n  } ]\r\n} ]', b'0', 7, '2018-09-02 22:50:51', 13, 6, '2019-04-29 16:43:15'),
	(47, 1, 1, b'1', 'ACTIVE', '2019-03-29 23:27:47', 'CompensationCloud Basepay guideline', 'This is combine guidelines for all the base pay types', '[ {\r\n  "id" : 0,\r\n  "fields" : [ {\r\n    "id" : "22",\r\n    "type" : "metadata"\r\n  }, {\r\n    "id" : "179",\r\n    "type" : "metadata"\r\n  }, {\r\n    "id" : "26",\r\n    "type" : "metadata"\r\n  } ]\r\n}, {\r\n  "id" : 1,\r\n  "fields" : [ {\r\n    "id" : "370",\r\n    "type" : "metadata"\r\n  } ]\r\n} ]', b'0', 1, '2019-03-29 23:27:47', 13, 13, '2019-04-29 17:38:17'),
	(51, 1, 1, b'0', 'INACTIVE', '2019-05-20 01:21:36', 'test4', 'tesr6', '[ {\r\n  "id" : 0,\r\n  "fields" : [ {\r\n    "id" : "181",\r\n    "type" : "metadata"\r\n  }, {\r\n    "id" : "26",\r\n    "type" : "metadata"\r\n  } ]\r\n} ]', b'0', 8, '2019-04-29 17:37:08', 13, 13, '2019-04-29 17:37:08'),
	(52, 1, 1, b'0', 'ACTIVE', '2021-03-04 20:17:25', 'ttt', 'ttt', '[ {\r\n  "id" : 0,\r\n  "fields" : [ {\r\n    "id" : "26",\r\n    "type" : "metadata"\r\n  } ]\r\n}, {\r\n  "id" : 1,\r\n  "fields" : [ {\r\n    "id" : "293",\r\n    "type" : "metadata"\r\n  } ]\r\n} ]', b'0', 7, '2021-03-04 20:17:25', 13, 13, '2021-03-04 20:17:25');
/*!40000 ALTER TABLE `basepay_guideline` ENABLE KEYS */;

-- Dumping data for table compcloud.basepay_guideline_budget_builder_type: ~32 rows (approximately)
/*!40000 ALTER TABLE `basepay_guideline_budget_builder_type` DISABLE KEYS */;
INSERT INTO `basepay_guideline_budget_builder_type` (`id`, `BASEPAY_BUDGET_ID`, `BASEPAY_GUIDELINE_ID`, `guideline_group`, `STATUS`, `STATUS_TLM`, `WHEN_CREATED`) VALUES
	(1, 3, 46, 'MIN', 'INACTIVE', '2018-12-17 12:24:50', '2018-12-17 12:24:50'),
	(2, 3, 46, 'MIN', 'INACTIVE', '2018-12-17 13:56:01', '2018-12-17 13:56:01'),
	(3, 3, 46, 'MIN', 'INACTIVE', '2019-03-09 10:38:26', '2019-03-09 10:38:26'),
	(4, 3, 46, 'MIN', 'INACTIVE', '2019-03-09 10:52:44', '2019-03-09 10:52:44'),
	(5, 3, 46, 'MIN', 'INACTIVE', '2019-03-09 10:52:44', '2019-03-09 10:52:44'),
	(6, 3, 46, 'MIN', 'INACTIVE', '2019-03-09 10:52:44', '2019-03-09 10:52:44'),
	(7, 3, 46, 'MIN', 'INACTIVE', '2019-03-09 10:54:55', '2019-03-09 10:54:55'),
	(8, 3, 46, 'MIN', 'INACTIVE', '2019-03-09 10:52:44', '2019-03-09 10:52:44'),
	(9, 3, 46, 'MIN', 'INACTIVE', '2019-03-09 10:54:55', '2019-03-09 10:54:55'),
	(10, 3, 46, 'MIN', 'INACTIVE', '2019-03-09 11:00:01', '2019-03-09 11:00:01'),
	(11, 3, 46, 'MIN', 'INACTIVE', '2019-03-09 23:52:56', '2019-03-09 23:52:56'),
	(12, 3, 46, 'MIN', 'INACTIVE', '2019-03-09 23:52:56', '2019-03-09 23:52:56'),
	(13, 3, 46, 'MIN', 'INACTIVE', '2019-03-10 10:49:30', '2019-03-10 10:49:30'),
	(14, 3, 46, 'MIN', 'INACTIVE', '2019-03-09 23:52:56', '2019-03-09 23:52:56'),
	(15, 3, 46, 'MIN', 'INACTIVE', '2019-03-10 10:49:30', '2019-03-10 10:49:30'),
	(16, 3, 47, 'MIN', 'INACTIVE', '2019-04-23 20:44:35', '2019-04-23 20:44:35'),
	(17, 3, 47, 'MIN', 'INACTIVE', '2019-04-23 20:44:35', '2019-04-23 20:44:35'),
	(18, 3, 47, 'MIN', 'INACTIVE', '2019-04-23 20:48:10', '2019-04-23 20:48:10'),
	(19, 3, 47, 'MIN', 'INACTIVE', '2019-04-23 20:51:07', '2019-04-23 20:51:07'),
	(20, 3, 47, 'MIN', 'INACTIVE', '2019-04-23 20:51:13', '2019-04-23 20:51:13'),
	(21, 3, 47, 'MIN', 'INACTIVE', '2019-04-23 20:51:07', '2019-04-23 20:51:07'),
	(22, 3, 47, 'MIN', 'INACTIVE', '2019-04-23 20:51:13', '2019-04-23 20:51:13'),
	(23, 3, 47, 'MIN', 'INACTIVE', '2019-04-23 20:51:07', '2019-04-23 20:51:07'),
	(24, 3, 47, 'MIN', 'INACTIVE', '2019-04-23 20:51:50', '2019-04-23 20:51:50'),
	(25, 3, 47, 'MIN', 'INACTIVE', '2019-04-23 20:51:13', '2019-04-23 20:51:13'),
	(26, 3, 47, 'MIN', 'INACTIVE', '2019-04-23 20:53:17', '2019-04-23 20:53:17'),
	(27, 3, 47, 'MIN', 'INACTIVE', '2019-04-23 20:51:07', '2019-04-23 20:51:07'),
	(28, 3, 47, 'MIN', 'INACTIVE', '2019-04-23 20:51:50', '2019-04-23 20:51:50'),
	(29, 3, 47, 'MIN', 'INACTIVE', '2019-04-23 21:03:13', '2019-04-23 21:03:13'),
	(30, 3, 47, 'MIN', 'ACTIVE', '2019-04-23 21:12:16', '2019-04-23 21:12:16'),
	(31, 3, 47, 'MIN', 'INACTIVE', '2019-04-23 21:12:16', '2019-04-23 21:12:16'),
	(32, 3, 47, 'MIN', 'ACTIVE', '2019-04-23 21:14:26', '2019-04-23 21:14:26');
/*!40000 ALTER TABLE `basepay_guideline_budget_builder_type` ENABLE KEYS */;

-- Dumping data for table compcloud.basepay_guideline_details: ~0 rows (approximately)
/*!40000 ALTER TABLE `basepay_guideline_details` DISABLE KEYS */;
INSERT INTO `basepay_guideline_details` (`BASEPAY_GUIDELINE_DETAILS_ID`, `ORG_ID`, `TENANT_ID`, `BASEPAY_GUIDELINE_ID`, `STATUS`, `STATUS_TLM`, `RECORDS`, `LAST_UPDATED`) VALUES
	(3, 1, 1, 47, 'ACTIVE', '2020-08-21 21:43:42', '{"headers":[{"name":"Department_Name","type":"meta","multi":false},{"name":"Current_Job_Title","type":"meta","multi":false},{"name":"Performance_Rating","type":"meta","multi":false},{"name":"Current_Max_Value","type":"meta","multi":false},{"name":"Basepay","type":"guideline","multi":true},{"name":"Min_Guideline_Percentage","type":"guideline","multi":false},{"name":"Max_Guideline_Percentage","type":"guideline","multi":false},{"name":"Min_Guideline_Amt","type":"guideline","multi":false},{"name":"Max_Guideline_Amt","type":"guideline","multi":false},{"name":"eligibleNos","type":"guideline","multi":false}],"recordsSet":[{"records":[{"type":"checkBox","dataType":"","value":true,"prefix":""},{"type":"label","dataType":"additive","value":"Finance","prefix":""},{"type":"label","dataType":"additive","value":"VP-Operation","prefix":""},{"type":"label","dataType":"additive","value":"Exceptional/Solid","prefix":""},{"type":"label","dataType":"additive","value":150000,"prefix":""},{"type":"label","dataType":"additive","value":600000,"prefix":"$"},{"type":"textField","dataType":"","value":0,"prefix":""},{"type":"textField","dataType":"","value":0,"prefix":""},{"type":"textField","dataType":"additive","value":0,"prefix":"$"},{"type":"textField","dataType":"additive","value":0,"prefix":"$"},{"type":"label","dataType":"","value":4,"prefix":""}]},{"records":[{"type":"checkBox","dataType":"","value":true,"prefix":""},{"type":"label","dataType":"additive","value":"Human Resource","prefix":""},{"type":"label","dataType":"additive","value":"VP - Human Resource","prefix":""},{"type":"label","dataType":"additive","value":"Strong/Exceptional","prefix":""},{"type":"label","dataType":"additive","value":150000,"prefix":""},{"type":"label","dataType":"additive","value":600000,"prefix":"$"},{"type":"textField","dataType":"","value":0,"prefix":""},{"type":"textField","dataType":"","value":0,"prefix":""},{"type":"textField","dataType":"additive","value":0,"prefix":"$"},{"type":"textField","dataType":"additive","value":0,"prefix":"$"},{"type":"label","dataType":"","value":4,"prefix":""}]},{"records":[{"type":"checkBox","dataType":"","value":true,"prefix":""},{"type":"label","dataType":"additive","value":"Human Resource","prefix":""},{"type":"label","dataType":"additive","value":"Manager- Human Resource","prefix":""},{"type":"label","dataType":"additive","value":"Exceptional/Solid","prefix":""},{"type":"label","dataType":"additive","value":150000,"prefix":""},{"type":"label","dataType":"additive","value":600000,"prefix":"$"},{"type":"textField","dataType":"","value":0,"prefix":""},{"type":"textField","dataType":"","value":0,"prefix":""},{"type":"textField","dataType":"additive","value":0,"prefix":"$"},{"type":"textField","dataType":"additive","value":0,"prefix":"$"},{"type":"label","dataType":"","value":4,"prefix":""}]},{"records":[{"type":"checkBox","dataType":"","value":true,"prefix":""},{"type":"label","dataType":"additive","value":"Human Resource","prefix":""},{"type":"label","dataType":"additive","value":"Sr Manager- Human Resource","prefix":""},{"type":"label","dataType":"additive","value":"Exceptional/Solid","prefix":""},{"type":"label","dataType":"additive","value":150000,"prefix":""},{"type":"label","dataType":"additive","value":600000,"prefix":"$"},{"type":"textField","dataType":"","value":0,"prefix":""},{"type":"textField","dataType":"","value":0,"prefix":""},{"type":"textField","dataType":"additive","value":0,"prefix":"$"},{"type":"textField","dataType":"additive","value":0,"prefix":"$"},{"type":"label","dataType":"","value":4,"prefix":""}]},{"records":[{"type":"checkBox","dataType":"","value":true,"prefix":""},{"type":"label","dataType":"additive","value":"Human Resource","prefix":""},{"type":"label","dataType":"additive","value":"General Manager","prefix":""},{"type":"label","dataType":"additive","value":"Exceptional/Solid","prefix":""},{"type":"label","dataType":"additive","value":150000,"prefix":""},{"type":"label","dataType":"additive","value":600000,"prefix":"$"},{"type":"textField","dataType":"","value":0,"prefix":""},{"type":"textField","dataType":"","value":0,"prefix":""},{"type":"textField","dataType":"additive","value":0,"prefix":"$"},{"type":"textField","dataType":"additive","value":0,"prefix":"$"},{"type":"label","dataType":"","value":4,"prefix":""}]},{"records":[{"type":"checkBox","dataType":"","value":true,"prefix":""},{"type":"label","dataType":"additive","value":"Marketing","prefix":""},{"type":"label","dataType":"additive","value":"Director- Human Resource","prefix":""},{"type":"label","dataType":"additive","value":"Exceptional/Solid","prefix":""},{"type":"label","dataType":"additive","value":150000,"prefix":""},{"type":"label","dataType":"additive","value":600000,"prefix":"$"},{"type":"textField","dataType":"","value":0,"prefix":""},{"type":"textField","dataType":"","value":0,"prefix":""},{"type":"textField","dataType":"additive","value":0,"prefix":"$"},{"type":"textField","dataType":"additive","value":0,"prefix":"$"},{"type":"label","dataType":"","value":4,"prefix":""}]},{"records":[{"type":"checkBox","dataType":"","value":true,"prefix":""},{"type":"label","dataType":"additive","value":"Marketing","prefix":""},{"type":"label","dataType":"additive","value":"VP-Engineering","prefix":""},{"type":"label","dataType":"additive","value":"Strong/Exceptional","prefix":""},{"type":"label","dataType":"additive","value":150000,"prefix":""},{"type":"label","dataType":"additive","value":600000,"prefix":"$"},{"type":"textField","dataType":"","value":0,"prefix":""},{"type":"textField","dataType":"","value":0,"prefix":""},{"type":"textField","dataType":"additive","value":0,"prefix":"$"},{"type":"textField","dataType":"additive","value":0,"prefix":"$"},{"type":"label","dataType":"","value":4,"prefix":""}]},{"records":[{"type":"checkBox","dataType":"","value":true,"prefix":""},{"type":"label","dataType":"additive","value":"Marketing","prefix":""},{"type":"label","dataType":"additive","value":"Technical Architect","prefix":""},{"type":"label","dataType":"additive","value":"Exceptional/Solid","prefix":""},{"type":"label","dataType":"additive","value":150000,"prefix":""},{"type":"label","dataType":"additive","value":600000,"prefix":"$"},{"type":"textField","dataType":"","value":0,"prefix":""},{"type":"textField","dataType":"","value":0,"prefix":""},{"type":"textField","dataType":"additive","value":0,"prefix":"$"},{"type":"textField","dataType":"additive","value":0,"prefix":"$"},{"type":"label","dataType":"","value":4,"prefix":""}]},{"records":[{"type":"checkBox","dataType":"","value":true,"prefix":""},{"type":"label","dataType":"additive","value":"Marketing","prefix":""},{"type":"label","dataType":"additive","value":"Director-Development","prefix":""},{"type":"label","dataType":"additive","value":"Exceptional/Solid","prefix":""},{"type":"label","dataType":"additive","value":150000,"prefix":""},{"type":"label","dataType":"additive","value":600000,"prefix":"$"},{"type":"textField","dataType":"","value":0,"prefix":""},{"type":"textField","dataType":"","value":0,"prefix":""},{"type":"textField","dataType":"additive","value":0,"prefix":"$"},{"type":"textField","dataType":"additive","value":0,"prefix":"$"},{"type":"label","dataType":"","value":4,"prefix":""}]},{"records":[{"type":"checkBox","dataType":"","value":true,"prefix":""},{"type":"label","dataType":"additive","value":"Marketing","prefix":""},{"type":"label","dataType":"additive","value":"Manager-Development","prefix":""},{"type":"label","dataType":"additive","value":"Strong/Exceptional","prefix":""},{"type":"label","dataType":"additive","value":150000,"prefix":""},{"type":"label","dataType":"additive","value":600000,"prefix":"$"},{"type":"textField","dataType":"","value":0,"prefix":""},{"type":"textField","dataType":"","value":0,"prefix":""},{"type":"textField","dataType":"additive","value":0,"prefix":"$"},{"type":"textField","dataType":"additive","value":0,"prefix":"$"},{"type":"label","dataType":"","value":4,"prefix":""}]},{"records":[{"type":"checkBox","dataType":"","value":true,"prefix":""},{"type":"label","dataType":"additive","value":"Marketing","prefix":""},{"type":"label","dataType":"additive","value":"Engineer-Development","prefix":""},{"type":"label","dataType":"additive","value":"Exceptional/Solid","prefix":""},{"type":"label","dataType":"additive","value":150000,"prefix":""},{"type":"label","dataType":"additive","value":600000,"prefix":"$"},{"type":"textField","dataType":"","value":0,"prefix":""},{"type":"textField","dataType":"","value":0,"prefix":""},{"type":"textField","dataType":"additive","value":0,"prefix":"$"},{"type":"textField","dataType":"additive","value":0,"prefix":"$"},{"type":"label","dataType":"","value":4,"prefix":""}]},{"records":[{"type":"checkBox","dataType":"","value":true,"prefix":""},{"type":"label","dataType":"additive","value":"Marketing","prefix":""},{"type":"label","dataType":"additive","value":"HR Executive","prefix":""},{"type":"label","dataType":"additive","value":"Exceptional/Solid","prefix":""},{"type":"label","dataType":"additive","value":150000,"prefix":""},{"type":"label","dataType":"additive","value":3600000,"prefix":"$"},{"type":"textField","dataType":"","value":0,"prefix":""},{"type":"textField","dataType":"","value":0,"prefix":""},{"type":"textField","dataType":"additive","value":0,"prefix":"$"},{"type":"textField","dataType":"additive","value":0,"prefix":"$"},{"type":"label","dataType":"","value":24,"prefix":""}]},{"records":[{"type":"checkBox","dataType":"","value":true,"prefix":""},{"type":"label","dataType":"additive","value":"Sales and Operations","prefix":""},{"type":"label","dataType":"additive","value":"SVP-Sales \\u0026 Marketing","prefix":""},{"type":"label","dataType":"additive","value":"Exceptional/Solid","prefix":""},{"type":"label","dataType":"additive","value":150000,"prefix":""},{"type":"label","dataType":"additive","value":600000,"prefix":"$"},{"type":"textField","dataType":"","value":0,"prefix":""},{"type":"textField","dataType":"","value":0,"prefix":""},{"type":"textField","dataType":"additive","value":0,"prefix":"$"},{"type":"textField","dataType":"additive","value":0,"prefix":"$"},{"type":"label","dataType":"","value":4,"prefix":""}]},{"records":[{"type":"checkBox","dataType":"","value":true,"prefix":""},{"type":"label","dataType":"additive","value":"Sales and Operations","prefix":""},{"type":"label","dataType":"additive","value":"Director-Sales \\u0026 Marketing","prefix":""},{"type":"label","dataType":"additive","value":"Strong/Exceptional","prefix":""},{"type":"label","dataType":"additive","value":150000,"prefix":""},{"type":"label","dataType":"additive","value":600000,"prefix":"$"},{"type":"textField","dataType":"","value":0,"prefix":""},{"type":"textField","dataType":"","value":0,"prefix":""},{"type":"textField","dataType":"additive","value":0,"prefix":"$"},{"type":"textField","dataType":"additive","value":0,"prefix":"$"},{"type":"label","dataType":"","value":4,"prefix":""}]}],"total":[0,0,0,0,2100000,11400000,0,0,0,0,0]}', '2020-08-21 21:43:46');
/*!40000 ALTER TABLE `basepay_guideline_details` ENABLE KEYS */;

-- Dumping data for table compcloud.basepay_guideline_rule_mapper: ~5 rows (approximately)
/*!40000 ALTER TABLE `basepay_guideline_rule_mapper` DISABLE KEYS */;
INSERT INTO `basepay_guideline_rule_mapper` (`BASEPAY_GUIDELINE_RULE_MAPPER_ID`, `ORG_ID`, `TENANT_ID`, `BASEPAY_GUIDELINE_ID`, `RULE_ID`, `BASEPAY_GUIDELINE_RULE_MAPPER_STATUS`) VALUES
	(40, 1, 1, 46, 27, 'ACTIVE'),
	(41, 1, 1, 47, 32, 'INACTIVE'),
	(45, 1, 1, 51, 27, 'ACTIVE'),
	(46, 1, 1, 47, 28, 'ACTIVE'),
	(47, 1, 1, 52, 28, 'ACTIVE');
/*!40000 ALTER TABLE `basepay_guideline_rule_mapper` ENABLE KEYS */;

-- Dumping data for table compcloud.basepay_master: ~76 rows (approximately)
/*!40000 ALTER TABLE `basepay_master` DISABLE KEYS */;
INSERT INTO `basepay_master` (`BASEPAY_MASTER_ID`, `ORG_ID`, `TENANT_ID`, `EMPLOYEE_MASTER_ID`, `COMPENSATION_INCREASE_TYPE_ID`, `BASEPAY_AMOUNT_INCREASE`, `LAST_BASEPAY_INCREASE`, `BASEPAY_INCREASE_ELIGIBLE`, `BUDGET_UPDATED`, `BASEPAY_PERCENT_INCREASE`, `BASEPAY_PRORATION_FACTOR`, `COMPANY_EMPLOYEE_ID`, `CURRENT_COMPA_RATIO`, `EFFECTIVE_DATE`, `NEW_ANNUAL_BASEPAY`, `NEW_COMPA_RATIO`, `BUDGET_BASIS`, `GUIDELINE_MIN`, `GUIDELINE_MAX`, `GUIDELINE_STR`, `GUIDELINE_MIN_AMT`, `GUIDELINE_MAX_AMT`, `GUIDELINE_STR_AMT`, `NOTE`, `INCREASE_NAME`, `PLANNING_DATE`, `STATUS`, `STATUS_TLM`, `PLANNED_BY`, `LAST_UPDATED_BY`, `LAST_UPDATED`) VALUES
	(1, 1, 1, 1, 1, 1000, 0, 'N', NULL, 1.2658227848101267, 1, NULL, 71.82, '2019-08-02', 80000, 72.72727272727273, 10000, 0, 0, '0.0%-0.0%', 0, 4, '0.0-4.0', 'sdf$DDG', NULL, NULL, 'ACTIVE', '2016-08-26 22:15:54', 1, 1, '2016-08-26 22:15:43'),
	(2, 1, 1, 5, 1, 0, 0, 'N', NULL, 0, 1, NULL, 71.82, NULL, 85000, 77.27272727272727, 10000, 0, 0, '0.0%-0.0%', 0, 4, '0.0-4.0', NULL, NULL, NULL, 'ACTIVE', '2016-09-15 21:25:40', 1, 1, '2016-09-15 21:26:20'),
	(3, 1, 1, 7, 1, 0, 0, 'Y', NULL, 0, 1, NULL, 71.82, NULL, 98000, 89.0909090909091, 10000, 0, 0, '0.0%-0.0%', 0, 4, '0.0-4.0', NULL, NULL, NULL, 'ACTIVE', '2016-09-15 21:28:02', 1, 1, '2016-09-15 21:28:30'),
	(4, 1, 1, 8, 1, 0, 0, 'Y', NULL, 0, 1, NULL, 71.82, NULL, 89000, 80.91, 10000, 0, 0, '0.0%-0.0%', 0, 4, '0.0-4.0', NULL, NULL, NULL, 'ACTIVE', '2016-09-15 21:31:06', 1, 1, '2016-09-15 21:31:40'),
	(5, 1, 1, 2, 1, 1, 0, 'N', NULL, 0.00125, 1, NULL, 71.82, NULL, 80001, 72.72818181818181, 10000, 0, 0, '0.0%-0.0%', 0, 4, '0.0-4.0', NULL, NULL, NULL, 'ACTIVE', '2016-09-15 21:31:06', 1, 1, '2016-09-15 21:31:40'),
	(6, 1, 1, 3, 1, 0, 0, 'N', NULL, 0, 1, NULL, 71.82, NULL, 93000, 84.54545454545455, 10000, 0, 0, '0.0%-0.0%', 0, 4, '0.0-4.0', NULL, NULL, NULL, 'ACTIVE', '2016-09-15 21:31:06', 1, 1, '2016-09-15 21:31:40'),
	(7, 1, 1, 4, 1, 0, 0, 'N', NULL, 0, 1, NULL, 71.82, NULL, 100000, 90.91, 10000, 0, 0, '0.0%-0.0%', 0, 4, '0.0-4.0', NULL, NULL, NULL, 'ACTIVE', '2016-09-15 21:31:06', 1, 1, '2016-09-15 21:31:40'),
	(8, 1, 1, 6, 1, 0, 0, 'Y', NULL, 0, 1, NULL, 71.82, NULL, 71400, 64.9090909090909, 10000, 0, 0, '0.0%-0.0%', 0, 4, '0.0-4.0', NULL, NULL, NULL, 'ACTIVE', '2016-09-15 21:31:06', 1, 1, '2016-09-15 21:31:40'),
	(9, 1, 1, 9, 1, 0, 0, 'Y', NULL, 0, 1, NULL, 71.82, NULL, 120000, 109.09, 10000, 0, 0, '0.0%-0.0%', 0, 4, '0.0-4.0', NULL, NULL, NULL, 'ACTIVE', '2016-09-15 21:31:06', 1, 1, '2016-09-15 21:31:40'),
	(10, 1, 1, 10, 1, 0, 0, 'Y', NULL, 0, 1, NULL, 71.82, NULL, 100000, 90.91, 10000, 0, 0, '0.0%-0.0%', 0, 4, '0.0-4.0', NULL, NULL, NULL, 'ACTIVE', '2016-09-15 21:31:06', 1, 1, '2016-09-15 21:31:40'),
	(11, 1, 1, 11, 1, 0, 0, 'Y', NULL, 0, 1, NULL, 71.82, NULL, 100000, 90.91, 10000, 0, 0, '0.0%-0.0%', 0, 4, '0.0-4.0', NULL, NULL, NULL, 'ACTIVE', '2016-09-15 21:31:06', 1, 1, '2016-09-15 21:31:40'),
	(12, 1, 1, 12, 1, 0, 0, 'Y', NULL, 0, 1, NULL, 71.82, NULL, 100000, 90.91, 10000, 0, 0, '0.0%-0.0%', 0, 4, '0.0-4.0', NULL, NULL, NULL, 'ACTIVE', '2016-09-15 21:31:06', 1, 1, '2016-09-15 21:31:40'),
	(14, 1, 1, 13, 1, 0, 0, 'Y', NULL, 0, 1, NULL, 71.82, NULL, 100000, 90.91, 10000, 0, 0, '0.0%-0.0%', 0, 4, '0.0-4.0', NULL, NULL, NULL, 'ACTIVE', '2016-09-15 21:31:06', 1, 1, '2016-09-15 21:31:40'),
	(15, 1, 1, 1, 2, 0, 0, 'Y', NULL, 0, 1, NULL, 71.82, NULL, 80580, 73.64, 10000, 0, 4, '0.0%-4.0%', NULL, 26070, NULL, NULL, NULL, NULL, 'ACTIVE', '2016-08-26 22:15:54', 1, 1, '2016-08-26 22:15:43'),
	(16, 1, 1, 7, 2, 0, 0, 'Y', NULL, 0, 1, NULL, 71.82, NULL, 98980, 89.09, 10000, 0, 4, '0.0%-4.0%', NULL, 32340, NULL, NULL, NULL, NULL, 'ACTIVE', '2016-08-26 22:15:54', 1, 1, '2016-08-26 22:15:43'),
	(17, 1, 1, 5, 2, 0, 0, 'Y', NULL, 0, 1, NULL, 71.82, NULL, 86700, 77.27, 10000, 0, 4, '0.0%-4.0%', NULL, 28050, NULL, NULL, NULL, NULL, 'ACTIVE', '2016-08-26 22:15:54', 1, 1, '2016-08-26 22:15:43'),
	(18, 1, 1, 8, 2, 0, 0, 'Y', NULL, 0, 1, NULL, 71.82, NULL, 89000, 80.91, 10000, 0, 4, '0.0%-4.0%', NULL, 29370, NULL, NULL, NULL, NULL, 'ACTIVE', '2016-08-26 22:15:54', 1, 1, '2016-08-26 22:15:43'),
	(19, 1, 1, 2, 2, 0, 0, 'Y', NULL, 0, 1, NULL, 71.82, NULL, 81000, 72.73, 10000, 0, 4, '0.0%-4.0%', NULL, 26400, NULL, NULL, NULL, NULL, 'ACTIVE', '2016-09-15 21:31:06', 1, 1, '2016-09-15 21:31:40'),
	(20, 1, 1, 3, 2, 0, 0, 'Y', NULL, 0, 1, NULL, 71.82, NULL, 93000, 90, 10000, 0, 4, '0.0%-4.0%', NULL, 29700, NULL, NULL, NULL, NULL, 'ACTIVE', '2016-09-15 21:31:06', 1, 1, '2016-09-15 21:31:40'),
	(21, 1, 1, 4, 2, 0, 0, 'Y', NULL, 0, 1, NULL, 71.82, NULL, 100000, 90.91, 10000, 0, 4, '0.0%-4.0%', NULL, 33000, NULL, NULL, NULL, NULL, 'ACTIVE', '2016-09-15 21:31:06', 1, 1, '2016-09-15 21:31:40'),
	(22, 1, 1, 6, 2, 0, 0, 'Y', NULL, 0, 1, NULL, 71.82, NULL, 71400, 64.54545454545455, 10000, 0, 4, '0.0%-4.0%', NULL, 23100, NULL, NULL, NULL, NULL, 'ACTIVE', '2016-09-15 21:31:06', 1, 1, '2016-09-15 21:31:40'),
	(23, 1, 1, 9, 2, 0, 0, 'Y', NULL, 0, 1, NULL, 71.82, NULL, 120000, 109.09, 10000, 0, 4, '0.0%-4.0%', NULL, 39600, NULL, NULL, NULL, NULL, 'ACTIVE', '2016-09-15 21:31:06', 1, 1, '2016-09-15 21:31:40'),
	(24, 1, 1, 10, 2, 0, 0, 'Y', NULL, 0, 1, NULL, 71.82, NULL, 100000, 90.91, 10000, 0, 4, '0.0%-4.0%', NULL, 33000, NULL, NULL, NULL, NULL, 'ACTIVE', '2016-09-15 21:31:06', 1, 1, '2016-09-15 21:31:40'),
	(25, 1, 1, 11, 2, 0, 0, 'Y', NULL, 0, 1, NULL, 71.82, NULL, 100000, 90.91, 10000, 0, 4, '0.0%-4.0%', NULL, 33000, NULL, NULL, NULL, NULL, 'ACTIVE', '2016-09-15 21:31:06', 1, 1, '2016-09-15 21:31:40'),
	(26, 1, 1, 12, 2, 0, 0, 'Y', NULL, 0, 1, NULL, 71.82, NULL, 100000, 90.91, 10000, 0, 4, '0.0%-4.0%', NULL, 33000, NULL, NULL, NULL, NULL, 'ACTIVE', '2016-09-15 21:31:06', 1, 1, '2016-09-15 21:31:40'),
	(27, 1, 1, 13, 2, 0, 0, 'Y', NULL, 0, 1, NULL, 71.82, NULL, 100000, 90.91, 10000, 0, 4, '0.0%-4.0%', NULL, 33000, NULL, NULL, NULL, NULL, 'ACTIVE', '2016-09-15 21:31:06', 1, 1, '2016-09-15 21:31:40'),
	(28, 1, 1, 14, 1, 0, 0, 'Y', NULL, 0, 1, NULL, 71.82, NULL, 110000, 100, 10000, 0, 0, '0.0%-0.0%', 0, 24, '0.0-24.0', NULL, NULL, NULL, 'ACTIVE', '2016-09-15 21:31:06', 1, 1, '2016-09-15 21:31:40'),
	(29, 1, 1, 14, 2, 0, 0, 'Y', NULL, 0, 1, NULL, 71.82, NULL, 110000, 100, 10000, 0, 4, '0.0%-4.0%', NULL, 36300, NULL, NULL, NULL, NULL, 'ACTIVE', '2016-09-15 21:31:06', 1, 1, '2016-09-15 21:31:40'),
	(30, 1, 1, 15, 1, 0, 0, 'Y', NULL, 0, 1, NULL, 71.82, NULL, 15000, 13.636363636363635, 10000, 0, 4, '0.0%-4.0%', NULL, 4950, NULL, NULL, NULL, NULL, 'ACTIVE', '2016-09-15 21:31:06', 1, 1, '2016-09-15 21:31:40'),
	(31, 1, 1, 15, 2, 0, 0, 'Y', NULL, 0, 1, NULL, 71.82, NULL, 15000, 13.64, 10000, 0, 4, '0.0%-4.0%', NULL, 4950, NULL, NULL, NULL, NULL, 'ACTIVE', '2016-09-15 21:31:06', 1, 1, '2016-09-15 21:31:40'),
	(32, 1, 1, 1, 7, 0, 0, 'Y', NULL, 0, 1, NULL, 71.82, NULL, 80580, 73.64, 10000, 0, 4, '0.0%-4.0%', NULL, 26070, NULL, NULL, NULL, NULL, 'ACTIVE', '2016-09-15 21:31:06', 1, 1, '2016-09-15 21:31:40'),
	(33, 1, 1, 2, 7, 0, 0, 'Y', NULL, 0, 1, NULL, 71.82, NULL, 81000, 72.73, 10000, 0, 4, '0.0%-4.0%', NULL, 26400, NULL, NULL, NULL, NULL, 'ACTIVE', '2016-09-15 21:31:06', 1, 1, '2016-09-15 21:31:40'),
	(34, 1, 1, 3, 7, 0, 0, 'Y', NULL, 0, 1, NULL, 71.82, NULL, 93000, 90, 10000, 0, 4, '0.0%-4.0%', NULL, 29700, NULL, NULL, NULL, NULL, 'ACTIVE', '2016-09-15 21:31:06', 1, 1, '2016-09-15 21:31:40'),
	(35, 1, 1, 4, 7, 0, 0, 'Y', NULL, 0, 1, NULL, 71.82, NULL, 100000, 90.91, 10000, 0, 4, '0.0%-4.0%', NULL, 33000, NULL, NULL, NULL, NULL, 'ACTIVE', '2016-09-15 21:31:06', 1, 1, '2016-09-15 21:31:40'),
	(36, 1, 1, 5, 7, 0, 0, 'Y', NULL, 0, 1, NULL, 71.82, NULL, 86700, 77.27, 10000, 0, 4, '0.0%-4.0%', NULL, 28050, NULL, NULL, NULL, NULL, 'ACTIVE', '2016-09-15 21:31:06', 1, 1, '2016-09-15 21:31:40'),
	(37, 1, 1, 6, 7, 0, 0, 'Y', NULL, 0, 1, NULL, 71.82, NULL, 71400, 64.09, 10000, 0, 4, '0.0%-4.0%', NULL, 23100, NULL, NULL, NULL, NULL, 'ACTIVE', '2016-09-15 21:31:06', 1, 1, '2016-09-15 21:31:40'),
	(38, 1, 1, 7, 7, 0, 0, 'Y', NULL, 0, 1, NULL, 71.82, NULL, 98980, 89.09, 10000, 0, 4, '0.0%-4.0%', NULL, 32340, NULL, NULL, NULL, NULL, 'ACTIVE', '2016-09-15 21:31:06', 1, 1, '2016-09-15 21:31:40'),
	(39, 1, 1, 8, 7, 0, 0, 'Y', NULL, 0, 1, NULL, 71.82, NULL, 89000, 80.91, 10000, 0, 4, '0.0%-4.0%', NULL, 29370, NULL, NULL, NULL, NULL, 'ACTIVE', '2016-09-15 21:31:06', 1, 1, '2016-09-15 21:31:40'),
	(40, 1, 1, 9, 7, 0, 0, 'Y', NULL, 0, 1, NULL, 71.82, NULL, 120000, 109.09, 10000, 0, 4, '0.0%-4.0%', NULL, 39600, NULL, NULL, NULL, NULL, 'ACTIVE', '2016-09-15 21:31:06', 1, 1, '2016-09-15 21:31:40'),
	(41, 1, 1, 10, 7, 0, 0, 'Y', NULL, 0, 1, NULL, 71.82, NULL, 100000, 90.91, 10000, 0, 4, '0.0%-4.0%', NULL, 33000, NULL, NULL, NULL, NULL, 'ACTIVE', '2016-09-15 21:31:06', 1, 1, '2016-09-15 21:31:40'),
	(42, 1, 1, 11, 7, 0, 0, 'Y', NULL, 0, 1, NULL, 71.82, NULL, 100000, 90.91, 10000, 0, 4, '0.0%-4.0%', NULL, 33000, NULL, NULL, NULL, NULL, 'ACTIVE', '2016-09-15 21:31:06', 1, 1, '2016-09-15 21:31:40'),
	(43, 1, 1, 12, 7, 0, 0, 'Y', NULL, 0, 1, NULL, 71.82, NULL, 100000, 90.91, 10000, 0, 4, '0.0%-4.0%', NULL, 33000, NULL, NULL, NULL, NULL, 'ACTIVE', '2016-09-15 21:31:06', 1, 1, '2016-09-15 21:31:40'),
	(44, 1, 1, 13, 7, 0, 0, 'Y', NULL, 0, 1, NULL, 71.82, NULL, 100000, 90.91, 10000, 0, 4, '0.0%-4.0%', NULL, 33000, NULL, NULL, NULL, NULL, 'ACTIVE', '2016-09-15 21:31:06', 1, 1, '2016-09-15 21:31:40'),
	(45, 1, 1, 14, 7, 0, 0, 'Y', NULL, 0, 1, NULL, 71.82, NULL, 110000, 100, 10000, 0, 4, '0.0%-4.0%', NULL, 36300, NULL, NULL, NULL, NULL, 'ACTIVE', '2016-09-15 21:31:06', 1, 1, '2016-09-15 21:31:40'),
	(46, 1, 1, 15, 7, 0, 0, 'Y', NULL, 0, 1, NULL, 71.82, NULL, 15000, 13.64, 10000, 0, 4, '0.0%-4.0%', NULL, 4950, NULL, NULL, NULL, NULL, 'ACTIVE', '2016-09-15 21:31:06', 1, 1, '2016-09-15 21:31:40'),
	(47, 1, 1, 16, 1, 0, 0, 'Y', NULL, 0, 1, NULL, 71.82, NULL, 100000, 90.91, 10000, 0, 4, '0.0%-4.0%', NULL, 33000, NULL, NULL, NULL, NULL, 'ACTIVE', '2016-09-15 21:31:06', 1, 1, '2016-09-15 21:31:40'),
	(48, 1, 1, 16, 2, 0, 0, 'Y', NULL, 0, 1, NULL, 71.82, NULL, 100000, 90.91, 10000, 0, 4, '0.0%-4.0%', NULL, 33000, NULL, NULL, NULL, NULL, 'ACTIVE', '2016-09-15 21:31:06', 1, 1, '2016-09-15 21:31:40'),
	(49, 1, 1, 16, 7, 0, 0, 'Y', NULL, 0, 1, NULL, 71.82, NULL, 100000, 90.91, 10000, 0, 4, '0.0%-4.0%', NULL, 33000, NULL, NULL, NULL, NULL, 'ACTIVE', '2016-09-15 21:31:06', 1, 1, '2016-09-15 21:31:40'),
	(50, 1, 1, 17, 1, 0, 0, 'Y', NULL, 0, 1, NULL, 71.82, NULL, 100000, 90.91, 10000, 0, 4, '0.0%-4.0%', NULL, 33000, NULL, NULL, NULL, NULL, 'ACTIVE', '2016-09-15 21:31:06', 1, 1, '2016-09-15 21:31:40'),
	(51, 1, 1, 17, 2, 0, 0, 'Y', NULL, 0, 1, NULL, 71.82, NULL, 100000, 90.91, 10000, 0, 4, '0.0%-4.0%', NULL, 33000, NULL, NULL, NULL, NULL, 'ACTIVE', '2016-09-15 21:31:06', 1, 1, '2016-09-15 21:31:40'),
	(52, 1, 1, 17, 7, 0, 0, 'Y', NULL, 0, 1, NULL, 71.82, NULL, 100000, 90.91, 10000, 0, 4, '0.0%-4.0%', NULL, 33000, NULL, NULL, NULL, NULL, 'ACTIVE', '2016-09-15 21:31:06', 1, 1, '2016-09-15 21:31:40'),
	(53, 1, 1, 18, 1, 0, 0, 'N', NULL, 0, 1, NULL, 71.82, NULL, 102000, 92.72727272727272, 10000, 0, 4, '0.0%-4.0%', NULL, 33000, NULL, NULL, NULL, NULL, 'ACTIVE', '2016-09-15 21:31:06', 1, 1, '2016-09-15 21:31:40'),
	(54, 1, 1, 18, 2, 0, 0, 'Y', NULL, 0, 1, NULL, 71.82, NULL, 102000, 90.91, 10000, 0, 4, '0.0%-4.0%', NULL, 33000, NULL, NULL, NULL, NULL, 'ACTIVE', '2016-09-15 21:31:06', 1, 1, '2016-09-15 21:31:40'),
	(55, 1, 1, 18, 7, 0, 0, 'Y', NULL, 0, 1, NULL, 71.82, NULL, 102000, 90.91, 10000, 0, 4, '0.0%-4.0%', NULL, 33000, NULL, NULL, NULL, NULL, 'ACTIVE', '2016-09-15 21:31:06', 1, 1, '2016-09-15 21:31:40'),
	(56, 1, 1, 1, 11, 0, 0, 'Y', NULL, 0, 1, NULL, 71.82, NULL, 80580, 73.64, 10000, 0, 4, '0.0%-4.0%', NULL, 26070, NULL, NULL, NULL, NULL, 'ACTIVE', '2016-09-15 21:31:06', 1, 1, '2016-09-15 21:31:40'),
	(57, 1, 1, 2, 11, 0, 0, 'Y', NULL, 0, 1, NULL, 71.82, NULL, 81000, 72.73, 10000, 0, 4, '0.0%-4.0%', NULL, 26400, NULL, NULL, NULL, NULL, 'ACTIVE', '2016-09-15 21:31:06', 1, 1, '2016-09-15 21:31:40'),
	(58, 1, 1, 3, 11, 0, 0, 'Y', NULL, 0, 1, NULL, 71.82, NULL, 93000, 90, 10000, 0, 4, '0.0%-4.0%', NULL, 29700, NULL, NULL, NULL, NULL, 'ACTIVE', '2016-09-15 21:31:06', 1, 1, '2016-09-15 21:31:40'),
	(60, 1, 1, 4, 11, 0, 0, 'Y', NULL, 0, 1, NULL, 71.82, NULL, 100000, 90.91, 10000, 0, 4, '0.0%-4.0%', NULL, 33000, NULL, NULL, NULL, NULL, 'ACTIVE', '2016-09-15 21:31:06', 1, 1, '2016-09-15 21:31:40'),
	(61, 1, 1, 5, 11, 0, 0, 'Y', NULL, 0, 1, NULL, 71.82, NULL, 86700, 77.27, 10000, 0, 4, '0.0%-4.0%', NULL, 28050, NULL, NULL, NULL, NULL, 'ACTIVE', '2016-09-15 21:31:06', 1, 1, '2016-09-15 21:31:40'),
	(62, 1, 1, 6, 11, 0, 0, 'Y', NULL, 0, 1, NULL, 71.82, NULL, 71400, 64.09, 10000, 0, 4, '0.0%-4.0%', NULL, 23100, NULL, NULL, NULL, NULL, 'ACTIVE', '2016-09-15 21:31:06', 1, 1, '2016-09-15 21:31:40'),
	(63, 1, 1, 7, 11, 0, 0, 'Y', NULL, 0, 1, NULL, 71.82, NULL, 98980, 89.09, 10000, 0, 4, '0.0%-4.0%', NULL, 32340, NULL, NULL, NULL, NULL, 'ACTIVE', '2016-09-15 21:31:06', 1, 1, '2016-09-15 21:31:40'),
	(64, 1, 1, 8, 11, 0, 0, 'Y', NULL, 0, 1, NULL, 71.82, NULL, 89000, 80.91, 10000, 0, 4, '0.0%-4.0%', NULL, 29370, NULL, NULL, NULL, NULL, 'ACTIVE', '2016-09-15 21:31:06', 1, 1, '2016-09-15 21:31:40'),
	(65, 1, 1, 9, 11, 0, 0, 'Y', NULL, 0, 1, NULL, 71.82, NULL, 120000, 109.09, 10000, 0, 4, '0.0%-4.0%', NULL, 39600, NULL, NULL, NULL, NULL, 'ACTIVE', '2016-09-15 21:31:06', 1, 1, '2016-09-15 21:31:40'),
	(66, 1, 1, 10, 11, 0, 0, 'Y', NULL, 0, 1, NULL, 71.82, NULL, 100000, 90.91, 10000, 0, 4, '0.0%-4.0%', NULL, 33000, NULL, NULL, NULL, NULL, 'ACTIVE', '2016-09-15 21:31:06', 1, 1, '2016-09-15 21:31:40'),
	(67, 1, 1, 11, 11, 0, 0, 'Y', NULL, 0, 1, NULL, 71.82, NULL, 100000, 90.91, 10000, 0, 4, '0.0%-4.0%', NULL, 33000, NULL, NULL, NULL, NULL, 'ACTIVE', '2016-09-15 21:31:06', 1, 1, '2016-09-15 21:31:40'),
	(68, 1, 1, 12, 11, 0, 0, 'Y', NULL, 0, 1, NULL, 71.82, NULL, 100000, 90.91, 10000, 0, 4, '0.0%-4.0%', NULL, 33000, NULL, NULL, NULL, NULL, 'ACTIVE', '2016-09-15 21:31:06', 1, 1, '2016-09-15 21:31:40'),
	(69, 1, 1, 13, 11, 0, 0, 'Y', NULL, 0, 1, NULL, 71.82, NULL, 100000, 90.91, 10000, 0, 4, '0.0%-4.0%', NULL, 33000, NULL, NULL, NULL, NULL, 'ACTIVE', '2016-09-15 21:31:06', 1, 1, '2016-09-15 21:31:40'),
	(70, 1, 1, 14, 11, 0, 0, 'Y', NULL, 0, 1, NULL, 71.82, NULL, 110000, 100, 10000, 0, 4, '0.0%-4.0%', NULL, 36300, NULL, NULL, NULL, NULL, 'ACTIVE', '2016-09-15 21:31:06', 1, 1, '2016-09-15 21:31:40'),
	(71, 1, 1, 15, 11, 0, 0, 'Y', NULL, 0, 1, NULL, 71.82, NULL, 15000, 13.64, 10000, 0, 4, '0.0%-4.0%', NULL, 4950, NULL, NULL, NULL, NULL, 'ACTIVE', '2016-09-15 21:31:06', 1, 1, '2016-09-15 21:31:40'),
	(72, 1, 1, 16, 11, 0, 0, 'Y', NULL, 0, 1, NULL, 71.82, NULL, 100000, 90.91, 10000, 0, 4, '0.0%-4.0%', NULL, 33000, NULL, NULL, NULL, NULL, 'ACTIVE', '2016-09-15 21:31:06', 1, 1, '2016-09-15 21:31:40'),
	(73, 1, 1, 17, 11, 0, 0, 'Y', NULL, 0, 1, NULL, 71.82, NULL, 100000, 90.91, 10000, 0, 4, '0.0%-4.0%', NULL, 33000, NULL, NULL, NULL, NULL, 'ACTIVE', '2016-09-15 21:31:06', 1, 1, '2016-09-15 21:31:40'),
	(74, 1, 1, 18, 11, 0, 0, 'Y', NULL, 0, 1, NULL, 71.82, NULL, 102000, 90.91, 10000, 0, 4, '0.0%-4.0%', NULL, 33000, NULL, NULL, NULL, NULL, 'ACTIVE', '2016-09-15 21:31:06', 1, 1, '2016-09-15 21:31:40'),
	(75, 1, 1, 19, 1, 0, 0, 'Y', NULL, 0, 1, NULL, 71.82, NULL, 100000, 90.91, 10000, 0, 4, '0.0%-4.0%', NULL, 33000, NULL, NULL, NULL, NULL, 'ACTIVE', '2016-09-15 21:31:06', 1, 1, '2016-09-15 21:31:40'),
	(76, 1, 1, 19, 2, 0, 0, 'Y', NULL, 0, 1, NULL, 71.82, NULL, 100000, 90.91, 10000, 0, 4, '0.0%-4.0%', NULL, 33000, NULL, NULL, NULL, NULL, 'ACTIVE', '2016-09-15 21:31:06', 1, 1, '2016-09-15 21:31:40'),
	(77, 1, 1, 19, 7, 0, 0, 'Y', NULL, 0, 1, NULL, 71.82, NULL, 100000, 90.91, 10000, 0, 4, '0.0%-4.0%', NULL, 33000, NULL, NULL, NULL, NULL, 'ACTIVE', '2016-09-15 21:31:06', 1, 1, '2016-09-15 21:31:40'),
	(78, 1, 1, 19, 11, 0, 0, 'Y', NULL, 0, 1, NULL, 71.82, NULL, 100000, 90.91, 10000, 0, 4, '0.0%-4.0%', NULL, 33000, NULL, NULL, NULL, NULL, 'ACTIVE', '2016-09-15 21:31:06', 1, 1, '2016-09-15 21:31:40');
/*!40000 ALTER TABLE `basepay_master` ENABLE KEYS */;

-- Dumping data for table compcloud.bonus_budget: ~0 rows (approximately)
/*!40000 ALTER TABLE `bonus_budget` DISABLE KEYS */;
INSERT INTO `bonus_budget` (`BONUS_BUDGET_ID`, `TENANT_ID`, `ORG_ID`, `BONUS_BUDGET_NAME`, `BONUS_BUDGET_DESCRIPTION`, `BONUS_BUDGET_TYPE`, `BONUS_BUDGET_BUILDER_TYPE`, `COMMENT`, `BONUS_BUDGET_STATUS`, `WHEN_CREATED`, `STATUS_TLM`, `MODIFIED_BY`, `CREATED_BY`, `LAST_UPDATED`) VALUES
	(3, 1, 1, 'Annual Bonus Budget', 'Annual Bonus Budget', 'TOP_DOWN', 'GUIDELINE', 'Annual Bonus Budget', 'ACTIVE', '2018-09-02 22:52:38', '2019-04-23 21:12:22', 13, 1, '2019-04-23 21:12:22');
/*!40000 ALTER TABLE `bonus_budget` ENABLE KEYS */;

-- Dumping data for table compcloud.bonus_budget_allocated_details: ~7 rows (approximately)
/*!40000 ALTER TABLE `bonus_budget_allocated_details` DISABLE KEYS */;
INSERT INTO `bonus_budget_allocated_details` (`id`, `budget_name`, `current_salary_amount`, `budget_amount`, `percent_increase`, `budget_builder_type`, `total_employee`, `total_eligible_employee`, `budget_type`, `when_created`, `TLM`) VALUES
	(42, 'Annual Bonus Budget', 3000, 2000, 3, 'FIXED_AMOUNT', 2, 1, 'TOP_DOWN', '2019-04-23 20:11:54', '2019-04-23 20:12:35'),
	(43, 'Annual Bonus Budget', 1336000, 13360, 1, 'FIXED_AMOUNT', 15, 0, 'TOP_DOWN', '2019-04-23 20:24:28', '2019-04-23 20:24:27'),
	(44, 'Annual Bonus Budget', 1336000, 13360, 1, 'FIXED_AMOUNT', 15, 0, 'TOP_DOWN', '2019-04-23 20:31:57', '2019-04-23 20:31:56'),
	(45, 'Annual Bonus Budget', 1240000, 1240000, 0, 'GUIDELINE', 0, 0, 'TOP_DOWN', '2019-04-23 20:32:09', '2019-04-23 20:32:09'),
	(46, 'Annual Bonus Budget', 1240000, 1240000, 0, 'GUIDELINE', 0, 0, 'TOP_DOWN', '2019-04-23 20:33:41', '2019-04-23 20:33:41'),
	(47, 'Annual Bonus Budget', 1336000, 13360, 1, 'FIXED_AMOUNT', 15, 0, 'TOP_DOWN', '2019-04-23 20:47:16', '2019-04-23 20:47:16'),
	(48, 'Annual Bonus Budget', 1240000, 1240000, 0, 'GUIDELINE', 0, 0, 'TOP_DOWN', '2019-04-23 21:12:22', '2019-04-23 21:12:21');
/*!40000 ALTER TABLE `bonus_budget_allocated_details` ENABLE KEYS */;

-- Dumping data for table compcloud.bonus_budget_master: ~28 rows (approximately)
/*!40000 ALTER TABLE `bonus_budget_master` DISABLE KEYS */;
INSERT INTO `bonus_budget_master` (`BONUS_BUDGET_MASTER_ID`, `ORG_ID`, `TENANT_ID`, `EMPLOYEE_MASTER_ID`, `COMPENSATION_INCREASE_TYPE_ID`, `DIRECT_REPORTS_BUDGET_TOTAL`, `DIRECT_REPORTS_BUDGET_ALLOCATED`, `DIRECT_REPORTS_BUDGET_REMAINING`, `ALL_REPORTS_BUDGET_TOTAL`, `ALL_REPORTS_BUDGET_ALLOCATED`, `ALL_REPORTS_BUDGET_REMAINING`, `STATUS`, `ACTION_STATUS`, `NOS_ELIGIBLE_EMPLOYEES`, `NOS_INELIGIBLE_EMPLOYEES`, `APPROVAL_MANAGER`, `FINAL_APPROVAL_MANAGER`, `FINAL_APPROVAL_HR`, `LAST_UPDATED_BY`, `LAST_UPDATED`) VALUES
	(1, 1, 1, 1, 3, 16000, 0, 16000, NULL, NULL, NULL, 'ACTIVE', 'NOT_STARTED', 3, 0, NULL, NULL, NULL, 1, '2016-09-17 15:57:07'),
	(2, 1, 1, 1, 4, 8000, 0, 8000, NULL, NULL, NULL, 'ACTIVE', 'NOT_STARTED', 3, 0, NULL, NULL, NULL, 1, '2016-09-17 15:57:07'),
	(3, 1, 1, 2, 3, 7000, 0, 7000, NULL, NULL, NULL, 'ACTIVE', 'NOT_STARTED', 3, 0, NULL, NULL, NULL, 1, '2016-09-17 15:57:07'),
	(4, 1, 1, 3, 3, 2000, 0, 2000, NULL, NULL, NULL, 'ACTIVE', 'NOT_STARTED', 1, 0, NULL, NULL, NULL, 1, '2016-09-17 15:57:07'),
	(5, 1, 1, 5, 3, 2000, 0, 2000, NULL, NULL, NULL, 'ACTIVE', 'IN_PROGRESS', 1, 0, NULL, NULL, NULL, 1, '2016-09-17 15:57:07'),
	(6, 1, 1, 8, 3, 10000, 0, 10000, NULL, NULL, NULL, 'ACTIVE', 'NOT_STARTED', 2, 0, NULL, NULL, NULL, 1, '2016-09-17 15:57:07'),
	(7, 1, 1, 8, 4, 5000, 0, 5000, NULL, NULL, NULL, 'ACTIVE', 'NOT_STARTED', 1, 0, NULL, NULL, NULL, 1, '2016-09-17 15:57:07'),
	(8, 1, 1, 10, 3, 5000, 0, 5000, NULL, NULL, NULL, 'ACTIVE', 'NOT_STARTED', 1, 0, NULL, NULL, NULL, 1, '2016-09-17 15:57:07'),
	(9, 1, 1, 11, 3, 3000, 0, 3000, NULL, NULL, NULL, 'ACTIVE', 'NOT_STARTED', 1, 0, NULL, NULL, NULL, 1, '2016-09-17 15:57:07'),
	(10, 1, 1, 12, 3, 3000, 0, 3000, NULL, NULL, NULL, 'ACTIVE', 'IN_PROGRESS', 1, 0, NULL, NULL, NULL, 1, '2016-09-17 15:57:07'),
	(11, 1, 1, 13, 3, 15000, 0, 15000, NULL, NULL, NULL, 'ACTIVE', 'NOT_STARTED', 1, 0, NULL, NULL, NULL, 1, '2016-09-17 15:57:07'),
	(12, 1, 1, 13, 4, 23500, 0, 23500, NULL, NULL, NULL, 'ACTIVE', 'NOT_STARTED', 1, 0, NULL, NULL, NULL, 1, '2016-09-17 15:57:07'),
	(13, 1, 1, 14, 3, 7000, 0, 7000, NULL, NULL, NULL, 'ACTIVE', 'NOT_STARTED', 1, 0, NULL, NULL, NULL, 1, '2016-09-17 15:57:07'),
	(14, 1, 1, 14, 4, 2000, 0, 2000, NULL, NULL, NULL, 'ACTIVE', 'NOT_STARTED', 1, 0, NULL, NULL, NULL, 1, '2016-09-17 15:57:07'),
	(18, 1, 1, 2, 4, 7000, 0, 7000, NULL, NULL, NULL, 'ACTIVE', 'NOT_STARTED', 3, 0, NULL, NULL, NULL, 1, '2016-09-17 15:57:07'),
	(19, 1, 1, 3, 4, 2000, 0, 2000, NULL, NULL, NULL, 'ACTIVE', 'NOT_STARTED', 1, 0, NULL, NULL, NULL, 1, '2016-09-17 15:57:07'),
	(20, 1, 1, 4, 3, 2000, 0, 2000, NULL, NULL, NULL, 'ACTIVE', 'NOT_STARTED', 1, 0, NULL, NULL, NULL, 1, '2016-09-17 15:57:07'),
	(21, 1, 1, 4, 4, 2000, 0, 2000, NULL, NULL, NULL, 'ACTIVE', 'NOT_STARTED', 1, 0, NULL, NULL, NULL, 1, '2016-09-17 15:57:07'),
	(22, 1, 1, 5, 4, 2000, 0, 2000, NULL, NULL, NULL, 'ACTIVE', 'IN_PROGRESS', 1, 0, NULL, NULL, NULL, 1, '2016-09-17 15:57:07'),
	(29, 1, 1, 10, 4, 5000, 0, 5000, NULL, NULL, NULL, 'ACTIVE', 'NOT_STARTED', 1, 0, NULL, NULL, NULL, 1, '2016-09-17 15:57:07'),
	(30, 1, 1, 11, 4, 3000, 0, 3000, NULL, NULL, NULL, 'ACTIVE', 'NOT_STARTED', 1, 0, NULL, NULL, NULL, 1, '2016-09-17 15:57:07'),
	(31, 1, 1, 12, 4, 3000, 0, 3000, NULL, NULL, NULL, 'ACTIVE', 'IN_PROGRESS', 1, 0, NULL, NULL, NULL, 1, '2016-09-17 15:57:07'),
	(32, 1, 1, 16, 3, 8000, 0, 8000, NULL, NULL, NULL, 'ACTIVE', 'NOT_STARTED', 1, 0, NULL, NULL, NULL, 1, '2016-09-17 15:57:07'),
	(33, 1, 1, 16, 4, 8000, 0, 8000, NULL, NULL, NULL, 'ACTIVE', 'NOT_STARTED', 1, 0, NULL, NULL, NULL, 1, '2016-09-17 15:57:07'),
	(34, 1, 1, 17, 4, 8000, 0, 8000, NULL, NULL, NULL, 'ACTIVE', 'NOT_STARTED', 1, 0, NULL, NULL, NULL, 1, '2016-09-17 15:57:07'),
	(35, 1, 1, 17, 3, 8000, 0, 8000, NULL, NULL, NULL, 'ACTIVE', 'NOT_STARTED', 1, 0, NULL, NULL, NULL, 1, '2016-09-17 15:57:07'),
	(36, 1, 1, 18, 3, 8000, 0, 8000, NULL, NULL, NULL, 'ACTIVE', 'IN_PROGRESS', 1, 0, NULL, NULL, NULL, 1, '2016-09-17 15:57:07'),
	(37, 1, 1, 18, 4, 8000, 0, 8000, NULL, NULL, NULL, 'ACTIVE', 'IN_PROGRESS', 1, 0, NULL, NULL, NULL, 1, '2016-09-17 15:57:07');
/*!40000 ALTER TABLE `bonus_budget_master` ENABLE KEYS */;

-- Dumping data for table compcloud.bonus_budget_rule_mapper: ~0 rows (approximately)
/*!40000 ALTER TABLE `bonus_budget_rule_mapper` DISABLE KEYS */;
INSERT INTO `bonus_budget_rule_mapper` (`BONUS_BUDGET_RULE_MAPPER_ID`, `ORG_ID`, `TENANT_ID`, `BONUS_BUDGET_ID`, `RULE_ID`, `BONUS_BUDGET_RULE_MAPPER_STATUS`) VALUES
	(43, 1, 1, 3, 31, 'ACTIVE');
/*!40000 ALTER TABLE `bonus_budget_rule_mapper` ENABLE KEYS */;

-- Dumping data for table compcloud.bonus_fixed_amount_budget_builder_type: ~7 rows (approximately)
/*!40000 ALTER TABLE `bonus_fixed_amount_budget_builder_type` DISABLE KEYS */;
INSERT INTO `bonus_fixed_amount_budget_builder_type` (`id`, `BONUS_BUDGET_ID`, `COMPENSATION_INCREASE_TYPE_ID`, `percent`, `final_budget`, `STATUS`, `STATUS_TLM`, `WHEN_CREATED`) VALUES
	(87, 3, 9, 1, 1000, 'INACTIVE', '2019-04-23 20:08:59', '2019-04-23 20:09:00'),
	(88, 3, 4, 1, 13360, 'INACTIVE', '2019-04-23 20:24:27', '2019-04-23 20:24:27'),
	(89, 3, 4, 1, 13360, 'INACTIVE', '2019-04-23 20:24:27', '2019-04-23 20:24:27'),
	(90, 3, 4, 1, 13360, 'INACTIVE', '2019-04-23 20:31:57', '2019-04-23 20:31:57'),
	(91, 3, 4, 1, 13360, 'INACTIVE', '2019-04-23 20:24:27', '2019-04-23 20:24:27'),
	(92, 3, 4, 1, 13360, 'INACTIVE', '2019-04-23 20:31:57', '2019-04-23 20:31:57'),
	(93, 3, 3, 1, 13360, 'INACTIVE', '2019-04-23 20:47:16', '2019-04-23 20:47:16');
/*!40000 ALTER TABLE `bonus_fixed_amount_budget_builder_type` ENABLE KEYS */;

-- Dumping data for table compcloud.bonus_guideline: ~0 rows (approximately)
/*!40000 ALTER TABLE `bonus_guideline` DISABLE KEYS */;
INSERT INTO `bonus_guideline` (`BONUS_GUIDELINE_ID`, `ORG_ID`, `TENANT_ID`, `LOADED`, `STATUS`, `STATUS_TLM`, `NAME`, `DESCRIPTION`, `TEMPLATE`, `APPLY_RULES`, `INCREASE_TYPE_ID`, `WHEN_CREATED`, `MODIFIED_BY`, `CREATED_BY`, `LAST_UPDATED`) VALUES
	(22, 1, 1, b'1', 'ACTIVE', '2018-09-02 22:51:16', 'Annual Bonus Guideline', 'Annual Bonus Guideline', '[ {\r\n  "id" : 0,\r\n  "fields" : [ {\r\n    "id" : "22",\r\n    "type" : "metadata"\r\n  } ]\r\n} ]', b'0', 9, '2018-09-02 22:51:16', 13, 5, '2019-04-29 18:17:27');
/*!40000 ALTER TABLE `bonus_guideline` ENABLE KEYS */;

-- Dumping data for table compcloud.bonus_guideline_budget_builder_type: ~14 rows (approximately)
/*!40000 ALTER TABLE `bonus_guideline_budget_builder_type` DISABLE KEYS */;
INSERT INTO `bonus_guideline_budget_builder_type` (`id`, `BONUS_BUDGET_ID`, `BONUS_GUIDELINE_ID`, `guideline_group`, `STATUS`, `STATUS_TLM`, `WHEN_CREATED`) VALUES
	(16, 3, 22, 'MIN', 'INACTIVE', '2019-04-23 20:09:09', '2019-04-23 20:09:10'),
	(17, 3, 22, 'MIN', 'INACTIVE', '2019-04-23 20:14:31', '2019-04-23 20:14:31'),
	(18, 3, 22, 'MIN', 'INACTIVE', '2019-04-23 20:22:48', '2019-04-23 20:22:48'),
	(19, 3, 22, 'MIN', 'INACTIVE', '2019-04-23 20:22:48', '2019-04-23 20:22:48'),
	(20, 3, 22, 'MIN', 'INACTIVE', '2019-04-23 20:32:09', '2019-04-23 20:32:09'),
	(21, 3, 22, 'MIN', 'INACTIVE', '2019-04-23 20:33:41', '2019-04-23 20:33:41'),
	(22, 3, 22, 'MIN', 'INACTIVE', '2019-04-23 20:32:09', '2019-04-23 20:32:09'),
	(23, 3, 22, 'MIN', 'INACTIVE', '2019-04-23 20:38:17', '2019-04-23 20:38:17'),
	(24, 3, 22, 'MIN', 'INACTIVE', '2019-04-23 20:38:17', '2019-04-23 20:38:17'),
	(25, 3, 22, 'MIN', 'INACTIVE', '2019-04-23 20:46:28', '2019-04-23 20:46:28'),
	(26, 3, 22, 'MIN', 'INACTIVE', '2019-04-23 20:38:17', '2019-04-23 20:38:17'),
	(27, 3, 22, 'MIN', 'INACTIVE', '2019-04-23 20:46:28', '2019-04-23 20:46:28'),
	(28, 3, 22, 'MIN', 'INACTIVE', '2019-04-23 21:03:21', '2019-04-23 21:03:21'),
	(29, 3, 22, 'MIN', 'ACTIVE', '2019-04-23 21:12:22', '2019-04-23 21:12:22');
/*!40000 ALTER TABLE `bonus_guideline_budget_builder_type` ENABLE KEYS */;

-- Dumping data for table compcloud.bonus_guideline_details: ~0 rows (approximately)
/*!40000 ALTER TABLE `bonus_guideline_details` DISABLE KEYS */;
/*!40000 ALTER TABLE `bonus_guideline_details` ENABLE KEYS */;

-- Dumping data for table compcloud.bonus_guideline_rule_mapper: ~0 rows (approximately)
/*!40000 ALTER TABLE `bonus_guideline_rule_mapper` DISABLE KEYS */;
INSERT INTO `bonus_guideline_rule_mapper` (`BONUS_GUIDELINE_RULE_MAPPER_ID`, `ORG_ID`, `TENANT_ID`, `BONUS_GUIDELINE_ID`, `RULE_ID`, `BONUS_GUIDELINE_RULE_MAPPER_STATUS`) VALUES
	(15, 1, 1, 22, 28, 'ACTIVE');
/*!40000 ALTER TABLE `bonus_guideline_rule_mapper` ENABLE KEYS */;

-- Dumping data for table compcloud.bonus_master: ~38 rows (approximately)
/*!40000 ALTER TABLE `bonus_master` DISABLE KEYS */;
INSERT INTO `bonus_master` (`BONUS_MASTER_ID`, `ORG_ID`, `TENANT_ID`, `EMPLOYEE_MASTER_ID`, `COMPANY_EMPLOYEE_ID`, `COMPENSATION_INCREASE_TYPE_ID`, `BONUS_INCREASE_ELIGIBLE`, `BONUS_AMOUNT_INCREASE`, `BONUS_PERCENT_INCREASE`, `LAST_BONUS_INCREASE`, `BONUS_TARGET_AMOUNT`, `BONUS_TARGET_PERCENT`, `BONUS_PRORATION_FACTOR`, `CURRENT_ANNUAL_BONUS`, `NEW_ANNUAL_BONUS`, `EFFECTIVE_DATE`, `BUDGET_BASIS`, `GUIDELINE_MIN`, `GUIDELINE_MAX`, `GUIDELINE_STR`, `NOTE`, `GUIDELINE_MIN_AMT`, `GUIDELINE_MAX_AMT`, `GUIDELINE_STR_AMT`, `INCREASE_NAME`, `BONUS_FREQUENCY`, `PLANNING_DATE`, `BONUS_STRING1`, `BONUS_STRING2`, `BONUS_DECIMAL1`, `BONUS_DECIMAL2`, `BONUS_DECIMAL3`, `ELIGIBLE_EARNINGS`, `ADDITIONAL_BONUS`, `BONUS_ADVANCE`, `PRORATION_AMOUNT`, `COMPANY_TARGET_PERCENT`, `COMPANY_TARGET_AMOUNT`, `COMPANY_FUNDING`, `COMPANY_PAYOUT`, `INDIVIDUAL_TARGET_PERCENT`, `INDIVIDUAL_TARGET_AMOUNT`, `INDIVIDUAL_FUNDING`, `INDIVIDUAL_PAYOUT`, `TEAM_TARGET_PERCENT`, `TEAM_TARGET_AMOUNT`, `TEAM_FUNDING`, `TEAM_PAYOUT`, `PLAN_NAME`, `STATUS`, `STATUS_TLM`, `PLANNED_BY`, `LAST_UPDATED_BY`, `LAST_UPDATED`) VALUES
	(1, 1, 1, 1, NULL, 3, 'Y', 0, 0, 0, 15800, 20, 1, 40000, NULL, '2021-03-12', 10000, 0, 21000, '6500', NULL, NULL, NULL, NULL, NULL, '1', NULL, NULL, NULL, NULL, NULL, NULL, 79000, NULL, NULL, 79000, 30, 4740, 100, 4740, 50, 7900, 0, 0, 20, 3160, 80, 2528, 'CORP101', 'ACTIVE', '2016-08-26 22:15:54', 1, 1, '2016-08-26 22:15:43'),
	(2, 1, 1, 5, NULL, 3, 'Y', 0, 0, 0, 17000, 20, 1, 60000, NULL, '2021-03-12', 10000, 0, 21000, '6500', NULL, NULL, NULL, NULL, NULL, '1', NULL, NULL, NULL, NULL, NULL, NULL, 85000, NULL, NULL, 85000, 30, 5100, 100, 5100, 50, 8500, 0, 0, 20, 3400, 80, 2720, 'CORP101', 'ACTIVE', '2016-09-15 21:25:40', 1, 1, '2016-09-15 21:26:20'),
	(3, 1, 1, 7, NULL, 3, 'Y', 0, 0, 0, 19600, 20, 1, 40000, 9800, '2021-03-12', 10000, 0, 21000, '6500', NULL, NULL, NULL, NULL, NULL, '1', NULL, NULL, NULL, NULL, NULL, NULL, 98000, NULL, NULL, 98000, 30, 5880, 100, 5880, 50, 9800, 0, 0, 20, 3920, 80, 3136, 'CORP101', 'ACTIVE', '2016-09-15 21:28:02', 1, 1, '2016-09-15 21:28:30'),
	(4, 1, 1, 8, NULL, 3, 'Y', 0, 0, 0, 17800, 20, 1, 40000, 8900, '2021-03-12', 10000, 0, 21000, '6500', NULL, NULL, NULL, NULL, NULL, '1', NULL, NULL, NULL, NULL, NULL, NULL, 89000, NULL, NULL, 89000, 30, 5340, 100, 5340, 50, 8900, 0, 0, 20, 3560, 80, 2848, 'CORP101', 'ACTIVE', '2016-09-15 21:31:06', 1, 1, '2016-09-15 21:31:40'),
	(5, 1, 1, 2, NULL, 3, 'Y', 0, 0, 0, 16000, 20, 1, 40000, NULL, '2021-03-12', 10000, 0, 21000, '6500', NULL, NULL, NULL, NULL, NULL, '1', NULL, NULL, NULL, NULL, NULL, NULL, 80000, NULL, NULL, 80000, 30, 4800, 100, 4800, 50, 8000, 0, 0, 20, 3200, 80, 2560, 'CORP101', 'ACTIVE', '2016-09-15 21:31:06', 1, 1, '2016-09-15 21:31:40'),
	(6, 1, 1, 3, NULL, 3, 'Y', 0, 0, 0, 18000, 20, 1, 40000, NULL, '2021-03-12', 10000, 0, 21000, '6500', NULL, NULL, NULL, NULL, NULL, '1', NULL, NULL, NULL, NULL, NULL, NULL, 90000, NULL, NULL, 90000, 30, 5400, 100, 5400, 50, 9000, 0, 0, 20, 3600, 80, 2880, 'CORP101', 'ACTIVE', '2016-09-15 21:31:06', 1, 1, '2016-09-15 21:31:40'),
	(7, 1, 1, 4, NULL, 3, 'Y', 0, 0, 0, 20000, 20, 1, 40000, NULL, '2021-03-12', 10000, 0, 21000, '6500', NULL, NULL, NULL, NULL, NULL, '1', NULL, NULL, NULL, NULL, NULL, NULL, 100000, NULL, NULL, 100000, 30, 6000, 100, 6000, 50, 10000, 0, 0, 20, 4000, 80, 3200, 'CORP101', 'ACTIVE', '2016-09-15 21:31:06', 1, 1, '2016-09-15 21:31:40'),
	(8, 1, 1, 6, NULL, 3, 'Y', 0, 0, 0, 14000, 20, 1, 40000, 7000, '2021-03-12', 10000, 0, 21000, '6500', NULL, NULL, NULL, NULL, NULL, '1', NULL, NULL, NULL, NULL, NULL, NULL, 70000, NULL, NULL, 70000, 30, 4200, 100, 4200, 50, 7000, 0, 0, 20, 2800, 80, 2240, 'CORP101', 'ACTIVE', '2016-09-15 21:31:06', 1, 1, '2016-09-15 21:31:40'),
	(9, 1, 1, 9, NULL, 3, 'Y', 0, 0, 0, 24000, 20, 1, 40000, 12000, '2021-03-12', 10000, 0, 21000, '6500', NULL, NULL, NULL, NULL, NULL, NULL, NULL, NULL, NULL, NULL, NULL, NULL, 120000, NULL, NULL, 120000, 30, 7200, 100, 7200, 50, 12000, 0, 0, 20, 4800, 80, 3840, 'CORP101', 'ACTIVE', '2016-09-15 21:31:06', 1, 1, '2016-09-15 21:31:40'),
	(10, 1, 1, 10, NULL, 3, 'Y', 0, 0, 0, 20000, 20, 1, 40000, 10000, '2021-03-12', 10000, 0, 21000, '6500', NULL, NULL, NULL, NULL, NULL, NULL, NULL, NULL, NULL, NULL, NULL, NULL, 100000, NULL, NULL, 100000, 30, 6000, 100, 6000, 50, 10000, 0, 0, 20, 4000, 80, 3200, 'CORP101', 'ACTIVE', '2016-09-15 21:31:06', 1, 1, '2016-09-15 21:31:40'),
	(11, 1, 1, 11, NULL, 3, 'Y', 0, 0, 0, 20000, 20, 1, 40000, 10000, '2021-03-12', 10000, 0, 21000, '6500', NULL, NULL, NULL, NULL, NULL, NULL, NULL, NULL, NULL, NULL, NULL, NULL, 100000, NULL, NULL, 100000, 30, 6000, 100, 6000, 50, 10000, 0, 0, 20, 4000, 80, 3200, 'CORP101', 'ACTIVE', '2016-09-15 21:31:06', 1, 1, '2016-09-15 21:31:40'),
	(12, 1, 1, 12, NULL, 3, 'Y', 0, 0, 0, 20000, 20, 1, 40000, 10000, '2021-03-12', 10000, 0, 21000, '6500', NULL, NULL, NULL, NULL, NULL, NULL, NULL, NULL, NULL, NULL, NULL, NULL, 100000, NULL, NULL, 100000, 30, 6000, 100, 6000, 50, 10000, 0, 0, 20, 4000, 80, 3200, 'CORP101', 'ACTIVE', '2016-09-15 21:31:06', 1, 1, '2016-09-15 21:31:40'),
	(14, 1, 1, 13, NULL, 3, 'Y', 0, 0, 0, 20000, 20, 1, 40000, 10000, '2021-03-12', 10000, 0, 21000, '6500', NULL, NULL, NULL, NULL, NULL, NULL, NULL, NULL, NULL, NULL, NULL, NULL, 100000, NULL, NULL, 100000, 30, 6000, 100, 6000, 50, 10000, 0, 0, 20, 4000, 80, 3200, 'CORP101', 'ACTIVE', '2016-09-15 21:31:06', 1, 1, '2016-09-15 21:31:40'),
	(15, 1, 1, 14, NULL, 3, 'Y', 0, 0, 0, 22000, 20, 1, 40000, 11000, '2021-03-12', 10000, 0, 21000, '6500', NULL, NULL, NULL, NULL, NULL, NULL, NULL, NULL, NULL, NULL, NULL, NULL, 110000, NULL, NULL, 110000, 30, 6600, 100, 6600, 50, 11000, 0, 0, 20, 4400, 80, 3520, 'CORP101', 'ACTIVE', '2016-09-15 21:31:06', 1, 1, '2016-09-15 21:31:40'),
	(16, 1, 1, 15, NULL, 3, 'Y', 0, 0, 0, 3000, 20, 1, 40000, 1500, '2021-03-12', 10000, 0, 21000, '6500', NULL, NULL, NULL, NULL, NULL, NULL, NULL, NULL, NULL, NULL, NULL, NULL, 15000, NULL, NULL, 15000, 30, 900, 100, 900, 50, 1500, 0, 0, 20, 600, 80, 480, 'CORP101', 'ACTIVE', '2016-09-15 21:31:06', 1, 1, '2016-09-15 21:31:40'),
	(17, 1, 1, 1, NULL, 4, 'Y', 0, 0, 0, 7900, 10, 1, 40000, NULL, '2021-03-12', 10000, 0, 21000, '6500', NULL, NULL, NULL, NULL, NULL, '1', NULL, NULL, NULL, NULL, NULL, NULL, 79000, NULL, NULL, 79000, NULL, NULL, NULL, NULL, NULL, NULL, 0, NULL, NULL, NULL, NULL, NULL, NULL, 'ACTIVE', '2016-08-26 22:15:54', 1, 1, '2016-08-26 22:15:43'),
	(18, 1, 1, 2, NULL, 4, 'Y', 0, 0, 0, 8000, 10, 1, 40000, NULL, '2021-03-12', 10000, 0, 21000, '6500', NULL, NULL, NULL, NULL, NULL, '1', NULL, NULL, NULL, NULL, NULL, NULL, 80000, NULL, NULL, 80000, NULL, NULL, NULL, NULL, NULL, NULL, 0, NULL, NULL, NULL, NULL, NULL, NULL, 'ACTIVE', '2016-09-15 21:31:06', 1, 1, '2016-09-15 21:31:40'),
	(19, 1, 1, 3, NULL, 4, 'Y', 0, 0, 0, 9000, 10, 1, 40000, NULL, '2021-03-12', 10000, 0, 21000, '6500', NULL, NULL, NULL, NULL, NULL, '1', NULL, NULL, NULL, NULL, NULL, NULL, 90000, NULL, NULL, 90000, NULL, NULL, NULL, NULL, NULL, NULL, 0, NULL, NULL, NULL, NULL, NULL, NULL, 'ACTIVE', '2016-09-15 21:31:06', 1, 1, '2016-09-15 21:31:40'),
	(20, 1, 1, 4, NULL, 4, 'Y', 0, 0, 0, 10000, 10, 1, 40000, NULL, '2021-03-12', 10000, 0, 21000, '6500', NULL, NULL, NULL, NULL, NULL, '1', NULL, NULL, NULL, NULL, NULL, NULL, 100000, NULL, NULL, 100000, NULL, NULL, NULL, NULL, NULL, NULL, 0, NULL, NULL, NULL, NULL, NULL, NULL, 'ACTIVE', '2016-09-15 21:31:06', 1, 1, '2016-09-15 21:31:40'),
	(21, 1, 1, 5, NULL, 4, 'Y', 0, 0, 0, 8500, 10, 1, 60000, NULL, '2021-03-12', 10000, 0, 21000, '6500', NULL, NULL, NULL, NULL, NULL, '1', NULL, NULL, NULL, NULL, NULL, NULL, 85000, NULL, NULL, 85000, NULL, NULL, NULL, NULL, NULL, NULL, 0, NULL, NULL, NULL, NULL, NULL, NULL, 'ACTIVE', '2016-09-15 21:25:40', 1, 1, '2016-09-15 21:26:20'),
	(22, 1, 1, 6, NULL, 4, 'Y', 0, 0, 0, 7000, 10, 1, 40000, NULL, '2021-03-12', 10000, 0, 21000, '6500', NULL, NULL, NULL, NULL, NULL, '1', NULL, NULL, NULL, NULL, NULL, NULL, 70000, NULL, NULL, 70000, NULL, NULL, NULL, NULL, NULL, NULL, 0, NULL, NULL, NULL, NULL, NULL, NULL, 'ACTIVE', '2016-09-15 21:31:06', 1, 1, '2016-09-15 21:31:40'),
	(23, 1, 1, 7, NULL, 4, 'Y', 0, 0, 0, 9800, 10, 1, 40000, NULL, '2021-03-12', 10000, 0, 21000, '6500', NULL, NULL, NULL, NULL, NULL, '1', NULL, NULL, NULL, NULL, NULL, NULL, 98000, NULL, NULL, 98000, NULL, NULL, NULL, NULL, NULL, NULL, 0, NULL, NULL, NULL, NULL, NULL, NULL, 'ACTIVE', '2016-09-15 21:28:02', 1, 1, '2016-09-15 21:28:30'),
	(24, 1, 1, 8, NULL, 4, 'Y', 0, 0, 0, 8900, 10, 1, 40000, NULL, '2021-03-12', 10000, 0, 21000, '6500', NULL, NULL, NULL, NULL, NULL, '1', NULL, NULL, NULL, NULL, NULL, NULL, 89000, NULL, NULL, 89000, NULL, NULL, NULL, NULL, NULL, NULL, 0, NULL, NULL, NULL, NULL, NULL, NULL, 'ACTIVE', '2016-09-15 21:31:06', 1, 1, '2016-09-15 21:31:40'),
	(25, 1, 1, 9, NULL, 4, 'Y', 0, 0, 0, 12000, 10, 1, 40000, NULL, '2021-03-12', 10000, 0, 21000, '6500', NULL, NULL, NULL, NULL, NULL, NULL, NULL, NULL, NULL, NULL, NULL, NULL, 120000, NULL, NULL, 120000, NULL, NULL, NULL, NULL, NULL, NULL, 0, NULL, NULL, NULL, NULL, NULL, NULL, 'ACTIVE', '2016-09-15 21:31:06', 1, 1, '2016-09-15 21:31:40'),
	(26, 1, 1, 10, NULL, 4, 'Y', 0, 0, 0, 10000, 10, 1, 40000, NULL, '2021-03-12', 10000, 0, 21000, '6500', NULL, NULL, NULL, NULL, NULL, NULL, NULL, NULL, NULL, NULL, NULL, NULL, 100000, NULL, NULL, 100000, NULL, NULL, NULL, NULL, NULL, NULL, 0, NULL, NULL, NULL, NULL, NULL, NULL, 'ACTIVE', '2016-09-15 21:31:06', 1, 1, '2016-09-15 21:31:40'),
	(27, 1, 1, 11, NULL, 4, 'Y', 0, 0, 0, 10000, 10, 1, 40000, NULL, '2021-03-12', 10000, 0, 21000, '6500', NULL, NULL, NULL, NULL, NULL, NULL, NULL, NULL, NULL, NULL, NULL, NULL, 100000, NULL, NULL, 100000, NULL, NULL, NULL, NULL, NULL, NULL, 0, NULL, NULL, NULL, NULL, NULL, NULL, 'ACTIVE', '2016-09-15 21:31:06', 1, 1, '2016-09-15 21:31:40'),
	(28, 1, 1, 12, NULL, 4, 'Y', 0, 0, 0, 10000, 10, 1, 40000, NULL, '2021-03-12', 10000, 0, 21000, '6500', NULL, NULL, NULL, NULL, NULL, NULL, NULL, NULL, NULL, NULL, NULL, NULL, 100000, NULL, NULL, 100000, NULL, NULL, NULL, NULL, NULL, NULL, 0, NULL, NULL, NULL, NULL, NULL, NULL, 'ACTIVE', '2016-09-15 21:31:06', 1, 1, '2016-09-15 21:31:40'),
	(29, 1, 1, 13, NULL, 4, 'Y', 0, 0, 0, 10000, 10, 1, 40000, NULL, '2021-03-12', 10000, 0, 21000, '6500', NULL, NULL, NULL, NULL, NULL, NULL, NULL, NULL, NULL, NULL, NULL, NULL, 100000, NULL, NULL, 100000, NULL, NULL, NULL, NULL, NULL, NULL, 0, NULL, NULL, NULL, NULL, NULL, NULL, 'ACTIVE', '2016-09-15 21:31:06', 1, 1, '2016-09-15 21:31:40'),
	(30, 1, 1, 14, NULL, 4, 'Y', 0, 0, 0, 11000, 10, 1, 40000, NULL, '2021-03-12', 10000, 0, 21000, '6500', NULL, NULL, NULL, NULL, NULL, NULL, NULL, NULL, NULL, NULL, NULL, NULL, 110000, NULL, NULL, 110000, NULL, NULL, NULL, NULL, NULL, NULL, 0, NULL, NULL, NULL, NULL, NULL, NULL, 'ACTIVE', '2016-09-15 21:31:06', 1, 1, '2016-09-15 21:31:40'),
	(31, 1, 1, 15, NULL, 4, 'Y', 0, 0, 0, 1500, 10, 1, 40000, NULL, '2021-03-12', 10000, 0, 21000, '6500', NULL, NULL, NULL, NULL, NULL, NULL, NULL, NULL, NULL, NULL, NULL, NULL, 15000, NULL, NULL, 15000, NULL, NULL, NULL, NULL, NULL, NULL, 0, NULL, NULL, NULL, NULL, NULL, NULL, 'ACTIVE', '2016-09-15 21:31:06', 1, 1, '2016-09-15 21:31:40'),
	(32, 1, 1, 16, NULL, 4, 'Y', 0, 0, 0, 12000, 10, 1, 40000, NULL, '2021-03-12', 10000, 0, 21000, '6500', NULL, NULL, NULL, NULL, NULL, NULL, NULL, NULL, NULL, NULL, NULL, NULL, 100000, NULL, NULL, 100000, NULL, NULL, NULL, NULL, NULL, NULL, 0, NULL, NULL, NULL, NULL, NULL, NULL, 'ACTIVE', '2016-09-15 21:31:06', 1, 1, '2016-09-15 21:31:40'),
	(34, 1, 1, 17, NULL, 4, 'Y', 0, 0, 0, 12000, 10, 1, 40000, NULL, '2021-03-12', 10000, 0, 21000, '6500', NULL, NULL, NULL, NULL, NULL, NULL, NULL, NULL, NULL, NULL, NULL, NULL, 100000, NULL, NULL, 100000, NULL, NULL, NULL, NULL, NULL, NULL, 0, NULL, NULL, NULL, NULL, NULL, NULL, 'ACTIVE', '2016-09-15 21:31:06', 1, 1, '2016-09-15 21:31:40'),
	(36, 1, 1, 18, NULL, 4, 'Y', 0, 0, 0, 12000, 10, 1, 40000, NULL, '2021-03-12', 10000, 0, 21000, '6500', NULL, NULL, NULL, NULL, NULL, NULL, NULL, NULL, NULL, NULL, NULL, NULL, 100000, NULL, NULL, 100000, NULL, NULL, NULL, NULL, NULL, NULL, 0, NULL, NULL, NULL, NULL, NULL, NULL, 'ACTIVE', '2016-09-15 21:31:06', 1, 1, '2016-09-15 21:31:40'),
	(37, 1, 1, 16, NULL, 3, 'Y', 0, 0, 0, 12000, 10, 1, 40000, NULL, '2021-03-12', 10000, 0, 21000, '6500', NULL, NULL, NULL, NULL, NULL, NULL, NULL, NULL, NULL, NULL, NULL, NULL, 100000, NULL, NULL, 100000, NULL, NULL, NULL, NULL, NULL, NULL, 0, NULL, NULL, NULL, NULL, NULL, NULL, 'ACTIVE', '2016-09-15 21:31:06', 1, 1, '2016-09-15 21:31:40'),
	(38, 1, 1, 17, NULL, 3, 'Y', 0, 0, 0, 12000, 10, 1, 40000, NULL, '2021-03-12', 10000, 0, 21000, '6500', NULL, NULL, NULL, NULL, NULL, NULL, NULL, NULL, NULL, NULL, NULL, NULL, 100000, NULL, NULL, 100000, NULL, NULL, NULL, NULL, NULL, NULL, 0, NULL, NULL, NULL, NULL, NULL, NULL, 'ACTIVE', '2016-09-15 21:31:06', 1, 1, '2016-09-15 21:31:40'),
	(39, 1, 1, 18, NULL, 3, 'Y', 0, 0, 0, 12000, 10, 1, 40000, NULL, '2021-03-12', 10000, 0, 21000, '6500', NULL, NULL, NULL, NULL, NULL, NULL, NULL, NULL, NULL, NULL, NULL, NULL, 100000, NULL, NULL, 100000, NULL, NULL, NULL, NULL, NULL, NULL, 0, NULL, NULL, NULL, NULL, NULL, NULL, 'ACTIVE', '2016-09-15 21:31:06', 1, 1, '2016-09-15 21:31:40'),
	(40, 1, 1, 19, NULL, 3, 'Y', 0, 0, 0, 12000, 10, 1, 40000, NULL, '2021-03-12', 10000, 0, 21000, '6500', NULL, NULL, NULL, NULL, NULL, NULL, NULL, NULL, NULL, NULL, NULL, NULL, 100000, NULL, NULL, 100000, NULL, NULL, NULL, NULL, NULL, NULL, 0, NULL, NULL, NULL, NULL, NULL, NULL, 'ACTIVE', '2016-09-15 21:31:06', 1, 1, '2016-09-15 21:31:40'),
	(41, 1, 1, 19, NULL, 4, 'Y', 0, 0, 0, 12000, 10, 1, 40000, NULL, '2021-03-12', 10000, 0, 21000, '6500', NULL, NULL, NULL, NULL, NULL, NULL, NULL, NULL, NULL, NULL, NULL, NULL, 100000, NULL, NULL, 100000, NULL, NULL, NULL, NULL, NULL, NULL, 0, NULL, NULL, NULL, NULL, NULL, NULL, 'ACTIVE', '2016-09-15 21:31:06', 1, 1, '2016-09-15 21:31:40');
/*!40000 ALTER TABLE `bonus_master` ENABLE KEYS */;

-- Dumping data for table compcloud.budget_model: ~3 rows (approximately)
/*!40000 ALTER TABLE `budget_model` DISABLE KEYS */;
INSERT INTO `budget_model` (`BUDGET_MODEL_ID`, `ORG_ID`, `TENANT_ID`, `BUDGET_NAME`, `BUDGET_TYPE`, `TOTAL_BASEPAY`, `AVAILABLE_BUDGET`, `ACCESS_LEVEL`, `ACTION`, `COMMENT`, `CREATED_DATE`, `ELIGIBLE_EMPLOYEES`, `INELIGIBLE_EMPLOYEES`, `STATUS`, `STATUS_TLM`, `TOTAL_EMPLOYEES`, `COMPENSATION_TYPE_ID`, `CREATED_BY`, `LAST_UPDATED_BY`, `LAST_UPDATED`) VALUES
	(1, 1, 1, 'promotion', 'BASEPAY', 100000, 20000, NULL, 'IN_PROGRESS', NULL, '2016-09-10 10:56:45', 20, 180, 'ACTIVE', '2016-09-10 10:57:04', NULL, 1, 1, 1, '2016-09-10 10:57:18'),
	(2, 1, 1, 'salary', 'BASEPAY', 200000, 50000, NULL, 'SUBMITTED', NULL, '2016-09-10 10:56:45', 20, 180, 'ACTIVE', '2016-09-10 10:57:04', NULL, 1, 1, 1, '2016-09-10 10:57:18'),
	(3, 1, 1, 'adjustment', 'BONUS', 300000, 40000, NULL, 'SUBMITTED', NULL, '2016-09-10 10:56:45', 20, 180, 'ACTIVE', '2016-09-10 10:57:04', NULL, 1, 1, 1, '2016-09-10 10:57:18');
/*!40000 ALTER TABLE `budget_model` ENABLE KEYS */;

-- Dumping data for table compcloud.budget_types: ~3 rows (approximately)
/*!40000 ALTER TABLE `budget_types` DISABLE KEYS */;
INSERT INTO `budget_types` (`BUDGET_TYPES_ID`, `ORG_ID`, `TENANT_ID`, `BUDGET_NAME`, `BUDGET_TYPE`, `TOTAL_BASEPAY`, `AVAILABLE_BUDGET`, `ACCESS_LEVEL`, `ACTION`, `COMMENT`, `CREATED_DATE`, `ELIGIBLE_EMPLOYEES`, `INELIGIBLE_EMPLOYEES`, `STATUS`, `STATUS_TLM`, `TOTAL_EMPLOYEES`, `COMPENSATION_TYPE_ID`, `CREATED_BY`, `LAST_UPDATED_BY`, `LAST_UPDATED`) VALUES
	(1, 1, 1, 'promotion', 'BASEPAY', 100000, 20000, NULL, 'IN_PROGRESS', NULL, '2016-09-10 10:56:45', 20, 180, 'ACTIVE', '2016-09-10 10:57:04', NULL, 1, 1, 1, '2016-09-10 10:57:18'),
	(2, 1, 1, 'salary', 'BASEPAY', 200000, 50000, NULL, 'IN_PROGRESS', NULL, '2016-09-10 10:56:45', 20, 180, 'ACTIVE', '2016-09-10 10:57:04', NULL, 1, 1, 1, '2016-09-10 10:57:18'),
	(3, 1, 1, 'adjustment', 'BONUS', 300000, 40000, NULL, 'IN_PROGRESS', NULL, '2016-09-10 10:56:45', 20, 180, 'ACTIVE', '2016-09-10 10:57:04', NULL, 1, 1, 1, '2016-09-10 10:57:18');
/*!40000 ALTER TABLE `budget_types` ENABLE KEYS */;

-- Dumping data for table compcloud.budget_types_plan_mapper: ~2 rows (approximately)
/*!40000 ALTER TABLE `budget_types_plan_mapper` DISABLE KEYS */;
INSERT INTO `budget_types_plan_mapper` (`BUDGET_TYPES_PLAN_MAPPER`, `BUDGET_TYPES_ID`, `PLAN_ID`, `BUDGET_TYPES_PLAN_MAPPER_STATUS`) VALUES
	(37, 2, 1, 'ACTIVE'),
	(38, 2, 2, 'ACTIVE');
/*!40000 ALTER TABLE `budget_types_plan_mapper` ENABLE KEYS */;

-- Dumping data for table compcloud.business_unit: ~5 rows (approximately)
/*!40000 ALTER TABLE `business_unit` DISABLE KEYS */;
INSERT INTO `business_unit` (`BUSINESS_UNIT_ID`, `TENANT_ID`, `ORG_ID`, `BUSINESS_UNIT_NAME`, `DISPLAY_NAME`, `BUSINESS_UNIT_DESC`, `BUSINESS_UNIT_ADDRESS`, `BUSINESS_UNIT_PHONE`, `BUSINESS_UNIT_EMAIL`, `IDENTIFICATION_NO`, `BUSINESS_UNIT_CODE`, `ACTUAL_REVENUE`, `ACTUAL_SALES`, `ACTUAL_PROFIT`, `FREQUENCY`, `PERIOD_START_DATE`, `PERIOD_END_DATE`, `TARGET_REVENUE`, `TARGET_SALES`, `TARGET_PROFIT`, `REVENUE_MULTIPLIER`, `SALES_MULTIPLIER`, `PROFIT_MULTIPLIER`, `WHEN_CREATED`, `STATUS`, `STATUS_TLM`, `LAST_UPDATED`) VALUES
	(1, 1, 1, 'Accounts', 'Accounts', 'Accounts', 'New York', '1234567890', 'a@gmail.com', 'bbb', 'bs01', 1, 21, 3, '4466', '2018-05-24', '2018-06-29', 5, 6, 7, 8, 9, 10, '2016-06-24 00:11:35', 'ACTIVE', '2016-06-24 00:11:35', '2019-05-19 17:27:25'),
	(2, 1, 1, 'Customer Service', 'Customer Service', 'Customer Service', NULL, NULL, NULL, NULL, NULL, NULL, NULL, NULL, NULL, '2018-06-29', '2018-06-29', NULL, NULL, NULL, NULL, NULL, NULL, '2016-06-24 00:11:35', 'ACTIVE', '2016-06-24 00:11:35', '2019-05-19 17:29:22'),
	(3, 1, 1, 'Global', 'Global', 'Global', NULL, NULL, NULL, NULL, NULL, NULL, NULL, NULL, NULL, '2018-06-29', '2018-06-29', NULL, NULL, NULL, NULL, NULL, NULL, '2016-06-24 00:11:35', 'ACTIVE', '2018-02-26 16:17:31', '2019-03-30 19:24:36'),
	(4, 1, 1, 'Legal', 'Legal', 'Legal', NULL, NULL, NULL, NULL, NULL, NULL, NULL, NULL, NULL, '2018-06-29', '2018-06-29', NULL, NULL, NULL, NULL, NULL, NULL, '2016-06-24 00:11:35', 'ACTIVE', '2018-02-26 16:17:31', '2019-05-19 17:30:19'),
	(5, 1, 1, 'Facility', 'Facility', 'Facility', NULL, NULL, NULL, NULL, NULL, NULL, NULL, NULL, NULL, '2018-06-29', '2018-06-29', NULL, NULL, NULL, NULL, NULL, NULL, '2016-06-24 00:11:35', 'ACTIVE', '2018-02-26 16:17:31', '2019-05-19 17:31:07');
/*!40000 ALTER TABLE `business_unit` ENABLE KEYS */;

-- Dumping data for table compcloud.category: ~58 rows (approximately)
/*!40000 ALTER TABLE `category` DISABLE KEYS */;
INSERT INTO `category` (`CATEGORY_ID`, `TENANT_ID`, `ORG_ID`, `NAME`, `CATEGORY_DESC`, `REF`, `DISPLAY_ORDER`, `STATUS`, `STATUS_TLM`, `WHEN_CREATED`, `LAST_UPDATED`) VALUES
	(1, 1, 1, 'runReport', 'Run Report', 'app.run_report', 1, 'ACTIVE', '2019-01-11 21:49:45', '2019-01-11 21:49:46', '2019-04-01 16:52:50'),
	(2, 1, 1, 'employeeAnalytics', 'Employee Analytics', 'app.employee_analytics', 0, 'ACTIVE', '2019-01-11 21:50:25', '2019-01-11 21:50:26', '2020-04-11 21:45:10'),
	(3, 1, 1, 'prehire', 'Pre-Hire Analytics', 'app.prehire_analytics', 1, 'ACTIVE', '2019-01-11 21:50:40', '2019-01-11 21:50:41', '2020-04-11 21:45:15'),
	(4, 1, 1, 'preference', 'Preference', 'app.preference', 0, 'ACTIVE', '2019-01-11 21:51:53', '2019-01-11 21:51:54', '2019-01-12 09:29:58'),
	(5, 1, 1, 'roles', 'Roles', 'app.roles', 2, 'ACTIVE', '2019-01-11 21:52:53', '2019-01-11 21:52:54', '2019-04-01 16:50:47'),
	(6, 1, 1, 'accessGroups', 'Access Groups', 'app.ace_groups', 1, 'ACTIVE', '2019-01-11 21:53:11', '2019-01-11 21:53:12', '2019-04-01 16:50:42'),
	(7, 1, 1, 'employeeData', 'Employee Data', 'app.emp_data', 1, 'ACTIVE', '2019-01-11 21:54:03', '2019-01-11 21:54:04', '2019-04-01 16:53:08'),
	(8, 1, 1, 'organization', 'Organization', 'app.organization', 11, 'ACTIVE', '2019-01-11 21:54:03', '2019-01-11 21:54:04', '2019-04-01 16:53:53'),
	(9, 1, 1, 'employeeAudit', 'Employee Audit', 'app.emp_audit', 2, 'ACTIVE', '2019-01-11 21:54:03', '2019-01-11 21:54:04', '2019-04-01 16:53:11'),
	(10, 1, 1, 'businessUnit', 'Business Unit', 'app.business_unit', 13, 'ACTIVE', '2019-01-11 21:54:03', '2019-01-11 21:54:04', '2019-04-01 16:54:03'),
	(11, 1, 1, 'costCenter', 'Cost Center', 'app.cost_center', 16, 'ACTIVE', '2019-01-11 21:54:03', '2019-01-11 21:54:04', '2019-04-01 16:54:17'),
	(12, 1, 1, 'job', 'Job', 'app.job', 6, 'ACTIVE', '2019-01-11 21:54:03', '2019-01-11 21:54:04', '2019-04-01 16:53:31'),
	(13, 1, 1, 'jobFamily', 'Job Family', 'app.job_family', 7, 'ACTIVE', '2019-01-11 21:54:03', '2019-01-11 21:54:04', '2019-04-01 16:53:34'),
	(14, 1, 1, 'jobLevel', 'Job Level', 'app.job_level', 9, 'ACTIVE', '2019-01-11 21:54:03', '2019-01-11 21:54:04', '2019-04-01 16:53:42'),
	(15, 1, 1, 'jobGrade', 'Job Grade', 'app.job_grade', 8, 'ACTIVE', '2019-01-11 21:54:03', '2019-01-11 21:54:04', '2019-04-01 16:53:38'),
	(16, 1, 1, 'jobRole', 'Job Role', 'app.job_role', 10, 'ACTIVE', '2019-01-11 21:54:03', '2019-01-11 21:54:04', '2019-04-01 16:53:46'),
	(17, 1, 1, 'department', 'Department', 'app.department', 18, 'ACTIVE', '2019-01-11 21:54:03', '2019-01-11 21:54:04', '2019-04-01 16:54:26'),
	(18, 1, 1, 'compensationType', 'Compensation Type', 'app.comp_type', 15, 'ACTIVE', '2019-01-11 21:54:03', '2019-01-11 21:54:04', '2019-04-01 16:54:12'),
	(19, 1, 1, 'compensationIncreaseType', 'Compensation Increase Type', 'app.comp_increase_type', 14, 'ACTIVE', '2019-01-11 21:54:03', '2019-01-11 21:54:04', '2019-04-01 16:54:08'),
	(20, 1, 1, 'countryCurrency', 'Country Currency', 'app.country_currency', 17, 'ACTIVE', '2019-01-11 22:06:43', '2019-01-11 22:06:44', '2019-04-01 16:54:21'),
	(21, 1, 1, 'externalAnalysis', 'External Analysis', 'app.ext_analysis', 4, 'ACTIVE', '2019-01-11 22:07:24', '2019-01-11 22:07:25', '2019-04-01 16:53:21'),
	(22, 1, 1, 'internalAnalysis', 'Internal Analysis', 'app.inte_analysis', 5, 'ACTIVE', '2019-01-11 22:07:52', '2019-01-11 22:07:52', '2019-04-01 16:53:26'),
	(23, 1, 1, 'employeeGroup', 'Employee Group', 'app.emp_group', 3, 'ACTIVE', '2019-01-11 22:08:29', '2019-01-11 22:08:30', '2019-04-01 16:53:15'),
	(24, 1, 1, 'performanceRating', 'Performance Rating', 'app.perf_rating', 12, 'ACTIVE', '2019-01-11 22:09:10', '2019-01-11 22:09:11', '2019-04-01 16:53:57'),
	(25, 1, 1, 'userDefinedProperty', 'User Defined Property', 'app.custom_property', 21, 'ACTIVE', '2019-01-11 22:09:40', '2019-01-11 22:09:41', '2019-04-01 16:54:50'),
	(26, 1, 1, 'events', 'Events', 'app.events', 22, 'ACTIVE', '2019-01-11 22:09:40', '2019-01-11 22:09:41', '2019-04-01 16:54:59'),
	(27, 1, 1, 'metaData', 'Meta Data', 'app.meta_data', 19, 'ACTIVE', '2019-01-11 22:09:40', '2019-01-11 22:09:41', '2019-04-01 16:54:42'),
	(28, 1, 1, 'metaDataLocation', 'Meta Data Location', 'app.md_loc_mapper', 20, 'ACTIVE', '2019-01-11 22:09:40', '2019-01-11 22:09:41', '2019-04-01 16:54:46'),
	(29, 1, 1, 'profileView', 'Profile', 'app.profile_view', 1, 'ACTIVE', '2019-01-11 22:09:40', '2019-01-11 22:09:41', '2019-04-01 16:17:37'),
	(30, 1, 1, 'planningPopUp', 'Planning Pop-Up', 'app.comp_view', 2, 'ACTIVE', '2019-01-11 22:09:40', '2019-01-11 22:09:41', '2019-04-01 16:17:39'),
	(31, 1, 1, 'planningGrid', 'Planning Grid', 'app.grid_view', 3, 'ACTIVE', '2019-01-11 22:09:40', '2019-01-11 22:09:41', '2019-04-01 16:17:41'),
	(32, 1, 1, 'alert', 'Alert', 'app.notification_view', 7, 'ACTIVE', '2019-01-11 22:09:40', '2019-01-11 22:09:41', '2019-04-01 16:18:17'),
	(33, 1, 1, 'compliance', 'Compliance', 'app.compliance_view', 6, 'ACTIVE', '2019-01-11 22:09:40', '2019-01-11 22:09:41', '2019-04-01 16:18:12'),
	(34, 1, 1, 'customView', 'Custom View', 'app.customise_view', 5, 'ACTIVE', '2019-01-11 22:09:40', '2019-01-11 22:09:41', '2019-04-01 16:18:09'),
	(35, 1, 1, 'createReport', 'Create Report', 'app.build_report', 4, 'ACTIVE', '2019-01-11 22:09:40', '2019-01-11 22:09:41', '2019-04-01 16:17:49'),
	(36, 1, 1, 'rule', 'Rule', 'app.rule_builder', 2, 'ACTIVE', '2019-01-11 22:09:40', '2019-01-11 22:09:41', '2019-04-01 16:50:34'),
	(37, 1, 1, 'equation', 'Equation', 'app.equation_builder', 1, 'ACTIVE', '2019-01-11 22:09:40', '2019-01-11 22:09:41', '2019-04-01 16:50:26'),
	(38, 1, 1, 'basepayGuideline', 'Basepay Guideline', 'app.basepay_guideline', 1, 'ACTIVE', '2019-01-11 22:09:40', '2019-01-11 22:09:41', '2019-04-01 16:50:59'),
	(39, 1, 1, 'bonusGuideline', 'Bonus Guideline', 'app.bonus_guideline', 2, 'ACTIVE', '2019-01-11 22:09:40', '2019-01-11 22:09:41', '2019-04-01 16:51:05'),
	(40, 1, 1, 'stockGuideline', 'Stock Guideline', 'app.stock_guideline', 3, 'ACTIVE', '2019-01-11 22:09:40', '2019-01-11 22:09:41', '2019-04-01 16:49:58'),
	(41, 1, 1, 'basepayBudget', 'Basepay Budget', 'app.basepay_budget', 1, 'ACTIVE', '2019-01-11 22:09:40', '2019-01-11 22:09:41', '2019-04-01 16:50:56'),
	(42, 1, 1, 'bonusBudget', 'Bonus Budget', 'app.bonus_budget', 2, 'ACTIVE', '2019-01-11 22:09:40', '2019-01-11 22:09:41', '2019-04-01 16:51:02'),
	(43, 1, 1, 'stockBudget', 'Stock Budget', 'app.stock_budget', 3, 'ACTIVE', '2019-01-11 22:09:40', '2019-01-11 22:09:41', '2019-04-01 16:50:02'),
	(44, 1, 1, 'connectors', 'Connectors', 'app.connector', 1, 'ACTIVE', '2019-01-11 22:09:40', '2019-01-11 22:09:41', '2019-04-01 16:51:31'),
	(45, 1, 1, 'restApi', 'Rest API', 'app.api', 2, 'ACTIVE', '2019-01-11 22:09:40', '2019-01-11 22:09:41', '2019-04-01 16:51:36'),
	(46, 1, 1, 'documentation', 'Documentation', 'app.documentation', 1, 'ACTIVE', '2019-01-11 22:09:40', '2019-01-11 22:09:41', '2019-04-01 16:52:25'),
	(47, 1, 1, 'help', 'Help', 'app.help', 2, 'ACTIVE', '2019-01-11 22:09:40', '2019-01-11 22:09:41', '2019-04-01 16:52:28'),
	(48, 1, 1, 'about', 'About', 'app.about', 3, 'ACTIVE', '2019-01-11 22:09:40', '2019-01-11 22:09:41', '2019-04-01 16:52:33'),
	(49, 1, 1, 'dataSync', 'Data Sync', 'app.data_sync', 23, 'ACTIVE', '2019-01-11 22:09:40', '2019-01-11 22:09:41', '2019-04-01 16:55:12'),
	(51, 1, 1, 'equityPay', 'Equity Pay', 'app.equity_pay', 2, 'ACTIVE', '2019-01-11 21:50:40', '2019-01-11 21:50:41', '2019-04-01 16:51:45'),
	(52, 1, 1, 'hrPartners', 'HR Partners', 'app.hr_partners', 3, 'ACTIVE', '2019-01-11 21:53:11', '2019-01-11 21:53:12', '2019-04-01 16:50:42'),
	(53, 1, 1, 'userInvitation', 'User Invitation', 'app.user_invitation', 4, 'ACTIVE', '2019-04-01 01:48:05', '2019-04-01 01:48:07', '2019-04-01 01:56:19'),
	(54, 1, 1, 'sso', 'SSO', 'app.sso', 3, 'ACTIVE', '2019-01-11 22:09:40', '2019-01-11 22:09:41', '2019-04-01 16:51:36'),
	(55, 1, 1, 'loginAccess', 'Login Access', 'app.login_access', 5, 'ACTIVE', '2019-04-01 01:48:05', '2019-04-01 01:48:07', '2019-04-01 01:56:19'),
	(56, 1, 1, 'compManagers', 'Comp Managers', 'app.comp_managers', 6, 'ACTIVE', '2019-01-11 21:53:11', '2019-01-11 21:53:12', '2020-12-10 10:32:00'),
	(57, 1, 1, 'entityActionNotification', 'Notification Alert', 'app.entity_action_notification_view', 8, 'ACTIVE', '2020-12-21 09:26:48', '2020-12-21 09:26:48', '2020-12-21 09:26:48'),
	(58, 1, 1, 'changeManagement', 'Change Management', 'app.change_management', 7, 'ACTIVE', '2019-01-11 21:53:11', '2019-01-11 21:53:12', '2020-12-10 10:32:00'),
	(59, 1, 1, 'compPlanners', 'Comp Planners', 'app.comp_planners', 9, 'ACTIVE', '2019-01-11 21:53:11', '2019-01-11 21:53:12', '2020-12-10 10:32:00');
/*!40000 ALTER TABLE `category` ENABLE KEYS */;

-- Dumping data for table compcloud.client_api: ~0 rows (approximately)
/*!40000 ALTER TABLE `client_api` DISABLE KEYS */;
INSERT INTO `client_api` (`CLIENT_API_ID`, `CLIENT_ID`, `API_ENDPOINT`, `CONFIGURATION`, `STATUS`, `STATUS_TLM`, `WHEN_CREATED`, `TLM`) VALUES
	(1, 3, '/profiles', '{\n  "definitions": {},\n  "$schema": "http://json-schema.org/draft-07/schema#",\n  "$id": "http://example.com/root.json",\n  "type": "object",\n  "title": "The Root Schema",\n  "required": [\n    "profiles",\n    "meta",\n    "links",\n    "linked"\n  ],\n  "properties": {\n    "profiles": {\n      "$id": "#/properties/profiles",\n      "type": "array",\n      "title": "The Profiles Schema",\n      "items": {\n        "$id": "#/properties/profiles/items",\n        "type": "object",\n        "title": "The Items Schema",\n        "required": [\n          "id",\n          "company_uuid",\n          "email",\n          "first_name",\n          "last_name",\n          "user_status",\n          "updated_at",\n          "created_at",\n          "preferred_name",\n          "image",\n          "full_name",\n          "job_title",\n          "reports_to",\n          "employee_type",\n          "access_role",\n          "ethnicity",\n          "team_positions",\n          "links",\n          "middle_name",\n          "job_change_reason",\n          "start_date",\n          "departure_date",\n          "terminated_reason",\n          "employee_id",\n          "personal_email",\n          "dob",\n          "ssn",\n          "gender",\n          "marital_status",\n          "bio",\n          "asset_management",\n          "laptop_asset_number",\n          "corporate_card_number",\n          "key_tag_number",\n          "linkedin_url",\n          "office_main_number",\n          "office_direct_dial",\n          "office_phone",\n          "office_fax",\n          "office_company_mobile",\n          "home_phone",\n          "mobile_phone",\n          "home",\n          "office",\n          "emergency_contact",\n          "emergency_contact_phone",\n          "resume",\n          "current_job_description",\n          "job_description",\n          "salary",\n          "healthcare",\n          "healthcare_info",\n          "dental",\n          "dental_info",\n          "vision_plan_info",\n          "life_insurance_info",\n          "employee_handbook",\n          "employee_wage_theft_prevention_act"\n        ],\n        "properties": {\n          "id": {\n            "$id": "#/properties/profiles/items/properties/id",\n            "type": "string",\n            "title": "The Id Schema",\n            "default": "",\n            "examples": [\n              "b614298e-297b-4032-8cc0-027d43fbdffb"\n            ],\n            "pattern": "^(.*)$"\n          },\n          "company_uuid": {\n            "$id": "#/properties/profiles/items/properties/company_uuid",\n            "type": "string",\n            "title": "The Company_uuid Schema",\n            "default": "",\n            "examples": [\n              "49dab2d8-af2e-4386-8fdd-95b69696f615"\n            ],\n            "pattern": "^(.*)$"\n          },\n          "email": {\n            "$id": "#/properties/profiles/items/properties/email",\n            "type": "string",\n            "title": "The Email Schema",\n            "default": "",\n            "examples": [\n              "barkat.ali@compensationcloud.com"\n            ],\n            "pattern": "^(.*)$"\n          },\n          "first_name": {\n            "$id": "#/properties/profiles/items/properties/first_name",\n            "type": "string",\n            "title": "The First_name Schema",\n            "default": "",\n            "examples": [\n              "Barkat"\n            ],\n            "pattern": "^(.*)$"\n          },\n          "last_name": {\n            "$id": "#/properties/profiles/items/properties/last_name",\n            "type": "string",\n            "title": "The Last_name Schema",\n            "default": "",\n            "examples": [\n              "Ali"\n            ],\n            "pattern": "^(.*)$"\n          },\n          "user_status": {\n            "$id": "#/properties/profiles/items/properties/user_status",\n            "type": "string",\n            "title": "The User_status Schema",\n            "default": "",\n            "examples": [\n              "active"\n            ],\n            "pattern": "^(.*)$"\n          },\n          "updated_at": {\n            "$id": "#/properties/profiles/items/properties/updated_at",\n            "type": "integer",\n            "title": "The Updated_at Schema",\n            "default": 0,\n            "examples": [\n              1540228621\n            ]\n          },\n          "created_at": {\n            "$id": "#/properties/profiles/items/properties/created_at",\n            "type": "integer",\n            "title": "The Created_at Schema",\n            "default": 0,\n            "examples": [\n              1540228621\n            ]\n          },\n          "preferred_name": {\n            "$id": "#/properties/profiles/items/properties/preferred_name",\n            "type": "string",\n            "title": "The Preferred_name Schema",\n            "default": "",\n            "examples": [\n              ""\n            ],\n            "pattern": "^(.*)$"\n          },\n          "image": {\n            "$id": "#/properties/profiles/items/properties/image",\n            "type": "null",\n            "title": "The Image Schema",\n            "default": null,\n            "examples": [\n              null\n            ]\n          },\n          "full_name": {\n            "$id": "#/properties/profiles/items/properties/full_name",\n            "type": "string",\n            "title": "The Full_name Schema",\n            "default": "",\n            "examples": [\n              "Barkat Ali"\n            ],\n            "pattern": "^(.*)$"\n          },\n          "job_title": {\n            "$id": "#/properties/profiles/items/properties/job_title",\n            "type": "object",\n            "title": "The Job_title Schema",\n            "required": [\n              "id",\n              "title"\n            ],\n            "properties": {\n              "id": {\n                "$id": "#/properties/profiles/items/properties/job_title/properties/id",\n                "type": "string",\n                "title": "The Id Schema",\n                "default": "",\n                "examples": [\n                  "76e61c9d-2a7c-41f7-89e9-8d630072b2de"\n                ],\n                "pattern": "^(.*)$"\n              },\n              "title": {\n                "$id": "#/properties/profiles/items/properties/job_title/properties/title",\n                "type": "string",\n                "title": "The Title Schema",\n                "default": "",\n                "examples": [\n                  "Unknown Job Title444444444444"\n                ],\n                "pattern": "^(.*)$"\n              }\n            }\n          },\n          "reports_to": {\n            "$id": "#/properties/profiles/items/properties/reports_to",\n            "type": "array",\n            "title": "The Reports_to Schema",\n            "items": {\n              "$id": "#/properties/profiles/items/properties/reports_to/items",\n              "type": "object",\n              "title": "The Items Schema",\n              "required": [\n                "id",\n                "first_name",\n                "last_name",\n                "preferred_name",\n                "email"\n              ],\n              "properties": {\n                "id": {\n                  "$id": "#/properties/profiles/items/properties/reports_to/items/properties/id",\n                  "type": "string",\n                  "title": "The Id Schema",\n                  "default": "",\n                  "examples": [\n                    "no_guid"\n                  ],\n                  "pattern": "^(.*)$"\n                },\n                "first_name": {\n                  "$id": "#/properties/profiles/items/properties/reports_to/items/properties/first_name",\n                  "type": "string",\n                  "title": "The First_name Schema",\n                  "default": "",\n                  "examples": [\n                    "Nobody"\n                  ],\n                  "pattern": "^(.*)$"\n                },\n                "last_name": {\n                  "$id": "#/properties/profiles/items/properties/reports_to/items/properties/last_name",\n                  "type": "string",\n                  "title": "The Last_name Schema",\n                  "default": "",\n                  "examples": [\n                    "Nobody"\n                  ],\n                  "pattern": "^(.*)$"\n                },\n                "preferred_name": {\n                  "$id": "#/properties/profiles/items/properties/reports_to/items/properties/preferred_name",\n                  "type": "string",\n                  "title": "The Preferred_name Schema",\n                  "default": "",\n                  "examples": [\n                    "Nobody"\n                  ],\n                  "pattern": "^(.*)$"\n                },\n                "email": {\n                  "$id": "#/properties/profiles/items/properties/reports_to/items/properties/email",\n                  "type": "string",\n                  "title": "The Email Schema",\n                  "default": "",\n                  "examples": [\n                    "None"\n                  ],\n                  "pattern": "^(.*)$"\n                }\n              }\n            }\n          },\n          "employee_type": {\n            "$id": "#/properties/profiles/items/properties/employee_type",\n            "type": "object",\n            "title": "The Employee_type Schema",\n            "required": [\n              "title"\n            ],\n            "properties": {\n              "title": {\n                "$id": "#/properties/profiles/items/properties/employee_type/properties/title",\n                "type": "string",\n                "title": "The Title Schema",\n                "default": "",\n                "examples": [\n                  "Full Time"\n                ],\n                "pattern": "^(.*)$"\n              }\n            }\n          },\n          "access_role": {\n            "$id": "#/properties/profiles/items/properties/access_role",\n            "type": "string",\n            "title": "The Access_role Schema",\n            "default": "",\n            "examples": [\n              "Administrator"\n            ],\n            "pattern": "^(.*)$"\n          },\n          "ethnicity": {\n            "$id": "#/properties/profiles/items/properties/ethnicity",\n            "type": "null",\n            "title": "The Ethnicity Schema",\n            "default": null,\n            "examples": [\n              null\n            ]\n          },\n          "team_positions": {\n            "$id": "#/properties/profiles/items/properties/team_positions",\n            "type": "null",\n            "title": "The Team_positions Schema",\n            "default": null,\n            "examples": [\n              null\n            ]\n          },\n          "links": {\n            "$id": "#/properties/profiles/items/properties/links",\n            "type": "object",\n            "title": "The Links Schema",\n            "required": [\n              "job_title",\n              "groups",\n              "teams"\n            ],\n            "properties": {\n              "job_title": {\n                "$id": "#/properties/profiles/items/properties/links/properties/job_title",\n                "type": "object",\n                "title": "The Job_title Schema",\n                "required": [\n                  "id",\n                  "title"\n                ],\n                "properties": {\n                  "id": {\n                    "$id": "#/properties/profiles/items/properties/links/properties/job_title/properties/id",\n                    "type": "string",\n                    "title": "The Id Schema",\n                    "default": "",\n                    "examples": [\n                      "76e61c9d-2a7c-41f7-89e9-8d630072b2de"\n                    ],\n                    "pattern": "^(.*)$"\n                  },\n                  "title": {\n                    "$id": "#/properties/profiles/items/properties/links/properties/job_title/properties/title",\n                    "type": "string",\n                    "title": "The Title Schema",\n                    "default": "",\n                    "examples": [\n                      "Unknown Job Title444444444444"\n                    ],\n                    "pattern": "^(.*)$"\n                  }\n                }\n              },\n              "groups": {\n                "$id": "#/properties/profiles/items/properties/links/properties/groups",\n                "type": "array",\n                "title": "The Groups Schema"\n              },\n              "teams": {\n                "$id": "#/properties/profiles/items/properties/links/properties/teams",\n                "type": "array",\n                "title": "The Teams Schema"\n              }\n            }\n          },\n          "middle_name": {\n            "$id": "#/properties/profiles/items/properties/middle_name",\n            "type": "string",\n            "title": "The Middle_name Schema",\n            "default": "",\n            "examples": [\n              ""\n            ],\n            "pattern": "^(.*)$"\n          },\n          "job_change_reason": {\n            "$id": "#/properties/profiles/items/properties/job_change_reason",\n            "type": "null",\n            "title": "The Job_change_reason Schema",\n            "default": null,\n            "examples": [\n              null\n            ]\n          },\n          "start_date": {\n            "$id": "#/properties/profiles/items/properties/start_date",\n            "type": "string",\n            "title": "The Start_date Schema",\n            "default": "",\n            "examples": [\n              "2018-10-22"\n            ],\n            "pattern": "^(.*)$"\n          },\n          "departure_date": {\n            "$id": "#/properties/profiles/items/properties/departure_date",\n            "type": "string",\n            "title": "The Departure_date Schema",\n            "default": "",\n            "examples": [\n              ""\n            ],\n            "pattern": "^(.*)$"\n          },\n          "terminated_reason": {\n            "$id": "#/properties/profiles/items/properties/terminated_reason",\n            "type": "null",\n            "title": "The Terminated_reason Schema",\n            "default": null,\n            "examples": [\n              null\n            ]\n          },\n          "employee_id": {\n            "$id": "#/properties/profiles/items/properties/employee_id",\n            "type": "string",\n            "title": "The Employee_id Schema",\n            "default": "",\n            "examples": [\n              ""\n            ],\n            "pattern": "^(.*)$"\n          },\n          "personal_email": {\n            "$id": "#/properties/profiles/items/properties/personal_email",\n            "type": "string",\n            "title": "The Personal_email Schema",\n            "default": "",\n            "examples": [\n              "barkat.ali@compensationcloud.com"\n            ],\n            "pattern": "^(.*)$"\n          },\n          "dob": {\n            "$id": "#/properties/profiles/items/properties/dob",\n            "type": "string",\n            "title": "The Dob Schema",\n            "default": "",\n            "examples": [\n              ""\n            ],\n            "pattern": "^(.*)$"\n          },\n          "ssn": {\n            "$id": "#/properties/profiles/items/properties/ssn",\n            "type": "string",\n            "title": "The Ssn Schema",\n            "default": "",\n            "examples": [\n              ""\n            ],\n            "pattern": "^(.*)$"\n          },\n          "gender": {\n            "$id": "#/properties/profiles/items/properties/gender",\n            "type": "null",\n            "title": "The Gender Schema",\n            "default": null,\n            "examples": [\n              null\n            ]\n          },\n          "marital_status": {\n            "$id": "#/properties/profiles/items/properties/marital_status",\n            "type": "null",\n            "title": "The Marital_status Schema",\n            "default": null,\n            "examples": [\n              null\n            ]\n          },\n          "bio": {\n            "$id": "#/properties/profiles/items/properties/bio",\n            "type": "string",\n            "title": "The Bio Schema",\n            "default": "",\n            "examples": [\n              ""\n            ],\n            "pattern": "^(.*)$"\n          },\n          "asset_management": {\n            "$id": "#/properties/profiles/items/properties/asset_management",\n            "type": "array",\n            "title": "The Asset_management Schema"\n          },\n          "laptop_asset_number": {\n            "$id": "#/properties/profiles/items/properties/laptop_asset_number",\n            "type": "null",\n            "title": "The Laptop_asset_number Schema",\n            "default": null,\n            "examples": [\n              null\n            ]\n          },\n          "corporate_card_number": {\n            "$id": "#/properties/profiles/items/properties/corporate_card_number",\n            "type": "null",\n            "title": "The Corporate_card_number Schema",\n            "default": null,\n            "examples": [\n              null\n            ]\n          },\n          "key_tag_number": {\n            "$id": "#/properties/profiles/items/properties/key_tag_number",\n            "type": "null",\n            "title": "The Key_tag_number Schema",\n            "default": null,\n            "examples": [\n              null\n            ]\n          },\n          "linkedin_url": {\n            "$id": "#/properties/profiles/items/properties/linkedin_url",\n            "type": "string",\n            "title": "The Linkedin_url Schema",\n            "default": "",\n            "examples": [\n              ""\n            ],\n            "pattern": "^(.*)$"\n          },\n          "office_main_number": {\n            "$id": "#/properties/profiles/items/properties/office_main_number",\n            "type": "string",\n            "title": "The Office_main_number Schema",\n            "default": "",\n            "examples": [\n              ""\n            ],\n            "pattern": "^(.*)$"\n          },\n          "office_direct_dial": {\n            "$id": "#/properties/profiles/items/properties/office_direct_dial",\n            "type": "string",\n            "title": "The Office_direct_dial Schema",\n            "default": "",\n            "examples": [\n              ""\n            ],\n            "pattern": "^(.*)$"\n          },\n          "office_phone": {\n            "$id": "#/properties/profiles/items/properties/office_phone",\n            "type": "string",\n            "title": "The Office_phone Schema",\n            "default": "",\n            "examples": [\n              ""\n            ],\n            "pattern": "^(.*)$"\n          },\n          "office_fax": {\n            "$id": "#/properties/profiles/items/properties/office_fax",\n            "type": "string",\n            "title": "The Office_fax Schema",\n            "default": "",\n            "examples": [\n              ""\n            ],\n            "pattern": "^(.*)$"\n          },\n          "office_company_mobile": {\n            "$id": "#/properties/profiles/items/properties/office_company_mobile",\n            "type": "string",\n            "title": "The Office_company_mobile Schema",\n            "default": "",\n            "examples": [\n              ""\n            ],\n            "pattern": "^(.*)$"\n          },\n          "home_phone": {\n            "$id": "#/properties/profiles/items/properties/home_phone",\n            "type": "string",\n            "title": "The Home_phone Schema",\n            "default": "",\n            "examples": [\n              ""\n            ],\n            "pattern": "^(.*)$"\n          },\n          "mobile_phone": {\n            "$id": "#/properties/profiles/items/properties/mobile_phone",\n            "type": "string",\n            "title": "The Mobile_phone Schema",\n            "default": "",\n            "examples": [\n              ""\n            ],\n            "pattern": "^(.*)$"\n          },\n          "home": {\n            "$id": "#/properties/profiles/items/properties/home",\n            "type": "object",\n            "title": "The Home Schema",\n            "required": [\n              "address1",\n              "address2",\n              "city",\n              "state_id",\n              "country_id",\n              "zip"\n            ],\n            "properties": {\n              "address1": {\n                "$id": "#/properties/profiles/items/properties/home/properties/address1",\n                "type": "string",\n                "title": "The Address1 Schema",\n                "default": "",\n                "examples": [\n                  ""\n                ],\n                "pattern": "^(.*)$"\n              },\n              "address2": {\n                "$id": "#/properties/profiles/items/properties/home/properties/address2",\n                "type": "string",\n                "title": "The Address2 Schema",\n                "default": "",\n                "examples": [\n                  ""\n                ],\n                "pattern": "^(.*)$"\n              },\n              "city": {\n                "$id": "#/properties/profiles/items/properties/home/properties/city",\n                "type": "string",\n                "title": "The City Schema",\n                "default": "",\n                "examples": [\n                  ""\n                ],\n                "pattern": "^(.*)$"\n              },\n              "state_id": {\n                "$id": "#/properties/profiles/items/properties/home/properties/state_id",\n                "type": "null",\n                "title": "The State_id Schema",\n                "default": null,\n                "examples": [\n                  null\n                ]\n              },\n              "country_id": {\n                "$id": "#/properties/profiles/items/properties/home/properties/country_id",\n                "type": "string",\n                "title": "The Country_id Schema",\n                "default": "",\n                "examples": [\n                  ""\n                ],\n                "pattern": "^(.*)$"\n              },\n              "zip": {\n                "$id": "#/properties/profiles/items/properties/home/properties/zip",\n                "type": "string",\n                "title": "The Zip Schema",\n                "default": "",\n                "examples": [\n                  ""\n                ],\n                "pattern": "^(.*)$"\n              }\n            }\n          },\n          "office": {\n            "$id": "#/properties/profiles/items/properties/office",\n            "type": "object",\n            "title": "The Office Schema",\n            "required": [\n              "address1",\n              "address2",\n              "city",\n              "state_id",\n              "country_id",\n              "zip",\n              "phone"\n            ],\n            "properties": {\n              "address1": {\n                "$id": "#/properties/profiles/items/properties/office/properties/address1",\n                "type": "null",\n                "title": "The Address1 Schema",\n                "default": null,\n                "examples": [\n                  null\n                ]\n              },\n              "address2": {\n                "$id": "#/properties/profiles/items/properties/office/properties/address2",\n                "type": "null",\n                "title": "The Address2 Schema",\n                "default": null,\n                "examples": [\n                  null\n                ]\n              },\n              "city": {\n                "$id": "#/properties/profiles/items/properties/office/properties/city",\n                "type": "null",\n                "title": "The City Schema",\n                "default": null,\n                "examples": [\n                  null\n                ]\n              },\n              "state_id": {\n                "$id": "#/properties/profiles/items/properties/office/properties/state_id",\n                "type": "null",\n                "title": "The State_id Schema",\n                "default": null,\n                "examples": [\n                  null\n                ]\n              },\n              "country_id": {\n                "$id": "#/properties/profiles/items/properties/office/properties/country_id",\n                "type": "null",\n                "title": "The Country_id Schema",\n                "default": null,\n                "examples": [\n                  null\n                ]\n              },\n              "zip": {\n                "$id": "#/properties/profiles/items/properties/office/properties/zip",\n                "type": "null",\n                "title": "The Zip Schema",\n                "default": null,\n                "examples": [\n                  null\n                ]\n              },\n              "phone": {\n                "$id": "#/properties/profiles/items/properties/office/properties/phone",\n                "type": "null",\n                "title": "The Phone Schema",\n                "default": null,\n                "examples": [\n                  null\n                ]\n              }\n            }\n          },\n          "emergency_contact": {\n            "$id": "#/properties/profiles/items/properties/emergency_contact",\n            "type": "string",\n            "title": "The Emergency_contact Schema",\n            "default": "",\n            "examples": [\n              ""\n            ],\n            "pattern": "^(.*)$"\n          },\n          "emergency_contact_phone": {\n            "$id": "#/properties/profiles/items/properties/emergency_contact_phone",\n            "type": "string",\n            "title": "The Emergency_contact_phone Schema",\n            "default": "",\n            "examples": [\n              ""\n            ],\n            "pattern": "^(.*)$"\n          },\n          "resume": {\n            "$id": "#/properties/profiles/items/properties/resume",\n            "type": "null",\n            "title": "The Resume Schema",\n            "default": null,\n            "examples": [\n              null\n            ]\n          },\n          "current_job_description": {\n            "$id": "#/properties/profiles/items/properties/current_job_description",\n            "type": "null",\n            "title": "The Current_job_description Schema",\n            "default": null,\n            "examples": [\n              null\n            ]\n          },\n          "job_description": {\n            "$id": "#/properties/profiles/items/properties/job_description",\n            "type": "null",\n            "title": "The Job_description Schema",\n            "default": null,\n            "examples": [\n              null\n            ]\n          },\n          "salary": {\n            "$id": "#/properties/profiles/items/properties/salary",\n            "type": "object",\n            "title": "The Salary Schema",\n            "required": [\n              "currency_type",\n              "date",\n              "guid",\n              "pay_group_id",\n              "payroll_job_id",\n              "rate",\n              "yearly_amount",\n              "is_hourly",\n              "amount_raw"\n            ],\n            "properties": {\n              "currency_type": {\n                "$id": "#/properties/profiles/items/properties/salary/properties/currency_type",\n                "type": "null",\n                "title": "The Currency_type Schema",\n                "default": null,\n                "examples": [\n                  null\n                ]\n              },\n              "date": {\n                "$id": "#/properties/profiles/items/properties/salary/properties/date",\n                "type": "null",\n                "title": "The Date Schema",\n                "default": null,\n                "examples": [\n                  null\n                ]\n              },\n              "guid": {\n                "$id": "#/properties/profiles/items/properties/salary/properties/guid",\n                "type": "null",\n                "title": "The Guid Schema",\n                "default": null,\n                "examples": [\n                  null\n                ]\n              },\n              "pay_group_id": {\n                "$id": "#/properties/profiles/items/properties/salary/properties/pay_group_id",\n                "type": "null",\n                "title": "The Pay_group_id Schema",\n                "default": null,\n                "examples": [\n                  null\n                ]\n              },\n              "payroll_job_id": {\n                "$id": "#/properties/profiles/items/properties/salary/properties/payroll_job_id",\n                "type": "null",\n                "title": "The Payroll_job_id Schema",\n                "default": null,\n                "examples": [\n                  null\n                ]\n              },\n              "rate": {\n                "$id": "#/properties/profiles/items/properties/salary/properties/rate",\n                "type": "null",\n                "title": "The Rate Schema",\n                "default": null,\n                "examples": [\n                  null\n                ]\n              },\n              "yearly_amount": {\n                "$id": "#/properties/profiles/items/properties/salary/properties/yearly_amount",\n                "type": "null",\n                "title": "The Yearly_amount Schema",\n                "default": null,\n                "examples": [\n                  null\n                ]\n              },\n              "is_hourly": {\n                "$id": "#/properties/profiles/items/properties/salary/properties/is_hourly",\n                "type": "null",\n                "title": "The Is_hourly Schema",\n                "default": null,\n                "examples": [\n                  null\n                ]\n              },\n              "amount_raw": {\n                "$id": "#/properties/profiles/items/properties/salary/properties/amount_raw",\n                "type": "null",\n                "title": "The Amount_raw Schema",\n                "default": null,\n                "examples": [\n                  null\n                ]\n              }\n            }\n          },\n          "healthcare": {\n            "$id": "#/properties/profiles/items/properties/healthcare",\n            "type": "object",\n            "title": "The Healthcare Schema",\n            "required": [\n              "beneficiary",\n              "amount",\n              "currency_type"\n            ],\n            "properties": {\n              "beneficiary": {\n                "$id": "#/properties/profiles/items/properties/healthcare/properties/beneficiary",\n                "type": "null",\n                "title": "The Beneficiary Schema",\n                "default": null,\n                "examples": [\n                  null\n                ]\n              },\n              "amount": {\n                "$id": "#/properties/profiles/items/properties/healthcare/properties/amount",\n                "type": "null",\n                "title": "The Amount Schema",\n                "default": null,\n                "examples": [\n                  null\n                ]\n              },\n              "currency_type": {\n                "$id": "#/properties/profiles/items/properties/healthcare/properties/currency_type",\n                "type": "string",\n                "title": "The Currency_type Schema",\n                "default": "",\n                "examples": [\n                  "USD"\n                ],\n                "pattern": "^(.*)$"\n              }\n            }\n          },\n          "healthcare_info": {\n            "$id": "#/properties/profiles/items/properties/healthcare_info",\n            "type": "null",\n            "title": "The Healthcare_info Schema",\n            "default": null,\n            "examples": [\n              null\n            ]\n          },\n          "dental": {\n            "$id": "#/properties/profiles/items/properties/dental",\n            "type": "object",\n            "title": "The Dental Schema",\n            "required": [\n              "beneficiary",\n              "amount",\n              "currency_type"\n            ],\n            "properties": {\n              "beneficiary": {\n                "$id": "#/properties/profiles/items/properties/dental/properties/beneficiary",\n                "type": "null",\n                "title": "The Beneficiary Schema",\n                "default": null,\n                "examples": [\n                  null\n                ]\n              },\n              "amount": {\n                "$id": "#/properties/profiles/items/properties/dental/properties/amount",\n                "type": "null",\n                "title": "The Amount Schema",\n                "default": null,\n                "examples": [\n                  null\n                ]\n              },\n              "currency_type": {\n                "$id": "#/properties/profiles/items/properties/dental/properties/currency_type",\n                "type": "string",\n                "title": "The Currency_type Schema",\n                "default": "",\n                "examples": [\n                  "USD"\n                ],\n                "pattern": "^(.*)$"\n              }\n            }\n          },\n          "dental_info": {\n            "$id": "#/properties/profiles/items/properties/dental_info",\n            "type": "null",\n            "title": "The Dental_info Schema",\n            "default": null,\n            "examples": [\n              null\n            ]\n          },\n          "vision_plan_info": {\n            "$id": "#/properties/profiles/items/properties/vision_plan_info",\n            "type": "null",\n            "title": "The Vision_plan_info Schema",\n            "default": null,\n            "examples": [\n              null\n            ]\n          },\n          "life_insurance_info": {\n            "$id": "#/properties/profiles/items/properties/life_insurance_info",\n            "type": "null",\n            "title": "The Life_insurance_info Schema",\n            "default": null,\n            "examples": [\n              null\n            ]\n          },\n          "employee_handbook": {\n            "$id": "#/properties/profiles/items/properties/employee_handbook",\n            "type": "null",\n            "title": "The Employee_handbook Schema",\n            "default": null,\n            "examples": [\n              null\n            ]\n          },\n          "employee_wage_theft_prevention_act": {\n            "$id": "#/properties/profiles/items/properties/employee_wage_theft_prevention_act",\n            "type": "null",\n            "title": "The Employee_wage_theft_prevention_act Schema",\n            "default": null,\n            "examples": [\n              null\n            ]\n          }\n        }\n      }\n    },\n    "meta": {\n      "$id": "#/properties/meta",\n      "type": "object",\n      "title": "The Meta Schema",\n      "required": [\n        "count",\n        "status",\n        "total_count"\n      ],\n      "properties": {\n        "count": {\n          "$id": "#/properties/meta/properties/count",\n          "type": "integer",\n          "title": "The Count Schema",\n          "default": 0,\n          "examples": [\n            3\n          ]\n        },\n        "status": {\n          "$id": "#/properties/meta/properties/status",\n          "type": "integer",\n          "title": "The Status Schema",\n          "default": 0,\n          "examples": [\n            200\n          ]\n        },\n        "total_count": {\n          "$id": "#/properties/meta/properties/total_count",\n          "type": "integer",\n          "title": "The Total_count Schema",\n          "default": 0,\n          "examples": [\n            3\n          ]\n        }\n      }\n    },\n    "links": {\n      "$id": "#/properties/links",\n      "type": "object",\n      "title": "The Links Schema",\n      "required": [\n        "profiles.job_title",\n        "profiles.image",\n        "profiles.groups",\n        "profiles.teams"\n      ],\n      "properties": {\n        "profiles.job_title": {\n          "$id": "#/properties/links/properties/profiles.job_title",\n          "type": "object",\n          "title": "The Profiles.job_title Schema",\n          "required": [\n            "type"\n          ],\n          "properties": {\n            "type": {\n              "$id": "#/properties/links/properties/profiles.job_title/properties/type",\n              "type": "string",\n              "title": "The Type Schema",\n              "default": "",\n              "examples": [\n                "job_titles"\n              ],\n              "pattern": "^(.*)$"\n            }\n          }\n        },\n        "profiles.image": {\n          "$id": "#/properties/links/properties/profiles.image",\n          "type": "object",\n          "title": "The Profiles.image Schema",\n          "required": [\n            "type"\n          ],\n          "properties": {\n            "type": {\n              "$id": "#/properties/links/properties/profiles.image/properties/type",\n              "type": "string",\n              "title": "The Type Schema",\n              "default": "",\n              "examples": [\n                "files"\n              ],\n              "pattern": "^(.*)$"\n            }\n          }\n        },\n        "profiles.groups": {\n          "$id": "#/properties/links/properties/profiles.groups",\n          "type": "object",\n          "title": "The Profiles.groups Schema",\n          "required": [\n            "type"\n          ],\n          "properties": {\n            "type": {\n              "$id": "#/properties/links/properties/profiles.groups/properties/type",\n              "type": "string",\n              "title": "The Type Schema",\n              "default": "",\n              "examples": [\n                "groups"\n              ],\n              "pattern": "^(.*)$"\n            }\n          }\n        },\n        "profiles.teams": {\n          "$id": "#/properties/links/properties/profiles.teams",\n          "type": "object",\n          "title": "The Profiles.teams Schema",\n          "required": [\n            "type"\n          ],\n          "properties": {\n            "type": {\n              "$id": "#/properties/links/properties/profiles.teams/properties/type",\n              "type": "string",\n              "title": "The Type Schema",\n              "default": "",\n              "examples": [\n                "teams"\n              ],\n              "pattern": "^(.*)$"\n            }\n          }\n        }\n      }\n    },\n    "linked": {\n      "$id": "#/properties/linked",\n      "type": "object",\n      "title": "The Linked Schema",\n      "required": [\n        "job_titles",\n        "files",\n        "groups",\n        "teams"\n      ],\n      "properties": {\n        "job_titles": {\n          "$id": "#/properties/linked/properties/job_titles",\n          "type": "array",\n          "title": "The Job_titles Schema",\n          "items": {\n            "$id": "#/properties/linked/properties/job_titles/items",\n            "type": "object",\n            "title": "The Items Schema",\n            "required": [\n              "id",\n              "parent_id",\n              "title",\n              "links",\n              "active"\n            ],\n            "properties": {\n              "id": {\n                "$id": "#/properties/linked/properties/job_titles/items/properties/id",\n                "type": "string",\n                "title": "The Id Schema",\n                "default": "",\n                "examples": [\n                  "76e61c9d-2a7c-41f7-89e9-8d630072b2de"\n                ],\n                "pattern": "^(.*)$"\n              },\n              "parent_id": {\n                "$id": "#/properties/linked/properties/job_titles/items/properties/parent_id",\n                "type": "string",\n                "title": "The Parent_id Schema",\n                "default": "",\n                "examples": [\n                  "476d101f-dfb2-49fb-bf83-bc27b38f7ccf"\n                ],\n                "pattern": "^(.*)$"\n              },\n              "title": {\n                "$id": "#/properties/linked/properties/job_titles/items/properties/title",\n                "type": "string",\n                "title": "The Title Schema",\n                "default": "",\n                "examples": [\n                  "Unknown Job Title444444444444"\n                ],\n                "pattern": "^(.*)$"\n              },\n              "links": {\n                "$id": "#/properties/linked/properties/job_titles/items/properties/links",\n                "type": "object",\n                "title": "The Links Schema",\n                "required": [\n                  "job_tier"\n                ],\n                "properties": {\n                  "job_tier": {\n                    "$id": "#/properties/linked/properties/job_titles/items/properties/links/properties/job_tier",\n                    "type": "string",\n                    "title": "The Job_tier Schema",\n                    "default": "",\n                    "examples": [\n                      "476d101f-dfb2-49fb-bf83-bc27b38f7ccf"\n                    ],\n                    "pattern": "^(.*)$"\n                  }\n                }\n              },\n              "active": {\n                "$id": "#/properties/linked/properties/job_titles/items/properties/active",\n                "type": "boolean",\n                "title": "The Active Schema",\n                "default": false,\n                "examples": [\n                  true\n                ]\n              }\n            }\n          }\n        },\n        "files": {\n          "$id": "#/properties/linked/properties/files",\n          "type": "array",\n          "title": "The Files Schema"\n        },\n        "groups": {\n          "$id": "#/properties/linked/properties/groups",\n          "type": "array",\n          "title": "The Groups Schema"\n        },\n        "teams": {\n          "$id": "#/properties/linked/properties/teams",\n          "type": "array",\n          "title": "The Teams Schema"\n        }\n      }\n    }\n  }\n}', 'ACTIVE', '2018-12-22 14:52:17', '2018-12-22 14:52:18', '2018-12-24 16:40:34');
/*!40000 ALTER TABLE `client_api` ENABLE KEYS */;

-- Dumping data for table compcloud.client_web_connector: ~5 rows (approximately)

-- Dumping data for table compcloud.compensation_increase_type: ~12 rows (approximately)
/*!40000 ALTER TABLE `compensation_increase_type` DISABLE KEYS */;
INSERT INTO `compensation_increase_type` (`COMPENSATION_INCREASE_TYPE_ID`, `ORG_ID`, `TENANT_ID`, `DESCRIPTION`, `DISPLAY_NAME`, `INCREASE_TYPE_NAME`, `STATUS`, `TYPE`, `STATUS_TLM`, `WHEN_CREATED`, `COMPENSATION_TYPE_ID`, `LAST_UPDATED`) VALUES
	(1, 1, 1, 'Merit', 'Merit', 'Merit', 'ACTIVE', 'DIRECT', '2016-09-16 23:54:37', '2016-09-16 23:54:43', 1, '2016-09-16 23:54:43'),
	(2, 1, 1, 'Promotion', 'Promotion', 'Promotion', 'ACTIVE', 'DIRECT', '2016-09-16 23:54:37', '2016-09-16 23:54:43', 1, '2016-09-16 23:54:43'),
	(3, 1, 1, 'Bonus', 'Bonus', 'Bonus', 'ACTIVE', 'DIRECT', '2016-09-16 23:54:37', '2016-09-16 23:54:43', 2, '2016-09-16 23:54:43'),
	(4, 1, 1, 'Spot Bonus', 'Spot Bonus', 'Spot Bonus', 'ACTIVE', 'DIRECT', '2016-09-16 23:54:37', '2016-09-16 23:54:43', 2, '2016-09-16 23:54:43'),
	(5, 1, 1, 'Options', 'Options', 'Options', 'ACTIVE', 'DIRECT', '2016-09-16 23:54:37', '2016-09-16 23:54:43', 3, '2016-09-16 23:54:43'),
	(6, 1, 1, 'RSU', 'RSU', 'RSU', 'ACTIVE', 'DIRECT', '2016-09-16 23:54:37', '2016-09-16 23:54:43', 3, '2016-09-16 23:54:43'),
	(7, 1, 1, 'Adjustment', 'Adjustment', 'Adjustment', 'ACTIVE', 'DIRECT', '2016-09-16 23:54:37', '2016-09-16 23:54:43', 1, '2016-09-16 23:54:43'),
	(8, 1, 1, 'Accumulative Basepay', 'Accumulative Basepay', 'Accumulative Basepay', 'ACTIVE', 'DIRECT', '2016-09-16 23:54:37', '2016-09-16 23:54:43', 1, '2016-09-16 23:54:43'),
	(9, 1, 1, 'Accumulative Bonus', 'Accumulative Bonus', 'Accumulative Bonus', 'ACTIVE', 'DIRECT', '2016-09-16 23:54:37', '2016-09-16 23:54:43', 2, '2016-09-16 23:54:43'),
	(10, 1, 1, 'Accumulative Stock', 'Accumulative Stock', 'Accumulative Stock', 'ACTIVE', 'DIRECT', '2016-09-16 23:54:37', '2016-09-16 23:54:43', 3, '2016-09-16 23:54:43'),
	(11, 1, 1, 'Lumpsum', 'Lumpsum', 'Lumpsum', 'ACTIVE', 'DIRECT', '2020-07-11 19:22:54', '2020-07-11 19:22:59', 1, '2020-07-11 19:23:15'),
	(12, 1, 1, 'Lumpsum', 'Lumpsum', 'Lumpsum', 'ACTIVE', 'DIRECT', '2020-07-11 19:22:54', '2020-07-11 19:22:59', 1, '2020-07-11 19:23:15');
/*!40000 ALTER TABLE `compensation_increase_type` ENABLE KEYS */;

-- Dumping data for table compcloud.compensation_type: ~3 rows (approximately)
/*!40000 ALTER TABLE `compensation_type` DISABLE KEYS */;
INSERT INTO `compensation_type` (`COMPENSATION_TYPE_ID`, `ORG_ID`, `TENANT_ID`, `DESCRIPTION`, `DISPLAY_NAME`, `STATUS`, `STATUS_TLM`, `WHEN_CREATED`, `TYPE_NAME`, `LAST_UPDATED`) VALUES
	(1, 1, 1, 'basepay desc', 'basepay', 'ACTIVE', '2016-09-10 10:54:30', '2017-11-22 09:46:43', 'basepay', '2018-09-02 13:00:36'),
	(2, 1, 1, 'bonus desc', 'bonus', 'ACTIVE', '2016-09-16 23:51:50', '2017-11-22 09:46:43', 'bonus', '2018-04-15 12:04:36'),
	(3, 1, 1, 'stock desc', 'stock', 'ACTIVE', '2016-09-16 23:52:26', '2017-11-22 09:46:43', 'stock', '2018-04-15 12:04:37');
/*!40000 ALTER TABLE `compensation_type` ENABLE KEYS */;

-- Dumping data for table compcloud.compliance: ~7 rows (approximately)
/*!40000 ALTER TABLE `compliance` DISABLE KEYS */;
INSERT INTO `compliance` (`COMPLIANCE_ID`, `ORG_ID`, `COMPLIANCE_VIEW_ID`, `TENANT_ID`, `COMPLIANCE_NAME`, `DESCRIPTION`, `IS_MANDATORY`, `STATUS`, `STATUS_TLM`, `LAST_UPDATED`) VALUES
	(34, 1, 28, 1, 'FTE Violation', 'Employee type should be FTE', 0, 'INACTIVE', '2018-09-02 23:37:35', '2018-09-02 23:37:35'),
	(35, 1, 28, 1, 'Hire Date Violation', 'HIre Date should be greater than 1st Jan, 2107', 0, 'INACTIVE', '2018-09-02 23:37:35', '2018-09-02 23:37:35'),
	(36, 1, 28, 1, 'Yearly Wage Violation', 'Yearly wage should be greater than $50000', 0, 'INACTIVE', '2018-09-02 23:37:35', '2018-09-02 23:37:35'),
	(37, 1, 28, 1, 'Gender Inequality Pay', 'Gender pay disparity in USA', 1, 'ACTIVE', '2018-10-09 10:17:05', '2021-01-07 08:27:33'),
	(38, 1, 28, 1, 'Minimum Wage Violation', 'Minimum wage for CA > $15', 1, 'ACTIVE', '2018-10-09 15:12:30', '2021-01-07 08:27:33'),
	(39, 1, 28, 1, 'FTE exempt Wage Violation', 'FTE exempt Wage Rule', 1, 'ACTIVE', '2018-10-09 15:34:45', '2021-01-07 08:27:33'),
	(40, 1, 28, 1, 'Maximum Compensation Increase', 'Maximum Compensation Increase  limit to USD 30000', 1, 'ACTIVE', '2018-10-09 15:37:08', '2021-01-07 08:27:33');
/*!40000 ALTER TABLE `compliance` ENABLE KEYS */;

-- Dumping data for table compcloud.compliance_rule_mapper: ~7 rows (approximately)
/*!40000 ALTER TABLE `compliance_rule_mapper` DISABLE KEYS */;
INSERT INTO `compliance_rule_mapper` (`COMPLIANCE_ID`, `RULE_ID`) VALUES
	(34, 27),
	(35, 28),
	(36, 29),
	(37, 30),
	(38, 31),
	(39, 29),
	(40, 27);
/*!40000 ALTER TABLE `compliance_rule_mapper` ENABLE KEYS */;

-- Dumping data for table compcloud.compliance_view: ~0 rows (approximately)
/*!40000 ALTER TABLE `compliance_view` DISABLE KEYS */;
INSERT INTO `compliance_view` (`COMPLIANCE_VIEW_ID`, `ORG_ID`, `TENANT_ID`, `LOADED`, `NAME`, `DESCRIPTION`, `STATUS`, `STATUS_TLM`, `WHEN_CREATED`, `MODIFIED_BY`, `CREATED_BY`, `LAST_UPDATED`) VALUES
	(28, 1, 1, b'1', 'Employee Compliance', 'Employee Compliance', 'ACTIVE', '2018-09-02 23:37:35', '2018-09-02 23:37:35', 13, 7, '2021-01-07 08:27:33');
/*!40000 ALTER TABLE `compliance_view` ENABLE KEYS */;

-- Dumping data for table compcloud.comp_view: ~2 rows (approximately)
/*!40000 ALTER TABLE `comp_view` DISABLE KEYS */;
INSERT INTO `comp_view` (`COMP_VIEW_ID`, `ORG_ID`, `TENANT_ID`, `LOADED`, `STATUS`, `STATUS_TLM`, `NAME`, `DESCRIPTION`, `TEMPLATE`, `WHEN_CREATED`, `MODIFIED_BY`, `CREATED_BY`, `LAST_UPDATED`) VALUES
	(10, 1, 1, b'1', 'ACTIVE', '2018-09-02 23:30:47', 'Planning Pop Up', 'Planning Pop Up', '[ {\r\n  "id" : 0,\r\n  "name" : "Merit and Lump sum",\r\n  "rows" : [ {\r\n    "id" : 0,\r\n    "fields" : [ {\r\n      "id" : "27",\r\n      "type" : "metadata"\r\n    }, {\r\n      "id" : "163",\r\n      "type" : "metadata"\r\n    }, {\r\n      "id" : "330",\r\n      "type" : "metadata"\r\n    }, {\r\n      "id" : "165",\r\n      "type" : "metadata"\r\n    }, {\r\n      "id" : "332",\r\n      "type" : "metadata"\r\n    } ]\r\n  }, {\r\n    "id" : 1,\r\n    "fields" : [ {\r\n      "id" : "25",\r\n      "type" : "metadata"\r\n    }, {\r\n      "id" : "61",\r\n      "type" : "metadata"\r\n    }, {\r\n      "id" : "245",\r\n      "type" : "metadata"\r\n    }, {\r\n      "id" : "60",\r\n      "type" : "metadata"\r\n    }, {\r\n      "id" : "18",\r\n      "type" : "metadata"\r\n    } ]\r\n  }, {\r\n    "id" : 2,\r\n    "fields" : [ {\r\n      "id" : "32",\r\n      "type" : "metadata"\r\n    }, {\r\n      "id" : "196",\r\n      "type" : "metadata"\r\n    }, {\r\n      "id" : "310",\r\n      "type" : "metadata"\r\n    }, {\r\n      "id" : "38",\r\n      "type" : "metadata"\r\n    }, {\r\n      "id" : "395",\r\n      "type" : "metadata"\r\n    } ]\r\n  }, {\r\n    "id" : 3,\r\n    "fields" : [ ]\r\n  }, {\r\n    "id" : 4,\r\n    "fields" : [ ]\r\n  } ]\r\n}, {\r\n  "id" : 1,\r\n  "name" : "Bonus",\r\n  "rows" : [ {\r\n    "id" : 0,\r\n    "fields" : [ {\r\n      "id" : "179",\r\n      "type" : "metadata"\r\n    }, {\r\n      "id" : "31",\r\n      "type" : "metadata"\r\n    }, {\r\n      "id" : "270",\r\n      "type" : "metadata"\r\n    }, {\r\n      "id" : "353",\r\n      "type" : "metadata"\r\n    } ]\r\n  }, {\r\n    "id" : 1,\r\n    "fields" : [ {\r\n      "id" : "152",\r\n      "type" : "metadata"\r\n    }, {\r\n      "id" : "153",\r\n      "type" : "metadata"\r\n    }, {\r\n      "id" : "63",\r\n      "type" : "metadata"\r\n    }, {\r\n      "id" : "62",\r\n      "type" : "metadata"\r\n    }, {\r\n      "id" : "387",\r\n      "type" : "metadata"\r\n    } ]\r\n  }, {\r\n    "id" : 2,\r\n    "fields" : [ {\r\n      "id" : "340",\r\n      "type" : "metadata"\r\n    }, {\r\n      "id" : "32",\r\n      "type" : "metadata"\r\n    }, {\r\n      "id" : "196",\r\n      "type" : "metadata"\r\n    }, {\r\n      "id" : "320",\r\n      "type" : "metadata"\r\n    } ]\r\n  }, {\r\n    "id" : 3,\r\n    "fields" : [ ]\r\n  }, {\r\n    "id" : 4,\r\n    "fields" : [ ]\r\n  } ]\r\n} ]', '2018-09-02 23:30:47', 13, 13, '2019-11-01 21:47:34'),
	(11, 1, 1, b'0', 'ACTIVE', '2020-12-25 16:30:49', 'test1', 'test1', '[ {\r\n  "id" : 0,\r\n  "name" : "Tab1",\r\n  "rows" : [ {\r\n    "id" : 0,\r\n    "fields" : [ {\r\n      "id" : "240",\r\n      "type" : "metadata"\r\n    } ]\r\n  }, {\r\n    "id" : 1,\r\n    "fields" : [ {\r\n      "id" : "243",\r\n      "type" : "metadata"\r\n    } ]\r\n  }, {\r\n    "id" : 2,\r\n    "fields" : [ ]\r\n  }, {\r\n    "id" : 3,\r\n    "fields" : [ ]\r\n  }, {\r\n    "id" : 4,\r\n    "fields" : [ ]\r\n  } ]\r\n} ]', '2020-12-25 16:30:49', 13, 13, '2020-12-25 16:30:49');
/*!40000 ALTER TABLE `comp_view` ENABLE KEYS */;

-- Dumping data for table compcloud.connectors: ~6 rows (approximately)
/*!40000 ALTER TABLE `connectors` DISABLE KEYS */;
INSERT INTO `connectors` (`CLIENT_ID`, `CLIENT_NAME`, `STATUS`, `STATUS_TLM`, `WHEN_CREATED`, `TLM`) VALUES
	(3, 'Namely', 'ACTIVE', '2018-12-18 11:58:34', '2018-12-18 11:58:35', '2018-12-18 11:58:35'),
	(4, 'Payfactors', 'ACTIVE', '2018-12-18 11:58:34', '2018-12-18 11:58:35', '2019-04-01 19:56:14'),
	(5, 'BambooHR', 'ACTIVE', '2018-12-18 11:58:34', '2018-12-18 11:58:35', '2019-04-01 19:56:14'),
	(6, '15Five', 'ACTIVE', '2018-12-18 11:58:34', '2018-12-18 11:58:35', '2019-04-02 01:26:14'),
	(8, '15Five', 'ACTIVE', '2018-12-18 11:58:34', '2018-12-18 11:58:35', '2019-04-02 01:26:14'),
	(9, '15Five', 'ACTIVE', '2018-12-18 11:58:34', '2018-12-18 11:58:35', '2019-04-02 01:26:14');
/*!40000 ALTER TABLE `connectors` ENABLE KEYS */;

-- Dumping data for table compcloud.cost_center: ~2 rows (approximately)
/*!40000 ALTER TABLE `cost_center` DISABLE KEYS */;
INSERT INTO `cost_center` (`COST_CENTER_ID`, `TENANT_ID`, `DEPT_ID`, `ORG_ID`, `COST_CENTER_NAME`, `DISPLAY_NAME`, `COST_CENTER_DESC`, `COST_CENTER_ADDRESS`, `COST_CENTER_PHONE`, `COST_CENTER_EMAIL`, `IDENTIFICATION_NO`, `COST_CENTER_CODE`, `ACTUAL_REVENUE`, `ACTUAL_SALES`, `ACTUAL_PROFIT`, `FREQUENCY`, `PERIOD_START_DATE`, `PERIOD_END_DATE`, `TARGET_REVENUE`, `TARGET_SALES`, `TARGET_PROFIT`, `REVENUE_MULTIPLIER`, `SALES_MULTIPLIER`, `PROFIT_MULTIPLIER`, `STATUS`, `STATUS_TLM`, `WHEN_CREATED`, `LAST_UPDATED`) VALUES
	(1, 1, 2, 1, 'cost center1', 'cost center1', 'cost center1', '543', '453543', 'dfg@gmail.com', 'ddg545', 'wer', 23123, 34234, 234, 'fg45', '2018-05-11', '2018-03-02', 324, 234, 3244, 324, 324, 324, 'ACTIVE', '2018-03-02 15:08:27', '2018-03-02 15:08:33', '2018-09-02 12:47:04'),
	(2, 1, 4, 1, 'cost center2', 'cost center2', 'cost center2', NULL, NULL, NULL, NULL, NULL, NULL, NULL, NULL, NULL, '2018-03-02', '2018-03-02', NULL, NULL, NULL, NULL, NULL, NULL, 'ACTIVE', '2018-03-02 15:08:27', '2018-03-02 15:08:33', '2018-09-02 12:47:10');
/*!40000 ALTER TABLE `cost_center` ENABLE KEYS */;

-- Dumping data for table compcloud.country_currency: ~7 rows (approximately)
/*!40000 ALTER TABLE `country_currency` DISABLE KEYS */;
INSERT INTO `country_currency` (`COUNTRY_CURRENCY_ID`, `TENANT_ID`, `ORG_ID`, `COUNTRY_NAME`, `COUNTRY_CODE`, `CURRENCY_NAME`, `CODE`, `SYMBOL`, `CONVERSION_RATE`, `STATUS`, `WHEN_CREATED`, `STATUS_TLM`, `LAST_UPDATED`) VALUES
	(1, 1, 1, 'USA', 'US', 'Dollars', 'USD', '$', 1, 'ACTIVE', '2018-01-11 21:29:23', '2018-04-15 12:00:51', '2020-09-05 01:57:41'),
	(2, 1, 1, 'Australia', 'AU', 'Dollars', 'AUD', '$', 1.4, 'ACTIVE', '2018-01-11 21:29:23', '2018-04-15 12:00:51', '2020-09-05 01:57:46'),
	(3, 1, 1, 'Germany', 'GE', 'Euro', 'EUR', '$', 0.85, 'ACTIVE', '2018-01-11 21:29:23', '2018-04-15 12:00:51', '2020-09-05 01:57:50'),
	(4, 1, 1, 'UK', 'UK', 'Pounds', 'GBP', '$', 0.77, 'ACTIVE', '2018-01-11 21:29:23', '2018-04-15 12:00:51', '2020-09-05 01:57:53'),
	(5, 1, 1, 'India', 'IN', 'Rupees', 'INR', 'Rs', 75, 'ACTIVE', '2018-01-11 21:29:23', '2018-04-15 12:00:51', '2020-09-05 01:57:56'),
	(6, 1, 1, 'Japan', 'JP', 'Yen', 'JPY', '$', 105, 'INACTIVE', '2018-01-11 21:29:23', '2018-04-15 12:00:51', '2020-09-05 01:57:59'),
	(7, 1, 1, 'France', 'FR', 'France', 'FR', '$', 0.85, 'ACTIVE', '2018-01-11 21:29:23', '2018-04-15 12:00:51', '2021-02-13 16:29:10');
/*!40000 ALTER TABLE `country_currency` ENABLE KEYS */;

-- Dumping data for table compcloud.customer_data: ~15 rows (approximately)
/*!40000 ALTER TABLE `customer_data` DISABLE KEYS */;
INSERT INTO `customer_data` (`customer_data_id`, `string_field1`, `string_field2`, `string_field3`, `string_field4`, `string_field5`, `string_field6`, `string_field7`, `string_field8`, `string_field9`, `string_field10`, `text_field1`, `text_field2`, `integer_field1`, `integer_field2`, `integer_field3`, `integer_field4`, `integer_field5`, `decimal_field1`, `decimal_field2`, `decimal_field3`, `decimal_field4`, `decimal_field5`, `decimal_field6`, `decimal_field7`, `decimal_field8`, `decimal_field9`, `decimal_field10`, `decimal_field11`, `decimal_field12`, `decimal_field13`, `decimal_field14`, `decimal_field15`, `decimal_field16`, `decimal_field17`, `decimal_field18`, `decimal_field19`, `decimal_field20`, `decimal_field21`, `decimal_field22`, `decimal_field23`, `decimal_field24`, `decimal_field25`) VALUES
	(1, '2000', NULL, NULL, NULL, NULL, NULL, NULL, NULL, NULL, NULL, NULL, NULL, NULL, NULL, NULL, NULL, NULL, 1000, 8000, NULL, NULL, NULL, NULL, NULL, NULL, NULL, NULL, NULL, NULL, NULL, NULL, NULL, NULL, NULL, NULL, NULL, NULL, NULL, NULL, NULL, NULL, NULL),
	(2, '3000', NULL, NULL, NULL, NULL, NULL, NULL, NULL, NULL, NULL, NULL, NULL, NULL, NULL, NULL, NULL, NULL, 1000, 8000, NULL, NULL, NULL, NULL, NULL, NULL, NULL, NULL, NULL, NULL, NULL, NULL, NULL, NULL, NULL, NULL, NULL, NULL, NULL, NULL, NULL, NULL, NULL),
	(3, '3000', NULL, NULL, NULL, NULL, NULL, NULL, NULL, NULL, NULL, NULL, NULL, NULL, NULL, NULL, NULL, NULL, 1000, 8000, NULL, NULL, NULL, NULL, NULL, NULL, NULL, NULL, NULL, NULL, NULL, NULL, NULL, NULL, NULL, NULL, NULL, NULL, NULL, NULL, NULL, NULL, NULL),
	(4, '3000', NULL, NULL, NULL, NULL, NULL, NULL, NULL, NULL, NULL, NULL, NULL, NULL, NULL, NULL, NULL, NULL, 1000, 8000, NULL, NULL, NULL, NULL, NULL, NULL, NULL, NULL, NULL, NULL, NULL, NULL, NULL, NULL, NULL, NULL, NULL, NULL, NULL, NULL, NULL, NULL, NULL),
	(5, '3000', NULL, NULL, NULL, NULL, NULL, NULL, NULL, NULL, NULL, NULL, NULL, NULL, NULL, NULL, NULL, NULL, 1000, 8000, NULL, NULL, NULL, NULL, NULL, NULL, NULL, NULL, NULL, NULL, NULL, NULL, NULL, NULL, NULL, NULL, NULL, NULL, NULL, NULL, NULL, NULL, NULL),
	(6, '2000', NULL, NULL, NULL, NULL, NULL, NULL, NULL, NULL, NULL, NULL, NULL, NULL, NULL, NULL, NULL, NULL, 1000, 8000, NULL, NULL, NULL, NULL, NULL, NULL, NULL, NULL, NULL, NULL, NULL, NULL, NULL, NULL, NULL, NULL, NULL, NULL, NULL, NULL, NULL, NULL, NULL),
	(7, '3000', NULL, NULL, NULL, NULL, NULL, NULL, NULL, NULL, NULL, NULL, NULL, NULL, NULL, NULL, NULL, NULL, 1000, 8000, NULL, NULL, NULL, NULL, NULL, NULL, NULL, NULL, NULL, NULL, NULL, NULL, NULL, NULL, NULL, NULL, NULL, NULL, NULL, NULL, NULL, NULL, NULL),
	(8, '2000', NULL, NULL, NULL, NULL, NULL, NULL, NULL, NULL, NULL, NULL, NULL, NULL, NULL, NULL, NULL, NULL, 1000, 8000, NULL, NULL, NULL, NULL, NULL, NULL, NULL, NULL, NULL, NULL, NULL, NULL, NULL, NULL, NULL, NULL, NULL, NULL, NULL, NULL, NULL, NULL, NULL),
	(9, '2000', NULL, NULL, NULL, NULL, NULL, NULL, NULL, NULL, NULL, NULL, NULL, NULL, NULL, NULL, NULL, NULL, 1000, 8000, NULL, NULL, NULL, NULL, NULL, NULL, NULL, NULL, NULL, NULL, NULL, NULL, NULL, NULL, NULL, NULL, NULL, NULL, NULL, NULL, NULL, NULL, NULL),
	(10, '3000', NULL, NULL, NULL, NULL, NULL, NULL, NULL, NULL, NULL, NULL, NULL, NULL, NULL, NULL, NULL, NULL, 1000, 8000, NULL, NULL, NULL, NULL, NULL, NULL, NULL, NULL, NULL, NULL, NULL, NULL, NULL, NULL, NULL, NULL, NULL, NULL, NULL, NULL, NULL, NULL, NULL),
	(11, '2000', NULL, NULL, NULL, NULL, NULL, NULL, NULL, NULL, NULL, NULL, NULL, NULL, NULL, NULL, NULL, NULL, 1000, 8000, NULL, NULL, NULL, NULL, NULL, NULL, NULL, NULL, NULL, NULL, NULL, NULL, NULL, NULL, NULL, NULL, NULL, NULL, NULL, NULL, NULL, NULL, NULL),
	(12, '2000', NULL, NULL, NULL, NULL, NULL, NULL, NULL, NULL, NULL, NULL, NULL, NULL, NULL, NULL, NULL, NULL, 1000, 8000, NULL, NULL, NULL, NULL, NULL, NULL, NULL, NULL, NULL, NULL, NULL, NULL, NULL, NULL, NULL, NULL, NULL, NULL, NULL, NULL, NULL, NULL, NULL),
	(13, '2000', NULL, NULL, NULL, NULL, NULL, NULL, NULL, NULL, NULL, NULL, NULL, NULL, NULL, NULL, NULL, NULL, 1000, 8000, NULL, NULL, NULL, NULL, NULL, NULL, NULL, NULL, NULL, NULL, NULL, NULL, NULL, NULL, NULL, NULL, NULL, NULL, NULL, NULL, NULL, NULL, NULL),
	(14, '2000', NULL, NULL, NULL, NULL, NULL, NULL, NULL, NULL, NULL, NULL, NULL, NULL, NULL, NULL, NULL, NULL, 1000, 8000, NULL, NULL, NULL, NULL, NULL, NULL, NULL, NULL, NULL, NULL, NULL, NULL, NULL, NULL, NULL, NULL, NULL, NULL, NULL, NULL, NULL, NULL, NULL),
	(15, '2000', NULL, NULL, NULL, NULL, NULL, NULL, NULL, NULL, NULL, NULL, NULL, NULL, NULL, NULL, NULL, NULL, 1000, 8000, NULL, NULL, NULL, NULL, NULL, NULL, NULL, NULL, NULL, NULL, NULL, NULL, NULL, NULL, NULL, NULL, NULL, NULL, NULL, NULL, NULL, NULL, NULL);
/*!40000 ALTER TABLE `customer_data` ENABLE KEYS */;

-- Dumping data for table compcloud.customise_view: ~17 rows (approximately)
/*!40000 ALTER TABLE `customise_view` DISABLE KEYS */;
INSERT INTO `customise_view` (`CUSTOMISE_VIEW_ID`, `ORG_ID`, `TENANT_ID`, `LOADED`, `NAME`, `DESCRIPTION`, `TEMPLATE`, `TEMPLATE_LOCATION_ID`, `STATUS`, `STATUS_TLM`, `WHEN_CREATED`, `MODIFIED_BY`, `CREATED_BY`, `LAST_UPDATED`) VALUES
	(9, 1, 1, b'1', 'All Budget', 'Basepay -  Bonus -  Stock budgets', '[ {\r\n  "id" : 0,\r\n  "fields" : [ {\r\n    "id" : "38",\r\n    "type" : "metadata"\r\n  }, {\r\n    "id" : "39",\r\n    "type" : "metadata"\r\n  }, {\r\n    "id" : "40",\r\n    "type" : "metadata"\r\n  }, {\r\n    "id" : "45",\r\n    "type" : "metadata"\r\n  }, {\r\n    "id" : "46",\r\n    "type" : "metadata"\r\n  }, {\r\n    "id" : "47",\r\n    "type" : "metadata"\r\n  }, {\r\n    "id" : "246",\r\n    "type" : "metadata"\r\n  }, {\r\n    "id" : "248",\r\n    "type" : "metadata"\r\n  }, {\r\n    "id" : "247",\r\n    "type" : "metadata"\r\n  }, {\r\n    "id" : "192",\r\n    "type" : "metadata"\r\n  }, {\r\n    "id" : "193",\r\n    "type" : "metadata"\r\n  }, {\r\n    "id" : "50",\r\n    "type" : "metadata"\r\n  }, {\r\n    "id" : "51",\r\n    "type" : "metadata"\r\n  }, {\r\n    "id" : "52",\r\n    "type" : "metadata"\r\n  }, {\r\n    "id" : "194",\r\n    "type" : "metadata"\r\n  } ]\r\n} ]', 1, 'ACTIVE', '2018-01-25 20:42:17', '2018-01-25 20:42:17', 13, 5, '2019-04-19 09:59:58'),
	(10, 1, 1, b'1', 'Employee Analytics', 'Analytic of employee', '[ {\r\n  "id" : 0,\r\n  "fields" : [ {\r\n    "id" : "31",\r\n    "type" : "metadata"\r\n  }, {\r\n    "id" : "32",\r\n    "type" : "metadata"\r\n  }, {\r\n    "id" : "26",\r\n    "type" : "metadata"\r\n  }, {\r\n    "id" : "27",\r\n    "type" : "metadata"\r\n  }, {\r\n    "id" : "28",\r\n    "type" : "metadata"\r\n  }, {\r\n    "id" : "29",\r\n    "type" : "metadata"\r\n  } ]\r\n} ]', 2, 'ACTIVE', '2018-02-04 11:21:07', '2018-02-04 11:21:07', 13, 5, '2019-04-19 09:59:13'),
	(11, 1, 1, b'1', 'Salary Counter', 'Planning page salary counter ', '[ {\r\n  "id" : 0,\r\n  "fields" : [ {\r\n    "id" : "31",\r\n   "type": "metadata"\r\n  }, {\r\n    "id" : "197",\r\n   "type": "metadata"\r\n  }, {\r\n    "id" : "196",\r\n   "type": "metadata"\r\n  } ]\r\n} ]', 4, 'ACTIVE', '2018-02-04 11:21:07', '2018-02-04 11:21:07', 13, 7, '2019-04-19 10:01:10'),
	(12, 1, 1, b'1', 'Dasboard Salary View', 'Direct report salary view', '[ {\r\n  "id" : 0,\r\n  "fields" : [ {\r\n    "id" : "32",\r\n   "type": "metadata"\r\n  }, {\r\n    "id" : "34",\r\n   "type": "metadata"\r\n  }, {\r\n    "id" : "36",\r\n   "type": "metadata"\r\n  } ]\r\n} ]', 5, 'ACTIVE', '2018-03-12 11:20:34', '2018-03-12 11:20:34', 13, 3, '2019-04-19 10:00:57'),
	(17, 1, 1, b'1', 'PM Lite', 'PM lite', '[ {\r\n  "id" : 0,\r\n  "fields" : [ {\r\n    "id" : "31",\r\n   "type": "metadata"\r\n  }, {\r\n    "id" : "32",\r\n   "type": "metadata"\r\n  }, {\r\n    "id" : "26",\r\n   "type": "metadata"\r\n  }, {\r\n    "id" : "27",\r\n   "type": "metadata"\r\n  }, {\r\n    "id" : "28",\r\n   "type": "metadata"\r\n  }, {\r\n    "id" : "29",\r\n   "type": "metadata"\r\n  } ]\r\n} ]', 3, 'ACTIVE', '2018-05-24 23:18:03', '2018-05-24 23:18:03', 13, 1, '2019-04-19 10:01:33'),
	(19, 1, 1, b'1', 'Budget Grid', 'Budget Grid', '[ {\r\n  "id" : 0,\r\n  "fields" : [ {\r\n    "id" : "38",\r\n    "type" : "metadata"\r\n  }, {\r\n    "id" : "39",\r\n    "type" : "metadata"\r\n  }, {\r\n    "id" : "40",\r\n    "type" : "metadata"\r\n  }, {\r\n    "id" : "45",\r\n    "type" : "metadata"\r\n  }, {\r\n    "id" : "46",\r\n    "type" : "metadata"\r\n  }, {\r\n    "id" : "47",\r\n    "type" : "metadata"\r\n  }, {\r\n    "id" : "50",\r\n    "type" : "metadata"\r\n  }, {\r\n    "id" : "51",\r\n    "type" : "metadata"\r\n  }, {\r\n    "id" : "52",\r\n    "type" : "metadata"\r\n  }, {\r\n    "id" : "192",\r\n    "type" : "metadata"\r\n  }, {\r\n    "id" : "193",\r\n    "type" : "metadata"\r\n  }, {\r\n    "id" : "194",\r\n    "type" : "metadata"\r\n  }, {\r\n    "id" : "55",\r\n    "type" : "metadata"\r\n  }, {\r\n    "id" : "56",\r\n    "type" : "metadata"\r\n  }, {\r\n    "id" : "57",\r\n    "type" : "metadata"\r\n  } ]\r\n} ]', 6, 'ACTIVE', '2018-09-27 09:40:14', '2018-09-27 09:40:14', 13, 13, '2019-04-19 10:00:36'),
	(20, 1, 1, b'1', 'All Reports Budget Details', 'All Reports Planning Budget Grid', '[ {\r\n  "id" : 0,\r\n  "fields" : [ {\r\n    "id" : "277",\r\n    "type" : "metadata"\r\n  }, {\r\n    "id" : "284",\r\n    "type" : "metadata"\r\n  } ]\r\n} ]', 7, 'ACTIVE', '2019-09-21 14:11:24', '2019-09-21 14:11:24', 13, 13, '2019-09-21 14:22:33'),
	(21, 1, 1, b'1', 'Employee Analytics Filter', 'Employee Analytics Filter', '[ {\r\n  "id" : 0,\r\n  "fields" : [ {\r\n    "id" : "27",\r\n    "type" : "metadata"\r\n  }, {\r\n    "id" : "25",\r\n    "type" : "metadata"\r\n  }, {\r\n    "id" : "61",\r\n    "type" : "metadata"\r\n  } ]\r\n} ]', 8, 'ACTIVE', '2019-09-21 18:01:51', '2019-09-21 18:01:51', 13, 13, '2019-09-21 18:01:51'),
	(22, 1, 1, b'1', 'Manage Comp Budget', 'Basepay - Bonus - Stock budgets', '[ {\r\n  "id" : 0,\r\n  "fields" : [ {\r\n    "id" : "38",\r\n    "type" : "metadata"\r\n  }, {\r\n    "id" : "39",\r\n    "type" : "metadata"\r\n  }, {\r\n    "id" : "40",\r\n    "type" : "metadata"\r\n  }, {\r\n    "id" : "50",\r\n    "type" : "metadata"\r\n  }, {\r\n    "id" : "51",\r\n    "type" : "metadata"\r\n  }, {\r\n    "id" : "52",\r\n    "type" : "metadata"\r\n  } ]\r\n} ]', 9, 'ACTIVE', '2020-03-31 12:14:53', '2020-03-31 12:14:53', 13, 13, '2020-03-31 19:31:23'),
	(23, 1, 1, b'1', 'Manage Comp Planning', 'All Reports Planning Budget Grid', '[ {\r\n  "id" : 0,\r\n  "fields" : [ {\r\n    "id" : "31",\r\n    "type" : "metadata"\r\n  }, {\r\n    "id" : "20",\r\n    "type" : "metadata"\r\n  }, {\r\n    "id" : "26",\r\n    "type" : "metadata"\r\n  }, {\r\n    "id" : "25",\r\n    "type" : "metadata"\r\n  }, {\r\n    "id" : "32",\r\n    "type" : "metadata"\r\n  }, {\r\n    "id" : "475",\r\n    "type" : "metadata"\r\n  } ]\r\n} ]', 10, 'ACTIVE', '2020-03-31 12:16:32', '2020-03-31 12:16:32', 13, 13, '2020-03-31 19:31:26'),
	(24, 1, 1, b'1', 'Employee Prehire Filter', 'Employee Prehire Filter', '[ {\r\n  "id" : 0,\r\n  "fields" : [ {\r\n    "id" : "27",\r\n    "type" : "metadata"\r\n  }, {\r\n    "id" : "31",\r\n    "type" : "metadata"\r\n  } ]\r\n} ]', 11, 'ACTIVE', '2020-04-28 09:51:08', '2020-04-28 09:51:08', 13, 13, '2020-04-28 10:04:04'),
	(25, 1, 1, b'1', 'Employee Group Search', 'Employee Group Search', '[ {\r\n  "id" : 0,\r\n  "fields" : [ {\r\n    "id" : "10",\r\n    "type" : "metadata"\r\n  }, {\r\n    "id" : "20",\r\n    "type" : "metadata"\r\n  }, {\r\n    "id" : "26",\r\n    "type" : "metadata"\r\n  } ]\r\n} ]', 12, 'ACTIVE', '2020-07-01 10:03:24', '2020-07-01 10:03:24', 13, 13, '2020-07-01 10:06:45'),
	(26, 1, 1, b'1', 'Login Access', 'Login Access', '[ {\r\n  "id" : 0,\r\n  "fields" : [ {\r\n    "id" : "29",\r\n    "type" : "metadata"\r\n  }, {\r\n    "id" : "26",\r\n    "type" : "metadata"\r\n  } ]\r\n} ]', 13, 'ACTIVE', '2020-09-22 18:25:51', '2020-09-22 18:25:51', 13, 13, '2020-09-22 18:25:51'),
	(27, 1, 1, b'1', 'Change Management Employee', 'Change Management Employee', '[ {\r\n  "id" : 0,\r\n  "fields" : [ {\r\n    "id" : "26",\r\n    "type" : "metadata"\r\n  }, {\r\n    "id" : "22",\r\n    "type" : "metadata"\r\n  } ]\r\n} ]', 17, 'ACTIVE', '2020-09-22 18:25:51', '2020-09-22 18:25:51', 13, 13, '2020-09-22 18:25:51'),
	(28, 1, 1, b'1', 'Change Management Budget', 'Change Management Budget', '[ {\r\n  "id" : 0,\r\n  "fields" : [ {\r\n    "id" : "25",\r\n    "type" : "metadata"\r\n  }, {\r\n    "id" : "61",\r\n    "type" : "metadata"\r\n  }, {\r\n    "id" : "223",\r\n    "type" : "metadata"\r\n  }, {\r\n    "id" : "209",\r\n    "type" : "metadata"\r\n  } ]\r\n} ]', 18, 'ACTIVE', '2021-01-07 12:32:31', '2021-01-07 12:32:31', 13, 13, '2021-01-07 12:32:31'),
	(29, 1, 1, b'1', 'Pay Equity Filter', 'Pay Equity Filter', '[ {\r\n  "id" : 0,\r\n  "fields" : [ {\r\n    "id" : "10",\r\n    "type" : "metadata"\r\n  }, {\r\n    "id" : "12",\r\n    "type" : "metadata"\r\n  }, {\r\n    "id" : "31",\r\n    "type" : "metadata"\r\n  }, {\r\n    "id" : "32",\r\n    "type" : "metadata"\r\n  }, {\r\n    "id" : "157",\r\n    "type" : "metadata"\r\n  }, {\r\n    "id" : "179",\r\n    "type" : "metadata"\r\n  }, {\r\n    "id" : "180",\r\n    "type" : "metadata"\r\n  }, {\r\n    "id" : "258",\r\n    "type" : "metadata"\r\n  }, {\r\n    "id" : "260",\r\n    "type" : "metadata"\r\n  }, {\r\n    "id" : "521",\r\n    "type" : "metadata"\r\n  }, {\r\n    "id" : "522",\r\n    "type" : "metadata"\r\n  } ]\r\n} ]', 19, 'ACTIVE', '2021-02-25 13:46:58', '2021-02-25 13:46:58', 13, 13, '2021-02-25 13:46:58'),
	(30, 1, 1, b'1', 'Employee Analytics Calculation', 'Employee Analytics Calculation', '[ {\r\n  "id" : 0,\r\n  "fields" : [ {\r\n    "id" : "269",\r\n    "type" : "metadata"\r\n  }, {\r\n    "id" : "265",\r\n    "type" : "metadata"\r\n  }, {\r\n    "id" : "330",\r\n    "type" : "metadata"\r\n  }, {\r\n    "id" : "331",\r\n    "type" : "metadata"\r\n  }, {\r\n    "id" : "332",\r\n    "type" : "metadata"\r\n  }, {\r\n    "id" : "351",\r\n    "type" : "metadata"\r\n  }, {\r\n    "id" : "352",\r\n    "type" : "metadata"\r\n  }, {\r\n    "id" : "353",\r\n    "type" : "metadata"\r\n  }, {\r\n    "id" : "362",\r\n    "type" : "metadata"\r\n  }, {\r\n    "id" : "363",\r\n    "type" : "metadata"\r\n  }, {\r\n    "id" : "364",\r\n    "type" : "metadata"\r\n  }, {\r\n    "id" : "371",\r\n    "type" : "metadata"\r\n  }, {\r\n    "id" : "372",\r\n    "type" : "metadata"\r\n  }, {\r\n    "id" : "373",\r\n    "type" : "metadata"\r\n  } ]\r\n} ]', 20, 'ACTIVE', '2021-02-25 14:42:55', '2021-02-25 14:42:55', 13, 13, '2021-02-25 14:42:55');
/*!40000 ALTER TABLE `customise_view` ENABLE KEYS */;

-- Dumping data for table compcloud.databasechangelog: ~0 rows (approximately)
/*!40000 ALTER TABLE `databasechangelog` DISABLE KEYS */;
INSERT INTO `databasechangelog` (`ID`, `AUTHOR`, `FILENAME`, `DATEEXECUTED`, `ORDEREXECUTED`, `EXECTYPE`, `MD5SUM`, `DESCRIPTION`, `COMMENTS`, `TAG`, `LIQUIBASE`, `CONTEXTS`, `LABELS`, `DEPLOYMENT_ID`) VALUES
	('raw', 'includeAll', 'db/changelog/changes/feature.sql', '2020-04-27 02:52:27', 1, 'EXECUTED', '7:c7090500c686464411c792074de6b6b5', 'sql', '', NULL, '3.5.3', NULL, NULL, '7981147039');
/*!40000 ALTER TABLE `databasechangelog` ENABLE KEYS */;

-- Dumping data for table compcloud.databasechangeloglock: ~0 rows (approximately)
/*!40000 ALTER TABLE `databasechangeloglock` DISABLE KEYS */;
INSERT INTO `databasechangeloglock` (`ID`, `LOCKED`, `LOCKGRANTED`, `LOCKEDBY`) VALUES
	(1, b'0', NULL, NULL);
/*!40000 ALTER TABLE `databasechangeloglock` ENABLE KEYS */;

-- Dumping data for table compcloud.data_loader_mapping: ~433 rows (approximately)
/*!40000 ALTER TABLE `data_loader_mapping` DISABLE KEYS */;
INSERT INTO `data_loader_mapping` (`ID`, `TENANT_ID`, `ORG_ID`, `METADATA_ID`, `CLIENT_COLUMN_NAME`, `TOOLTIP`, `SOURCE`, `STATUS`, `STATUS_TLM`, `WHEN_CREATED`, `MODIFIED_BY`, `CREATED_BY`, `LAST_UPDATED`) VALUES
	(946, 1, 1, 1, '', 'First name of employee', '', 'ACTIVE', '2021-02-23 11:35:32', '2021-02-23 11:35:32', 13, 13, '2021-02-23 11:35:32'),
	(947, 1, 1, 2, '', 'Last name of employee', '', 'ACTIVE', '2021-02-23 11:35:32', '2021-02-23 11:35:32', 13, 13, '2021-02-23 11:35:32'),
	(948, 1, 1, 3, '', 'Middle name of employee', '', 'ACTIVE', '2021-02-23 11:35:32', '2021-02-23 11:35:32', 13, 13, '2021-02-23 11:35:32'),
	(949, 1, 1, 4, '', 'Full name of employee', '', 'ACTIVE', '2021-02-23 11:35:32', '2021-02-23 11:35:32', 13, 13, '2021-02-23 11:35:32'),
	(950, 1, 1, 5, '', 'Alias name of employee', '', 'ACTIVE', '2021-02-23 11:35:32', '2021-02-23 11:35:32', 13, 13, '2021-02-23 11:35:32'),
	(951, 1, 1, 6, '', 'Salute of employee', '', 'ACTIVE', '2021-02-23 11:35:32', '2021-02-23 11:35:32', 13, 13, '2021-02-23 11:35:32'),
	(952, 1, 1, 7, '', 'Email of employee', '', 'ACTIVE', '2021-02-23 11:35:32', '2021-02-23 11:35:32', 13, 13, '2021-02-23 11:35:32'),
	(953, 1, 1, 8, '', 'Office phone of employee', '', 'ACTIVE', '2021-02-23 11:35:32', '2021-02-23 11:35:32', 13, 13, '2021-02-23 11:35:32'),
	(954, 1, 1, 9, '', 'Cell phone of employee', '', 'ACTIVE', '2021-02-23 11:35:32', '2021-02-23 11:35:32', 13, 13, '2021-02-23 11:35:32'),
	(955, 1, 1, 10, '', 'Gender of employee', '', 'ACTIVE', '2021-02-23 11:35:32', '2021-02-23 11:35:32', 13, 13, '2021-02-23 11:35:32'),
	(956, 1, 1, 11, '', 'Address1 of employee', '', 'ACTIVE', '2021-02-23 11:35:32', '2021-02-23 11:35:32', 13, 13, '2021-02-23 11:35:32'),
	(957, 1, 1, 12, 'City', 'City of employee', '', 'ACTIVE', '2021-02-23 11:35:32', '2021-02-23 11:35:32', 13, 13, '2021-02-23 11:35:32'),
	(958, 1, 1, 13, '', 'State of employee', '', 'ACTIVE', '2021-02-23 11:35:32', '2021-02-23 11:35:32', 13, 13, '2021-02-23 11:35:32'),
	(959, 1, 1, 14, '', 'Zip of employee', '', 'ACTIVE', '2021-02-23 11:35:32', '2021-02-23 11:35:32', 13, 13, '2021-02-23 11:35:32'),
	(960, 1, 1, 16, '', 'Region of employee', '', 'ACTIVE', '2021-02-23 11:35:32', '2021-02-23 11:35:32', 13, 13, '2021-02-23 11:35:32'),
	(961, 1, 1, 17, '', 'Identification no of employee', '', 'ACTIVE', '2021-02-23 11:35:32', '2021-02-23 11:35:32', 13, 13, '2021-02-23 11:35:32'),
	(962, 1, 1, 18, '', 'Hire date of employee', '', 'ACTIVE', '2021-02-23 11:35:32', '2021-02-23 11:35:32', 13, 13, '2021-02-23 11:35:32'),
	(963, 1, 1, 19, '', 'Rehire date of employee', '', 'ACTIVE', '2021-02-23 11:35:32', '2021-02-23 11:35:32', 13, 13, '2021-02-23 11:35:32'),
	(964, 1, 1, 20, '', 'Employment type of employee', '', 'ACTIVE', '2021-02-23 11:35:32', '2021-02-23 11:35:32', 13, 13, '2021-02-23 11:35:32'),
	(965, 1, 1, 22, '', 'Department name of employee', '', 'ACTIVE', '2021-02-23 11:35:32', '2021-02-23 11:35:32', 13, 13, '2021-02-23 11:35:32'),
	(966, 1, 1, 23, '', 'Group name of employee', '', 'ACTIVE', '2021-02-23 11:35:32', '2021-02-23 11:35:32', 13, 13, '2021-02-23 11:35:32'),
	(967, 1, 1, 25, '', 'Merit Increase Amount', '', 'ACTIVE', '2021-02-23 11:35:32', '2021-02-23 11:35:32', 13, 13, '2021-02-23 11:35:32'),
	(968, 1, 1, 26, '', 'Current Job TItle', '', 'ACTIVE', '2021-02-23 11:35:32', '2021-02-23 11:35:32', 13, 13, '2021-02-23 11:35:32'),
	(969, 1, 1, 27, '', 'Promotion Job TItle', '', 'ACTIVE', '2021-02-23 11:35:32', '2021-02-23 11:35:32', 13, 13, '2021-02-23 11:35:32'),
	(970, 1, 1, 28, '', 'Current Job Code', '', 'ACTIVE', '2021-02-23 11:35:32', '2021-02-23 11:35:32', 13, 13, '2021-02-23 11:35:32'),
	(971, 1, 1, 29, '', 'New Job Code', '', 'ACTIVE', '2021-02-23 11:35:32', '2021-02-23 11:35:32', 13, 13, '2021-02-23 11:35:32'),
	(972, 1, 1, 30, '', 'Bonus Increase Eligible of employee', '', 'ACTIVE', '2021-02-23 11:35:32', '2021-02-23 11:35:32', 13, 13, '2021-02-23 11:35:32'),
	(973, 1, 1, 31, '', 'Current Annual Basepay of employee', '', 'ACTIVE', '2021-02-23 11:35:32', '2021-02-23 11:35:32', 13, 13, '2021-02-23 11:35:32'),
	(974, 1, 1, 33, '', 'Current Annual Bonus of employee', '', 'ACTIVE', '2021-02-23 11:35:32', '2021-02-23 11:35:32', 13, 13, '2021-02-23 11:35:32'),
	(975, 1, 1, 34, '', 'New Annual Bonus of employee', '', 'ACTIVE', '2021-02-23 11:35:32', '2021-02-23 11:35:32', 13, 13, '2021-02-23 11:35:32'),
	(976, 1, 1, 35, '', 'Current Annual Price of employee', '', 'ACTIVE', '2021-02-23 11:35:32', '2021-02-23 11:35:32', 13, 13, '2021-02-23 11:35:32'),
	(977, 1, 1, 36, '', 'New Annual Price of employee', '', 'ACTIVE', '2021-02-23 11:35:32', '2021-02-23 11:35:32', 13, 13, '2021-02-23 11:35:32'),
	(978, 1, 1, 37, '', 'Supervisor Name of employee', '', 'ACTIVE', '2021-02-23 11:35:32', '2021-02-23 11:35:32', 13, 13, '2021-02-23 11:35:32'),
	(979, 1, 1, 38, '', 'Budget Total Amount of employee', '', 'ACTIVE', '2021-02-23 11:35:32', '2021-02-23 11:35:32', 13, 13, '2021-02-23 11:35:32'),
	(980, 1, 1, 39, '', 'Budget Allocated Amount of employee', '', 'ACTIVE', '2021-02-23 11:35:32', '2021-02-23 11:35:32', 13, 13, '2021-02-23 11:35:32'),
	(981, 1, 1, 40, '', 'Budget Remaining Amount of employee', '', 'ACTIVE', '2021-02-23 11:35:32', '2021-02-23 11:35:32', 13, 13, '2021-02-23 11:35:32'),
	(982, 1, 1, 41, '', 'Nos Eligible Employees of employee', '', 'ACTIVE', '2021-02-23 11:35:32', '2021-02-23 11:35:32', 13, 13, '2021-02-23 11:35:32'),
	(983, 1, 1, 42, '', 'Nos Ineligible Employees of employee', '', 'ACTIVE', '2021-02-23 11:35:32', '2021-02-23 11:35:32', 13, 13, '2021-02-23 11:35:32'),
	(984, 1, 1, 44, '', 'Stock Increase Eligible of employee', '', 'ACTIVE', '2021-02-23 11:35:32', '2021-02-23 11:35:32', 13, 13, '2021-02-23 11:35:32'),
	(985, 1, 1, 45, '', 'Budget Total Amount of employee', '', 'ACTIVE', '2021-02-23 11:35:32', '2021-02-23 11:35:32', 13, 13, '2021-02-23 11:35:32'),
	(986, 1, 1, 46, '', 'Budget Allocated Amount of employee', '', 'ACTIVE', '2021-02-23 11:35:32', '2021-02-23 11:35:32', 13, 13, '2021-02-23 11:35:32'),
	(987, 1, 1, 47, '', 'Budget Remaining Amount of employee', '', 'ACTIVE', '2021-02-23 11:35:32', '2021-02-23 11:35:32', 13, 13, '2021-02-23 11:35:32'),
	(988, 1, 1, 48, '', 'Nos Eligible Employees of employee', '', 'ACTIVE', '2021-02-23 11:35:32', '2021-02-23 11:35:32', 13, 13, '2021-02-23 11:35:32'),
	(989, 1, 1, 49, '', 'Nos Ineligible Employees of employee', '', 'ACTIVE', '2021-02-23 11:35:32', '2021-02-23 11:35:32', 13, 13, '2021-02-23 11:35:32'),
	(990, 1, 1, 50, '', 'Budget Total Amount of employee', '', 'ACTIVE', '2021-02-23 11:35:32', '2021-02-23 11:35:32', 13, 13, '2021-02-23 11:35:32'),
	(991, 1, 1, 51, '', 'Budget Allocated Amount of employee', '', 'ACTIVE', '2021-02-23 11:35:32', '2021-02-23 11:35:32', 13, 13, '2021-02-23 11:35:32'),
	(992, 1, 1, 52, '', 'Budget Remaining Amount of employee', '', 'ACTIVE', '2021-02-23 11:35:32', '2021-02-23 11:35:32', 13, 13, '2021-02-23 11:35:32'),
	(993, 1, 1, 53, '', 'Nos Eligible Employees of employee', '', 'ACTIVE', '2021-02-23 11:35:32', '2021-02-23 11:35:32', 13, 13, '2021-02-23 11:35:32'),
	(994, 1, 1, 54, '', 'Nos Ineligible Employees of employee', '', 'ACTIVE', '2021-02-23 11:35:32', '2021-02-23 11:35:32', 13, 13, '2021-02-23 11:35:32'),
	(995, 1, 1, 55, '', 'Budget Total Amount of employee', '', 'ACTIVE', '2021-02-23 11:35:32', '2021-02-23 11:35:32', 13, 13, '2021-02-23 11:35:32'),
	(996, 1, 1, 56, '', 'Budget Allocated Amount of employee', '', 'ACTIVE', '2021-02-23 11:35:32', '2021-02-23 11:35:32', 13, 13, '2021-02-23 11:35:32'),
	(997, 1, 1, 57, '', 'Budget Remaining Amount of employee', '', 'ACTIVE', '2021-02-23 11:35:32', '2021-02-23 11:35:32', 13, 13, '2021-02-23 11:35:32'),
	(998, 1, 1, 58, '', 'Nos Eligible Employees of employee', '', 'ACTIVE', '2021-02-23 11:35:32', '2021-02-23 11:35:32', 13, 13, '2021-02-23 11:35:32'),
	(999, 1, 1, 59, '', 'Nos Ineligible Employees of employee', '', 'ACTIVE', '2021-02-23 11:35:32', '2021-02-23 11:35:32', 13, 13, '2021-02-23 11:35:32'),
	(1000, 1, 1, 60, '', 'Promotion Amount Increase of employee', '', 'ACTIVE', '2021-02-23 11:35:32', '2021-02-23 11:35:32', 13, 13, '2021-02-23 11:35:32'),
	(1001, 1, 1, 61, '', 'Basepay Percent Increase of employee', '', 'ACTIVE', '2021-02-23 11:35:32', '2021-02-23 11:35:32', 13, 13, '2021-02-23 11:35:32'),
	(1002, 1, 1, 62, '', 'Bonus Amount Increase of employee', '', 'ACTIVE', '2021-02-23 11:35:32', '2021-02-23 11:35:32', 13, 13, '2021-02-23 11:35:32'),
	(1003, 1, 1, 63, '', 'Bonus Percent Increase of employee', '', 'ACTIVE', '2021-02-23 11:35:32', '2021-02-23 11:35:32', 13, 13, '2021-02-23 11:35:32'),
	(1004, 1, 1, 64, '', 'Units Percent Increase of employee', '', 'ACTIVE', '2021-02-23 11:35:32', '2021-02-23 11:35:32', 13, 13, '2021-02-23 11:35:32'),
	(1005, 1, 1, 65, '', 'Emp ID of employee', '', 'ACTIVE', '2021-02-23 11:35:32', '2021-02-23 11:35:32', 13, 13, '2021-02-23 11:35:32'),
	(1006, 1, 1, 66, '', 'Manager ID of employee', '', 'ACTIVE', '2021-02-23 11:35:32', '2021-02-23 11:35:32', 13, 13, '2021-02-23 11:35:32'),
	(1007, 1, 1, 67, '', 'Emp Code of employee', '', 'ACTIVE', '2021-02-23 11:35:32', '2021-02-23 11:35:32', 13, 13, '2021-02-23 11:35:32'),
	(1008, 1, 1, 68, '', 'Photo of employee', '', 'ACTIVE', '2021-02-23 11:35:32', '2021-02-23 11:35:32', 13, 13, '2021-02-23 11:35:32'),
	(1009, 1, 1, 69, '', 'Status of employee', '', 'ACTIVE', '2021-02-23 11:35:32', '2021-02-23 11:35:32', 13, 13, '2021-02-23 11:35:32'),
	(1010, 1, 1, 70, '', 'Employee Type of employee', '', 'ACTIVE', '2021-02-23 11:35:32', '2021-02-23 11:35:32', 13, 13, '2021-02-23 11:35:32'),
	(1011, 1, 1, 71, '', 'Hours Worked Weekly', '', 'ACTIVE', '2021-02-23 11:35:32', '2021-02-23 11:35:32', 13, 13, '2021-02-23 11:35:32'),
	(1012, 1, 1, 72, '', 'Standard Hours Weekly', '', 'ACTIVE', '2021-02-23 11:35:32', '2021-02-23 11:35:32', 13, 13, '2021-02-23 11:35:32'),
	(1013, 1, 1, 73, '', 'Organisation name', '', 'ACTIVE', '2021-02-23 11:35:32', '2021-02-23 11:35:32', 13, 13, '2021-02-23 11:35:32'),
	(1014, 1, 1, 74, '', 'Display name', '', 'ACTIVE', '2021-02-23 11:35:32', '2021-02-23 11:35:32', 13, 13, '2021-02-23 11:35:32'),
	(1015, 1, 1, 75, '', 'Description', '', 'ACTIVE', '2021-02-23 11:35:32', '2021-02-23 11:35:32', 13, 13, '2021-02-23 11:35:32'),
	(1016, 1, 1, 76, '', 'address', '', 'ACTIVE', '2021-02-23 11:35:32', '2021-02-23 11:35:32', 13, 13, '2021-02-23 11:35:32'),
	(1017, 1, 1, 77, '', 'phone', '', 'ACTIVE', '2021-02-23 11:35:32', '2021-02-23 11:35:32', 13, 13, '2021-02-23 11:35:32'),
	(1018, 1, 1, 78, '', 'email', '', 'ACTIVE', '2021-02-23 11:35:32', '2021-02-23 11:35:32', 13, 13, '2021-02-23 11:35:32'),
	(1019, 1, 1, 79, '', 'identification', '', 'ACTIVE', '2021-02-23 11:35:32', '2021-02-23 11:35:32', 13, 13, '2021-02-23 11:35:32'),
	(1020, 1, 1, 80, '', 'code', '', 'ACTIVE', '2021-02-23 11:35:32', '2021-02-23 11:35:32', 13, 13, '2021-02-23 11:35:32'),
	(1021, 1, 1, 81, '', 'actual_revenue', '', 'ACTIVE', '2021-02-23 11:35:32', '2021-02-23 11:35:32', 13, 13, '2021-02-23 11:35:32'),
	(1022, 1, 1, 82, '', 'actual_sales', '', 'ACTIVE', '2021-02-23 11:35:32', '2021-02-23 11:35:32', 13, 13, '2021-02-23 11:35:32'),
	(1023, 1, 1, 83, '', 'actual_profit', '', 'ACTIVE', '2021-02-23 11:35:32', '2021-02-23 11:35:32', 13, 13, '2021-02-23 11:35:32'),
	(1024, 1, 1, 84, '', 'period_start_date', '', 'ACTIVE', '2021-02-23 11:35:32', '2021-02-23 11:35:32', 13, 13, '2021-02-23 11:35:32'),
	(1025, 1, 1, 85, '', 'period_end_date', '', 'ACTIVE', '2021-02-23 11:35:32', '2021-02-23 11:35:32', 13, 13, '2021-02-23 11:35:32'),
	(1026, 1, 1, 86, '', 'target_revenue', '', 'ACTIVE', '2021-02-23 11:35:32', '2021-02-23 11:35:32', 13, 13, '2021-02-23 11:35:32'),
	(1027, 1, 1, 87, '', 'target_sales', '', 'ACTIVE', '2021-02-23 11:35:32', '2021-02-23 11:35:32', 13, 13, '2021-02-23 11:35:32'),
	(1028, 1, 1, 88, '', 'target_profit', '', 'ACTIVE', '2021-02-23 11:35:32', '2021-02-23 11:35:32', 13, 13, '2021-02-23 11:35:32'),
	(1029, 1, 1, 89, '', 'revenue_multiplier', '', 'ACTIVE', '2021-02-23 11:35:32', '2021-02-23 11:35:32', 13, 13, '2021-02-23 11:35:32'),
	(1030, 1, 1, 90, '', 'sales_multiplier', '', 'ACTIVE', '2021-02-23 11:35:32', '2021-02-23 11:35:32', 13, 13, '2021-02-23 11:35:32'),
	(1031, 1, 1, 91, '', 'profit_multiplier', '', 'ACTIVE', '2021-02-23 11:35:32', '2021-02-23 11:35:32', 13, 13, '2021-02-23 11:35:32'),
	(1032, 1, 1, 92, '', 'Display name', '', 'ACTIVE', '2021-02-23 11:35:32', '2021-02-23 11:35:32', 13, 13, '2021-02-23 11:35:32'),
	(1033, 1, 1, 93, '', 'Display name', '', 'ACTIVE', '2021-02-23 11:35:32', '2021-02-23 11:35:32', 13, 13, '2021-02-23 11:35:32'),
	(1034, 1, 1, 94, '', 'Description', '', 'ACTIVE', '2021-02-23 11:35:32', '2021-02-23 11:35:32', 13, 13, '2021-02-23 11:35:32'),
	(1035, 1, 1, 95, '', 'address', '', 'ACTIVE', '2021-02-23 11:35:32', '2021-02-23 11:35:32', 13, 13, '2021-02-23 11:35:32'),
	(1036, 1, 1, 96, '', 'phone', '', 'ACTIVE', '2021-02-23 11:35:32', '2021-02-23 11:35:32', 13, 13, '2021-02-23 11:35:32'),
	(1037, 1, 1, 97, '', 'email', '', 'ACTIVE', '2021-02-23 11:35:32', '2021-02-23 11:35:32', 13, 13, '2021-02-23 11:35:32'),
	(1038, 1, 1, 98, '', 'identification', '', 'ACTIVE', '2021-02-23 11:35:32', '2021-02-23 11:35:32', 13, 13, '2021-02-23 11:35:32'),
	(1039, 1, 1, 99, '', 'code', '', 'ACTIVE', '2021-02-23 11:35:32', '2021-02-23 11:35:32', 13, 13, '2021-02-23 11:35:32'),
	(1040, 1, 1, 100, '', 'actual_revenue', '', 'ACTIVE', '2021-02-23 11:35:32', '2021-02-23 11:35:32', 13, 13, '2021-02-23 11:35:32'),
	(1041, 1, 1, 101, '', 'actual_sales', '', 'ACTIVE', '2021-02-23 11:35:32', '2021-02-23 11:35:32', 13, 13, '2021-02-23 11:35:32'),
	(1042, 1, 1, 102, '', 'actual_profit', '', 'ACTIVE', '2021-02-23 11:35:32', '2021-02-23 11:35:32', 13, 13, '2021-02-23 11:35:32'),
	(1043, 1, 1, 103, '', 'frequency', '', 'ACTIVE', '2021-02-23 11:35:32', '2021-02-23 11:35:32', 13, 13, '2021-02-23 11:35:32'),
	(1044, 1, 1, 104, '', 'period_start_date', '', 'ACTIVE', '2021-02-23 11:35:32', '2021-02-23 11:35:32', 13, 13, '2021-02-23 11:35:32'),
	(1045, 1, 1, 105, '', 'period_end_date', '', 'ACTIVE', '2021-02-23 11:35:32', '2021-02-23 11:35:32', 13, 13, '2021-02-23 11:35:32'),
	(1046, 1, 1, 106, '', 'target_revenue', '', 'ACTIVE', '2021-02-23 11:35:32', '2021-02-23 11:35:32', 13, 13, '2021-02-23 11:35:32'),
	(1047, 1, 1, 107, '', 'target_sales', '', 'ACTIVE', '2021-02-23 11:35:32', '2021-02-23 11:35:32', 13, 13, '2021-02-23 11:35:32'),
	(1048, 1, 1, 108, '', 'target_profit', '', 'ACTIVE', '2021-02-23 11:35:32', '2021-02-23 11:35:32', 13, 13, '2021-02-23 11:35:32'),
	(1049, 1, 1, 109, '', 'revenue_multiplier', '', 'ACTIVE', '2021-02-23 11:35:32', '2021-02-23 11:35:32', 13, 13, '2021-02-23 11:35:32'),
	(1050, 1, 1, 110, '', 'sales_multiplier', '', 'ACTIVE', '2021-02-23 11:35:32', '2021-02-23 11:35:32', 13, 13, '2021-02-23 11:35:32'),
	(1051, 1, 1, 111, '', 'profit_multiplier', '', 'ACTIVE', '2021-02-23 11:35:32', '2021-02-23 11:35:32', 13, 13, '2021-02-23 11:35:32'),
	(1052, 1, 1, 112, '', 'Display name', '', 'ACTIVE', '2021-02-23 11:35:32', '2021-02-23 11:35:32', 13, 13, '2021-02-23 11:35:32'),
	(1053, 1, 1, 113, '', 'Description', '', 'ACTIVE', '2021-02-23 11:35:32', '2021-02-23 11:35:32', 13, 13, '2021-02-23 11:35:32'),
	(1054, 1, 1, 114, '', 'address', '', 'ACTIVE', '2021-02-23 11:35:32', '2021-02-23 11:35:32', 13, 13, '2021-02-23 11:35:32'),
	(1055, 1, 1, 115, '', 'phone', '', 'ACTIVE', '2021-02-23 11:35:32', '2021-02-23 11:35:32', 13, 13, '2021-02-23 11:35:32'),
	(1056, 1, 1, 116, '', 'email', '', 'ACTIVE', '2021-02-23 11:35:32', '2021-02-23 11:35:32', 13, 13, '2021-02-23 11:35:32'),
	(1057, 1, 1, 117, '', 'identification', '', 'ACTIVE', '2021-02-23 11:35:32', '2021-02-23 11:35:32', 13, 13, '2021-02-23 11:35:32'),
	(1058, 1, 1, 118, '', 'code', '', 'ACTIVE', '2021-02-23 11:35:32', '2021-02-23 11:35:32', 13, 13, '2021-02-23 11:35:32'),
	(1059, 1, 1, 119, '', 'actual_revenue', '', 'ACTIVE', '2021-02-23 11:35:32', '2021-02-23 11:35:32', 13, 13, '2021-02-23 11:35:32'),
	(1060, 1, 1, 120, '', 'actual_sales', '', 'ACTIVE', '2021-02-23 11:35:32', '2021-02-23 11:35:32', 13, 13, '2021-02-23 11:35:32'),
	(1061, 1, 1, 121, '', 'actual_profit', '', 'ACTIVE', '2021-02-23 11:35:32', '2021-02-23 11:35:32', 13, 13, '2021-02-23 11:35:32'),
	(1062, 1, 1, 122, '', 'frequency', '', 'ACTIVE', '2021-02-23 11:35:32', '2021-02-23 11:35:32', 13, 13, '2021-02-23 11:35:32'),
	(1063, 1, 1, 123, '', 'period_start_date', '', 'ACTIVE', '2021-02-23 11:35:32', '2021-02-23 11:35:32', 13, 13, '2021-02-23 11:35:32'),
	(1064, 1, 1, 124, '', 'period_end_date', '', 'ACTIVE', '2021-02-23 11:35:32', '2021-02-23 11:35:32', 13, 13, '2021-02-23 11:35:32'),
	(1065, 1, 1, 125, '', 'target_revenue', '', 'ACTIVE', '2021-02-23 11:35:32', '2021-02-23 11:35:32', 13, 13, '2021-02-23 11:35:32'),
	(1066, 1, 1, 126, '', 'target_sales', '', 'ACTIVE', '2021-02-23 11:35:32', '2021-02-23 11:35:32', 13, 13, '2021-02-23 11:35:32'),
	(1067, 1, 1, 127, '', 'target_profit', '', 'ACTIVE', '2021-02-23 11:35:32', '2021-02-23 11:35:32', 13, 13, '2021-02-23 11:35:32'),
	(1068, 1, 1, 128, '', 'revenue_multiplier', '', 'ACTIVE', '2021-02-23 11:35:32', '2021-02-23 11:35:32', 13, 13, '2021-02-23 11:35:32'),
	(1069, 1, 1, 129, '', 'sales_multiplier', '', 'ACTIVE', '2021-02-23 11:35:32', '2021-02-23 11:35:32', 13, 13, '2021-02-23 11:35:32'),
	(1070, 1, 1, 130, '', 'profit_multiplier', '', 'ACTIVE', '2021-02-23 11:35:32', '2021-02-23 11:35:32', 13, 13, '2021-02-23 11:35:32'),
	(1071, 1, 1, 152, '', 'Bonus Target Percent', '', 'ACTIVE', '2021-02-23 11:35:32', '2021-02-23 11:35:32', 13, 13, '2021-02-23 11:35:32'),
	(1072, 1, 1, 153, '', 'Bonus Target Amount', '', 'ACTIVE', '2021-02-23 11:35:32', '2021-02-23 11:35:32', 13, 13, '2021-02-23 11:35:32'),
	(1073, 1, 1, 154, '', 'Bonus Frequency', '', 'ACTIVE', '2021-02-23 11:35:32', '2021-02-23 11:35:32', 13, 13, '2021-02-23 11:35:32'),
	(1074, 1, 1, 156, '', 'Job name', '', 'ACTIVE', '2021-02-23 11:35:32', '2021-02-23 11:35:32', 13, 13, '2021-02-23 11:35:32'),
	(1075, 1, 1, 157, '', 'Job Code', '', 'ACTIVE', '2021-02-23 11:35:32', '2021-02-23 11:35:32', 13, 13, '2021-02-23 11:35:32'),
	(1076, 1, 1, 158, '', 'Job Description', '', 'ACTIVE', '2021-02-23 11:35:32', '2021-02-23 11:35:32', 13, 13, '2021-02-23 11:35:32'),
	(1077, 1, 1, 159, '', 'Job Location', '', 'ACTIVE', '2021-02-23 11:35:32', '2021-02-23 11:35:32', 13, 13, '2021-02-23 11:35:32'),
	(1078, 1, 1, 162, '', 'External Analysyis Data Name', '', 'ACTIVE', '2021-02-23 11:35:32', '2021-02-23 11:35:32', 13, 13, '2021-02-23 11:35:32'),
	(1079, 1, 1, 163, '', 'External Data Min', '', 'ACTIVE', '2021-02-23 11:35:32', '2021-02-23 11:35:32', 13, 13, '2021-02-23 11:35:32'),
	(1080, 1, 1, 164, '', 'External Data Mid', '', 'ACTIVE', '2021-02-23 11:35:32', '2021-02-23 11:35:32', 13, 13, '2021-02-23 11:35:32'),
	(1081, 1, 1, 165, '', 'External Data Max', '', 'ACTIVE', '2021-02-23 11:35:32', '2021-02-23 11:35:32', 13, 13, '2021-02-23 11:35:32'),
	(1082, 1, 1, 166, '', 'Job Grade Name', '', 'ACTIVE', '2021-02-23 11:35:32', '2021-02-23 11:35:32', 13, 13, '2021-02-23 11:35:32'),
	(1083, 1, 1, 167, '', 'Job Grade Code', '', 'ACTIVE', '2021-02-23 11:35:32', '2021-02-23 11:35:32', 13, 13, '2021-02-23 11:35:32'),
	(1084, 1, 1, 168, '', 'Job Grade Description', '', 'ACTIVE', '2021-02-23 11:35:32', '2021-02-23 11:35:32', 13, 13, '2021-02-23 11:35:32'),
	(1085, 1, 1, 169, '', 'Job Role Name', '', 'ACTIVE', '2021-02-23 11:35:32', '2021-02-23 11:35:32', 13, 13, '2021-02-23 11:35:32'),
	(1086, 1, 1, 170, '', 'Job Role Code', '', 'ACTIVE', '2021-02-23 11:35:32', '2021-02-23 11:35:32', 13, 13, '2021-02-23 11:35:32'),
	(1087, 1, 1, 172, '', 'Job Level Name', '', 'ACTIVE', '2021-02-23 11:35:32', '2021-02-23 11:35:32', 13, 13, '2021-02-23 11:35:32'),
	(1088, 1, 1, 173, '', 'Job Level Code', '', 'ACTIVE', '2021-02-23 11:35:32', '2021-02-23 11:35:32', 13, 13, '2021-02-23 11:35:32'),
	(1089, 1, 1, 174, '', 'Job Level Description', '', 'ACTIVE', '2021-02-23 11:35:32', '2021-02-23 11:35:32', 13, 13, '2021-02-23 11:35:32'),
	(1090, 1, 1, 175, '', 'Job Family Name', '', 'ACTIVE', '2021-02-23 11:35:32', '2021-02-23 11:35:32', 13, 13, '2021-02-23 11:35:32'),
	(1091, 1, 1, 176, '', 'Job Family Code', '', 'ACTIVE', '2021-02-23 11:35:32', '2021-02-23 11:35:32', 13, 13, '2021-02-23 11:35:32'),
	(1092, 1, 1, 177, '', 'Job Family Description', '', 'ACTIVE', '2021-02-23 11:35:32', '2021-02-23 11:35:32', 13, 13, '2021-02-23 11:35:32'),
	(1093, 1, 1, 179, '', 'Performance rating of employee', '', 'ACTIVE', '2021-02-23 11:35:32', '2021-02-23 11:35:32', 13, 13, '2021-02-23 11:35:32'),
	(1094, 1, 1, 180, '', 'Performance rating code of employee', '', 'ACTIVE', '2021-02-23 11:35:32', '2021-02-23 11:35:32', 13, 13, '2021-02-23 11:35:32'),
	(1095, 1, 1, 181, '', 'Employee Group of employee', '', 'ACTIVE', '2021-02-23 11:35:32', '2021-02-23 11:35:32', 13, 13, '2021-02-23 11:35:32'),
	(1096, 1, 1, 182, '', 'Country of employee', '', 'ACTIVE', '2021-02-23 11:35:32', '2021-02-23 11:35:32', 13, 13, '2021-02-23 11:35:32'),
	(1097, 1, 1, 183, '', 'Basepay minimum guideline of employee', '', 'ACTIVE', '2021-02-23 11:35:32', '2021-02-23 11:35:32', 13, 13, '2021-02-23 11:35:32'),
	(1098, 1, 1, 184, '', 'Basepay minimum guideline of employee', '', 'ACTIVE', '2021-02-23 11:35:32', '2021-02-23 11:35:32', 13, 13, '2021-02-23 11:35:32'),
	(1099, 1, 1, 185, '', 'Basepay Percent Increase of employee', '', 'ACTIVE', '2021-02-23 11:35:32', '2021-02-23 11:35:32', 13, 13, '2021-02-23 11:35:32'),
	(1100, 1, 1, 191, '', 'Lowest value of male salary', '', 'ACTIVE', '2021-02-23 11:35:32', '2021-02-23 11:35:32', 13, 13, '2021-02-23 11:35:32'),
	(1101, 1, 1, 192, '', 'Budget Total Amount of employee', '', 'ACTIVE', '2021-02-23 11:35:32', '2021-02-23 11:35:32', 13, 13, '2021-02-23 11:35:32'),
	(1102, 1, 1, 193, '', 'Budget Total Amount of employee', '', 'ACTIVE', '2021-02-23 11:35:32', '2021-02-23 11:35:32', 13, 13, '2021-02-23 11:35:32'),
	(1103, 1, 1, 194, '', 'Budget Total Amount of employee', '', 'ACTIVE', '2021-02-23 11:35:32', '2021-02-23 11:35:32', 13, 13, '2021-02-23 11:35:32'),
	(1104, 1, 1, 195, '', 'Current Total Compensation', '', 'ACTIVE', '2021-02-23 11:35:32', '2021-02-23 11:35:32', 13, 13, '2021-02-23 11:35:32'),
	(1105, 1, 1, 196, '', 'New Total Compensation', '', 'ACTIVE', '2021-02-23 11:35:32', '2021-02-23 11:35:32', 13, 13, '2021-02-23 11:35:32'),
	(1106, 1, 1, 197, '', 'Total Compensation Increase', '', 'ACTIVE', '2021-02-23 11:35:32', '2021-02-23 11:35:32', 13, 13, '2021-02-23 11:35:32'),
	(1107, 1, 1, 199, '', 'country of employee', '', 'ACTIVE', '2021-02-23 11:35:32', '2021-02-23 11:35:32', 13, 13, '2021-02-23 11:35:32'),
	(1108, 1, 1, 203, '', 'Basepay budget total amount of manager', '', 'ACTIVE', '2021-02-23 11:35:32', '2021-02-23 11:35:32', 13, 13, '2021-02-23 11:35:32'),
	(1109, 1, 1, 204, '', 'Bonus budget total amount of manager', '', 'ACTIVE', '2021-02-23 11:35:32', '2021-02-23 11:35:32', 13, 13, '2021-02-23 11:35:32'),
	(1110, 1, 1, 205, '', 'Stock budget total amount of manager', '', 'ACTIVE', '2021-02-23 11:35:32', '2021-02-23 11:35:32', 13, 13, '2021-02-23 11:35:32'),
	(1111, 1, 1, 206, '', 'Basepay budget allocated amount of manager', '', 'ACTIVE', '2021-02-23 11:35:32', '2021-02-23 11:35:32', 13, 13, '2021-02-23 11:35:32'),
	(1112, 1, 1, 207, '', 'Bonus budget allocated amount of manager', '', 'ACTIVE', '2021-02-23 11:35:32', '2021-02-23 11:35:32', 13, 13, '2021-02-23 11:35:32'),
	(1113, 1, 1, 208, '', 'Stock budget allocated amount of manager', '', 'ACTIVE', '2021-02-23 11:35:32', '2021-02-23 11:35:32', 13, 13, '2021-02-23 11:35:32'),
	(1114, 1, 1, 209, '', 'Basepay budget remaining amount of manager', '', 'ACTIVE', '2021-02-23 11:35:32', '2021-02-23 11:35:32', 13, 13, '2021-02-23 11:35:32'),
	(1115, 1, 1, 210, '', 'Bonus budget remaining amount of manager', '', 'ACTIVE', '2021-02-23 11:35:32', '2021-02-23 11:35:32', 13, 13, '2021-02-23 11:35:32'),
	(1116, 1, 1, 211, '', 'Stock budget remaining amount of manager', '', 'ACTIVE', '2021-02-23 11:35:32', '2021-02-23 11:35:32', 13, 13, '2021-02-23 11:35:32'),
	(1117, 1, 1, 212, '', 'Performace Rating Multiplier', '', 'ACTIVE', '2021-02-23 11:35:32', '2021-02-23 11:35:32', 13, 13, '2021-02-23 11:35:32'),
	(1118, 1, 1, 213, '', 'Budget Total Amount of manager', '', 'ACTIVE', '2021-02-23 11:35:32', '2021-02-23 11:35:32', 13, 13, '2021-02-23 11:35:32'),
	(1119, 1, 1, 214, '', 'Budget Allocated Amount of manager', '', 'ACTIVE', '2021-02-23 11:35:32', '2021-02-23 11:35:32', 13, 13, '2021-02-23 11:35:32'),
	(1120, 1, 1, 215, '', 'Budget Remaining Amount of manager', '', 'ACTIVE', '2021-02-23 11:35:32', '2021-02-23 11:35:32', 13, 13, '2021-02-23 11:35:32'),
	(1121, 1, 1, 219, '', 'Budget Total Amount of manager', '', 'ACTIVE', '2021-02-23 11:35:32', '2021-02-23 11:35:32', 13, 13, '2021-02-23 11:35:32'),
	(1122, 1, 1, 220, '', 'Budget Total Amount of manager', '', 'ACTIVE', '2021-02-23 11:35:32', '2021-02-23 11:35:32', 13, 13, '2021-02-23 11:35:32'),
	(1123, 1, 1, 221, '', 'Budget Total Amount of manager', '', 'ACTIVE', '2021-02-23 11:35:32', '2021-02-23 11:35:32', 13, 13, '2021-02-23 11:35:32'),
	(1124, 1, 1, 222, '', 'Basepay minimum guideline of employee', '', 'ACTIVE', '2021-02-23 11:35:32', '2021-02-23 11:35:32', 13, 13, '2021-02-23 11:35:32'),
	(1125, 1, 1, 223, '', 'Basepay maximum guideline of employee', '', 'ACTIVE', '2021-02-23 11:35:32', '2021-02-23 11:35:32', 13, 13, '2021-02-23 11:35:32'),
	(1126, 1, 1, 224, '', 'Current Hourly wage', '', 'ACTIVE', '2021-02-23 11:35:32', '2021-02-23 11:35:32', 13, 13, '2021-02-23 11:35:32'),
	(1127, 1, 1, 225, '', 'Proration factor', '', 'ACTIVE', '2021-02-23 11:35:32', '2021-02-23 11:35:32', 13, 13, '2021-02-23 11:35:32'),
	(1128, 1, 1, 226, '', 'Spot Bonus Percent Increase', '', 'ACTIVE', '2021-02-23 11:35:32', '2021-02-23 11:35:32', 13, 13, '2021-02-23 11:35:32'),
	(1129, 1, 1, 227, '', 'Team Payout', '', 'ACTIVE', '2021-02-23 11:35:32', '2021-02-23 11:35:32', 13, 13, '2021-02-23 11:35:32'),
	(1130, 1, 1, 228, '', 'price', '', 'ACTIVE', '2021-02-23 11:35:32', '2021-02-23 11:35:32', 13, 13, '2021-02-23 11:35:32'),
	(1131, 1, 1, 229, '', 'units', '', 'ACTIVE', '2021-02-23 11:35:32', '2021-02-23 11:35:32', 13, 13, '2021-02-23 11:35:32'),
	(1132, 1, 1, 230, '', 'Total Price', '', 'ACTIVE', '2021-02-23 11:35:32', '2021-02-23 11:35:32', 13, 13, '2021-02-23 11:35:32'),
	(1133, 1, 1, 231, '', 'ALLOCATION DATE', '', 'ACTIVE', '2021-02-23 11:35:32', '2021-02-23 11:35:32', 13, 13, '2021-02-23 11:35:32'),
	(1134, 1, 1, 232, '', 'cliff', '', 'ACTIVE', '2021-02-23 11:35:32', '2021-02-23 11:35:32', 13, 13, '2021-02-23 11:35:32'),
	(1135, 1, 1, 233, '', 'vesting', '', 'ACTIVE', '2021-02-23 11:35:32', '2021-02-23 11:35:32', 13, 13, '2021-02-23 11:35:32'),
	(1136, 1, 1, 238, '', 'units', '', 'ACTIVE', '2021-02-23 11:35:32', '2021-02-23 11:35:32', 13, 13, '2021-02-23 11:35:32'),
	(1137, 1, 1, 240, '', 'Basepay Percent Increase of employee', '', 'ACTIVE', '2021-02-23 11:35:32', '2021-02-23 11:35:32', 13, 13, '2021-02-23 11:35:32'),
	(1138, 1, 1, 242, '', 'Basepay budget total amount of manager', '', 'ACTIVE', '2021-02-23 11:35:32', '2021-02-23 11:35:32', 13, 13, '2021-02-23 11:35:32'),
	(1139, 1, 1, 243, '', 'Basepay budget remaining amount of manager', '', 'ACTIVE', '2021-02-23 11:35:32', '2021-02-23 11:35:32', 13, 13, '2021-02-23 11:35:32'),
	(1140, 1, 1, 244, '', 'Basepay budget allocated amount of manager', '', 'ACTIVE', '2021-02-23 11:35:32', '2021-02-23 11:35:32', 13, 13, '2021-02-23 11:35:32'),
	(1141, 1, 1, 245, '', 'Basepay Percent Increase of employee', '', 'ACTIVE', '2021-02-23 11:35:32', '2021-02-23 11:35:32', 13, 13, '2021-02-23 11:35:32'),
	(1142, 1, 1, 246, '', 'Budget Total Amount of employee', '', 'ACTIVE', '2021-02-23 11:35:32', '2021-02-23 11:35:32', 13, 13, '2021-02-23 11:35:32'),
	(1143, 1, 1, 247, '', 'Budget Remaining Amount of employee', '', 'ACTIVE', '2021-02-23 11:35:32', '2021-02-23 11:35:32', 13, 13, '2021-02-23 11:35:32'),
	(1144, 1, 1, 248, '', 'Budget Allocated Amount of employee', '', 'ACTIVE', '2021-02-23 11:35:32', '2021-02-23 11:35:32', 13, 13, '2021-02-23 11:35:32'),
	(1145, 1, 1, 252, '', 'Basepay minimum guideline of employee', '', 'ACTIVE', '2021-02-23 11:35:32', '2021-02-23 11:35:32', 13, 13, '2021-02-23 11:35:32'),
	(1146, 1, 1, 257, '', 'Basepay maximum guideline of employee', '', 'ACTIVE', '2021-02-23 11:35:32', '2021-02-23 11:35:32', 13, 13, '2021-02-23 11:35:32'),
	(1147, 1, 1, 258, '', 'Ethnicity of employee', '', 'ACTIVE', '2021-02-23 11:35:32', '2021-02-23 11:35:32', 13, 13, '2021-02-23 11:35:32'),
	(1148, 1, 1, 260, '', 'Date of birth of employee', '', 'ACTIVE', '2021-02-23 11:35:32', '2021-02-23 11:35:32', 13, 13, '2021-02-23 11:35:32'),
	(1149, 1, 1, 261, '', 'Race of employee', '', 'ACTIVE', '2021-02-23 11:35:32', '2021-02-23 11:35:32', 13, 13, '2021-02-23 11:35:32'),
	(1150, 1, 1, 262, '', 'Lowest value of internal data', '', 'ACTIVE', '2021-02-23 11:35:32', '2021-02-23 11:35:32', 13, 13, '2021-02-23 11:35:32'),
	(1151, 1, 1, 263, '', 'Mid value of internal data', '', 'ACTIVE', '2021-02-23 11:35:32', '2021-02-23 11:35:32', 13, 13, '2021-02-23 11:35:32'),
	(1152, 1, 1, 264, '', 'Max value of internal data', '', 'ACTIVE', '2021-02-23 11:35:32', '2021-02-23 11:35:32', 13, 13, '2021-02-23 11:35:32'),
	(1153, 1, 1, 265, '', 'Current Compa Ratio', '', 'ACTIVE', '2021-02-23 11:35:32', '2021-02-23 11:35:32', 13, 13, '2021-02-23 11:35:32'),
	(1154, 1, 1, 269, '', 'New Compa Ratio', '', 'ACTIVE', '2021-02-23 11:35:32', '2021-02-23 11:35:32', 13, 13, '2021-02-23 11:35:32'),
	(1155, 1, 1, 270, '', 'YTD Basepay of employee', '', 'ACTIVE', '2021-02-23 11:35:32', '2021-02-23 11:35:32', 13, 13, '2021-02-23 11:35:32'),
	(1156, 1, 1, 275, '', 'Effective Date', '', 'ACTIVE', '2021-02-23 11:35:32', '2021-02-23 11:35:32', 13, 13, '2021-02-23 11:35:32'),
	(1157, 1, 1, 276, '', 'Budget All Reports Total Amount of employee', '', 'ACTIVE', '2021-02-23 11:35:32', '2021-02-23 11:35:32', 13, 13, '2021-02-23 11:35:32'),
	(1158, 1, 1, 277, '', 'Budget All Reports Total Amount of employee', '', 'ACTIVE', '2021-02-23 11:35:32', '2021-02-23 11:35:32', 13, 13, '2021-02-23 11:35:32'),
	(1159, 1, 1, 278, '', 'Budget All Reports Total Amount of employee', '', 'ACTIVE', '2021-02-23 11:35:32', '2021-02-23 11:35:32', 13, 13, '2021-02-23 11:35:32'),
	(1160, 1, 1, 279, '', 'Budget All Reports Total Amount of employee', '', 'ACTIVE', '2021-02-23 11:35:32', '2021-02-23 11:35:32', 13, 13, '2021-02-23 11:35:32'),
	(1161, 1, 1, 280, '', 'Budget All Reports Total Amount of employee', '', 'ACTIVE', '2021-02-23 11:35:32', '2021-02-23 11:35:32', 13, 13, '2021-02-23 11:35:32'),
	(1162, 1, 1, 281, '', 'Budget All Reports Total Amount of employee', '', 'ACTIVE', '2021-02-23 11:35:32', '2021-02-23 11:35:32', 13, 13, '2021-02-23 11:35:32'),
	(1163, 1, 1, 282, '', 'Budget All Reports Allocated Amount of employee', '', 'ACTIVE', '2021-02-23 11:35:32', '2021-02-23 11:35:32', 13, 13, '2021-02-23 11:35:32'),
	(1164, 1, 1, 283, '', 'Budget All Reports Allocated Amount of employee', '', 'ACTIVE', '2021-02-23 11:35:32', '2021-02-23 11:35:32', 13, 13, '2021-02-23 11:35:32'),
	(1165, 1, 1, 284, '', 'Budget All Reports Allocated Amount of employee', '', 'ACTIVE', '2021-02-23 11:35:32', '2021-02-23 11:35:32', 13, 13, '2021-02-23 11:35:32'),
	(1166, 1, 1, 285, '', 'Budget All Reports Allocated Amount of employee', '', 'ACTIVE', '2021-02-23 11:35:32', '2021-02-23 11:35:32', 13, 13, '2021-02-23 11:35:32'),
	(1167, 1, 1, 286, '', 'Budget All Reports Total Amount of employee', '', 'ACTIVE', '2021-02-23 11:35:32', '2021-02-23 11:35:32', 13, 13, '2021-02-23 11:35:32'),
	(1168, 1, 1, 287, '', 'Budget All Reports Allocated Amount of employee', '', 'ACTIVE', '2021-02-23 11:35:32', '2021-02-23 11:35:32', 13, 13, '2021-02-23 11:35:32'),
	(1169, 1, 1, 288, '', 'Budget All Reports Remaining Amount of employee', '', 'ACTIVE', '2021-02-23 11:35:32', '2021-02-23 11:35:32', 13, 13, '2021-02-23 11:35:32'),
	(1170, 1, 1, 289, '', 'Budget All Reports Remaining Amount of employee', '', 'ACTIVE', '2021-02-23 11:35:32', '2021-02-23 11:35:32', 13, 13, '2021-02-23 11:35:32'),
	(1171, 1, 1, 290, '', 'Budget All Reports Remaining Amount of employee', '', 'ACTIVE', '2021-02-23 11:35:32', '2021-02-23 11:35:32', 13, 13, '2021-02-23 11:35:32'),
	(1172, 1, 1, 291, '', 'Budget All Reports Remaining Amount of employee', '', 'ACTIVE', '2021-02-23 11:35:32', '2021-02-23 11:35:32', 13, 13, '2021-02-23 11:35:32'),
	(1173, 1, 1, 292, '', 'Budget All Reports Total Amount of employee', '', 'ACTIVE', '2021-02-23 11:35:32', '2021-02-23 11:35:32', 13, 13, '2021-02-23 11:35:32'),
	(1174, 1, 1, 293, '', 'Budget All Reports Remaining Amount of employee', '', 'ACTIVE', '2021-02-23 11:35:32', '2021-02-23 11:35:32', 13, 13, '2021-02-23 11:35:32'),
	(1175, 1, 1, 294, '', 'Job name', '', 'ACTIVE', '2021-02-23 11:35:32', '2021-02-23 11:35:32', 13, 13, '2021-02-23 11:35:32'),
	(1176, 1, 1, 295, '', 'Job Description', '', 'ACTIVE', '2021-02-23 11:35:32', '2021-02-23 11:35:32', 13, 13, '2021-02-23 11:35:32'),
	(1177, 1, 1, 296, '', 'Job Location', '', 'ACTIVE', '2021-02-23 11:35:32', '2021-02-23 11:35:32', 13, 13, '2021-02-23 11:35:32'),
	(1178, 1, 1, 297, '', 'Job Grade Name', '', 'ACTIVE', '2021-02-23 11:35:32', '2021-02-23 11:35:32', 13, 13, '2021-02-23 11:35:32'),
	(1179, 1, 1, 298, '', 'Job Grade Code', '', 'ACTIVE', '2021-02-23 11:35:32', '2021-02-23 11:35:32', 13, 13, '2021-02-23 11:35:32'),
	(1180, 1, 1, 299, '', 'Job Grade Description', '', 'ACTIVE', '2021-02-23 11:35:32', '2021-02-23 11:35:32', 13, 13, '2021-02-23 11:35:32'),
	(1181, 1, 1, 300, '', 'Job Role Name', '', 'ACTIVE', '2021-02-23 11:35:32', '2021-02-23 11:35:32', 13, 13, '2021-02-23 11:35:32'),
	(1182, 1, 1, 301, '', 'Job Role Code', '', 'ACTIVE', '2021-02-23 11:35:32', '2021-02-23 11:35:32', 13, 13, '2021-02-23 11:35:32'),
	(1183, 1, 1, 302, '', 'Job Role Description', '', 'ACTIVE', '2021-02-23 11:35:32', '2021-02-23 11:35:32', 13, 13, '2021-02-23 11:35:32'),
	(1184, 1, 1, 303, '', 'Job Level Name', '', 'ACTIVE', '2021-02-23 11:35:32', '2021-02-23 11:35:32', 13, 13, '2021-02-23 11:35:32'),
	(1185, 1, 1, 304, '', 'Job Level Code', '', 'ACTIVE', '2021-02-23 11:35:32', '2021-02-23 11:35:32', 13, 13, '2021-02-23 11:35:32'),
	(1186, 1, 1, 305, '', 'Job Level Description', '', 'ACTIVE', '2021-02-23 11:35:32', '2021-02-23 11:35:32', 13, 13, '2021-02-23 11:35:32'),
	(1187, 1, 1, 306, '', 'Job Family Name', '', 'ACTIVE', '2021-02-23 11:35:32', '2021-02-23 11:35:32', 13, 13, '2021-02-23 11:35:32'),
	(1188, 1, 1, 307, '', 'Job Family Code', '', 'ACTIVE', '2021-02-23 11:35:32', '2021-02-23 11:35:32', 13, 13, '2021-02-23 11:35:32'),
	(1189, 1, 1, 308, '', 'Job Family Description', '', 'ACTIVE', '2021-02-23 11:35:32', '2021-02-23 11:35:32', 13, 13, '2021-02-23 11:35:32'),
	(1190, 1, 1, 310, '', 'Merit Note', '', 'ACTIVE', '2021-02-23 11:35:32', '2021-02-23 11:35:32', 13, 13, '2021-02-23 11:35:32'),
	(1191, 1, 1, 311, '', 'Accumulative Basepay Total Amount of employee', '', 'ACTIVE', '2021-02-23 11:35:32', '2021-02-23 11:35:32', 13, 13, '2021-02-23 11:35:32'),
	(1192, 1, 1, 312, '', 'Accumulative Bonus Total Amount of employee', '', 'ACTIVE', '2021-02-23 11:35:32', '2021-02-23 11:35:32', 13, 13, '2021-02-23 11:35:32'),
	(1193, 1, 1, 313, '', 'Accumulative Stock Total Amount of employee', '', 'ACTIVE', '2021-02-23 11:35:32', '2021-02-23 11:35:32', 13, 13, '2021-02-23 11:35:32'),
	(1194, 1, 1, 314, '', 'Accumulative Basepay Allocated Amount of employee', '', 'ACTIVE', '2021-02-23 11:35:32', '2021-02-23 11:35:32', 13, 13, '2021-02-23 11:35:32'),
	(1195, 1, 1, 315, '', 'Accumulative Basepay Remaining Amount of employee', '', 'ACTIVE', '2021-02-23 11:35:32', '2021-02-23 11:35:32', 13, 13, '2021-02-23 11:35:32'),
	(1196, 1, 1, 316, '', 'Total_Basepay_Percent', '', 'ACTIVE', '2021-02-23 11:35:32', '2021-02-23 11:35:32', 13, 13, '2021-02-23 11:35:32'),
	(1197, 1, 1, 318, '', 'Promotion_Note', '', 'ACTIVE', '2021-02-23 11:35:32', '2021-02-23 11:35:32', 13, 13, '2021-02-23 11:35:32'),
	(1198, 1, 1, 320, '', 'Individual Target Percent', '', 'ACTIVE', '2021-02-23 11:35:32', '2021-02-23 11:35:32', 13, 13, '2021-02-23 11:35:32'),
	(1199, 1, 1, 321, '', 'Spot_Bonus_Note', '', 'ACTIVE', '2021-02-23 11:35:32', '2021-02-23 11:35:32', 13, 13, '2021-02-23 11:35:32'),
	(1200, 1, 1, 322, '', 'StringField1', '', 'ACTIVE', '2021-02-23 11:35:32', '2021-02-23 11:35:32', 13, 13, '2021-02-23 11:35:32'),
	(1201, 1, 1, 323, '', 'StringField2', '', 'ACTIVE', '2021-02-23 11:35:32', '2021-02-23 11:35:32', 13, 13, '2021-02-23 11:35:32'),
	(1202, 1, 1, 324, '', 'StringField3', '', 'ACTIVE', '2021-02-23 11:35:32', '2021-02-23 11:35:32', 13, 13, '2021-02-23 11:35:32'),
	(1203, 1, 1, 325, '', 'StringField4', '', 'ACTIVE', '2021-02-23 11:35:32', '2021-02-23 11:35:32', 13, 13, '2021-02-23 11:35:32'),
	(1204, 1, 1, 326, '', 'StringField5', '', 'ACTIVE', '2021-02-23 11:35:32', '2021-02-23 11:35:32', 13, 13, '2021-02-23 11:35:32'),
	(1205, 1, 1, 327, '', 'TextField1', '', 'ACTIVE', '2021-02-23 11:35:32', '2021-02-23 11:35:32', 13, 13, '2021-02-23 11:35:32'),
	(1206, 1, 1, 328, '', 'TextField2', '', 'ACTIVE', '2021-02-23 11:35:32', '2021-02-23 11:35:32', 13, 13, '2021-02-23 11:35:32'),
	(1207, 1, 1, 329, '', 'External Analysyis Data Name', '', 'ACTIVE', '2021-02-23 11:35:32', '2021-02-23 11:35:32', 13, 13, '2021-02-23 11:35:32'),
	(1208, 1, 1, 330, '', 'New External Data Min', '', 'ACTIVE', '2021-02-23 11:35:32', '2021-02-23 11:35:32', 13, 13, '2021-02-23 11:35:32'),
	(1209, 1, 1, 331, '', 'New External Data Mid', '', 'ACTIVE', '2021-02-23 11:35:32', '2021-02-23 11:35:32', 13, 13, '2021-02-23 11:35:32'),
	(1210, 1, 1, 332, '', 'New External Data Max', '', 'ACTIVE', '2021-02-23 11:35:32', '2021-02-23 11:35:32', 13, 13, '2021-02-23 11:35:32'),
	(1211, 1, 1, 333, '', 'Performance rating of employee', '', 'ACTIVE', '2021-02-23 11:35:32', '2021-02-23 11:35:32', 13, 13, '2021-02-23 11:35:32'),
	(1212, 1, 1, 334, '', 'Proration factor', '', 'ACTIVE', '2021-02-23 11:35:32', '2021-02-23 11:35:32', 13, 13, '2021-02-23 11:35:32'),
	(1213, 1, 1, 337, '', 'Bonus Target Percent', '', 'ACTIVE', '2021-02-23 11:35:32', '2021-02-23 11:35:32', 13, 13, '2021-02-23 11:35:32'),
	(1214, 1, 1, 338, '', 'Bonus Target Amount', '', 'ACTIVE', '2021-02-23 11:35:32', '2021-02-23 11:35:32', 13, 13, '2021-02-23 11:35:32'),
	(1215, 1, 1, 339, '', 'External Analysyis Code', '', 'ACTIVE', '2021-02-23 11:35:32', '2021-02-23 11:35:32', 13, 13, '2021-02-23 11:35:32'),
	(1216, 1, 1, 340, '', 'External Analysyis Title', '', 'ACTIVE', '2021-02-23 11:35:32', '2021-02-23 11:35:32', 13, 13, '2021-02-23 11:35:32'),
	(1217, 1, 1, 341, '', 'External Analysyis Name', '', 'ACTIVE', '2021-02-23 11:35:32', '2021-02-23 11:35:32', 13, 13, '2021-02-23 11:35:32'),
	(1218, 1, 1, 342, '', 'External Analysyis Code', '', 'ACTIVE', '2021-02-23 11:35:32', '2021-02-23 11:35:32', 13, 13, '2021-02-23 11:35:32'),
	(1219, 1, 1, 343, '', 'External Analysyis Title', '', 'ACTIVE', '2021-02-23 11:35:32', '2021-02-23 11:35:32', 13, 13, '2021-02-23 11:35:32'),
	(1220, 1, 1, 344, '', 'External Analysyis Name', '', 'ACTIVE', '2021-02-23 11:35:32', '2021-02-23 11:35:32', 13, 13, '2021-02-23 11:35:32'),
	(1221, 1, 1, 347, '', 'External Data Extra Min', '', 'ACTIVE', '2021-02-23 11:35:32', '2021-02-23 11:35:32', 13, 13, '2021-02-23 11:35:32'),
	(1222, 1, 1, 348, '', 'External Data Extra Mid', '', 'ACTIVE', '2021-02-23 11:35:32', '2021-02-23 11:35:32', 13, 13, '2021-02-23 11:35:32'),
	(1223, 1, 1, 349, '', 'External Data Extra Max', '', 'ACTIVE', '2021-02-23 11:35:32', '2021-02-23 11:35:32', 13, 13, '2021-02-23 11:35:32'),
	(1224, 1, 1, 350, '', 'External Analysyis Data Extra Name', '', 'ACTIVE', '2021-02-23 11:35:32', '2021-02-23 11:35:32', 13, 13, '2021-02-23 11:35:32'),
	(1225, 1, 1, 351, '', 'New External Data Extra Min', '', 'ACTIVE', '2021-02-23 11:35:32', '2021-02-23 11:35:32', 13, 13, '2021-02-23 11:35:32'),
	(1226, 1, 1, 352, '', 'New External Data Extra Mid', '', 'ACTIVE', '2021-02-23 11:35:32', '2021-02-23 11:35:32', 13, 13, '2021-02-23 11:35:32'),
	(1227, 1, 1, 353, '', 'New External Data Extra Max', '', 'ACTIVE', '2021-02-23 11:35:32', '2021-02-23 11:35:32', 13, 13, '2021-02-23 11:35:32'),
	(1228, 1, 1, 354, '', 'New External Analysyis Data Extra Name', '', 'ACTIVE', '2021-02-23 11:35:32', '2021-02-23 11:35:32', 13, 13, '2021-02-23 11:35:32'),
	(1229, 1, 1, 355, '', 'Internal Analysyis Code', '', 'ACTIVE', '2021-02-23 11:35:32', '2021-02-23 11:35:32', 13, 13, '2021-02-23 11:35:32'),
	(1230, 1, 1, 356, '', 'Internal Analysyis Name', '', 'ACTIVE', '2021-02-23 11:35:32', '2021-02-23 11:35:32', 13, 13, '2021-02-23 11:35:32'),
	(1231, 1, 1, 357, '', 'Internal Analysyis Title', '', 'ACTIVE', '2021-02-23 11:35:32', '2021-02-23 11:35:32', 13, 13, '2021-02-23 11:35:32'),
	(1232, 1, 1, 358, '', 'External Analysyis Data Desc', '', 'ACTIVE', '2021-02-23 11:35:32', '2021-02-23 11:35:32', 13, 13, '2021-02-23 11:35:32'),
	(1233, 1, 1, 359, '', 'External Analysyis Data Desc', '', 'ACTIVE', '2021-02-23 11:35:32', '2021-02-23 11:35:32', 13, 13, '2021-02-23 11:35:32'),
	(1234, 1, 1, 360, '', 'External Analysyis Data Extra Desc', '', 'ACTIVE', '2021-02-23 11:35:32', '2021-02-23 11:35:32', 13, 13, '2021-02-23 11:35:32'),
	(1235, 1, 1, 361, '', 'External Analysyis Data Extra Desc', '', 'ACTIVE', '2021-02-23 11:35:32', '2021-02-23 11:35:32', 13, 13, '2021-02-23 11:35:32'),
	(1236, 1, 1, 362, '', 'Lowest value of internal data', '', 'ACTIVE', '2021-02-23 11:35:32', '2021-02-23 11:35:32', 13, 13, '2021-02-23 11:35:32'),
	(1237, 1, 1, 363, '', 'Mid value of internal data', '', 'ACTIVE', '2021-02-23 11:35:32', '2021-02-23 11:35:32', 13, 13, '2021-02-23 11:35:32'),
	(1238, 1, 1, 364, '', 'Max value of internal data', '', 'ACTIVE', '2021-02-23 11:35:32', '2021-02-23 11:35:32', 13, 13, '2021-02-23 11:35:32'),
	(1239, 1, 1, 365, '', 'Internal Analysyis Name', '', 'ACTIVE', '2021-02-23 11:35:32', '2021-02-23 11:35:32', 13, 13, '2021-02-23 11:35:32'),
	(1240, 1, 1, 366, '', 'Internal Analysyis Desc', '', 'ACTIVE', '2021-02-23 11:35:32', '2021-02-23 11:35:32', 13, 13, '2021-02-23 11:35:32'),
	(1241, 1, 1, 367, '', 'Internal Analysyis Desc', '', 'ACTIVE', '2021-02-23 11:35:32', '2021-02-23 11:35:32', 13, 13, '2021-02-23 11:35:32'),
	(1242, 1, 1, 368, '', 'Lowest value of internal data', '', 'ACTIVE', '2021-02-23 11:35:32', '2021-02-23 11:35:32', 13, 13, '2021-02-23 11:35:32'),
	(1243, 1, 1, 369, '', 'Mid value of internal data', '', 'ACTIVE', '2021-02-23 11:35:32', '2021-02-23 11:35:32', 13, 13, '2021-02-23 11:35:32'),
	(1244, 1, 1, 370, '', 'Max value of internal data', '', 'ACTIVE', '2021-02-23 11:35:32', '2021-02-23 11:35:32', 13, 13, '2021-02-23 11:35:32'),
	(1245, 1, 1, 371, '', 'Lowest value of internal data', '', 'ACTIVE', '2021-02-23 11:35:32', '2021-02-23 11:35:32', 13, 13, '2021-02-23 11:35:32'),
	(1246, 1, 1, 372, '', 'Mid value of internal data', '', 'ACTIVE', '2021-02-23 11:35:32', '2021-02-23 11:35:32', 13, 13, '2021-02-23 11:35:32'),
	(1247, 1, 1, 373, '', 'Max value of internal data', '', 'ACTIVE', '2021-02-23 11:35:32', '2021-02-23 11:35:32', 13, 13, '2021-02-23 11:35:32'),
	(1248, 1, 1, 374, '', 'Adjustment_Note', '', 'ACTIVE', '2021-02-23 11:35:32', '2021-02-23 11:35:32', 13, 13, '2021-02-23 11:35:32'),
	(1249, 1, 1, 375, '', 'Lumpsum_Note', '', 'ACTIVE', '2021-02-23 11:35:32', '2021-02-23 11:35:32', 13, 13, '2021-02-23 11:35:32'),
	(1250, 1, 1, 376, '', 'Company Target Amount', '', 'ACTIVE', '2021-02-23 11:35:32', '2021-02-23 11:35:32', 13, 13, '2021-02-23 11:35:32'),
	(1251, 1, 1, 377, '', 'Company Target Percent', '', 'ACTIVE', '2021-02-23 11:35:32', '2021-02-23 11:35:32', 13, 13, '2021-02-23 11:35:32'),
	(1252, 1, 1, 378, '', 'Company Funding', '', 'ACTIVE', '2021-02-23 11:35:32', '2021-02-23 11:35:32', 13, 13, '2021-02-23 11:35:32'),
	(1253, 1, 1, 379, '', 'Company Payout', '', 'ACTIVE', '2021-02-23 11:35:32', '2021-02-23 11:35:32', 13, 13, '2021-02-23 11:35:32'),
	(1254, 1, 1, 380, '', 'Bonus_Plan_Name', '', 'ACTIVE', '2021-02-23 11:35:32', '2021-02-23 11:35:32', 13, 13, '2021-02-23 11:35:32'),
	(1255, 1, 1, 381, '', 'Team Target Amount', '', 'ACTIVE', '2021-02-23 11:35:32', '2021-02-23 11:35:32', 13, 13, '2021-02-23 11:35:32'),
	(1256, 1, 1, 382, '', 'Team Target Percent', '', 'ACTIVE', '2021-02-23 11:35:32', '2021-02-23 11:35:32', 13, 13, '2021-02-23 11:35:32'),
	(1257, 1, 1, 383, '', 'Team Payout', '', 'ACTIVE', '2021-02-23 11:35:32', '2021-02-23 11:35:32', 13, 13, '2021-02-23 11:35:32'),
	(1258, 1, 1, 384, '', 'Team Payout', '', 'ACTIVE', '2021-02-23 11:35:32', '2021-02-23 11:35:32', 13, 13, '2021-02-23 11:35:32'),
	(1259, 1, 1, 385, '', 'Individual Target Amount', '', 'ACTIVE', '2021-02-23 11:35:32', '2021-02-23 11:35:32', 13, 13, '2021-02-23 11:35:32'),
	(1260, 1, 1, 386, '', 'Individual Target Percent', '', 'ACTIVE', '2021-02-23 11:35:32', '2021-02-23 11:35:32', 13, 13, '2021-02-23 11:35:32'),
	(1261, 1, 1, 387, '', 'Individual Funding', '', 'ACTIVE', '2021-02-23 11:35:32', '2021-02-23 11:35:32', 13, 13, '2021-02-23 11:35:32'),
	(1262, 1, 1, 388, '', 'Individual Payout', '', 'ACTIVE', '2021-02-23 11:35:32', '2021-02-23 11:35:32', 13, 13, '2021-02-23 11:35:32'),
	(1263, 1, 1, 389, '', 'Bonus EffectiveDate', '', 'ACTIVE', '2021-02-23 11:35:32', '2021-02-23 11:35:32', 13, 13, '2021-02-23 11:35:32'),
	(1264, 1, 1, 390, '', 'HRMS ID', '', 'ACTIVE', '2021-02-23 11:35:32', '2021-02-23 11:35:32', 13, 13, '2021-02-23 11:35:32'),
	(1265, 1, 1, 394, '', 'New Job TItle', '', 'ACTIVE', '2021-02-23 11:35:32', '2021-02-23 11:35:32', 13, 13, '2021-02-23 11:35:32'),
	(1266, 1, 1, 395, '', 'Current Job Code', '', 'ACTIVE', '2021-02-23 11:35:32', '2021-02-23 11:35:32', 13, 13, '2021-02-23 11:35:32'),
	(1267, 1, 1, 396, '', 'Job name', '', 'ACTIVE', '2021-02-23 11:35:32', '2021-02-23 11:35:32', 13, 13, '2021-02-23 11:35:32'),
	(1268, 1, 1, 400, '', 'Job Description', '', 'ACTIVE', '2021-02-23 11:35:32', '2021-02-23 11:35:32', 13, 13, '2021-02-23 11:35:32'),
	(1269, 1, 1, 401, '', 'Job Family Code', '', 'ACTIVE', '2021-02-23 11:35:32', '2021-02-23 11:35:32', 13, 13, '2021-02-23 11:35:32'),
	(1270, 1, 1, 402, '', 'Job Family Description', '', 'ACTIVE', '2021-02-23 11:35:32', '2021-02-23 11:35:32', 13, 13, '2021-02-23 11:35:32'),
	(1271, 1, 1, 403, '', 'Job Family Name', '', 'ACTIVE', '2021-02-23 11:35:32', '2021-02-23 11:35:32', 13, 13, '2021-02-23 11:35:32'),
	(1272, 1, 1, 404, '', 'Job Grade Code', '', 'ACTIVE', '2021-02-23 11:35:32', '2021-02-23 11:35:32', 13, 13, '2021-02-23 11:35:32'),
	(1273, 1, 1, 405, '', 'Job Grade Description', '', 'ACTIVE', '2021-02-23 11:35:32', '2021-02-23 11:35:32', 13, 13, '2021-02-23 11:35:32'),
	(1274, 1, 1, 406, '', 'Job Grade Name', '', 'ACTIVE', '2021-02-23 11:35:32', '2021-02-23 11:35:32', 13, 13, '2021-02-23 11:35:32'),
	(1275, 1, 1, 408, '', 'Job Level Code', '', 'ACTIVE', '2021-02-23 11:35:32', '2021-02-23 11:35:32', 13, 13, '2021-02-23 11:35:32'),
	(1276, 1, 1, 409, '', 'Job Level Description', '', 'ACTIVE', '2021-02-23 11:35:32', '2021-02-23 11:35:32', 13, 13, '2021-02-23 11:35:32'),
	(1277, 1, 1, 410, '', 'Job Level Name', '', 'ACTIVE', '2021-02-23 11:35:32', '2021-02-23 11:35:32', 13, 13, '2021-02-23 11:35:32'),
	(1278, 1, 1, 411, '', 'Job Location', '', 'ACTIVE', '2021-02-23 11:35:32', '2021-02-23 11:35:32', 13, 13, '2021-02-23 11:35:32'),
	(1279, 1, 1, 413, '', 'Job Role Code', '', 'ACTIVE', '2021-02-23 11:35:32', '2021-02-23 11:35:32', 13, 13, '2021-02-23 11:35:32'),
	(1280, 1, 1, 414, '', 'Job Role Description', '', 'ACTIVE', '2021-02-23 11:35:32', '2021-02-23 11:35:32', 13, 13, '2021-02-23 11:35:32'),
	(1281, 1, 1, 415, '', 'Job Role Name', '', 'ACTIVE', '2021-02-23 11:35:32', '2021-02-23 11:35:32', 13, 13, '2021-02-23 11:35:32'),
	(1282, 1, 1, 416, '', 'Termination date of employee', '', 'ACTIVE', '2021-02-23 11:35:32', '2021-02-23 11:35:32', 13, 13, '2021-02-23 11:35:32'),
	(1283, 1, 1, 417, '', 'Comp Admin Name of employee', '', 'ACTIVE', '2021-02-23 11:35:32', '2021-02-23 11:35:32', 13, 13, '2021-02-23 11:35:32'),
	(1284, 1, 1, 418, '', 'Executive Name of employee', '', 'ACTIVE', '2021-02-23 11:35:32', '2021-02-23 11:35:32', 13, 13, '2021-02-23 11:35:32'),
	(1285, 1, 1, 419, '', 'DM  of employee', '', 'ACTIVE', '2021-02-23 11:35:32', '2021-02-23 11:35:32', 13, 13, '2021-02-23 11:35:32'),
	(1286, 1, 1, 420, '', 'Approver  of employee', '', 'ACTIVE', '2021-02-23 11:35:32', '2021-02-23 11:35:32', 13, 13, '2021-02-23 11:35:32'),
	(1287, 1, 1, 422, '', 'SSO ID', '', 'ACTIVE', '2021-02-23 11:35:32', '2021-02-23 11:35:32', 13, 13, '2021-02-23 11:35:32'),
	(1288, 1, 1, 423, '', 'HR  Admin Name of employee', '', 'ACTIVE', '2021-02-23 11:35:32', '2021-02-23 11:35:32', 13, 13, '2021-02-23 11:35:32'),
	(1289, 1, 1, 424, '', 'Employee Ststus of employee', '', 'ACTIVE', '2021-02-23 11:35:32', '2021-02-23 11:35:32', 13, 13, '2021-02-23 11:35:32'),
	(1290, 1, 1, 425, '', 'LOA of employee', '', 'ACTIVE', '2021-02-23 11:35:32', '2021-02-23 11:35:32', 13, 13, '2021-02-23 11:35:32'),
	(1291, 1, 1, 426, '', 'FLSA of employee', '', 'ACTIVE', '2021-02-23 11:35:32', '2021-02-23 11:35:32', 13, 13, '2021-02-23 11:35:32'),
	(1292, 1, 1, 427, '', 'Category of employee', '', 'ACTIVE', '2021-02-23 11:35:32', '2021-02-23 11:35:32', 13, 13, '2021-02-23 11:35:32'),
	(1293, 1, 1, 428, '', 'Merit Increase Eligible of employee', '', 'ACTIVE', '2021-02-23 11:35:32', '2021-02-23 11:35:32', 13, 13, '2021-02-23 11:35:32'),
	(1294, 1, 1, 429, '', 'Merit Increase Eligible of employee', '', 'ACTIVE', '2021-02-23 11:35:32', '2021-02-23 11:35:32', 13, 13, '2021-02-23 11:35:32'),
	(1295, 1, 1, 430, '', 'Adjustment Increase Eligible of employee', '', 'ACTIVE', '2021-02-23 11:35:32', '2021-02-23 11:35:32', 13, 13, '2021-02-23 11:35:32'),
	(1296, 1, 1, 431, '', 'Lumpsum Increase Eligible of employee', '', 'ACTIVE', '2021-02-23 11:35:32', '2021-02-23 11:35:32', 13, 13, '2021-02-23 11:35:32'),
	(1297, 1, 1, 432, '', 'Commission', '', 'ACTIVE', '2021-02-23 11:35:32', '2021-02-23 11:35:32', 13, 13, '2021-02-23 11:35:32'),
	(1298, 1, 1, 433, '', 'Commission LC', '', 'ACTIVE', '2021-02-23 11:35:32', '2021-02-23 11:35:32', 13, 13, '2021-02-23 11:35:32'),
	(1299, 1, 1, 434, '', 'Executive Name of employee', '', 'ACTIVE', '2021-02-23 11:35:32', '2021-02-23 11:35:32', 13, 13, '2021-02-23 11:35:32'),
	(1300, 1, 1, 435, '', 'Approver  of employee', '', 'ACTIVE', '2021-02-23 11:35:32', '2021-02-23 11:35:32', 13, 13, '2021-02-23 11:35:32'),
	(1301, 1, 1, 436, '', 'DM  of employee', '', 'ACTIVE', '2021-02-23 11:35:32', '2021-02-23 11:35:32', 13, 13, '2021-02-23 11:35:32'),
	(1302, 1, 1, 437, '', 'Comp Admin Name of employee', '', 'ACTIVE', '2021-02-23 11:35:32', '2021-02-23 11:35:32', 13, 13, '2021-02-23 11:35:32'),
	(1303, 1, 1, 438, '', 'HR  Admin Name of employee', '', 'ACTIVE', '2021-02-23 11:35:32', '2021-02-23 11:35:32', 13, 13, '2021-02-23 11:35:32'),
	(1304, 1, 1, 439, '', 'Group name of employee', '', 'ACTIVE', '2021-02-23 11:35:32', '2021-02-23 11:35:32', 13, 13, '2021-02-23 11:35:32'),
	(1305, 1, 1, 443, '', 'Basepay maximum guideline of employee', '', 'ACTIVE', '2021-02-23 11:35:32', '2021-02-23 11:35:32', 13, 13, '2021-02-23 11:35:32'),
	(1306, 1, 1, 444, '', 'Basepay minimum guideline of employee', '', 'ACTIVE', '2021-02-23 11:35:32', '2021-02-23 11:35:32', 13, 13, '2021-02-23 11:35:32'),
	(1307, 1, 1, 445, '', 'Basepay minimum guideline of employee', '', 'ACTIVE', '2021-02-23 11:35:32', '2021-02-23 11:35:32', 13, 13, '2021-02-23 11:35:32'),
	(1308, 1, 1, 446, '', 'Basepay maximum guideline of employee', '', 'ACTIVE', '2021-02-23 11:35:32', '2021-02-23 11:35:32', 13, 13, '2021-02-23 11:35:32'),
	(1309, 1, 1, 447, '', 'Basepay minimum guideline of employee', '', 'ACTIVE', '2021-02-23 11:35:32', '2021-02-23 11:35:32', 13, 13, '2021-02-23 11:35:32'),
	(1310, 1, 1, 448, '', 'Basepay minimum guideline of employee', '', 'ACTIVE', '2021-02-23 11:35:32', '2021-02-23 11:35:32', 13, 13, '2021-02-23 11:35:32'),
	(1311, 1, 1, 449, '', 'Basepay maximum guideline of employee', '', 'ACTIVE', '2021-02-23 11:35:32', '2021-02-23 11:35:32', 13, 13, '2021-02-23 11:35:32'),
	(1312, 1, 1, 450, '', 'Basepay maximum guideline of employee', '', 'ACTIVE', '2021-02-23 11:35:32', '2021-02-23 11:35:32', 13, 13, '2021-02-23 11:35:32'),
	(1313, 1, 1, 451, '', 'Basepay maximum guideline of employee', '', 'ACTIVE', '2021-02-23 11:35:32', '2021-02-23 11:35:32', 13, 13, '2021-02-23 11:35:32'),
	(1314, 1, 1, 452, '', 'Basepay minimum guideline of employee', '', 'ACTIVE', '2021-02-23 11:35:32', '2021-02-23 11:35:32', 13, 13, '2021-02-23 11:35:32'),
	(1315, 1, 1, 453, '', 'Basepay minimum guideline of employee', '', 'ACTIVE', '2021-02-23 11:35:32', '2021-02-23 11:35:32', 13, 13, '2021-02-23 11:35:32'),
	(1316, 1, 1, 454, '', 'Basepay minimum guideline of employee', '', 'ACTIVE', '2021-02-23 11:35:32', '2021-02-23 11:35:32', 13, 13, '2021-02-23 11:35:32'),
	(1317, 1, 1, 455, '', 'Basepay minimum guideline of employee', '', 'ACTIVE', '2021-02-23 11:35:32', '2021-02-23 11:35:32', 13, 13, '2021-02-23 11:35:32'),
	(1318, 1, 1, 456, '', 'Promotion Amount Increase of employee', '', 'ACTIVE', '2021-02-23 11:35:32', '2021-02-23 11:35:32', 13, 13, '2021-02-23 11:35:32'),
	(1319, 1, 1, 457, '', 'Basepay Percent Increase of employee', '', 'ACTIVE', '2021-02-23 11:35:32', '2021-02-23 11:35:32', 13, 13, '2021-02-23 11:35:32'),
	(1320, 1, 1, 458, '', 'Basepay maximum guideline of employee', '', 'ACTIVE', '2021-02-23 11:35:32', '2021-02-23 11:35:32', 13, 13, '2021-02-23 11:35:32'),
	(1321, 1, 1, 459, '', 'Basepay maximum guideline of employee', '', 'ACTIVE', '2021-02-23 11:35:32', '2021-02-23 11:35:32', 13, 13, '2021-02-23 11:35:32'),
	(1322, 1, 1, 460, '', 'Basepay minimum guideline of employee', '', 'ACTIVE', '2021-02-23 11:35:32', '2021-02-23 11:35:32', 13, 13, '2021-02-23 11:35:32'),
	(1323, 1, 1, 461, '', 'Basepay minimum guideline of employee', '', 'ACTIVE', '2021-02-23 11:35:32', '2021-02-23 11:35:32', 13, 13, '2021-02-23 11:35:32'),
	(1324, 1, 1, 462, '', 'Basepay minimum guideline of employee', '', 'ACTIVE', '2021-02-23 11:35:32', '2021-02-23 11:35:32', 13, 13, '2021-02-23 11:35:32'),
	(1325, 1, 1, 463, '', 'Basepay minimum guideline of employee', '', 'ACTIVE', '2021-02-23 11:35:32', '2021-02-23 11:35:32', 13, 13, '2021-02-23 11:35:32'),
	(1326, 1, 1, 464, '', 'Current Annual Bonus of employee', '', 'ACTIVE', '2021-02-23 11:35:32', '2021-02-23 11:35:32', 13, 13, '2021-02-23 11:35:32'),
	(1327, 1, 1, 465, '', 'Current Annual Bonus of employee', '', 'ACTIVE', '2021-02-23 11:35:32', '2021-02-23 11:35:32', 13, 13, '2021-02-23 11:35:32'),
	(1328, 1, 1, 466, '', 'Current Annual Bonus of employee', '', 'ACTIVE', '2021-02-23 11:35:32', '2021-02-23 11:35:32', 13, 13, '2021-02-23 11:35:32'),
	(1329, 1, 1, 467, '', 'Current Annual Bonus of employee', '', 'ACTIVE', '2021-02-23 11:35:32', '2021-02-23 11:35:32', 13, 13, '2021-02-23 11:35:32'),
	(1330, 1, 1, 468, '', 'Current Annual Bonus of employee', '', 'ACTIVE', '2021-02-23 11:35:32', '2021-02-23 11:35:32', 13, 13, '2021-02-23 11:35:32'),
	(1331, 1, 1, 469, '', 'Current Annual Bonus of employee', '', 'ACTIVE', '2021-02-23 11:35:32', '2021-02-23 11:35:32', 13, 13, '2021-02-23 11:35:32'),
	(1332, 1, 1, 470, '', 'Current Annual Bonus of employee', '', 'ACTIVE', '2021-02-23 11:35:32', '2021-02-23 11:35:32', 13, 13, '2021-02-23 11:35:32'),
	(1333, 1, 1, 471, '', 'Current Annual Bonus of employee', '', 'ACTIVE', '2021-02-23 11:35:32', '2021-02-23 11:35:32', 13, 13, '2021-02-23 11:35:32'),
	(1334, 1, 1, 472, '', 'Current Annual Bonus of employee', '', 'ACTIVE', '2021-02-23 11:35:32', '2021-02-23 11:35:32', 13, 13, '2021-02-23 11:35:32'),
	(1335, 1, 1, 473, '', 'Basepay minimum guideline of employee', '', 'ACTIVE', '2021-02-23 11:35:32', '2021-02-23 11:35:32', 13, 13, '2021-02-23 11:35:32'),
	(1336, 1, 1, 474, '', 'New Annual Price of employee', '', 'ACTIVE', '2021-02-23 11:35:32', '2021-02-23 11:35:32', 13, 13, '2021-02-23 11:35:32'),
	(1337, 1, 1, 475, '', 'Stock Increase Eligible of employee', '', 'ACTIVE', '2021-02-23 11:35:32', '2021-02-23 11:35:32', 13, 13, '2021-02-23 11:35:32'),
	(1338, 1, 1, 476, '', 'cliff', '', 'ACTIVE', '2021-02-23 11:35:32', '2021-02-23 11:35:32', 13, 13, '2021-02-23 11:35:32'),
	(1339, 1, 1, 477, '', 'vesting', '', 'ACTIVE', '2021-02-23 11:35:32', '2021-02-23 11:35:32', 13, 13, '2021-02-23 11:35:32'),
	(1340, 1, 1, 478, '', 'units', '', 'ACTIVE', '2021-02-23 11:35:32', '2021-02-23 11:35:32', 13, 13, '2021-02-23 11:35:32'),
	(1341, 1, 1, 480, '', 'price', '', 'ACTIVE', '2021-02-23 11:35:32', '2021-02-23 11:35:32', 13, 13, '2021-02-23 11:35:32'),
	(1342, 1, 1, 481, '', 'units', '', 'ACTIVE', '2021-02-23 11:35:32', '2021-02-23 11:35:32', 13, 13, '2021-02-23 11:35:32'),
	(1343, 1, 1, 482, '', 'New Annual Price of employee', '', 'ACTIVE', '2021-02-23 11:35:32', '2021-02-23 11:35:32', 13, 13, '2021-02-23 11:35:32'),
	(1344, 1, 1, 483, '', 'New Annual Price of employee', '', 'ACTIVE', '2021-02-23 11:35:32', '2021-02-23 11:35:32', 13, 13, '2021-02-23 11:35:32'),
	(1345, 1, 1, 484, '', 'ALLOCATION DATE', '', 'ACTIVE', '2021-02-23 11:35:32', '2021-02-23 11:35:32', 13, 13, '2021-02-23 11:35:32'),
	(1346, 1, 1, 485, '', 'price', '', 'ACTIVE', '2021-02-23 11:35:32', '2021-02-23 11:35:32', 13, 13, '2021-02-23 11:35:32'),
	(1347, 1, 1, 486, '', 'price', '', 'ACTIVE', '2021-02-23 11:35:32', '2021-02-23 11:35:32', 13, 13, '2021-02-23 11:35:32'),
	(1348, 1, 1, 487, '', 'price', '', 'ACTIVE', '2021-02-23 11:35:32', '2021-02-23 11:35:32', 13, 13, '2021-02-23 11:35:32'),
	(1349, 1, 1, 488, '', 'price', '', 'ACTIVE', '2021-02-23 11:35:32', '2021-02-23 11:35:32', 13, 13, '2021-02-23 11:35:32'),
	(1350, 1, 1, 490, '', 'price', '', 'ACTIVE', '2021-02-23 11:35:32', '2021-02-23 11:35:32', 13, 13, '2021-02-23 11:35:32'),
	(1351, 1, 1, 491, '', 'price', '', 'ACTIVE', '2021-02-23 11:35:32', '2021-02-23 11:35:32', 13, 13, '2021-02-23 11:35:32'),
	(1352, 1, 1, 492, '', 'price', '', 'ACTIVE', '2021-02-23 11:35:32', '2021-02-23 11:35:32', 13, 13, '2021-02-23 11:35:32'),
	(1353, 1, 1, 493, '', 'price', '', 'ACTIVE', '2021-02-23 11:35:32', '2021-02-23 11:35:32', 13, 13, '2021-02-23 11:35:32'),
	(1354, 1, 1, 494, '', 'price', '', 'ACTIVE', '2021-02-23 11:35:32', '2021-02-23 11:35:32', 13, 13, '2021-02-23 11:35:32'),
	(1355, 1, 1, 495, '', 'price', '', 'ACTIVE', '2021-02-23 11:35:32', '2021-02-23 11:35:32', 13, 13, '2021-02-23 11:35:32'),
	(1356, 1, 1, 496, '', 'price', '', 'ACTIVE', '2021-02-23 11:35:32', '2021-02-23 11:35:32', 13, 13, '2021-02-23 11:35:32'),
	(1357, 1, 1, 497, '', 'price', '', 'ACTIVE', '2021-02-23 11:35:32', '2021-02-23 11:35:32', 13, 13, '2021-02-23 11:35:32'),
	(1358, 1, 1, 498, '', 'Units Percent Increase of employee', '', 'ACTIVE', '2021-02-23 11:35:32', '2021-02-23 11:35:32', 13, 13, '2021-02-23 11:35:32'),
	(1359, 1, 1, 499, '', 'Units Percent Increase of employee', '', 'ACTIVE', '2021-02-23 11:35:32', '2021-02-23 11:35:32', 13, 13, '2021-02-23 11:35:32'),
	(1360, 1, 1, 500, '', 'Units Percent Increase of employee', '', 'ACTIVE', '2021-02-23 11:35:32', '2021-02-23 11:35:32', 13, 13, '2021-02-23 11:35:32'),
	(1361, 1, 1, 501, '', 'price', '', 'ACTIVE', '2021-02-23 11:35:32', '2021-02-23 11:35:32', 13, 13, '2021-02-23 11:35:32'),
	(1362, 1, 1, 502, '', 'price', '', 'ACTIVE', '2021-02-23 11:35:32', '2021-02-23 11:35:32', 13, 13, '2021-02-23 11:35:32'),
	(1363, 1, 1, 503, '', 'Performance rating code of employee', '', 'ACTIVE', '2021-02-23 11:35:32', '2021-02-23 11:35:32', 13, 13, '2021-02-23 11:35:32'),
	(1364, 1, 1, 504, '', 'Bonus Increase Eligible of employee', '', 'ACTIVE', '2021-02-23 11:35:32', '2021-02-23 11:35:32', 13, 13, '2021-02-23 11:35:32'),
	(1365, 1, 1, 506, '401K Match', 'DecimalField2', '', 'ACTIVE', '2021-02-23 11:35:32', '2021-02-23 11:35:32', 13, 13, '2021-03-05 17:57:07'),
	(1366, 1, 1, 507, '', 'IntegerField1', '', 'ACTIVE', '2021-02-23 11:35:32', '2021-02-23 11:35:32', 13, 13, '2021-02-23 11:35:32'),
	(1367, 1, 1, 508, '', 'Current Annual Basepay LC of employee', '', 'ACTIVE', '2021-02-23 11:35:32', '2021-02-23 11:35:32', 13, 13, '2021-02-23 11:35:32'),
	(1368, 1, 1, 509, '', 'Department name of employee', '', 'ACTIVE', '2021-02-23 11:35:32', '2021-02-23 11:35:32', 13, 13, '2021-02-23 11:35:32'),
	(1369, 1, 1, 510, 'Health Premium', 'DecimalField1', '', 'ACTIVE', '2021-02-23 11:35:32', '2021-02-23 11:35:32', 13, 13, '2021-03-05 17:56:58'),
	(1370, 1, 1, 511, '', 'BonusDecimal1', '', 'ACTIVE', '2021-02-23 11:35:32', '2021-02-23 11:35:32', 13, 13, '2021-02-23 11:35:32'),
	(1371, 1, 1, 512, '', 'BonusDecimal2', '', 'ACTIVE', '2021-02-23 11:35:32', '2021-02-23 11:35:32', 13, 13, '2021-02-23 11:35:32'),
	(1372, 1, 1, 515, '', 'New Hourly wage', '', 'ACTIVE', '2021-02-23 11:35:32', '2021-02-23 11:35:32', 13, 13, '2021-02-23 11:35:32'),
	(1373, 1, 1, 517, '', 'Work country of employee', '', 'ACTIVE', '2021-02-23 11:35:32', '2021-02-23 11:35:32', 13, 13, '2021-02-23 11:35:32'),
	(1374, 1, 1, 518, '', 'Hourly Increase', '', 'ACTIVE', '2021-02-23 11:35:32', '2021-02-23 11:35:32', 13, 13, '2021-02-23 11:35:32'),
	(1375, 1, 1, 519, '', 'Spot Bonus increase name of employee', '', 'ACTIVE', '2021-02-23 11:35:32', '2021-02-23 11:35:32', 13, 13, '2021-02-23 11:35:32'),
	(1376, 1, 1, 520, '', 'Bonus increase name of employee', '', 'ACTIVE', '2021-02-23 11:35:32', '2021-02-23 11:35:32', 13, 13, '2021-02-23 11:35:32'),
	(1377, 1, 1, 521, '', 'Total Basepay Increase Percentage of employee', '', 'ACTIVE', '2021-02-23 11:35:32', '2021-02-23 11:35:32', 13, 13, '2021-02-23 11:35:32'),
	(1378, 1, 1, 522, '', 'Total Basepay Increase Amount of employee', '', 'ACTIVE', '2021-02-23 11:35:32', '2021-02-23 11:35:32', 13, 13, '2021-02-23 11:35:32');
/*!40000 ALTER TABLE `data_loader_mapping` ENABLE KEYS */;

-- Dumping data for table compcloud.data_loader_mapping_connector: ~13 rows (approximately)
/*!40000 ALTER TABLE `data_loader_mapping_connector` DISABLE KEYS */;
INSERT INTO `data_loader_mapping_connector` (`id`, `parent_dataloader_id`, `client_id`, `name`) VALUES
	(1, 946, 5, 'firstName'),
	(2, 947, 5, 'lastName'),
	(3, 950, 5, 'preferredName'),
	(4, 952, 5, 'workEmail'),
	(5, 1009, 5, 'status'),
	(6, 962, 5, 'hireDate'),
	(7, 968, 5, 'jobTitle'),
	(8, 965, 5, 'department'),
	(9, 965, 5, 'division'),
	(10, 957, 5, 'city'),
	(11, 978, 5, 'supervisorId'),
	(12, 1126, 5, 'payRate'),
	(13, 1005, 5, 'id');
/*!40000 ALTER TABLE `data_loader_mapping_connector` ENABLE KEYS */;

-- Dumping data for table compcloud.data_sync: ~22 rows (approximately)
/*!40000 ALTER TABLE `data_sync` DISABLE KEYS */;
INSERT INTO `data_sync` (`DATA_SYNC_ID`, `ORG_ID`, `TENANT_ID`, `CACHE_NAME`, `IDENTIFIER`, `CACHE_DESC`, `STATUS`, `STATUS_TLM`, `WHEN_CREATED`, `TLM`) VALUES
	(3, 1, 1, 'Connector Data', 'ConnectorDataCacheTask', 'ConnectorDataCacheTask', 'ACTIVE', '2019-02-28 16:39:29', '2019-02-28 16:39:31', '2019-02-28 18:41:03'),
	(4, 1, 1, 'Employee Meta Data', 'EmployeeMetaDataCacheTask', 'EmployeeMetaDataCacheTask', 'ACTIVE', '2019-02-28 16:39:29', '2019-02-28 16:39:31', '2019-02-28 18:40:47'),
	(5, 1, 1, 'Meta Data', 'MetaDataCacheTask', 'MetaDataCacheTask', 'ACTIVE', '2019-02-28 16:39:29', '2019-02-28 16:39:31', '2019-02-28 18:40:14'),
	(6, 1, 1, 'Employee Data', 'EmployeeDataCacheTask', 'EmployeeDataCacheTask', 'ACTIVE', '2019-02-28 16:39:29', '2019-02-28 16:39:31', '2019-02-28 18:40:52'),
	(7, 1, 1, 'Setting Data', 'SettingDataCacheTask', 'SettingDataCacheTask', 'ACTIVE', '2019-02-28 16:39:29', '2019-02-28 16:39:31', '2019-02-28 18:39:33'),
	(8, 1, 1, 'Activity Log Data', 'ActivityLogDataCacheTask', 'ActivityLogDataCacheTask', 'ACTIVE', '2019-02-28 16:39:29', '2019-02-28 16:39:31', '2019-02-28 18:41:26'),
	(9, 1, 1, 'Plan Data', 'PlanDataCacheTask', 'PlanDataCacheTask', 'ACTIVE', '2019-02-28 16:39:29', '2019-02-28 16:39:31', '2019-02-28 18:40:03'),
	(10, 1, 1, 'Management Data', 'ManagementDataCacheTask', 'ManagementDataCacheTask', 'ACTIVE', '2019-02-28 16:39:29', '2019-02-28 16:39:31', '2019-02-28 18:40:21'),
	(11, 1, 1, 'Hierarchy Data', 'HierarchyDataCacheTask', 'HierarchyDataCacheTask', 'ACTIVE', '2019-02-28 16:39:29', '2019-02-28 16:39:31', '2019-02-28 18:40:28'),
	(12, 1, 1, 'System Data', 'SystemDataCacheTask', 'SystemDataCacheTask', 'ACTIVE', '2019-02-28 16:39:29', '2019-02-28 16:39:31', '2019-02-28 18:39:28'),
	(13, 1, 1, 'View Builder', 'ViewBuilderDataCacheTask', 'ViewBuilderDataCacheTask', 'ACTIVE', '2019-02-28 16:39:29', '2019-02-28 16:39:31', '2019-02-28 18:38:56'),
	(14, 1, 1, 'Guideline Data', 'GuidelineDataCacheTask', 'GuidelineDataCacheTask', 'ACTIVE', '2019-02-28 16:39:29', '2019-02-28 16:39:31', '2019-02-28 18:40:38'),
	(15, 1, 1, 'Budget Data', 'BudgetDataCacheTask', 'BudgetDataCacheTask', 'ACTIVE', '2019-02-28 16:39:29', '2019-02-28 16:39:31', '2019-02-28 18:41:10'),
	(16, 1, 1, 'Rule Engine', 'RuleEngineDataCacheTask', 'RuleEngineDataCacheTask', 'ACTIVE', '2019-02-28 16:39:29', '2019-02-28 16:39:31', '2019-02-28 18:39:41'),
	(17, 1, 1, 'Report Data', 'ReportDataCacheTask', 'ReportDataCacheTask', 'ACTIVE', '2019-02-28 16:39:29', '2019-02-28 16:39:31', '2019-02-28 18:39:51'),
	(18, 1, 1, 'Performance Review', 'PerformanceReviewDataCacheTask', 'PerformanceReviewDataCacheTask', 'ACTIVE', '2019-02-28 16:39:29', '2019-02-28 16:39:31', '2019-02-28 18:40:09'),
	(19, 1, 1, 'Validation', 'ValidationDataCacheTask', 'ValidationDataCacheTask', 'ACTIVE', '2019-02-28 16:39:29', '2019-02-28 16:39:31', '2019-02-28 18:39:02'),
	(20, 1, 1, 'Template Location', 'TemplateLocationDataCacheTask', 'TemplateLocationDataCacheTask', 'ACTIVE', '2019-02-28 16:39:29', '2019-02-28 16:39:31', '2019-02-28 18:39:19'),
	(21, 1, 1, 'Attribute Data', 'AttributeDataCacheTask', 'AttributeDataCacheTask', 'ACTIVE', '2019-02-28 16:39:29', '2019-02-28 16:39:31', '2019-02-28 18:41:17'),
	(22, 1, 1, 'User Defined Property', 'UserDefinedPropertyDataCacheTask', 'UserDefinedPropertyDataCacheTask', 'ACTIVE', '2019-02-28 16:39:29', '2019-02-28 16:39:31', '2019-02-28 18:39:13'),
	(23, 1, 1, 'Data Loader Mapping Data', 'DataLoaderMappingDataCacheTask', 'DataLoaderMappingDataCacheTask', 'ACTIVE', '2019-02-28 16:39:29', '2019-02-28 16:39:31', '2019-02-28 18:39:13'),
	(28, 1, 1, 'Data Loader Mapping Data', 'DataLoaderMappingDataCacheTask', 'DataLoaderMappingDataCacheTask', 'ACTIVE', '2019-02-28 16:39:29', '2019-02-28 16:39:31', '2019-02-28 18:39:13');
/*!40000 ALTER TABLE `data_sync` ENABLE KEYS */;

-- Dumping data for table compcloud.department: ~4 rows (approximately)
/*!40000 ALTER TABLE `department` DISABLE KEYS */;
INSERT INTO `department` (`DEPT_ID`, `TENANT_ID`, `ORG_ID`, `DEPT_NAME`, `BUSINESS_UNIT_ID`, `DISPLAY_NAME`, `DEPT_DESC`, `DEPT_ADDRESS`, `DEPT_PHONE`, `DEPT_EMAIL`, `IDENTIFICATION_NO`, `DEPT_CODE`, `ACTUAL_REVENUE`, `ACTUAL_SALES`, `ACTUAL_PROFIT`, `FREQUENCY`, `PERIOD_START_DATE`, `PERIOD_END_DATE`, `TARGET_REVENUE`, `TARGET_SALES`, `TARGET_PROFIT`, `REVENUE_MULTIPLIER`, `SALES_MULTIPLIER`, `PROFIT_MULTIPLIER`, `STATUS`, `STATUS_TLM`, `WHEN_CREATED`, `LAST_UPDATED`) VALUES
	(1, 1, 1, 'Human Resource', 2, 'Human Resource', 'Human Resource', 'Bangalore', '7204722818', 'hr@gmail.com', NULL, NULL, NULL, NULL, NULL, NULL, '2018-02-24', '2018-02-24', NULL, NULL, NULL, NULL, NULL, NULL, 'ACTIVE', '2016-08-06 12:52:25', '2018-02-24 22:37:53', '2018-09-02 12:46:07'),
	(2, 1, 1, 'Sales and Operations', 1, 'Sales and Operations', 'Sales and Operations', 'Bangalore', '7204722818', NULL, NULL, NULL, NULL, NULL, NULL, NULL, '2018-02-24', '2018-02-24', NULL, NULL, NULL, NULL, NULL, NULL, 'ACTIVE', '2016-08-06 12:52:25', '2018-02-24 22:37:53', '2019-03-30 19:31:31'),
	(3, 1, 1, 'Finance', 1, 'Finance', 'Finance', 'Bangalore', '7204722818', NULL, NULL, NULL, NULL, NULL, NULL, NULL, '2018-02-24', '2018-02-24', NULL, NULL, NULL, NULL, NULL, NULL, 'ACTIVE', '2016-08-06 12:52:25', '2018-02-24 22:37:53', '2019-05-19 17:12:25'),
	(4, 1, 1, 'Marketing', 1, 'Marketing', 'Marketing', 'Bangalore', '7204722818', 'sdf@gmail.com', 'fg43', '45te', 34211, 4, 34234, '3fdfgd', '2018-05-17', '2018-02-24', 324, 54, 45, 45, 4534, 45, 'ACTIVE', '2016-08-06 12:52:25', '2018-02-24 22:37:53', '2019-05-19 17:13:15');
/*!40000 ALTER TABLE `department` ENABLE KEYS */;

-- Dumping data for table compcloud.email: ~6 rows (approximately)
/*!40000 ALTER TABLE `email` DISABLE KEYS */;
INSERT INTO `email` (`ID`, `IDENTIFIER`, `SUBJECT`, `BODY`) VALUES
	(1, 'password_reset', 'Password Reset', NULL),
	(2, 'invitation', 'Welcome email from Compright', NULL),
	(3, 'budget_action', 'Planning budget is', NULL),
	(4, 'metadata_alert_notification', '[Alert] Planning Submission Violated For', NULL),
	(5, 'report_generation_started', 'Report Generation Status', 'Report generation is started at'),
	(7, 'report_generation_completed', 'Report Generation Status', 'Report generation is completed at');
/*!40000 ALTER TABLE `email` ENABLE KEYS */;

-- Dumping data for table compcloud.employee_data: ~19 rows (approximately)
/*!40000 ALTER TABLE `employee_data` DISABLE KEYS */;
INSERT INTO `employee_data` (`EMPLOYEE_DATA_ID`, `EMPLOYEE_MASTER_ID`, `TENANT_ID`, `ORG_ID`, `CURRENT_BUSINESS_UNIT_ID`, `NEW_BUSINESS_UNIT_ID`, `CURRENT_DEPT_ID`, `NEW_DEPT_ID`, `CURRENT_GROUP_ID`, `NEW_GROUP_ID`, `CURRENT_JOB_FAMILY_ID`, `CURRENT_JOB_ID`, `NEW_JOB_ID`, `CURRENT_JOB_LEVEL_ID`, `NEW_JOB_LEVEL_ID`, `NEW_JOB_FAMILY_ID`, `CURRENT_JOB_ROLE_ID`, `NEW_JOB_ROLE_ID`, `CURRENT_JOB_GRADE_ID`, `NEW_JOB_GRADE_ID`, `CURRENT_PERF_RATING_ID`, `NEW_PERF_RATING_ID`, `CURRENT_PERF_RATING_EXTRA_ID`, `NEW_PERF_RATING_EXTRA_ID`, `AUDIT_ID`, `COUNTRY_CURRENCY_ID`, `CURRENT_INTERNAL_ANALYSIS_DATA_ID`, `NEW_INTERNAL_ANALYSIS_DATA_ID`, `CURRENT_EXTERNAL_ANALYSIS_DATA_ID`, `CURRENT_EXTERNAL_ANALYSIS_DATA_EXTRA_ID`, `NEW_EXTERNAL_ANALYSIS_DATA_ID`, `NEW_EXTERNAL_ANALYSIS_DATA_EXTRA_ID`, `customer_data_id`, `LAST_UPDATED`) VALUES
	(1, 1, 1, 1, 2, NULL, 1, NULL, 1, NULL, 22, 1, 15, 5, NULL, NULL, 5, NULL, 5, NULL, 2, 2, NULL, NULL, 1, 1, 1, 19, 1, 1, 5, 15, 1, '2021-02-25 18:51:30'),
	(2, 2, 1, 1, 3, NULL, 4, NULL, 1, NULL, 22, 2, 2, 5, NULL, NULL, 5, NULL, 5, NULL, 1, NULL, NULL, NULL, 1, 1, 1, 1, 2, 5, 1, 5, 2, '2021-02-12 15:16:27'),
	(3, 3, 1, 1, 3, NULL, 1, NULL, 1, NULL, 22, 3, 3, 5, NULL, NULL, 5, NULL, 5, NULL, 1, NULL, NULL, NULL, 1, 1, 1, 18, 3, 4, 1, 4, 3, '2021-02-12 15:16:27'),
	(4, 4, 1, 1, 1, NULL, 1, NULL, 1, NULL, 22, 4, 4, 5, NULL, NULL, 5, NULL, 5, NULL, 1, NULL, NULL, NULL, 1, 1, 1, 13, 4, 1, 1, 1, 4, '2021-02-12 15:16:27'),
	(5, 5, 1, 1, 2, NULL, 2, NULL, 1, NULL, 22, 5, 6, 5, NULL, NULL, 5, NULL, 5, NULL, 1, NULL, NULL, NULL, 1, 1, 1, 19, 5, 1, 1, 1, 5, '2021-01-18 11:42:18'),
	(6, 6, 1, 1, 1, NULL, 2, NULL, 1, NULL, 22, 6, 6, 5, NULL, NULL, 5, NULL, 5, NULL, 2, NULL, NULL, NULL, 1, 1, 1, 1, 6, 13, 1, 13, 6, '2021-02-12 15:16:27'),
	(7, 7, 1, 1, 1, NULL, 3, NULL, 1, NULL, 22, 7, 7, 5, NULL, NULL, 5, NULL, 5, NULL, 1, NULL, NULL, NULL, 1, 1, 1, 1, 7, 10, 1, 10, 7, '2021-02-12 15:16:27'),
	(8, 8, 1, 1, 2, NULL, 4, NULL, 1, NULL, 22, 8, 8, 5, NULL, NULL, 5, NULL, 5, NULL, 2, NULL, NULL, NULL, 1, 1, 1, 1, 8, 2, 1, 2, 8, '2021-02-12 15:16:27'),
	(9, 9, 1, 1, 1, NULL, 4, NULL, 1, NULL, 22, 9, 9, 5, NULL, NULL, 5, NULL, 5, NULL, 1, NULL, NULL, NULL, 1, 1, 1, 1, 9, 11, 1, 11, 9, '2021-02-12 15:16:27'),
	(10, 10, 1, 1, 1, NULL, 4, NULL, 1, NULL, 22, 10, 10, 5, NULL, NULL, 5, NULL, 5, NULL, 1, NULL, NULL, NULL, 1, 1, 1, 1, 10, NULL, 1, NULL, 10, '2021-01-18 11:42:30'),
	(11, 11, 1, 1, 1, NULL, 4, NULL, 1, NULL, 22, 11, 11, 5, NULL, NULL, 5, NULL, 5, NULL, 2, NULL, NULL, NULL, 1, 1, 1, 1, 1, 10, 1, 10, 11, '2021-02-12 15:16:27'),
	(12, 12, 1, 1, 1, NULL, 4, NULL, 1, NULL, 22, 12, 12, 5, NULL, NULL, 5, NULL, 5, NULL, 1, NULL, NULL, NULL, 1, 1, 1, 1, 1, 10, 1, 10, 12, '2021-02-12 15:16:27'),
	(13, 13, 1, 1, 2, NULL, 1, NULL, 1, NULL, 22, 13, 13, 5, NULL, NULL, 5, NULL, 5, NULL, 1, NULL, NULL, NULL, 1, 1, 1, 1, 12, 1, 12, 1, 13, '2020-07-05 16:41:50'),
	(14, 14, 1, 1, 2, NULL, 4, NULL, 1, NULL, 22, 15, 15, 5, NULL, NULL, 5, NULL, 5, NULL, 1, NULL, NULL, NULL, 1, 1, 1, 1, 1, 1, 1, 1, 14, '2021-02-12 15:16:27'),
	(15, 15, 1, 1, 3, NULL, 4, NULL, 1, NULL, 22, 15, 15, 5, NULL, NULL, 5, NULL, 5, NULL, 1, NULL, NULL, NULL, 1, 1, 1, 1, 1, 1, 1, 1, 15, '2021-02-12 15:16:27'),
	(16, 16, 1, 1, 3, NULL, 4, NULL, 1, NULL, 22, 15, 15, 5, NULL, NULL, 5, NULL, 5, NULL, 1, NULL, NULL, NULL, 1, 1, 1, 1, 1, 10, 1, 10, 15, '2021-02-12 15:16:27'),
	(17, 17, 1, 1, 3, NULL, 4, NULL, 1, NULL, 22, 15, 15, 5, NULL, NULL, 5, NULL, 5, NULL, 1, NULL, NULL, NULL, 1, 1, 1, 1, 1, 10, 1, 10, 15, '2021-02-12 15:16:27'),
	(18, 18, 1, 1, 3, NULL, 4, NULL, 1, NULL, 22, 15, 15, 5, NULL, NULL, 5, NULL, 5, NULL, 1, NULL, NULL, NULL, 1, 1, 1, 1, 1, 11, 1, 11, 15, '2021-02-12 15:16:27'),
	(19, 19, 1, 1, 3, NULL, 4, NULL, 1, NULL, 22, 15, 15, 5, NULL, NULL, 5, NULL, 5, NULL, 1, NULL, NULL, NULL, 1, 1, 1, 1, 1, 11, 1, 11, 15, '2021-02-12 15:16:27');
/*!40000 ALTER TABLE `employee_data` ENABLE KEYS */;

-- Dumping data for table compcloud.employee_group: ~0 rows (approximately)
/*!40000 ALTER TABLE `employee_group` DISABLE KEYS */;
INSERT INTO `employee_group` (`GROUP_ID`, `TENANT_ID`, `ORG_ID`, `BUSINESS_UNIT_ID`, `DEPT_ID`, `IDENTIFICATION_NO`, `GROUP_CODE`, `GROUP_NAME`, `DISPLAY_NAME`, `GROUP_DESC`, `ACTUAL_REVENUE`, `ACTUAL_SALES`, `ACTUAL_PROFIT`, `FREQUENCY`, `PERIOD_START_DATE`, `PERIOD_END_DATE`, `TARGET_REVENUE`, `TARGET_SALES`, `TARGET_PROFIT`, `REVENUE_MULTIPLIER`, `SALES_MULTIPLIER`, `PROFIT_MULTIPLIER`, `STATUS`, `STATUS_TLM`, `WHEN_CREATED`, `LAST_UPDATED`) VALUES
	(1, 1, 1, 1, 1, 'fs254435', '452', 'HR Group', 'hr group', 'HR group', 121, 22, 23, '34324', '2018-07-16', '2016-07-16', 12, 22, 22, 22, 22, 22, 'ACTIVE', '2016-07-16 20:17:09', '2016-07-16 20:17:09', '2018-09-02 12:58:28');
/*!40000 ALTER TABLE `employee_group` ENABLE KEYS */;

-- Dumping data for table compcloud.employee_master: ~19 rows (approximately)
/*!40000 ALTER TABLE `employee_master` DISABLE KEYS */;
INSERT INTO `employee_master` (`EMPLOYEE_MASTER_ID`, `TENANT_ID`, `ORG_ID`, `AUTHENTICATION_ID`, `COMPANY_EMPLOYEE_ID`, `EMPLOYEE_CODE`, `HRMS_ID`, `FIRST_NAME`, `LAST_NAME`, `MIDDLE_NAME`, `FULL_NAME`, `ALIAS_NAME`, `SALUTE`, `OFFICE_PHONE`, `CELL_PHONE`, `EMAIL`, `SSO_ID`, `GENDER`, `ADDRESS1`, `CITY`, `STATE`, `ZIP`, `REGION`, `ETHNICITY`, `RACE`, `WORK_COUNTRY`, `PHOTO`, `IDENTIFICATION_NO`, `DOB`, `SUPERVISOR_ID`, `HR_ID`, `COMP_ADMIN_ID`, `COMP_ADMIN_NAME`, `HR_CONTACT`, `SUPERVISOR_NAME`, `EXECUTIVE_NAME`, `DECISION_MAKER`, `APPROVER_NAME`, `EXECUTIVE_ID`, `DECISION_MAKER_ID`, `APPROVER_ID`, `DECISION_MAKER_NAME`, `LEVEL_POSITION`, `HIRE_DATE`, `REHIRE_DATE`, `STATUS`, `EMPLOYMENT_TYPE`, `EMPLOYEE_TYPE`, `LOA`, `FLSA`, `EMPLOYEE_STATUS`, `EMPLOYEE_CATEGORY`, `HOURS_WORKED`, `HOURS_STANDARD`, `CURRENT_ANNUAL_BASEPAY`, `HOURLY_WAGE`, `CURRENT_TOTAL_COMPENSATION`, `NEW_TOTAL_COMPENSATION`, `TOTAL_COMPENSATION_INCREASE`, `YTD_BASE`, `COMMISION`, `NEW_ANNUAL_BASEPAY`, `TOTAL_BASEPAY_INCREASE_PERCENT`, `TOTAL_BASEPAY_INCREASE_AMOUNT`, `TOTAL_COMPENSATION_INCREASE_PERCENT`, `NEW_HOURLY_WAGE`, `COMMISSION`, `COMMISSION_LC`, `CURRENT_ANNUAL_BASEPAY_LC`, `CURRENT_TOTAL_COMPENSATION_LC`, `YTD_BASE_LC`, `HOURLY_INCREASE`, `INVITATION_STATUS`, `TERMINATION_DATE`, `CREATED_BY`, `CREATED_DATE`, `STATUS_TLM`, `UPDATE_BY`, `LAST_UPDATE`) VALUES
	(1, 1, 1, 1, '30901', 'HR', NULL, 'Jennifer', 'Lewis', NULL, 'Jennifer, Lewis', 'Jennifer', 'MRS', '1234567891', '1234567890', 'test+Jennifer@compensationcloud.com', NULL, '', 'California', 'Santa Barbara', 'NY', NULL, 'asdsad', 'AMERICAN INDIAN', 'AMERICAN_INDIAN', NULL, 'app/img/user/01.jpg', NULL, NULL, 13, 15, 15, NULL, NULL, 'John Doe', NULL, NULL, NULL, NULL, NULL, NULL, NULL, 2, '2021-08-24', '2018-07-27', 'ACTIVE', 'SALARIED', 'FTE', NULL, NULL, NULL, NULL, 1, 11, 79000, 37.98, 1000, 80000, 1000, 65000, NULL, NULL, 1, 1200, NULL, 38.460759493670885, 80000, '80000.0', NULL, NULL, NULL, NULL, b'0', NULL, 1, '2016-05-26 19:25:57', '2018-10-21 21:03:59', 1, '2021-03-22 15:22:21'),
	(2, 1, 1, 2, '30902', 'HR', NULL, 'David', 'Wong', NULL, 'David Wong', 'Dave', 'MR', '1234567891', '1234567891', 'test+David@compensationcloud.com', NULL, 'MALE', 'California', 'Lakewood', 'CA', NULL, 'dsadasd', 'WHITE', 'BLACK', NULL, 'app/img/user/10.jpg', NULL, '1978-07-27', 1, 15, 15, NULL, NULL, 'Jennifer Lewis', NULL, NULL, NULL, NULL, NULL, NULL, NULL, 3, '2016-08-01', '2018-07-31', 'ACTIVE', 'CONTRACT', 'FTE', NULL, NULL, NULL, NULL, 7, 7, 80000, 288.46, 1, 80001, 1, NULL, NULL, NULL, 1, NULL, NULL, 288.46360575, 80001, '80001.0', NULL, NULL, NULL, NULL, b'0', NULL, 1, '2016-05-26 19:25:57', '2018-07-27 21:07:17', 1, '2021-03-03 17:55:33'),
	(3, 1, 1, 3, '30903', 'HR', NULL, 'Lisa', 'Davis', NULL, 'Lisa Davis', 'Lisa', 'MRS', '1234567891', '1234567892', 'test+Lisa@compensationcloud.com', NULL, 'FEMALE', 'California', 'Greenville', 'CA', NULL, 'fdsf', 'WHITE', 'ASIAN', NULL, 'app/img/user/12.jpg', NULL, '1968-07-27', 2, 15, 15, NULL, NULL, 'David Wong', NULL, NULL, NULL, NULL, NULL, NULL, NULL, 4, '2019-01-01', '2018-07-27', 'ACTIVE', 'SALARIED', 'FTE', NULL, NULL, NULL, NULL, 3, 3, 90000, 288.46, 3000, 93000, 3000, NULL, NULL, NULL, 1, NULL, NULL, NULL, 93000, '93000.0', NULL, NULL, NULL, NULL, b'0', NULL, 1, '2016-05-26 19:25:57', '2018-07-24 17:28:08', 1, '2021-02-12 09:41:51'),
	(4, 1, 1, 4, '30904', 'HR', NULL, 'Maria', 'Lee', NULL, 'Maria Lee', 'Maria', 'MRS', '1234567891', '1234567893', 'test+Maria@compensationcloud.com', NULL, 'FEMALE', 'California', 'Greenville', 'CA', NULL, NULL, 'ASIAN', 'AMERICAN_INDIAN', NULL, 'app/img/user/09.jpg', NULL, '1988-07-27', 3, 15, 15, NULL, NULL, 'Lisa Davis', NULL, NULL, NULL, NULL, NULL, NULL, NULL, 5, '2016-08-02', '2018-07-27', 'ACTIVE', 'CONTRACT', 'FTE', NULL, NULL, NULL, NULL, NULL, NULL, 100000, 288.46, 0, 100000, 0, NULL, NULL, NULL, 2, NULL, NULL, NULL, NULL, NULL, NULL, NULL, NULL, NULL, b'0', NULL, 1, '2016-05-26 19:25:57', '2016-05-26 19:25:57', 1, '2021-02-15 15:35:42'),
	(5, 1, 1, 5, '30905', 'SALES', NULL, 'Mike', 'Hudson', NULL, 'Mike, Hudson.', 'Mike', 'MR', '1234567891', '1234567894', 'test+Mike@compensationcloud.com', NULL, 'MALE', 'California', 'Portalnd', 'NY', NULL, NULL, 'AMERICAN INDIAN', 'WHITE', NULL, 'app/img/user/03.jpg', NULL, '1963-07-27', 13, 15, 15, NULL, NULL, 'John Doe', NULL, NULL, NULL, NULL, NULL, NULL, NULL, 2, '2016-08-03', '2018-07-27', 'ACTIVE', 'SALARIED', 'FTE', NULL, NULL, NULL, NULL, NULL, NULL, 85000, 288.46, 0, 85000, 0, NULL, NULL, NULL, 1, 1100, NULL, 288.46, 85000, '85000.0', NULL, NULL, NULL, NULL, b'0', NULL, 1, '2016-05-26 19:25:57', '2016-05-26 19:25:57', 1, '2021-03-07 10:07:20'),
	(6, 1, 1, NULL, '30906', 'SALES', NULL, 'Sandy', 'Honk', NULL, 'Sandy Honk', 'Sandy', 'MRS', '1234567891', '1234567895', 'test+Sandy@compensationcloud.com', NULL, 'FEMALE', 'California', 'Alexandria', 'NJ', NULL, NULL, 'ASIAN', 'BLACK', NULL, 'app/img/user/14.jpg', NULL, NULL, 5, 15, 15, NULL, NULL, 'Mike Hudson', NULL, NULL, NULL, NULL, NULL, NULL, NULL, 3, '2016-08-04', '2018-07-27', 'INACTIVE', 'CONTRACT', 'FTE', NULL, NULL, NULL, NULL, NULL, NULL, 70000, 288.46, 1400, 71400, 1400, NULL, NULL, NULL, 2, 1000, NULL, NULL, 71400, '71400.0', NULL, NULL, NULL, NULL, b'0', NULL, 1, '2016-05-26 19:25:57', '2016-05-26 19:25:57', 1, '2021-02-15 15:35:43'),
	(7, 1, 1, NULL, '30907', 'OPER', NULL, 'Melinda', 'Hages', NULL, 'Milanda Hages', 'Milanda', 'MRS', '1234567891', '1234567896', 'test+Melinda@compensationcloud.com', NULL, 'xyz', 'California', 'Lakewood', 'LA', NULL, NULL, 'AMERICAN INDIAN', 'ASIAN', NULL, 'app/img/user/07.jpg', NULL, '1978-07-27', 13, 15, 15, NULL, NULL, 'John Doe', NULL, NULL, NULL, NULL, NULL, NULL, NULL, 2, '2016-08-05', '2018-07-27', 'ACTIVE', 'SALARIED', 'FTE', NULL, NULL, NULL, NULL, NULL, NULL, 98000, 42.78, 0, 98000, 0, NULL, NULL, NULL, 1, 1100, NULL, 42.78, 98000, '98000.0', NULL, NULL, NULL, NULL, b'0', NULL, 1, '2016-05-26 19:25:57', '2016-05-26 19:25:57', 1, '2021-03-21 21:21:10'),
	(8, 1, 1, 8, '30908', 'DEV', NULL, 'Ravi', 'Kapoor', NULL, 'Ravi Kapoor', 'Ravi', 'MR', '1234567891', '1234567897', 'test+Ravi@compensationcloud.com', NULL, 'MALE', 'California', 'Buffalo', 'CA', NULL, NULL, 'ASIAN', 'WHITE', NULL, 'app/img/user/04.jpg', NULL, '1969-07-27', 13, 15, 15, NULL, NULL, 'John Doe', NULL, NULL, NULL, NULL, NULL, NULL, NULL, 2, '2016-08-06', '2018-07-27', 'ACTIVE', 'CONTRACT', NULL, NULL, NULL, NULL, NULL, NULL, NULL, 89000, 42.78, 0, 89000, 0, NULL, NULL, NULL, 1, 2000, NULL, NULL, NULL, NULL, NULL, NULL, NULL, NULL, b'0', NULL, 1, '2016-05-26 19:25:57', '2016-05-26 19:25:57', 1, '2021-02-15 15:35:45'),
	(9, 1, 1, NULL, '30909', 'DEV', NULL, 'Aaron', 'Davis', NULL, 'Aaron Davis', 'Aaron', 'MR', '1234567891', '1234567898', 'test+Aaron@compensationcloud.com', NULL, 'Female', 'California', 'Greenville', 'CA', NULL, NULL, 'AFRICAN AMERICAN', 'NATIVE_HAWAIIAN', NULL, 'app/img/user/11.jpg', NULL, NULL, 8, 15, 15, NULL, NULL, 'Ravi Kapoor', NULL, NULL, NULL, NULL, NULL, NULL, NULL, 3, '2016-08-07', '2018-07-27', 'ACTIVE', 'SALARIED', 'FTE', NULL, NULL, NULL, NULL, NULL, NULL, 120000, 288.46, 0, 120000, 0, NULL, NULL, NULL, 1, 1000, NULL, NULL, NULL, NULL, NULL, NULL, NULL, NULL, b'0', NULL, 1, '2016-05-26 19:25:57', '2016-05-26 19:25:57', 1, '2021-02-15 15:35:47'),
	(10, 1, 1, 10, '30910', 'DEV', NULL, 'Sumesh', 'Roy', NULL, 'Sumesh Roy', 'Som', 'MR', '1234567891', '1234567899', 'test+Sumesh@compensationcloud.com', NULL, 'Male', 'California', 'Alexandria', 'CA', NULL, NULL, 'HISPANIC', 'AMERICAN_INDIAN', NULL, 'app/img/user/13.jpg', NULL, '1980-07-27', 8, 15, 15, NULL, NULL, 'Ravi Kapoor', NULL, NULL, NULL, NULL, NULL, NULL, NULL, 3, '2016-08-08', '2018-07-27', 'ACTIVE', 'CONTRACT', 'FTE', NULL, NULL, NULL, NULL, NULL, NULL, 100000, 288.46, 0, 100000, 0, NULL, NULL, NULL, 2, 2000, NULL, NULL, NULL, NULL, NULL, NULL, NULL, NULL, b'0', NULL, 1, '2016-05-26 19:25:57', '2016-05-26 19:25:57', 1, '2021-02-15 15:35:47'),
	(11, 1, 1, 11, '30911', 'DEV', NULL, 'Emma', 'Lee', NULL, 'Emma Lee', 'Emma', 'MRS', '1234567891', '1234567811', 'test+Emma@compensationcloud.com', NULL, NULL, 'California', 'Alexandria', 'CA', NULL, NULL, 'ASIAN', 'NATIVE_HAWAIIAN', NULL, 'app/img/user/05.jpg', NULL, NULL, 10, 15, 15, NULL, NULL, 'Sumesh Roy', NULL, NULL, NULL, NULL, NULL, NULL, NULL, 4, '2016-08-09', '2018-07-27', 'ACTIVE', 'SALARIED', NULL, NULL, NULL, NULL, NULL, NULL, NULL, 100000, 288.46, 0, 100000, 0, NULL, NULL, NULL, 1, 1400, NULL, NULL, NULL, NULL, NULL, NULL, NULL, NULL, b'0', NULL, 1, '2016-05-26 19:25:57', '2016-05-26 19:25:57', 1, '2021-02-15 15:35:48'),
	(12, 1, 1, 12, '30912', 'DEV', NULL, 'Jenny', 'Farad', NULL, 'Jenny Farad', 'Jen', 'MRS', '1234567891', '1234567891', 'test+Jenny@compensationcloud.com', NULL, '', 'California', 'Alexandria', 'CA', NULL, NULL, 'HISPANIC', 'AMERICAN_INDIAN', NULL, 'app/img/user/08.jpg', NULL, '1993-07-27', 11, 15, 15, NULL, NULL, 'Emma Lee', NULL, NULL, NULL, NULL, NULL, NULL, NULL, 5, '2016-09-15', '2018-07-27', 'ACTIVE', 'SALARIED', 'FTE', NULL, NULL, NULL, NULL, NULL, NULL, 100000, 288.46, 0, 100000, 0, NULL, NULL, NULL, 1, 1500, NULL, NULL, NULL, NULL, NULL, NULL, NULL, NULL, b'0', NULL, 1, '2016-05-26 19:25:57', '2016-09-15 14:31:53', 1, '2021-02-15 15:35:49'),
	(13, 1, 1, 13, '30913', 'DEV', NULL, 'John', 'Doe', NULL, 'John Doe', 'John', 'MR', '1234567891', '1244567891', 'test+John@compensationcloud.com', NULL, 'MALE', 'California', 'Alexandria', 'CA', NULL, NULL, 'WHITE', 'ASIAN', NULL, 'app/img/user/02.jpg', NULL, '1963-07-27', 14, 15, 15, NULL, NULL, 'Alex Martin', NULL, NULL, NULL, NULL, NULL, NULL, NULL, 1, '2016-09-15', '2018-07-27', 'ACTIVE', 'SALARIED', 'FTE', NULL, NULL, NULL, NULL, NULL, NULL, 100000, 288.46, 0, 100000, 0, NULL, NULL, NULL, 1, 1000, NULL, NULL, NULL, NULL, NULL, NULL, NULL, NULL, b'0', NULL, 1, '2016-05-26 19:25:57', '2016-09-15 14:31:53', 1, '2021-02-15 15:35:50'),
	(14, 1, 1, 14, '30914', 'DEV', NULL, 'Alex', 'Martin', NULL, 'Alex Martin', 'Mark', 'MR', '1234567891', '1244567891', 'test+Alex@compensationcloud.com', NULL, 'MALE', 'California', 'Greenville', 'CA', NULL, 'dfdf', 'AFRICAN AMERICAN', 'WHITE', NULL, 'app/img/user/15.jpg', NULL, '1988-07-27', NULL, 6, 15, NULL, NULL, 'Merry Davidson', NULL, NULL, NULL, NULL, NULL, NULL, NULL, 0, '2016-09-15', '2018-05-23', 'ACTIVE', 'SALARIED', 'FTE', NULL, NULL, NULL, NULL, 23, 23, 110000, 288.46, 0, 110000, 0, NULL, NULL, NULL, 1, NULL, NULL, NULL, NULL, NULL, NULL, NULL, NULL, NULL, b'0', NULL, 14, '2016-05-26 19:25:57', '2018-05-14 13:16:47', 14, '2021-02-12 09:41:51'),
	(15, 1, 1, 15, '30915', 'DEV', NULL, 'Mark', 'Lilly', NULL, 'Mark Lilly', 'Mark', 'MR', '1234567891', '1244567891', 'test+Mark@compensationcloud.com', NULL, 'Male', 'California', 'Greenville', 'CA', NULL, 'wewewq', 'HISPANIC', 'ASIAN', NULL, 'app/img/user/06.jpg', NULL, '1963-07-27', 12, 9, 15, NULL, NULL, 'Jenny Farad', NULL, NULL, NULL, NULL, NULL, NULL, NULL, 6, '2016-09-15', '2018-05-24', 'ACTIVE', 'SALARIED', 'FTE', NULL, NULL, NULL, NULL, 4, 4, 15000, 288.46, 0, 15000, 0, NULL, NULL, NULL, 2, 1000, NULL, 288.46, 15000, '"15000.0"', NULL, NULL, NULL, NULL, b'0', NULL, 15, '2016-05-26 19:25:57', '2018-05-15 23:26:25', 15, '2021-02-12 09:41:51'),
	(16, 1, 1, 16, '30916', 'HR', NULL, 'Chris', 'Donald', NULL, 'Chist Donald', 'Chris', 'MRS', '1234567891', '1234567893', 'test+Chris@compensationcloud.com', NULL, 'MALE', 'California', 'Greenville', 'CA', NULL, NULL, 'ASIAN', 'AMERICAN_INDIAN', NULL, 'app/img/user/03.jpg', NULL, '1988-07-27', 4, 15, 15, NULL, NULL, 'Marie Lee', NULL, NULL, NULL, NULL, NULL, NULL, NULL, 6, '2016-08-02', '2018-07-27', 'ACTIVE', 'CONTRACT', 'FTE', NULL, NULL, NULL, NULL, NULL, NULL, 100000, 288.46, 0, 100000, 0, NULL, NULL, NULL, 1, 1000, NULL, NULL, NULL, NULL, NULL, NULL, NULL, NULL, b'0', NULL, 1, '2016-05-26 19:25:57', '2016-05-26 19:25:57', 1, '2021-02-15 15:35:51'),
	(17, 1, 1, 17, '30917', 'HR', NULL, 'Emily', 'Chang', NULL, 'Emily Chang', 'Emily', 'MRS', '1234567891', '1234567893', 'test+Emily@compensationcloud.com', NULL, 'FEMALE', 'California', 'Greenville', 'CA', NULL, NULL, 'ASIAN', 'AMERICAN_INDIAN', NULL, NULL, NULL, '1988-07-27', 16, 15, 15, NULL, NULL, 'Chris Donald', NULL, NULL, NULL, NULL, NULL, NULL, NULL, 7, '2016-08-02', '2018-07-27', 'ACTIVE', 'CONTRACT', 'FTE', NULL, NULL, NULL, NULL, NULL, NULL, 100000, 288.46, 0, 100000, 0, NULL, NULL, NULL, 1, 1500, NULL, NULL, NULL, NULL, NULL, NULL, NULL, NULL, b'0', NULL, 1, '2016-05-26 19:25:57', '2016-05-26 19:25:57', 1, '2021-02-15 15:35:52'),
	(18, 1, 1, 18, '30918', 'HR', NULL, 'Jessica', 'Horton', NULL, 'Jessica Horton', 'Emily', 'MRS', '1234567891', '1234567893', 'test+Jessica@compensationcloud.com', NULL, 'FEMALE', 'California', 'Greenville', 'CA', NULL, NULL, 'ASIAN', 'AMERICAN_INDIAN', NULL, NULL, NULL, '1988-07-27', 7, 15, 15, NULL, NULL, 'Emily Chang', NULL, NULL, NULL, NULL, NULL, NULL, NULL, 8, '2016-08-02', '2018-07-27', 'ACTIVE', 'CONTRACT', 'FTE', NULL, NULL, NULL, NULL, NULL, NULL, 100000, 288.46, 2000, 102000, 2000, NULL, NULL, NULL, 1, 1300, NULL, NULL, 102000, '102000.0', NULL, NULL, NULL, NULL, b'0', NULL, 1, '2016-05-26 19:25:57', '2016-05-26 19:25:57', 1, '2021-02-15 15:35:52'),
	(19, 1, 1, NULL, '30919', 'HR', NULL, 'Shelly', 'Hages', NULL, 'Shelly Hages', 'Shelly', 'MRS', '1234567891', '1234567893', 'test+Shelly@compensationcloud.com', NULL, 'FEMALE', 'California', 'Greenville', 'CA', NULL, NULL, 'ASIAN', 'AMERICAN_INDIAN', NULL, NULL, NULL, '1988-07-27', 18, 15, 15, NULL, NULL, 'Jessica Horton', NULL, NULL, NULL, NULL, NULL, NULL, NULL, 9, '2016-08-02', '2018-07-27', 'ACTIVE', 'CONTRACT', 'FTE', NULL, NULL, NULL, NULL, NULL, NULL, 100000, 288.46, 0, 100000, 0, NULL, NULL, NULL, 1, 1300, NULL, NULL, NULL, NULL, NULL, NULL, NULL, NULL, b'0', NULL, 1, '2016-05-26 19:25:57', '2016-05-26 19:25:57', 1, '2021-02-15 15:35:53');
/*!40000 ALTER TABLE `employee_master` ENABLE KEYS */;

-- Dumping data for table compcloud.entity_action: ~0 rows (approximately)
/*!40000 ALTER TABLE `entity_action` DISABLE KEYS */;
/*!40000 ALTER TABLE `entity_action` ENABLE KEYS */;

-- Dumping data for table compcloud.entity_action_notification: ~0 rows (approximately)
/*!40000 ALTER TABLE `entity_action_notification` DISABLE KEYS */;
INSERT INTO `entity_action_notification` (`ID`, `ORG_ID`, `TENANT_ID`, `NOTIFICATION_MESSAGE`, `STATUS`, `STATUS_TLM`, `WHEN_CREATED`, `MODIFIED_BY`, `CREATED_BY`, `LAST_UPDATED`, `entity_action`, `notification_employee_types`) VALUES
	(2, 1, 1, 'Planning violated', 'ACTIVE', '2020-12-24 10:28:12', '2020-12-24 10:28:12', 13, 1, '2020-12-24 10:28:12', 'Planning Submit', 'Supervisor,CompAdmin,Hr');
/*!40000 ALTER TABLE `entity_action_notification` ENABLE KEYS */;

-- Dumping data for table compcloud.entity_action_notification_rule_mapper: ~0 rows (approximately)
/*!40000 ALTER TABLE `entity_action_notification_rule_mapper` DISABLE KEYS */;
INSERT INTO `entity_action_notification_rule_mapper` (`ENTITY_ACTION_NOTIFICATION_ID`, `RULE_ID`) VALUES
	(2, 36);
/*!40000 ALTER TABLE `entity_action_notification_rule_mapper` ENABLE KEYS */;

-- Dumping data for table compcloud.external_analysis_data: ~13 rows (approximately)
/*!40000 ALTER TABLE `external_analysis_data` DISABLE KEYS */;
INSERT INTO `external_analysis_data` (`EXTERNAL_ANALYSIS_DATA_ID`, `ORG_ID`, `TENANT_ID`, `NAME`, `CODE`, `TITLE`, `EXTERNAL_ANALYSIS_DATA_SOURCE_ID`, `JOB_ID`, `JOB_LEVEL_ID`, `JOB_ROLE_ID`, `JOB_GRADE_ID`, `JOB_FAMILY_ID`, `MIN_VALUE`, `MID_VALUE`, `MAX_VALUE`, `STATUS`, `DESCRIPTION`, `STATUS_TLM`, `WHEN_CREATED`, `LAST_UPDATED`) VALUES
	(1, 1, 1, 'data111', '', '', 1, 1, NULL, NULL, NULL, NULL, 50000, 110000, 120000, 'ACTIVE', 'desc', '2016-06-25 13:38:08', '2018-09-30 10:10:14', '2020-06-23 23:42:21'),
	(2, 1, 1, 'data2', '', '', 1, 2, NULL, NULL, NULL, NULL, 40000, 100000, 110000, 'ACTIVE', NULL, '2016-06-25 13:38:08', '2018-09-30 10:10:15', '2020-06-23 23:42:21'),
	(3, 1, 1, 'data3', '', '', 1, 3, NULL, NULL, NULL, NULL, 50000, 110000, 120000, 'ACTIVE', NULL, '2016-06-25 13:38:08', '2018-09-30 10:10:16', '2020-06-23 23:42:21'),
	(4, 1, 1, 'data4', '', '', 1, 4, NULL, NULL, NULL, NULL, 50000, 110000, 120000, 'ACTIVE', NULL, '2016-06-25 13:38:08', '2018-09-30 10:10:17', '2020-06-23 23:42:21'),
	(5, 1, 1, 'data5', '', '', 1, 5, NULL, NULL, NULL, NULL, 50000, 110000, 120000, 'ACTIVE', NULL, '2016-06-25 13:38:08', '2018-09-30 10:10:18', '2020-06-23 23:42:21'),
	(6, 1, 1, 'data6', '', '', 1, 6, NULL, NULL, NULL, NULL, 50000, 110000, 120000, 'ACTIVE', NULL, '2016-06-25 13:38:08', '2018-09-30 10:10:19', '2020-06-23 23:42:21'),
	(7, 1, 1, 'data7', '', '', 1, 7, NULL, NULL, NULL, NULL, 50000, 110000, 120000, 'ACTIVE', NULL, '2016-06-25 13:38:08', '2018-09-30 10:10:20', '2020-06-23 23:42:21'),
	(8, 1, 1, 'data8', '', '', 1, 8, NULL, NULL, NULL, NULL, 50000, 110000, 120000, 'ACTIVE', NULL, '2016-06-25 13:38:08', '2018-09-30 10:10:20', '2020-06-23 23:42:21'),
	(9, 1, 1, 'data9', '', '', 1, 9, NULL, NULL, NULL, NULL, 50000, 110000, 120000, 'ACTIVE', NULL, '2016-06-25 13:38:08', '2018-09-30 10:10:21', '2020-06-23 23:42:21'),
	(10, 1, 1, 'data10', '', '', 1, 10, NULL, NULL, NULL, NULL, 50000, 110000, 120000, 'ACTIVE', NULL, '2016-06-25 13:38:08', '2018-09-30 10:10:22', '2020-06-23 23:42:21'),
	(11, 1, 1, 'data11', '', '', 1, 11, NULL, NULL, NULL, NULL, 50000, 110000, 120000, 'ACTIVE', NULL, '2016-06-25 13:38:08', '2018-09-30 10:10:23', '2020-06-23 23:42:21'),
	(12, 1, 1, 'data12', '', '', 1, 12, NULL, NULL, NULL, NULL, 50000, 110000, 120000, 'ACTIVE', NULL, '2016-06-25 13:38:08', '2018-09-30 10:10:24', '2020-06-23 23:42:21'),
	(13, 1, 1, 'data13', '', '', 1, 13, NULL, NULL, NULL, NULL, 50000, 110000, 120000, 'ACTIVE', NULL, '2016-06-25 13:38:08', '2018-09-30 10:10:24', '2020-06-23 23:42:21');
/*!40000 ALTER TABLE `external_analysis_data` ENABLE KEYS */;

-- Dumping data for table compcloud.external_analysis_data_extra: ~15 rows (approximately)
/*!40000 ALTER TABLE `external_analysis_data_extra` DISABLE KEYS */;
INSERT INTO `external_analysis_data_extra` (`EXTERNAL_ANALYSIS_DATA_EXTRA_ID`, `ORG_ID`, `TENANT_ID`, `NAME`, `CODE`, `TITLE`, `EXTERNAL_ANALYSIS_DATA_SOURCE_ID`, `JOB_ID`, `JOB_LEVEL_ID`, `JOB_ROLE_ID`, `JOB_GRADE_ID`, `JOB_FAMILY_ID`, `MIN_VALUE`, `MID_VALUE`, `MAX_VALUE`, `STATUS`, `DESCRIPTION`, `STATUS_TLM`, `WHEN_CREATED`, `LAST_UPDATED`) VALUES
	(1, 1, 1, 'codex1', 'codex1', 'codex1', 1, 1, NULL, NULL, NULL, NULL, 70000, 90000, 120000, 'ACTIVE', '', '2020-04-17 12:38:18', NULL, '2021-02-25 18:11:02'),
	(2, 1, 1, 'codex2', 'codex2', 'codex2', 1, 2, NULL, NULL, NULL, NULL, 70000, 90000, 120000, 'ACTIVE', NULL, '2020-04-17 12:38:18', NULL, '2020-06-24 20:16:02'),
	(3, 1, 1, 'codex3', 'codex3', 'codex3', 1, 3, NULL, NULL, NULL, NULL, 70000, 90000, 120000, 'ACTIVE', NULL, '2020-04-17 12:38:18', NULL, '2020-06-24 20:16:02'),
	(4, 1, 1, 'codex4', 'codex4', 'codex4', 1, 4, NULL, NULL, NULL, NULL, 70000, 90000, 120000, 'ACTIVE', NULL, '2020-04-17 12:38:18', NULL, '2020-06-24 20:16:02'),
	(5, 1, 1, 'codex5', 'codex5', 'codex5', 1, 5, NULL, NULL, NULL, NULL, 70000, 90000, 120000, 'ACTIVE', NULL, '2020-04-17 12:38:18', NULL, '2020-06-24 20:16:02'),
	(6, 1, 1, 'codex6', 'codex6', 'codex6', 1, 6, NULL, NULL, NULL, NULL, 70000, 90000, 120000, 'ACTIVE', NULL, '2020-04-17 12:38:18', NULL, '2020-06-24 20:16:02'),
	(7, 1, 1, 'codex7', 'codex7', 'codex7', 1, 7, NULL, NULL, NULL, NULL, 70000, 90000, 120000, 'ACTIVE', NULL, '2020-04-17 12:38:18', NULL, '2020-06-24 20:16:02'),
	(8, 1, 1, 'codex8', 'codex8', 'codex8', 1, 8, NULL, NULL, NULL, NULL, 70000, 90000, 120000, 'ACTIVE', NULL, '2020-04-17 12:38:18', NULL, '2020-06-24 20:16:02'),
	(9, 1, 1, 'codex9', 'codex9', 'codex9', 1, 9, NULL, NULL, NULL, NULL, 70000, 90000, 120000, 'ACTIVE', NULL, '2020-04-17 12:38:18', NULL, '2020-06-24 20:16:02'),
	(10, 1, 1, 'codex10', 'codex10', 'codex10', 1, 10, NULL, NULL, NULL, NULL, 70000, 90000, 120000, 'ACTIVE', NULL, '2020-04-17 12:38:18', NULL, '2020-06-24 20:16:02'),
	(11, 1, 1, 'codex11', 'codex11', 'codex11', 1, 11, NULL, NULL, NULL, NULL, 70000, 90000, 120000, 'ACTIVE', NULL, '2020-04-17 12:38:18', NULL, '2020-06-24 20:16:02'),
	(12, 1, 1, 'codex12', 'codex12', 'codex12', 1, 12, NULL, NULL, NULL, NULL, 70000, 90000, 120000, 'ACTIVE', NULL, '2020-04-17 12:38:18', NULL, '2020-06-24 20:16:02'),
	(13, 1, 1, 'codex13', 'codex13', 'codex13', 1, 13, NULL, NULL, NULL, NULL, 70000, 90000, 120000, 'ACTIVE', NULL, '2020-04-17 12:38:18', NULL, '2020-06-24 20:16:02'),
	(14, 1, 1, 'codex14', 'codex14', 'codex14', 1, 14, NULL, NULL, NULL, NULL, 70000, 90000, 120000, 'ACTIVE', NULL, '2020-04-17 12:38:18', NULL, '2020-06-24 20:16:02'),
	(15, 1, 1, 'codex15', 'codex15', 'codex15', 1, 15, NULL, NULL, NULL, NULL, 70000, 90000, 120000, 'ACTIVE', NULL, '2020-04-17 12:38:18', NULL, '2020-06-24 20:16:02');
/*!40000 ALTER TABLE `external_analysis_data_extra` ENABLE KEYS */;

-- Dumping data for table compcloud.external_analysis_data_source: ~2 rows (approximately)
/*!40000 ALTER TABLE `external_analysis_data_source` DISABLE KEYS */;
INSERT INTO `external_analysis_data_source` (`EXTERNAL_ANALYSIS_DATA_SOURCE_ID`, `NAME`, `STATUS`, `STATUS_TLM`, `WHEN_CREATED`, `LAST_UPDATED`) VALUES
	(1, 'datasource1', 'ACTIVE', '2016-06-25 13:38:08', '2018-09-30 10:10:14', '2017-11-08 16:58:20'),
	(2, 'datasource2', 'ACTIVE', '2016-06-25 13:38:08', '2018-09-30 10:10:15', '2017-11-08 16:58:20');
/*!40000 ALTER TABLE `external_analysis_data_source` ENABLE KEYS */;

-- Dumping data for table compcloud.external_analysis_data_source_organisation_mapper: ~4 rows (approximately)
/*!40000 ALTER TABLE `external_analysis_data_source_organisation_mapper` DISABLE KEYS */;
INSERT INTO `external_analysis_data_source_organisation_mapper` (`EXTERNAL_ANALYSIS_DATA_SOURCE_ORGANISATION_MAPPER_ID`, `ORG_ID`, `TENANT_ID`, `EXTERNAL_ANALYSIS_DATA_SOURCE_ID`, `STATUS`) VALUES
	(1, 1, 1, 1, 'ACTIVE'),
	(2, 1, 1, 2, 'INACTIVE'),
	(3, 1, 1, 2, 'INACTIVE'),
	(4, 1, 1, 2, 'INACTIVE');
/*!40000 ALTER TABLE `external_analysis_data_source_organisation_mapper` ENABLE KEYS */;

-- Dumping data for table compcloud.grid_view: ~0 rows (approximately)
/*!40000 ALTER TABLE `grid_view` DISABLE KEYS */;
INSERT INTO `grid_view` (`GRID_VIEW_ID`, `ORG_ID`, `TENANT_ID`, `LOADED`, `STATUS`, `STATUS_TLM`, `NAME`, `DESCRIPTION`, `TEMPLATE`, `WHEN_CREATED`, `MODIFIED_BY`, `CREATED_BY`, `LAST_UPDATED`) VALUES
	(11, 1, 1, b'1', 'ACTIVE', '2018-09-02 23:24:44', 'Planning Budget', 'Planning Budget', '[ {\r\n  "id" : 0,\r\n  "fields" : [ {\r\n    "id" : "1",\r\n    "type" : "metadata"\r\n  }, {\r\n    "id" : "2",\r\n    "type" : "metadata"\r\n  }, {\r\n    "id" : "3",\r\n    "type" : "metadata"\r\n  }, {\r\n    "id" : "4",\r\n    "type" : "metadata"\r\n  }, {\r\n    "id" : "417",\r\n    "type" : "metadata"\r\n  }, {\r\n    "id" : "5",\r\n    "type" : "metadata"\r\n  }, {\r\n    "id" : "26",\r\n    "type" : "metadata"\r\n  }, {\r\n    "id" : "418",\r\n    "type" : "metadata"\r\n  }, {\r\n    "id" : "420",\r\n    "type" : "metadata"\r\n  }, {\r\n    "id" : "31",\r\n    "type" : "metadata"\r\n  }, {\r\n    "id" : "25",\r\n    "type" : "metadata"\r\n  }, {\r\n    "id" : "61",\r\n    "type" : "metadata"\r\n  }, {\r\n    "id" : "310",\r\n    "type" : "metadata"\r\n  }, {\r\n    "id" : "209",\r\n    "type" : "metadata"\r\n  }, {\r\n    "id" : "185",\r\n    "type" : "metadata"\r\n  }, {\r\n    "id" : "60",\r\n    "type" : "metadata"\r\n  }, {\r\n    "id" : "245",\r\n    "type" : "metadata"\r\n  }, {\r\n    "id" : "240",\r\n    "type" : "metadata"\r\n  }, {\r\n    "id" : "32",\r\n    "type" : "metadata"\r\n  }, {\r\n    "id" : "27",\r\n    "type" : "metadata"\r\n  }, {\r\n    "id" : "386",\r\n    "type" : "metadata"\r\n  }, {\r\n    "id" : "385",\r\n    "type" : "metadata"\r\n  }, {\r\n    "id" : "387",\r\n    "type" : "metadata"\r\n  }, {\r\n    "id" : "388",\r\n    "type" : "metadata"\r\n  }, {\r\n    "id" : "156",\r\n    "type" : "metadata"\r\n  }, {\r\n    "id" : "396",\r\n    "type" : "metadata"\r\n  }, {\r\n    "id" : "294",\r\n    "type" : "metadata"\r\n  }, {\r\n    "id" : "34",\r\n    "type" : "metadata"\r\n  }, {\r\n    "id" : "306",\r\n    "type" : "metadata"\r\n  }, {\r\n    "id" : "175",\r\n    "type" : "metadata"\r\n  }, {\r\n    "id" : "37",\r\n    "type" : "metadata"\r\n  }, {\r\n    "id" : "74",\r\n    "type" : "metadata"\r\n  }, {\r\n    "id" : "73",\r\n    "type" : "metadata"\r\n  }, {\r\n    "id" : "429",\r\n    "type" : "metadata"\r\n  }, {\r\n    "id" : "403",\r\n    "type" : "metadata"\r\n  }, {\r\n    "id" : "395",\r\n    "type" : "metadata"\r\n  } ]\r\n} ]', '2018-09-02 23:24:44', 13, 2, '2019-04-18 22:00:48');
/*!40000 ALTER TABLE `grid_view` ENABLE KEYS */;

-- Dumping data for table compcloud.guideline: ~0 rows (approximately)
/*!40000 ALTER TABLE `guideline` DISABLE KEYS */;
INSERT INTO `guideline` (`GUIDELINE_ID`, `ORG_ID`, `TENANT_ID`, `GUIDELINE_STATUS`, `STATUS_TLM`, `LAST_UPDATED`) VALUES
	(1, 1, 1, 'ACTIVE', '2016-08-25 09:49:40', '2016-08-25 09:49:41');
/*!40000 ALTER TABLE `guideline` ENABLE KEYS */;

-- Dumping data for table compcloud.history: ~9 rows (approximately)
/*!40000 ALTER TABLE `history` DISABLE KEYS */;
INSERT INTO `history` (`HISTORY_ID`, `ORG_ID`, `TENANT_ID`, `EMPLOYEE_MASTER_ID`, `TYPE`, `PREVIOUS_VALUE`, `CHANGED_VALUE`, `CHANGED_PERCENT`, `NOTE`, `HISTORY_STATUS`, `WHEN_CREATED`, `CHANGED_DATE`, `STATUS_TLM`, `LAST_UPDATED`) VALUES
	(1, 1, 1, 1, '2017 Bonus Payout', '0', 'USD 3,000', '0', NULL, 'ACTIVE', '2019-07-24 03:24:36', '2019-03-01 00:00:00', '2019-07-24 03:24:36', '2020-08-22 22:40:16'),
	(2, 1, 1, 13, 'RSU allocated', '110000.0', '11000.0', '10', NULL, 'ACTIVE', '2019-07-24 03:24:36', '2019-03-01 00:00:00', '2019-07-24 03:24:36', '2019-08-01 22:46:52'),
	(3, 1, 1, 13, 'Bonus awarded', '0', '16000.0', '0', NULL, 'ACTIVE', '2019-07-24 03:24:36', '2019-03-01 00:00:00', '2019-07-24 03:24:36', '2019-08-01 22:46:59'),
	(4, 1, 1, 13, 'Basepay changed', '0', '0.0', '0', NULL, 'ACTIVE', '2019-07-24 03:24:36', '2019-03-01 00:00:00', '2019-07-24 03:24:36', '2019-08-01 22:47:05'),
	(5, 1, 1, 13, 'Rating changed', '147000.0', '3000.0', '2', NULL, 'ACTIVE', '2019-07-24 03:24:36', '2019-03-01 00:00:00', '2019-07-24 03:24:36', '2019-08-01 22:47:16'),
	(6, 1, 1, 13, 'RSU allocated', '0', '32600.0', '0', NULL, 'ACTIVE', '2019-07-24 03:24:36', '2019-03-01 00:00:00', '2019-07-24 03:24:36', '2019-08-01 22:47:14'),
	(7, 1, 1, 13, 'Bonus awarded', '0', '0.0', '0', NULL, 'ACTIVE', '2019-07-24 03:24:36', '2019-03-01 00:00:00', '2019-07-24 03:24:36', '2019-08-01 22:47:10'),
	(8, 1, 1, 13, 'Basepay changed', '162000.0', '8500.0', '5.2', NULL, 'ACTIVE', '2019-07-24 03:24:36', '2019-03-01 00:00:00', '2019-07-24 03:24:36', '2019-08-01 22:47:08'),
	(9, 1, 1, 1, '2018 Merit Increase', '0', 'USD 4,100', '3.6 %', NULL, 'ACTIVE', '2019-08-24 03:24:36', '2019-04-01 00:00:00', '2019-07-24 03:24:36', '2020-08-22 22:40:58');
/*!40000 ALTER TABLE `history` ENABLE KEYS */;

-- Dumping data for table compcloud.important_date: ~110 rows (approximately)
/*!40000 ALTER TABLE `important_date` DISABLE KEYS */;
INSERT INTO `important_date` (`IMPORTANT_DATE_ID`, `TENANT_ID`, `ORG_ID`, `EVENT_NAME`, `EVENT_CATEGORY`, `EVENT_DESCRIPTION`, `EVENT_SEVERITY_INDEX`, `MANAGER_LEVEL`, `CREATED_BY_ID`, `START_DATE`, `END_DATE`, `STATUS`, `LAST_UPDATED`, `WHEN_CREATED`) VALUES
	(38, 1, 1, 'Planning By HR', 'planning', 'Planning By HR', 1, 1, 13, '2020-07-29 15:23:47', '2020-08-04 15:23:50', 'INACTIVE', NULL, '2020-08-28 11:50:21'),
	(39, 1, 1, 'Manager Review', 'budget', 'Manager Review', 2, 1, 13, '2020-08-06 15:23:47', '2020-08-14 15:23:50', 'INACTIVE', NULL, '2020-08-28 11:50:22'),
	(40, 1, 1, 'Final Approval', 'budget', 'Final Approval', 1, 1, 13, '2020-08-14 15:23:47', '2020-08-19 15:23:50', 'INACTIVE', NULL, '2020-08-28 11:50:18'),
	(41, 1, 1, 'Employee Notification Start', 'budget', 'Employee Notification Start', 3, 1, 13, '2020-08-21 15:23:47', '2020-08-30 15:23:50', 'INACTIVE', NULL, '2020-08-28 11:50:23'),
	(48, 1, 1, 'Planning By HR', 'planning', 'Planning By HR', 1, 2, 13, '2020-07-29 15:23:47', '2020-08-04 15:23:50', 'INACTIVE', NULL, '2020-08-28 11:50:21'),
	(49, 1, 1, 'Planning By HR', 'planning', 'Planning By HR', 1, 3, 13, '2020-07-29 15:23:47', '2020-08-04 15:23:50', 'INACTIVE', NULL, '2020-08-28 11:50:21'),
	(50, 1, 1, 'Planning By HR', 'planning', 'Planning By HR', 1, 4, 13, '2020-07-29 15:23:47', '2020-08-04 15:23:50', 'INACTIVE', NULL, '2020-08-28 11:50:21'),
	(51, 1, 1, 'Planning By HR', 'planning', 'Planning By HR', 1, 5, 13, '2020-07-29 15:23:47', '2020-08-04 15:23:50', 'INACTIVE', NULL, '2020-08-28 11:50:21'),
	(52, 1, 1, 'Planning By HR', 'planning', 'Planning By HR', 1, 6, 13, '2020-07-29 15:23:47', '2020-08-04 15:23:50', 'INACTIVE', NULL, '2020-08-28 11:50:21'),
	(53, 1, 1, 'Planning By HR', 'planning', 'Planning By HR', 1, 7, 13, '2020-07-29 15:23:47', '2020-08-04 15:23:50', 'INACTIVE', NULL, '2020-08-28 11:50:21'),
	(54, 1, 1, 'Manager Review', 'budget', 'Manager Review', 2, 2, 13, '2020-08-06 15:23:47', '2020-08-14 15:23:50', 'INACTIVE', NULL, '2020-08-28 11:50:22'),
	(55, 1, 1, 'Manager Review', 'budget', 'Manager Review', 2, 3, 13, '2020-08-06 15:23:47', '2020-08-14 15:23:50', 'INACTIVE', NULL, '2020-08-28 11:50:22'),
	(56, 1, 1, 'Manager Review', 'budget', 'Manager Review', 2, 4, 13, '2020-08-06 15:23:47', '2020-08-14 15:23:50', 'INACTIVE', NULL, '2020-08-28 11:50:22'),
	(57, 1, 1, 'Manager Review', 'budget', 'Manager Review', 2, 5, 13, '2020-08-06 15:23:47', '2020-08-14 15:23:50', 'INACTIVE', NULL, '2020-08-28 11:50:22'),
	(58, 1, 1, 'Manager Review', 'budget', 'Manager Review', 2, 6, 13, '2020-08-06 15:23:47', '2020-08-14 15:23:50', 'INACTIVE', NULL, '2020-08-28 11:50:22'),
	(59, 1, 1, 'Manager Review', 'budget', 'Manager Review', 2, 7, 13, '2020-08-06 15:23:47', '2020-08-14 15:23:50', 'INACTIVE', NULL, '2020-08-28 11:50:22'),
	(60, 1, 1, 'Final Approval', 'budget', 'Final Approval', 1, 2, 13, '2020-08-14 15:23:47', '2020-08-19 15:23:50', 'INACTIVE', NULL, '2020-08-28 11:50:18'),
	(61, 1, 1, 'Final Approval', 'budget', 'Final Approval', 1, 3, 13, '2020-08-14 15:23:47', '2020-08-19 15:23:50', 'INACTIVE', NULL, '2020-08-28 11:50:18'),
	(62, 1, 1, 'Final Approval', 'budget', 'Final Approval', 1, 4, 13, '2020-08-14 15:23:47', '2020-08-19 15:23:50', 'INACTIVE', NULL, '2020-08-28 11:50:18'),
	(63, 1, 1, 'Final Approval', 'budget', 'Final Approval', 1, 5, 13, '2020-08-14 15:23:47', '2020-08-19 15:23:50', 'INACTIVE', NULL, '2020-08-28 11:50:18'),
	(64, 1, 1, 'Final Approval', 'budget', 'Final Approval', 1, 6, 13, '2020-08-14 15:23:47', '2020-08-19 15:23:50', 'INACTIVE', NULL, '2020-08-28 11:50:18'),
	(65, 1, 1, 'Final Approval', 'budget', 'Final Approval', 1, 7, 13, '2020-08-14 15:23:47', '2020-08-19 15:23:50', 'INACTIVE', NULL, '2020-08-28 11:50:18'),
	(66, 1, 1, 'Employee Notification Start', 'budget', 'Employee Notification Start', 3, 2, 13, '2020-08-21 15:23:47', '2020-08-30 15:23:50', 'INACTIVE', NULL, '2020-08-28 11:50:23'),
	(67, 1, 1, 'Employee Notification Start', 'budget', 'Employee Notification Start', 3, 3, 13, '2020-08-21 15:23:47', '2020-08-30 15:23:50', 'INACTIVE', NULL, '2020-08-28 11:50:23'),
	(68, 1, 1, 'Employee Notification Start', 'budget', 'Employee Notification Start', 3, 4, 13, '2020-08-21 15:23:47', '2020-08-30 15:23:50', 'INACTIVE', NULL, '2020-08-28 11:50:23'),
	(69, 1, 1, 'Employee Notification Start', 'budget', 'Employee Notification Start', 3, 5, 13, '2020-08-21 15:23:47', '2020-08-30 15:23:50', 'INACTIVE', NULL, '2020-08-28 11:50:23'),
	(70, 1, 1, 'Employee Notification Start', 'budget', 'Employee Notification Start', 3, 6, 13, '2020-08-21 15:23:47', '2020-08-30 15:23:50', 'INACTIVE', NULL, '2020-08-28 11:50:23'),
	(71, 1, 1, 'Employee Notification Start', 'budget', 'Employee Notification Start', 3, 7, 13, '2020-08-21 15:23:47', '2020-08-30 15:23:50', 'INACTIVE', NULL, '2020-08-28 11:50:23'),
	(72, 1, 1, 'Employee Notification End', 'budget', 'Employee Notification End', 4, 4, 13, '2020-09-13 15:23:47', '2020-09-22 15:23:50', 'INACTIVE', NULL, '2020-08-28 11:50:14'),
	(73, 1, 1, 'Employee Notification End', 'budget', 'Employee Notification End', 4, 1, 13, '2020-09-13 15:23:47', '2020-09-22 15:23:50', 'INACTIVE', NULL, '2020-08-28 11:50:14'),
	(74, 1, 1, 'Employee Notification End', 'budget', 'Employee Notification End', 4, 2, 13, '2020-09-13 15:23:47', '2020-09-22 15:23:50', 'INACTIVE', NULL, '2020-08-28 11:50:14'),
	(75, 1, 1, 'Employee Notification End', 'budget', 'Employee Notification End', 4, 3, 13, '2020-09-13 15:23:47', '2020-09-22 15:23:50', 'INACTIVE', NULL, '2020-08-28 11:50:14'),
	(76, 1, 1, 'Employee Notification End', 'budget', 'Employee Notification End', 4, 5, 13, '2020-09-13 15:23:47', '2020-09-22 15:23:50', 'INACTIVE', NULL, '2020-08-28 11:50:14'),
	(77, 1, 1, 'Employee Notification End', 'budget', 'Employee Notification End', 4, 6, 13, '2020-09-13 15:23:47', '2020-09-22 15:23:50', 'INACTIVE', NULL, '2020-08-28 11:50:14'),
	(78, 1, 1, 'Employee Notification End', 'budget', 'Employee Notification End', 4, 7, 13, '2020-09-13 15:23:47', '2020-09-22 15:23:50', 'INACTIVE', NULL, '2020-08-28 11:50:14'),
	(79, 1, 1, 'Budget', 'Budget', 'Budget', 0, 1, 13, '2019-12-31 16:00:00', '2019-12-31 16:00:00', 'INACTIVE', NULL, '2020-09-08 21:51:16'),
	(80, 1, 1, 'Budget', 'Budget', 'Budget', 0, 2, 13, '2019-12-31 16:00:00', '2019-12-31 16:00:00', 'INACTIVE', NULL, '2020-09-08 21:51:16'),
	(81, 1, 1, 'Budget', 'Budget', 'Budget', 0, 3, 13, '2019-12-31 16:00:00', '2019-12-31 16:00:00', 'INACTIVE', NULL, '2020-09-08 21:51:16'),
	(82, 1, 1, 'Budget', 'Budget', 'Budget', 0, 4, 13, '2019-12-31 16:00:00', '2019-12-31 16:00:00', 'INACTIVE', NULL, '2020-09-08 21:51:16'),
	(83, 1, 1, 'Budget', 'Budget', 'Budget', 0, 5, 13, '2019-12-31 16:00:00', '2019-12-31 16:00:00', 'INACTIVE', NULL, '2020-09-08 21:51:16'),
	(84, 1, 1, 'Budget', 'Budget', 'Budget', 0, 6, 13, '2019-12-31 16:00:00', '2019-12-31 16:00:00', 'INACTIVE', NULL, '2020-09-08 21:51:16'),
	(85, 1, 1, 'Budget', 'Budget', 'Budget', 0, 7, 13, '2019-12-31 16:00:00', '2019-12-31 16:00:00', 'INACTIVE', NULL, '2020-09-08 21:51:16'),
	(86, 1, 1, 'Manager Review', 'Manager Review', 'Manager Review', 0, 1, 13, '2020-03-09 17:00:00', '2020-03-09 17:00:00', 'INACTIVE', NULL, '2020-09-08 21:51:14'),
	(87, 1, 1, 'Manager Review', 'Manager Review', 'Manager Review', 0, 2, 13, '2020-03-09 17:00:00', '2020-03-09 17:00:00', 'INACTIVE', NULL, '2020-09-08 21:51:14'),
	(88, 1, 1, 'Manager Review', 'Manager Review', 'Manager Review', 0, 3, 13, '2020-03-09 17:00:00', '2020-03-09 17:00:00', 'INACTIVE', NULL, '2020-09-08 21:51:14'),
	(89, 1, 1, 'Manager Review', 'Manager Review', 'Manager Review', 0, 4, 13, '2020-03-09 17:00:00', '2020-03-09 17:00:00', 'INACTIVE', NULL, '2020-09-08 21:51:14'),
	(90, 1, 1, 'Manager Review', 'Manager Review', 'Manager Review', 0, 5, 13, '2020-03-09 17:00:00', '2020-03-09 17:00:00', 'INACTIVE', NULL, '2020-09-08 21:51:14'),
	(91, 1, 1, 'Manager Review', 'Manager Review', 'Manager Review', 0, 6, 13, '2020-03-09 17:00:00', '2020-03-09 17:00:00', 'INACTIVE', NULL, '2020-09-08 21:51:14'),
	(92, 1, 1, 'Manager Review', 'Manager Review', 'Manager Review', 0, 7, 13, '2020-03-09 17:00:00', '2020-03-09 17:00:00', 'INACTIVE', NULL, '2020-09-08 21:51:14'),
	(93, 1, 1, 'Employee Review', 'Employee Review', 'Employee Review', 0, 1, 13, '2020-04-14 17:00:00', '2020-04-14 17:00:00', 'INACTIVE', NULL, '2020-09-08 21:51:14'),
	(94, 1, 1, 'Employee Review', 'Employee Review', 'Employee Review', 0, 2, 13, '2020-04-14 17:00:00', '2020-04-14 17:00:00', 'INACTIVE', NULL, '2020-09-08 21:51:14'),
	(95, 1, 1, 'Employee Review', 'Employee Review', 'Employee Review', 0, 3, 13, '2020-04-14 17:00:00', '2020-04-14 17:00:00', 'INACTIVE', NULL, '2020-09-08 21:51:14'),
	(96, 1, 1, 'Employee Review', 'Employee Review', 'Employee Review', 0, 4, 13, '2020-04-14 17:00:00', '2020-04-14 17:00:00', 'INACTIVE', NULL, '2020-09-08 21:51:14'),
	(97, 1, 1, 'Employee Review', 'Employee Review', 'Employee Review', 0, 5, 13, '2020-04-14 17:00:00', '2020-04-14 17:00:00', 'INACTIVE', NULL, '2020-09-08 21:51:14'),
	(98, 1, 1, 'Employee Review', 'Employee Review', 'Employee Review', 0, 6, 13, '2020-04-14 17:00:00', '2020-04-14 17:00:00', 'INACTIVE', NULL, '2020-09-08 21:51:14'),
	(99, 1, 1, 'Employee Review', 'Employee Review', 'Employee Review', 0, 7, 13, '2020-04-14 17:00:00', '2020-04-14 17:00:00', 'INACTIVE', NULL, '2020-09-08 21:51:14'),
	(100, 1, 1, 'HR Approval', 'HR Approval', 'HR Approval', 0, 1, 13, '2020-05-03 17:00:00', '2020-05-03 17:00:00', 'INACTIVE', NULL, '2020-08-28 11:57:38'),
	(101, 1, 1, 'HR Approval', 'HR Approval', 'HR Approval', 0, 2, 13, '2020-05-03 17:00:00', '2020-05-03 17:00:00', 'INACTIVE', NULL, '2020-08-28 11:57:38'),
	(102, 1, 1, 'HR Approval', 'HR Approval', 'HR Approval', 0, 3, 13, '2020-05-03 17:00:00', '2020-05-03 17:00:00', 'INACTIVE', NULL, '2020-08-28 11:57:38'),
	(103, 1, 1, 'HR Approval', 'HR Approval', 'HR Approval', 0, 4, 13, '2020-05-03 17:00:00', '2020-05-03 17:00:00', 'INACTIVE', NULL, '2020-08-28 11:57:38'),
	(104, 1, 1, 'HR Approval', 'HR Approval', 'HR Approval', 0, 5, 13, '2020-05-03 17:00:00', '2020-05-03 17:00:00', 'INACTIVE', NULL, '2020-08-28 11:57:38'),
	(105, 1, 1, 'HR Approval', 'HR Approval', 'HR Approval', 0, 6, 13, '2020-05-03 17:00:00', '2020-05-03 17:00:00', 'INACTIVE', NULL, '2020-08-28 11:57:38'),
	(106, 1, 1, 'HR Approval', 'HR Approval', 'HR Approval', 0, 7, 13, '2020-05-03 17:00:00', '2020-05-03 17:00:00', 'INACTIVE', NULL, '2020-08-28 11:57:38'),
	(107, 1, 1, 'Employee Statement', 'Employee Statement', 'Employee Statement', 0, 1, 13, '2020-05-13 17:00:00', '2020-05-13 17:00:00', 'INACTIVE', NULL, '2020-09-08 21:51:13'),
	(108, 1, 1, 'Employee Statement', 'Employee Statement', 'Employee Statement', 0, 2, 13, '2020-05-13 17:00:00', '2020-05-13 17:00:00', 'INACTIVE', NULL, '2020-09-08 21:51:13'),
	(109, 1, 1, 'Employee Statement', 'Employee Statement', 'Employee Statement', 0, 3, 13, '2020-05-13 17:00:00', '2020-05-13 17:00:00', 'INACTIVE', NULL, '2020-09-08 21:51:13'),
	(110, 1, 1, 'Employee Statement', 'Employee Statement', 'Employee Statement', 0, 4, 13, '2020-05-13 17:00:00', '2020-05-13 17:00:00', 'INACTIVE', NULL, '2020-09-08 21:51:13'),
	(111, 1, 1, 'Employee Statement', 'Employee Statement', 'Employee Statement', 0, 5, 13, '2020-05-13 17:00:00', '2020-05-13 17:00:00', 'INACTIVE', NULL, '2020-09-08 21:51:13'),
	(112, 1, 1, 'Employee Statement', 'Employee Statement', 'Employee Statement', 0, 6, 13, '2020-05-13 17:00:00', '2020-05-13 17:00:00', 'INACTIVE', NULL, '2020-09-08 21:51:13'),
	(113, 1, 1, 'Employee Statement', 'Employee Statement', 'Employee Statement', 0, 7, 13, '2020-05-13 17:00:00', '2020-05-13 17:00:00', 'INACTIVE', NULL, '2020-09-08 21:51:13'),
	(115, 1, 1, 'BUDGETING', 'BUDGETING', 'BUDGETING', 0, 1, 13, '2020-09-07 17:00:00', '2020-09-07 17:00:00', 'ACTIVE', NULL, '2020-09-07 17:00:00'),
	(116, 1, 1, 'BUDGETING', 'BUDGETING', 'BUDGETING', 0, 2, 13, '2020-09-07 17:00:00', '2020-09-07 17:00:00', 'ACTIVE', NULL, '2020-09-07 17:00:00'),
	(117, 1, 1, 'BUDGETING', 'BUDGETING', 'BUDGETING', 0, 3, 13, '2020-09-07 17:00:00', '2020-09-07 17:00:00', 'ACTIVE', NULL, '2020-09-07 17:00:00'),
	(118, 1, 1, 'BUDGETING', 'BUDGETING', 'BUDGETING', 0, 4, 13, '2020-09-07 17:00:00', '2020-09-07 17:00:00', 'ACTIVE', NULL, '2020-09-07 17:00:00'),
	(119, 1, 1, 'BUDGETING', 'BUDGETING', 'BUDGETING', 0, 5, 13, '2020-09-07 17:00:00', '2020-09-07 17:00:00', 'ACTIVE', NULL, '2020-09-07 17:00:00'),
	(120, 1, 1, 'BUDGETING', 'BUDGETING', 'BUDGETING', 0, 6, 13, '2020-09-07 17:00:00', '2020-09-07 17:00:00', 'ACTIVE', NULL, '2020-09-07 17:00:00'),
	(121, 1, 1, 'BUDGETING', 'BUDGETING', 'BUDGETING', 0, 7, 13, '2020-09-07 17:00:00', '2020-09-07 17:00:00', 'ACTIVE', NULL, '2020-09-07 17:00:00'),
	(122, 1, 1, 'REVIEW PLANNING START', 'REVIEW PLANNING START', 'REVIEW PLANNING START', 0, 1, 13, '2020-11-10 16:00:00', '2020-11-10 16:00:00', 'ACTIVE', NULL, '2020-11-10 16:00:00'),
	(123, 1, 1, 'REVIEW PLANNING START', 'REVIEW PLANNING START', 'REVIEW PLANNING START', 0, 2, 13, '2020-11-10 16:00:00', '2020-11-10 16:00:00', 'ACTIVE', NULL, '2020-11-10 16:00:00'),
	(124, 1, 1, 'REVIEW PLANNING START', 'REVIEW PLANNING START', 'REVIEW PLANNING START', 0, 3, 13, '2020-11-10 16:00:00', '2020-11-10 16:00:00', 'ACTIVE', NULL, '2020-11-10 16:00:00'),
	(125, 1, 1, 'REVIEW PLANNING START', 'REVIEW PLANNING START', 'REVIEW PLANNING START', 0, 4, 13, '2020-11-10 16:00:00', '2020-11-10 16:00:00', 'ACTIVE', NULL, '2020-11-10 16:00:00'),
	(126, 1, 1, 'REVIEW PLANNING START', 'REVIEW PLANNING START', 'REVIEW PLANNING START', 0, 5, 13, '2020-11-10 16:00:00', '2020-11-10 16:00:00', 'ACTIVE', NULL, '2020-11-10 16:00:00'),
	(127, 1, 1, 'REVIEW PLANNING START', 'REVIEW PLANNING START', 'REVIEW PLANNING START', 0, 6, 13, '2020-11-10 16:00:00', '2020-11-10 16:00:00', 'ACTIVE', NULL, '2020-11-10 16:00:00'),
	(128, 1, 1, 'REVIEW PLANNING START', 'REVIEW PLANNING START', 'REVIEW PLANNING START', 0, 7, 13, '2020-11-10 16:00:00', '2020-11-10 16:00:00', 'ACTIVE', NULL, '2020-11-10 16:00:00'),
	(129, 1, 1, 'REVIEW PLANNING END', 'REVIEW PLANNING END', 'REVIEW PLANNING END', 0, 1, 13, '2021-01-05 16:00:00', '2021-01-05 16:00:00', 'ACTIVE', NULL, '2021-01-05 16:00:00'),
	(130, 1, 1, 'REVIEW PLANNING END', 'REVIEW PLANNING END', 'REVIEW PLANNING END', 0, 2, 13, '2021-01-05 16:00:00', '2021-01-05 16:00:00', 'ACTIVE', NULL, '2021-01-05 16:00:00'),
	(131, 1, 1, 'REVIEW PLANNING END', 'REVIEW PLANNING END', 'REVIEW PLANNING END', 0, 3, 13, '2021-01-05 16:00:00', '2021-01-05 16:00:00', 'ACTIVE', NULL, '2021-01-05 16:00:00'),
	(132, 1, 1, 'REVIEW PLANNING END', 'REVIEW PLANNING END', 'REVIEW PLANNING END', 0, 4, 13, '2021-01-05 16:00:00', '2021-01-05 16:00:00', 'ACTIVE', NULL, '2021-01-05 16:00:00'),
	(133, 1, 1, 'REVIEW PLANNING END', 'REVIEW PLANNING END', 'REVIEW PLANNING END', 0, 5, 13, '2021-01-05 16:00:00', '2021-01-05 16:00:00', 'ACTIVE', NULL, '2021-01-05 16:00:00'),
	(134, 1, 1, 'REVIEW PLANNING END', 'REVIEW PLANNING END', 'REVIEW PLANNING END', 0, 6, 13, '2021-01-05 16:00:00', '2021-01-05 16:00:00', 'ACTIVE', NULL, '2021-01-05 16:00:00'),
	(135, 1, 1, 'REVIEW PLANNING END', 'REVIEW PLANNING END', 'REVIEW PLANNING END', 0, 7, 13, '2021-01-05 16:00:00', '2021-01-05 16:00:00', 'ACTIVE', NULL, '2021-01-05 16:00:00'),
	(136, 1, 1, 'SUBMIT FOR APPROVAL', 'SUBMIT FOR APPROVAL', 'SUBMIT FOR APPROVAL', 0, 1, 13, '2021-01-14 16:00:00', '2021-01-14 16:00:00', 'ACTIVE', NULL, '2021-01-14 16:00:00'),
	(137, 1, 1, 'SUBMIT FOR APPROVAL', 'SUBMIT FOR APPROVAL', 'SUBMIT FOR APPROVAL', 0, 2, 13, '2021-01-14 16:00:00', '2021-01-14 16:00:00', 'ACTIVE', NULL, '2021-01-14 16:00:00'),
	(138, 1, 1, 'SUBMIT FOR APPROVAL', 'SUBMIT FOR APPROVAL', 'SUBMIT FOR APPROVAL', 0, 3, 13, '2021-01-14 16:00:00', '2021-01-14 16:00:00', 'ACTIVE', NULL, '2021-01-14 16:00:00'),
	(139, 1, 1, 'SUBMIT FOR APPROVAL', 'SUBMIT FOR APPROVAL', 'SUBMIT FOR APPROVAL', 0, 4, 13, '2021-01-14 16:00:00', '2021-01-14 16:00:00', 'ACTIVE', NULL, '2021-01-14 16:00:00'),
	(140, 1, 1, 'SUBMIT FOR APPROVAL', 'SUBMIT FOR APPROVAL', 'SUBMIT FOR APPROVAL', 0, 5, 13, '2021-01-14 16:00:00', '2021-01-14 16:00:00', 'ACTIVE', NULL, '2021-01-14 16:00:00'),
	(141, 1, 1, 'SUBMIT FOR APPROVAL', 'SUBMIT FOR APPROVAL', 'SUBMIT FOR APPROVAL', 0, 6, 13, '2021-01-14 16:00:00', '2021-01-14 16:00:00', 'ACTIVE', NULL, '2021-01-14 16:00:00'),
	(142, 1, 1, 'SUBMIT FOR APPROVAL', 'SUBMIT FOR APPROVAL', 'SUBMIT FOR APPROVAL', 0, 7, 13, '2021-01-14 16:00:00', '2021-01-14 16:00:00', 'ACTIVE', NULL, '2021-01-14 16:00:00'),
	(143, 1, 1, 'EMPLOYEE STATEMENT', 'EMPLOYEE STATEMENT', 'EMPLOYEE STATEMENT', 0, 1, 13, '2021-01-28 16:00:00', '2021-01-28 16:00:00', 'ACTIVE', NULL, '2021-01-28 16:00:00'),
	(144, 1, 1, 'EMPLOYEE STATEMENT', 'EMPLOYEE STATEMENT', 'EMPLOYEE STATEMENT', 0, 2, 13, '2021-01-28 16:00:00', '2021-01-28 16:00:00', 'ACTIVE', NULL, '2021-01-28 16:00:00'),
	(145, 1, 1, 'EMPLOYEE STATEMENT', 'EMPLOYEE STATEMENT', 'EMPLOYEE STATEMENT', 0, 3, 13, '2021-01-28 16:00:00', '2021-01-28 16:00:00', 'ACTIVE', NULL, '2021-01-28 16:00:00'),
	(146, 1, 1, 'EMPLOYEE STATEMENT', 'EMPLOYEE STATEMENT', 'EMPLOYEE STATEMENT', 0, 4, 13, '2021-01-28 16:00:00', '2021-01-28 16:00:00', 'ACTIVE', NULL, '2021-01-28 16:00:00'),
	(147, 1, 1, 'EMPLOYEE STATEMENT', 'EMPLOYEE STATEMENT', 'EMPLOYEE STATEMENT', 0, 5, 13, '2021-01-28 16:00:00', '2021-01-28 16:00:00', 'ACTIVE', NULL, '2021-01-28 16:00:00'),
	(148, 1, 1, 'EMPLOYEE STATEMENT', 'EMPLOYEE STATEMENT', 'EMPLOYEE STATEMENT', 0, 6, 13, '2021-01-28 16:00:00', '2021-01-28 16:00:00', 'ACTIVE', NULL, '2021-01-28 16:00:00'),
	(149, 1, 1, 'EMPLOYEE STATEMENT', 'EMPLOYEE STATEMENT', 'EMPLOYEE STATEMENT', 0, 7, 13, '2021-01-28 16:00:00', '2021-01-28 16:00:00', 'ACTIVE', NULL, '2021-01-28 16:00:00'),
	(200, 1, 1, 'Budgeting', 'Budgeting', 'Budgeting', 0, 0, 13, '2020-01-20 17:00:00', '2020-02-01 17:00:00', 'ACTIVE', NULL, '2021-02-07 15:44:12'),
	(201, 1, 1, 'Manager Review', 'Manager Review', 'Manager Review', 0, 0, 13, '2021-02-18 17:00:00', '2021-02-21 17:00:00', 'ACTIVE', NULL, '2021-01-14 01:17:29'),
	(203, 1, 1, 'Executive Review', 'Executive Review', 'Executive Review', 0, 0, 13, '2021-02-21 17:00:00', '2021-03-21 17:00:00', 'ACTIVE', NULL, '2021-01-14 01:17:29'),
	(205, 1, 1, 'Final Adjustments', 'Final Adjustments', 'Final Adjustments', 0, 0, 13, '2021-03-21 17:00:00', '2021-03-26 17:00:00', 'ACTIVE', NULL, '2021-01-14 01:17:29'),
	(206, 1, 1, 'Salary Effective Date', 'Salary Effective Date', 'Salary Effective Date', 0, 0, 13, '2021-04-01 01:00:00', '2021-04-01 23:00:00', 'ACTIVE', NULL, '2021-01-14 01:17:29');
/*!40000 ALTER TABLE `important_date` ENABLE KEYS */;

-- Dumping data for table compcloud.internal_analysis_data: ~15 rows (approximately)
/*!40000 ALTER TABLE `internal_analysis_data` DISABLE KEYS */;
INSERT INTO `internal_analysis_data` (`INTERNAL_ANALYSIS_DATA_ID`, `ORG_ID`, `TENANT_ID`, `NAME`, `CODE`, `TITLE`, `CURRENT_MIN_VALUE`, `CURRENT_MID_VALUE`, `CURRENT_MAX_VALUE`, `PAYSCALE_MIN_VALUE`, `PAYSCALE_MID_VALUE`, `PAYSCALE_MAX_VALUE`, `MALE_MIN_VALUE`, `MALE_MID_VALUE`, `MALE_MAX_VALUE`, `JOB_ID`, `JOB_FAMILY_ID`, `JOB_ROLE_ID`, `JOB_GRADE_ID`, `JOB_LEVEL_ID`, `STATUS`, `DESCRIPTION`, `STATUS_TLM`, `WHEN_CREATED`, `LAST_UPDATED`) VALUES
	(1, 1, 1, '"DATA6"', '', '', 70000, 100000, 150000, 60000, 100000, 140000, 89998, NULL, 130002, 1, NULL, NULL, NULL, NULL, 'ACTIVE', 'tEST', '2017-12-27 19:03:21', '2018-09-30 10:09:17', '2020-10-18 12:13:25'),
	(4, 1, 1, 'DATA2', '', '', 70000, 100000, 150000, 60000, 100000, 140000, 90000, NULL, 130000, 2, NULL, NULL, NULL, NULL, 'ACTIVE', 'tEST', '2017-12-27 19:03:21', '2018-09-30 10:09:17', '2020-06-23 23:39:01'),
	(5, 1, 1, 'DATA3', '', '', 70000, 100000, 150000, 60000, 100000, 140000, 90000, NULL, 130000, 3, NULL, NULL, NULL, NULL, 'ACTIVE', 'tEST', '2017-12-27 19:03:21', '2018-09-30 10:09:17', '2020-06-23 23:39:11'),
	(6, 1, 1, 'DATA4', '', '', 70000, 100000, 150000, 60000, 100000, 140000, 90000, NULL, 130000, 4, NULL, NULL, NULL, NULL, 'ACTIVE', 'tEST', '2017-12-27 19:03:21', '2018-09-30 10:09:17', '2020-06-23 23:39:15'),
	(7, 1, 1, 'DATA5', '', '', 70000, 100000, 150000, 60000, 100000, 140000, 90000, NULL, 130000, 5, NULL, NULL, NULL, NULL, 'ACTIVE', 'tEST', '2017-12-27 19:03:21', '2018-09-30 10:09:17', '2020-06-23 23:39:17'),
	(8, 1, 1, 'DATA6', '', '', 70000, 100000, 150000, 60000, 100000, 140000, 90000, NULL, 130000, 6, NULL, NULL, NULL, NULL, 'ACTIVE', 'tEST', '2017-12-27 19:03:21', '2018-09-30 10:09:17', '2020-06-23 23:39:23'),
	(9, 1, 1, 'DATA7', '', '', 70000, 100000, 150000, 60000, 100000, 140000, 90000, NULL, 130000, 7, NULL, NULL, NULL, NULL, 'ACTIVE', 'tEST', '2017-12-27 19:03:21', '2018-09-30 10:09:17', '2020-06-23 23:39:26'),
	(10, 1, 1, 'DATA8', '', '', 70000, 100000, 150000, 60000, 100000, 140000, 90000, NULL, 130000, 8, NULL, NULL, NULL, NULL, 'ACTIVE', 'tEST', '2017-12-27 19:03:21', '2018-09-30 10:09:17', '2020-06-23 23:39:32'),
	(11, 1, 1, 'DATA9', '', '', 70000, 100000, 150000, 60000, 100000, 140000, 90000, NULL, 130000, 9, NULL, NULL, NULL, NULL, 'ACTIVE', 'tEST', '2017-12-27 19:03:21', '2018-09-30 10:09:17', '2020-06-23 23:39:38'),
	(12, 1, 1, 'DATA10', '', '', 70000, 100000, 150000, 60000, 100000, 140000, 90000, NULL, 130000, 10, NULL, NULL, NULL, NULL, 'ACTIVE', 'tEST', '2017-12-27 19:03:21', '2018-09-30 10:09:17', '2020-06-23 23:39:41'),
	(13, 1, 1, 'DATA11', '', '', 70000, 100000, 150000, 60000, 100000, 140000, 90000, NULL, 130000, 11, NULL, NULL, NULL, NULL, 'ACTIVE', 'tEST', '2017-12-27 19:03:21', '2018-09-30 10:09:17', '2020-06-23 23:39:46'),
	(14, 1, 1, 'DATA12', '', '', 70000, 100000, 150000, 60000, 100000, 140000, 90000, NULL, 130000, 12, NULL, NULL, NULL, NULL, 'ACTIVE', 'tEST', '2017-12-27 19:03:21', '2018-09-30 10:09:17', '2020-06-23 23:39:49'),
	(15, 1, 1, 'DATA13', '', '', 70000, 100000, 150000, 60000, 100000, 140000, 90000, NULL, 130000, 1, NULL, NULL, NULL, NULL, 'ACTIVE', 'tEST', '2017-12-27 19:03:21', '2018-09-30 10:09:17', '2020-06-23 23:37:47'),
	(18, 1, 1, 'DATA14', '', '', 70000, 100000, 150000, 60000, 100000, 140000, 90000, NULL, 130000, 13, NULL, NULL, NULL, NULL, 'ACTIVE', 'tEST', '2017-12-27 19:03:21', '2018-09-30 10:09:17', '2020-06-24 01:36:00'),
	(19, 1, 1, 'DATA15', '', '', 70000, 100000, 150000, 60000, 100000, 140000, 90000, NULL, 130000, 15, NULL, NULL, NULL, NULL, 'ACTIVE', 'tEST', '2017-12-27 19:03:21', '2018-09-30 10:09:17', '2020-06-23 23:40:06');
/*!40000 ALTER TABLE `internal_analysis_data` ENABLE KEYS */;

-- Dumping data for table compcloud.job: ~15 rows (approximately)
/*!40000 ALTER TABLE `job` DISABLE KEYS */;
INSERT INTO `job` (`JOB_ID`, `TENANT_ID`, `ORG_ID`, `JOB_NAME`, `JOB_CODE`, `JOB_TITLE`, `DESCRIPTION`, `LOCATION`, `JOB_STATUS`, `STATUS_TLM`, `WHEN_CREATED`, `LAST_UPDATED`) VALUES
	(1, 1, 1, 'Leader-HR', '10001', 'VP - Human Resource', 'VP - Human Resource', NULL, 'ACTIVE', '2016-06-25 13:38:08', '2018-01-01 18:31:24', '2020-12-31 11:11:40'),
	(2, 1, 1, 'Manager-I-HR', '10002', 'Director- Human Resource', 'Director- Human Resource', NULL, 'ACTIVE', '2016-06-25 13:38:08', '2018-01-01 18:31:24', '2020-12-31 11:11:42'),
	(3, 1, 1, 'Manager-II-HR', '10003', 'Manager- Human Resource', 'Manager- Human Resource', NULL, 'ACTIVE', '2016-06-25 13:38:08', '2018-01-01 18:31:24', '2020-12-31 11:11:45'),
	(4, 1, 1, 'EMP-HR', '10004', 'Sr Manager- Human Resource', 'Sr Manager- Human Resource', NULL, 'ACTIVE', '2016-06-25 13:38:08', '2018-01-01 18:31:24', '2020-12-31 11:11:49'),
	(5, 1, 1, 'Leader-Sales', '10005', 'SVP-Sales & Marketing', 'VP-Sales & Marketing', NULL, 'ACTIVE', '2016-06-25 13:38:08', '2018-01-01 18:31:24', '2020-12-31 11:11:52'),
	(6, 1, 1, 'Manager-I-Sales', '10006', 'Director-Sales & Marketing', 'Director-Sales & Marketing', NULL, 'ACTIVE', '2016-06-25 13:38:08', '2018-01-01 18:31:24', '2020-12-31 11:11:54'),
	(7, 1, 1, 'Manager-I-Oper', '10007', 'VP-Operation', 'VP-EU Operation', NULL, 'ACTIVE', '2016-06-25 13:38:08', '2018-01-01 18:31:24', '2020-12-31 11:11:57'),
	(8, 1, 1, 'Leader-DEV', '10008', 'VP-Engineering', 'VP-Engineering', NULL, 'ACTIVE', '2016-06-25 13:38:08', '2018-01-01 18:31:24', '2020-12-31 11:12:00'),
	(9, 1, 1, 'Manager-I-DEV', '10010', 'Technical Architect', 'Technical Architect', NULL, 'ACTIVE', '2016-06-25 13:38:08', '2018-01-01 18:31:24', '2020-12-31 11:12:03'),
	(10, 1, 1, 'Manager-II-DEV', '10011', 'Director-Development', 'Director-Development', NULL, 'ACTIVE', '2016-06-25 13:38:08', '2018-01-01 18:31:24', '2020-12-31 11:12:05'),
	(11, 1, 1, 'Manager-III-DEV', '10012', 'Manager-Development', 'Manager-Development', NULL, 'ACTIVE', '2016-06-25 13:38:08', '2018-01-01 18:31:24', '2020-12-31 11:12:07'),
	(12, 1, 1, 'EMP-DEV', '10013', 'Engineer-Development', 'Engineer-Development', 'USA', 'ACTIVE', '2016-06-25 13:38:08', '2018-01-01 18:31:24', '2020-12-31 11:12:10'),
	(13, 1, 1, 'MGMT-I', '10014', 'General Manager', 'General Manager', NULL, 'ACTIVE', '2016-06-25 13:38:08', '2018-01-01 18:31:24', '2020-12-31 11:12:12'),
	(14, 1, 1, 'SVP-OP', '10015', 'SVP-OP', 'SVP-OP', 'USA and CA', 'ACTIVE', '2016-06-25 13:38:08', '2018-01-01 18:31:24', '2020-12-31 11:12:14'),
	(15, 1, 1, 'HR Executive', '10016', 'HR Executive', 'HR Executive', NULL, 'ACTIVE', '2016-06-25 13:38:08', '2018-01-01 18:31:24', '2020-12-31 11:12:17');
/*!40000 ALTER TABLE `job` ENABLE KEYS */;

-- Dumping data for table compcloud.job_family: ~0 rows (approximately)
/*!40000 ALTER TABLE `job_family` DISABLE KEYS */;
INSERT INTO `job_family` (`JOB_FAMILY_ID`, `TENANT_ID`, `ORG_ID`, `JOB_FAMILY_NAME`, `JOB_FAMILY_CODE`, `JOB_FAMILY_STATUS`, `DESCRIPTION`, `WHEN_CREATED`, `STATUS_TLM`, `LAST_UPDATED`) VALUES
	(22, 1, 1, 'Job Family12', 'JF1', 'ACTIVE', 'Job Family1', '2018-09-02 23:45:20', '2018-09-02 23:45:20', '2019-03-01 00:03:14');
/*!40000 ALTER TABLE `job_family` ENABLE KEYS */;

-- Dumping data for table compcloud.job_grade: ~0 rows (approximately)
/*!40000 ALTER TABLE `job_grade` DISABLE KEYS */;
INSERT INTO `job_grade` (`JOB_GRADE_ID`, `TENANT_ID`, `ORG_ID`, `JOB_GRADE_NAME`, `JOB_GRADE_CODE`, `JOB_GRADE_STATUS`, `DESCRIPTION`, `WHEN_CREATED`, `STATUS_TLM`, `LAST_UPDATED`) VALUES
	(5, 1, 1, 'Job Grade1', 'JG1', 'ACTIVE', 'Job Grade1', '2018-09-02 23:46:11', '2018-09-02 23:46:11', '2018-09-02 23:46:11');
/*!40000 ALTER TABLE `job_grade` ENABLE KEYS */;

-- Dumping data for table compcloud.job_level: ~0 rows (approximately)
/*!40000 ALTER TABLE `job_level` DISABLE KEYS */;
INSERT INTO `job_level` (`JOB_LEVEL_ID`, `TENANT_ID`, `ORG_ID`, `JOB_LEVEL_NAME`, `JOB_LEVEL_CODE`, `JOB_LEVEL_STATUS`, `DESCRIPTION`, `WHEN_CREATED`, `STATUS_TLM`, `LAST_UPDATED`) VALUES
	(5, 1, 1, 'Job Level11', 'JL1', 'ACTIVE', 'Job Level1', '2018-09-02 23:45:38', '2018-09-02 23:45:38', '2019-03-01 00:18:00');
/*!40000 ALTER TABLE `job_level` ENABLE KEYS */;

-- Dumping data for table compcloud.job_role: ~0 rows (approximately)
/*!40000 ALTER TABLE `job_role` DISABLE KEYS */;
INSERT INTO `job_role` (`JOB_ROLE_ID`, `TENANT_ID`, `ORG_ID`, `JOB_ROLE_NAME`, `JOB_ROLE_CODE`, `JOB_ROLE_STATUS`, `DESCRIPTION`, `WHEN_CREATED`, `STATUS_TLM`, `LAST_UPDATED`) VALUES
	(5, 1, 1, 'Job Role1', 'JR1', 'ACTIVE', 'Job Role1', '2018-09-02 23:46:32', '2018-09-02 23:46:32', '2018-09-02 23:46:32');
/*!40000 ALTER TABLE `job_role` ENABLE KEYS */;

-- Dumping data for table compcloud.labels_text: ~0 rows (approximately)
/*!40000 ALTER TABLE `labels_text` DISABLE KEYS */;
/*!40000 ALTER TABLE `labels_text` ENABLE KEYS */;

-- Dumping data for table compcloud.mapping_data_file_tracker: ~0 rows (approximately)
/*!40000 ALTER TABLE `mapping_data_file_tracker` DISABLE KEYS */;
/*!40000 ALTER TABLE `mapping_data_file_tracker` ENABLE KEYS */;

-- Dumping data for table compcloud.market_profile: ~0 rows (approximately)
/*!40000 ALTER TABLE `market_profile` DISABLE KEYS */;
/*!40000 ALTER TABLE `market_profile` ENABLE KEYS */;

-- Dumping data for table compcloud.meta_data: ~414 rows (approximately)
/*!40000 ALTER TABLE `meta_data` DISABLE KEYS */;
INSERT INTO `meta_data` (`META_DATA_ID`, `TENANT_ID`, `ORG_ID`, `META_DATA_NAME`, `META_DATA_DESCRIPTION`, `DISPLAY_NAME`, `EXECUTION_FLOW`, `DB_TABLE`, `DB_TABLE_FIELD`, `METADATA_CATEGORY`, `META_DATA_DEFAULT_VALUE`, `META_DATA_VALUE_TYPE`, `META_DATA_FORMAT`, `META_DATA_EQUATION_ID`, `META_DATA_VISIBILITY_RULE_ID`, `META_DATA_EDIT_RULE_ID`, `IS_AGGREGATE`, `IS_MANDATORY`, `AGGREGATE_FUNCTION`, `META_DATA_STATUS`, `META_DATA_WHEN_CREATED`, `LAST_UPDATED`) VALUES
	(1, 1, 1, 'First_Name', 'First name of employee', 'First Name', '{\n  "steps": [\n    {\n      "table": "EMPLOYEE_MASTER",\n      "inMappingColumn": "",\n      "outMappingColumn": "EMPLOYEE_MASTER_ID",\n      "level": 1,\n      "conditions": {\n        "andType": [],\n        "orType": []\n      }\n    }\n  ]\n}', 'EMPLOYEE_MASTER', 'FIRST_NAME', 'DEMOGRAPHICS', 'Mittie', 'SINGLE', 1, NULL, NULL, NULL, b'0', b'1', 'SUM', 'ACTIVE', '2015-06-08 15:37:10', '2020-07-30 11:24:46'),
	(2, 1, 1, 'Last_Name', 'Last name of employee', 'Last Name', '{\n  "steps": [\n    {\n      "table": "EMPLOYEE_MASTER",\n      "inMappingColumn": "",\n      "outMappingColumn": "EMPLOYEE_MASTER_ID",\n      "level": 1,\n      "conditions": {\n        "andType": [],\n        "orType": []\n      }\n    }\n  ]\n}', 'EMPLOYEE_MASTER', 'LAST_NAME', 'DEMOGRAPHICS', 'Jeong', 'SINGLE', 1, NULL, NULL, NULL, b'0', b'0', NULL, 'ACTIVE', '2015-06-08 15:38:29', '2020-07-30 11:24:46'),
	(3, 1, 1, 'Middle_Name', 'Middle name of employee', 'Middle Name', '{\n  "steps": [\n    {\n      "table": "EMPLOYEE_MASTER",\n      "inMappingColumn": "",\n      "outMappingColumn": "EMPLOYEE_MASTER_ID",\n      "level": 1,\n      "conditions": {\n        "andType": [],\n        "orType": []\n      }\n    }\n  ]\n}', 'EMPLOYEE_MASTER', 'MIDDLE_NAME', 'DEMOGRAPHICS', 'Christoper', 'SINGLE', 1, NULL, NULL, NULL, b'0', b'0', NULL, 'ACTIVE', '2015-06-08 15:37:10', '2020-07-30 11:24:46'),
	(4, 1, 1, 'Full_Name', 'Full name of employee', 'Full Name', '{\n  "steps": [\n    {\n      "table": "EMPLOYEE_MASTER",\n      "inMappingColumn": "",\n      "outMappingColumn": "EMPLOYEE_MASTER_ID",\n      "level": 1,\n      "conditions": {\n        "andType": [],\n        "orType": []\n      }\n    }\n  ]\n}', 'EMPLOYEE_MASTER', 'FULL_NAME', 'DEMOGRAPHICS', 'Mittie Christoper Jeong', 'SINGLE', 1, NULL, NULL, NULL, b'0', b'0', NULL, 'ACTIVE', '2016-04-27 01:41:35', '2020-07-30 11:24:46'),
	(5, 1, 1, 'Employee_Alias_Name', 'Alias name of employee', 'Employee Alias Name', '{\n  "steps": [\n    {\n      "table": "EMPLOYEE_MASTER",\n      "inMappingColumn": "",\n      "outMappingColumn": "EMPLOYEE_MASTER_ID",\n      "level": 1,\n      "conditions": {\n        "andType": [],\n        "orType": []\n      }\n    }\n  ]\n}', 'EMPLOYEE_MASTER', 'ALIAS_NAME', 'DEMOGRAPHICS', 'Mike', 'SINGLE', 1, NULL, NULL, NULL, b'0', b'0', 'SUM', 'ACTIVE', '2016-04-27 01:42:44', '2020-07-30 11:24:46'),
	(6, 1, 1, 'Salute', 'Salute of employee', 'Salute', '{\n  "steps": [\n    {\n      "table": "EMPLOYEE_MASTER",\n      "inMappingColumn": "",\n      "outMappingColumn": "EMPLOYEE_MASTER_ID",\n      "level": 1,\n      "conditions": {\n        "andType": [],\n        "orType": []\n      }\n    }\n  ]\n}', 'EMPLOYEE_MASTER', 'SALUTE', 'DEMOGRAPHICS', 'Mr', 'SINGLE', 1, NULL, NULL, NULL, b'0', b'0', NULL, 'ACTIVE', '2016-04-27 01:43:53', '2020-07-30 11:24:46'),
	(7, 1, 1, 'Employee_Email', 'Email of employee', 'Employee Email', '{\n  "steps": [\n    {\n      "table": "EMPLOYEE_MASTER",\n      "inMappingColumn": "",\n      "outMappingColumn": "EMPLOYEE_MASTER_ID",\n      "level": 1,\n      "conditions": {\n        "andType": [],\n        "orType": []\n      }\n    }\n  ]\n}', 'EMPLOYEE_MASTER', 'EMAIL', 'DEMOGRAPHICS', 'mittie_ch@gmail.com', 'SINGLE', 1, NULL, NULL, NULL, b'0', b'1', NULL, 'ACTIVE', '2015-06-08 15:37:10', '2020-07-30 11:24:46'),
	(8, 1, 1, 'Office_Phone', 'Office phone of employee', 'Office Phone', '{\n  "steps": [\n    {\n      "table": "EMPLOYEE_MASTER",\n      "inMappingColumn": "",\n      "outMappingColumn": "EMPLOYEE_MASTER_ID",\n      "level": 1,\n      "conditions": {\n        "andType": [],\n        "orType": []\n      }\n    }\n  ]\n}', 'EMPLOYEE_MASTER', 'OFFICE_PHONE', 'DEMOGRAPHICS', '8028782345', 'SINGLE', 1, NULL, NULL, NULL, b'0', b'0', NULL, 'ACTIVE', '2015-06-08 15:37:10', '2020-07-30 11:24:46'),
	(9, 1, 1, 'Cell_Phone', 'Cell phone of employee', 'Cell Phone', '{\n  "steps": [\n    {\n      "table": "EMPLOYEE_MASTER",\n      "inMappingColumn": "",\n      "outMappingColumn": "EMPLOYEE_MASTER_ID",\n      "level": 1,\n      "conditions": {\n        "andType": [],\n        "orType": []\n      }\n    }\n  ]\n}', 'EMPLOYEE_MASTER', 'CELL_PHONE', 'DEMOGRAPHICS', '9177723980', 'SINGLE', 1, NULL, NULL, NULL, b'1', b'0', NULL, 'ACTIVE', '2016-04-27 01:51:03', '2020-07-30 11:24:46'),
	(10, 1, 1, 'Gender', 'Gender of employee', 'Gender', '{\n  "steps": [\n    {\n      "table": "EMPLOYEE_MASTER",\n      "inMappingColumn": "",\n      "outMappingColumn": "EMPLOYEE_MASTER_ID",\n      "level": 1,\n      "conditions": {\n        "andType": [],\n        "orType": []\n      }\n    }\n  ]\n}', 'EMPLOYEE_MASTER', 'GENDER', 'DEMOGRAPHICS', 'Male', 'SINGLE', 1, NULL, NULL, NULL, b'0', b'1', NULL, 'ACTIVE', '2016-04-27 01:53:11', '2020-07-30 11:24:46'),
	(11, 1, 1, 'Employee_Address', 'Address1 of employee', 'Employee Address', '{\n  "steps": [\n    {\n      "table": "EMPLOYEE_MASTER",\n      "inMappingColumn": "",\n      "outMappingColumn": "EMPLOYEE_MASTER_ID",\n      "level": 1,\n      "conditions": {\n        "andType": [],\n        "orType": []\n      }\n    }\n  ]\n}', 'EMPLOYEE_MASTER', 'ADDRESS1', 'DEMOGRAPHICS', '5140 Deerfield Drive', 'SINGLE', 1, NULL, NULL, NULL, b'0', b'0', NULL, 'ACTIVE', '2016-04-27 01:54:29', '2020-07-30 11:24:46'),
	(12, 1, 1, 'City', 'City of employee', 'City', '{\n  "steps": [\n    {\n      "table": "EMPLOYEE_MASTER",\n      "inMappingColumn": "",\n      "outMappingColumn": "EMPLOYEE_MASTER_ID",\n      "level": 1,\n      "conditions": {\n        "andType": [],\n        "orType": []\n      }\n    }\n  ]\n}', 'EMPLOYEE_MASTER', 'CITY', 'DEMOGRAPHICS', 'Greenville', 'SINGLE', 1, NULL, NULL, NULL, b'0', b'0', NULL, 'ACTIVE', '2016-04-27 01:56:08', '2020-07-30 11:24:46'),
	(13, 1, 1, 'State', 'State of employee', 'State', '{\n  "steps": [\n    {\n      "table": "EMPLOYEE_MASTER",\n      "inMappingColumn": "",\n      "outMappingColumn": "EMPLOYEE_MASTER_ID",\n      "level": 1,\n      "conditions": {\n        "andType": [],\n        "orType": []\n      }\n    }\n  ]\n}', 'EMPLOYEE_MASTER', 'STATE', 'DEMOGRAPHICS', 'NC', 'SINGLE', 1, NULL, NULL, NULL, b'0', b'0', NULL, 'ACTIVE', '2016-04-27 01:56:40', '2020-07-30 11:24:46'),
	(14, 1, 1, 'Zip', 'Zip of employee', 'Zip', '{\n  "steps": [\n    {\n      "table": "EMPLOYEE_MASTER",\n      "inMappingColumn": "",\n      "outMappingColumn": "EMPLOYEE_MASTER_ID",\n      "level": 1,\n      "conditions": {\n        "andType": [],\n        "orType": []\n      }\n    }\n  ]\n}', 'EMPLOYEE_MASTER', 'ZIP', 'DEMOGRAPHICS', '27834', 'SINGLE', 2, NULL, NULL, NULL, b'0', b'0', NULL, 'ACTIVE', '2016-04-27 01:56:50', '2020-07-30 11:24:46'),
	(16, 1, 1, 'Region', 'Region of employee', 'Region', '{\n  "steps": [\n    {\n      "table": "EMPLOYEE_MASTER",\n      "inMappingColumn": "",\n      "outMappingColumn": "EMPLOYEE_MASTER_ID",\n      "level": 1,\n      "conditions": {\n        "andType": [],\n        "orType": []\n      }\n    }\n  ]\n}', 'EMPLOYEE_MASTER', 'REGION', 'DEMOGRAPHICS', 'Northeast', 'SINGLE', 1, NULL, NULL, NULL, b'0', b'0', NULL, 'ACTIVE', '2016-04-27 01:57:16', '2020-07-30 11:24:46'),
	(17, 1, 1, 'Employee_Identification_No', 'Identification no of employee', 'Employee Identification No', '{\n  "steps": [\n    {\n      "table": "EMPLOYEE_MASTER",\n      "inMappingColumn": "",\n      "outMappingColumn": "EMPLOYEE_MASTER_ID",\n      "level": 1,\n      "conditions": {\n        "andType": [],\n        "orType": []\n      }\n    }\n  ]\n}', 'EMPLOYEE_MASTER', 'IDENTIFICATION_NO', 'DEMOGRAPHICS', 'AC1900', 'SINGLE', 1, NULL, NULL, NULL, b'0', b'0', NULL, 'ACTIVE', '2016-04-27 02:05:38', '2020-07-30 11:24:46'),
	(18, 1, 1, 'Hire_Date', 'Hire date of employee', 'Hire Date', '{\n  "steps": [\n    {\n      "table": "EMPLOYEE_MASTER",\n      "inMappingColumn": "",\n      "outMappingColumn": "EMPLOYEE_MASTER_ID",\n      "level": 1,\n      "conditions": {\n        "andType": [],\n        "orType": []\n      }\n    }\n  ]\n}', 'EMPLOYEE_MASTER', 'HIRE_DATE', 'DEMOGRAPHICS', '2015-01-20', 'SINGLE', 7, NULL, NULL, NULL, b'0', b'0', NULL, 'ACTIVE', '2016-04-27 02:05:48', '2020-07-30 11:24:46'),
	(19, 1, 1, 'Rehire_Date', 'Rehire date of employee', 'Rehire Date', '{\n  "steps": [\n    {\n      "table": "EMPLOYEE_MASTER",\n      "inMappingColumn": "",\n      "outMappingColumn": "EMPLOYEE_MASTER_ID",\n      "level": 1,\n      "conditions": {\n        "andType": [],\n        "orType": []\n      }\n    }\n  ]\n}', 'EMPLOYEE_MASTER', 'REHIRE_DATE', 'DEMOGRAPHICS', '2016-02-25', 'SINGLE', 7, NULL, NULL, NULL, b'0', b'0', NULL, 'ACTIVE', '2016-04-27 02:05:59', '2020-07-30 11:24:46'),
	(20, 1, 1, 'Employment_Type', 'Employment type of employee', 'Employment Type', '{\n  "steps": [\n    {\n      "table": "EMPLOYEE_MASTER",\n      "inMappingColumn": "",\n      "outMappingColumn": "EMPLOYEE_MASTER_ID",\n      "level": 1,\n      "conditions": {\n        "andType": [],\n        "orType": []\n      }\n    }\n  ]\n}', 'EMPLOYEE_MASTER', 'EMPLOYMENT_TYPE', 'DEMOGRAPHICS', 'Salaried', 'SINGLE', 1, NULL, NULL, NULL, b'0', b'0', NULL, 'ACTIVE', '2016-04-27 02:06:07', '2020-07-30 11:24:46'),
	(22, 1, 1, 'Department_Name', 'Department name of employee', 'Department Name', '{\n  "steps": [\n    {\n      "table": "EMPLOYEE_MASTER",\n      "inMappingColumn": "",\n      "outMappingColumn": "EMPLOYEE_MASTER_ID",\n      "level": 1,\n      "conditions": {\n        "andType": [],\n        "orType": []\n      }\n    },\n    {\n      "table": "EMPLOYEE_DATA",\n      "inMappingColumn": "EMPLOYEE_MASTER_ID",\n      "outMappingColumn": "CURRENT_DEPT_ID",\n      "level": 2,\n      "conditions": {\n        "andType": [],\n        "orType": []\n      }\n    },\n    {\n      "table": "DEPARTMENT",\n      "inMappingColumn": "DEPT_ID",\n      "outMappingColumn": "",\n      "level": 3,\n      "conditions": {\n        "andType": [],\n        "orType": []\n      }\n    }\n  ]\n}', 'DEPARTMENT', 'DEPT_NAME', 'ORG STRUCTURE', 'Finance', 'SINGLE', 1, NULL, NULL, NULL, b'0', b'1', 'SUM', 'ACTIVE', '2015-06-08 15:37:10', '2020-07-30 11:38:55'),
	(23, 1, 1, 'Group_Name', 'Group name of employee', 'Group Name', '{\n  "steps": [\n    {\n      "table": "EMPLOYEE_MASTER",\n      "inMappingColumn": "",\n      "outMappingColumn": "EMPLOYEE_MASTER_ID",\n      "level": 1,\n      "conditions": {\n        "andType": [],\n        "orType": []\n      }\n    },\n    {\n      "table": "EMPLOYEE_DATA",\n      "inMappingColumn": "EMPLOYEE_MASTER_ID",\n      "outMappingColumn": "CURRENT_GROUP_ID",\n      "level": 2,\n      "conditions": {\n        "andType": [],\n        "orType": []\n      }\n    },\n    {\n      "table": "EMPLOYEE_GROUP",\n      "inMappingColumn": "GROUP_ID",\n      "outMappingColumn": "",\n      "level": 3,\n      "conditions": {\n        "andType": [],\n        "orType": []\n      }\n    }\n  ]\n}', 'EMPLOYEE_GROUP', 'GROUP_NAME', 'ORG STRUCTURE', 'Audit Team', 'SINGLE', 1, NULL, NULL, NULL, b'0', b'0', NULL, 'ACTIVE', '2016-04-27 02:15:50', '2020-07-30 11:38:55'),
	(25, 1, 1, 'Merit_Amount_Increase', 'Merit Increase Amount', 'Merit Amount Increase', '{\n  "steps": [\n    {\n      "table": "BASEPAY_MASTER",\n      "inMappingColumn": "",\n      "outMappingColumn": "EMPLOYEE_MASTER_ID",\n      "level": 1,\n      "conditions": {\n        "andType": [\n{\n            "columnName": "COMPENSATION_INCREASE_TYPE_ID", \n             "columnValue": 1\n         }\n         ],\n        "orType": []\n      }\n    }\n  ]\n}', 'BASEPAY_MASTER', 'BASEPAY_AMOUNT_INCREASE', 'MERIT', '100.0', 'SINGLE', 5, 48, NULL, NULL, b'0', b'0', 'SUM', 'ACTIVE', '2016-08-25 11:48:30', '2020-07-30 11:19:12'),
	(26, 1, 1, 'Current_Job_Title', 'Current Job TItle', 'Current Job Title', '{\n  "steps": [\n    {\n      "table": "EMPLOYEE_MASTER",\n      "inMappingColumn": "",\n      "outMappingColumn": "EMPLOYEE_MASTER_ID",\n      "level": 1,\n      "conditions": {\n        "andType": [],\n        "orType": []\n      }\n    },\n    {\n      "table": "EMPLOYEE_DATA",\n      "inMappingColumn": "EMPLOYEE_MASTER_ID",\n      "outMappingColumn": "CURRENT_JOB_ID",\n      "level": 2,\n      "conditions": {\n        "andType": [],\n        "orType": []\n      }\n    },\n    {\n      "table": "job",\n      "inMappingColumn": "JOB_ID",\n      "outMappingColumn": "",\n      "level": 3,\n      "keepsDuplicate": true,\n      "conditions": {\n        "andType": [],\n        "orType": []\n      }\n    }\n  ]\n}', 'JOB', 'JOB_TITLE', 'JOB', '3', 'MULTI', 1, NULL, NULL, NULL, b'0', b'0', 'SUM', 'ACTIVE', '2016-04-27 01:57:16', '2021-02-10 18:28:53'),
	(27, 1, 1, 'Promotion_Job_Title', 'Promotion Job TItle', 'Promotion Job Title', '{\n"onChange": true,\n"onChangeImpactedMetaData" : [29,329,330,331,332,351,352,353,354,359,361,362,363,364,365,367,371,372,373] ,\n  "steps": [\n    {\n      "table": "EMPLOYEE_MASTER",\n      "inMappingColumn": "",\n      "outMappingColumn": "EMPLOYEE_MASTER_ID",\n      "level": 1,\n      "conditions": {\n        "andType": [],\n        "orType": []\n      }\n    },\n    {\n      "table": "EMPLOYEE_DATA",\n      "inMappingColumn": "EMPLOYEE_MASTER_ID",\n      "outMappingColumn": "NEW_JOB_ID",\n      "level": 2,\n      "conditions": {\n        "andType": [],\n        "orType": []\n      }\n    },\n    {\n      "table": "job",\n      "inMappingColumn": "JOB_ID",\n      "outMappingColumn": "",\n      "level": 3,\n      "keepsDuplicate": true,\n      "conditions": {\n        "andType": [],\n        "orType": []\n      }\n    }\n  ]\n}', 'JOB', 'JOB_TITLE', 'PROMOTION', '3', 'MULTI', 1, NULL, NULL, NULL, b'0', b'0', 'SUM', 'ACTIVE', '2016-04-27 01:57:16', '2021-02-25 17:37:31'),
	(28, 1, 1, 'Current_Job_Code', 'Current Job Code', 'Current Job Code', '{\n  "steps": [\n    {\n      "table": "EMPLOYEE_MASTER",\n      "inMappingColumn": "",\n      "outMappingColumn": "EMPLOYEE_MASTER_ID",\n      "level": 1,\n      "conditions": {\n        "andType": [],\n        "orType": []\n      }\n    },\n    {\n      "table": "EMPLOYEE_DATA",\n      "inMappingColumn": "EMPLOYEE_MASTER_ID",\n      "outMappingColumn": "CURRENT_JOB_ID",\n      "level": 2,\n      "conditions": {\n        "andType": [],\n        "orType": []\n      }\n    },\n    {\n      "table": "job",\n      "inMappingColumn": "JOB_ID",\n      "outMappingColumn": "",\n      "level": 3,\n      "keepsDuplicate": true,\n      "conditions": {\n        "andType": [],\n        "orType": []\n      }\n    }\n  ]\n}', 'JOB', 'JOB_CODE', 'JOB', '3', 'SINGLE', 1, NULL, NULL, NULL, b'0', b'0', NULL, 'ACTIVE', '2016-04-27 01:57:16', '2021-02-10 18:29:04'),
	(29, 1, 1, 'New_Job_Code', 'New Job Code', 'New Job Code', '{\n  "steps": [\n    {\n      "table": "EMPLOYEE_MASTER",\n      "inMappingColumn": "",\n      "outMappingColumn": "EMPLOYEE_MASTER_ID",\n      "level": 1,\n      "conditions": {\n        "andType": [],\n        "orType": []\n      }\n    },\n    {\n      "table": "EMPLOYEE_DATA",\n      "inMappingColumn": "EMPLOYEE_MASTER_ID",\n      "outMappingColumn": "NEW_JOB_ID",\n      "level": 2,\n      "conditions": {\n        "andType": [],\n        "orType": []\n      }\n    },\n    {\n      "table": "job",\n      "inMappingColumn": "JOB_ID",\n      "outMappingColumn": "",\n      "level": 3,\n      "keepsDuplicate": true,\n      "conditions": {\n        "andType": [],\n        "orType": []\n      }\n    }\n  ]\n}', 'JOB', 'JOB_CODE', 'JOB', '3', 'MULTI', 1, NULL, NULL, NULL, b'0', b'0', 'SUM', 'ACTIVE', '2016-04-27 01:57:16', '2020-07-30 11:34:16'),
	(30, 1, 1, 'Annual_Bonus_Eligible', 'Bonus Increase Eligible of employee', 'Annual Bonus Eligible', '{\n  "steps": [\n    {\n      "table": "BONUS_MASTER",\n      "inMappingColumn": "",\n      "outMappingColumn": "EMPLOYEE_MASTER_ID",\n      "level": 1,\n      "conditions": {\n        "andType": [{\n            "columnName": "COMPENSATION_INCREASE_TYPE_ID", \n             "columnValue": 3\n         }],\n        "orType": []\n      }\n    }\n  ]\n}', 'BONUS_MASTER', 'BONUS_INCREASE_ELIGIBLE', 'ANNUAL BONUS', '50.0', 'SINGLE', 1, NULL, NULL, NULL, b'0', b'0', NULL, 'ACTIVE', '2016-08-25 11:57:00', '2020-07-30 11:31:13'),
	(31, 1, 1, 'Current_Annual_Basepay', 'Current Annual Basepay of employee', 'Current Annual Basepay', '{\n  "steps": [\n    {\n      "table": "EMPLOYEE_MASTER",\n      "inMappingColumn": "",\n      "outMappingColumn": "EMPLOYEE_MASTER_ID",\n      "level": 1,\n      "conditions": {\n        "andType": [],\n        "orType": []\n      }\n    }\n  ]\n}', 'EMPLOYEE_MASTER', 'CURRENT_ANNUAL_BASEPAY', 'DEMOGRAPHICS', '100.0', 'SINGLE', 5, NULL, NULL, NULL, b'1', b'1', 'SUM', 'ACTIVE', '2016-08-25 11:48:30', '2020-07-30 11:24:46'),
	(32, 1, 1, 'New_Annual_Basepay', 'New Annual Basepay of employee', 'New Annual Basepay', '{\n  "steps": [\n    {\n      "table": "BASEPAY_MASTER",\n      "inMappingColumn": "",\n      "outMappingColumn": "EMPLOYEE_MASTER_ID",\n      "level": 1,\n      "conditions": {\n        "andType": [\n{\n            "columnName": "COMPENSATION_INCREASE_TYPE_ID", \n             "columnValue": 1\n         }\n         ],\n        "orType": []\n      }\n    }\n  ]\n}', 'BASEPAY_MASTER', 'NEW_ANNUAL_BASEPAY', 'MERIT', '120.0', 'SINGLE', 5, 17, NULL, NULL, b'1', b'0', 'SUM', 'ACTIVE', '2016-08-25 11:48:30', '2021-02-25 13:39:18'),
	(33, 1, 1, 'Current_Annual_Bonus', 'Current Annual Bonus of employee', 'Current Annual Bonus', '{\n  "steps": [\n    {\n      "table": "BONUS_MASTER",\n      "inMappingColumn": "",\n      "outMappingColumn": "EMPLOYEE_MASTER_ID",\n      "level": 1,\n      "conditions": {\n        "andType": [{\n            "columnName": "COMPENSATION_INCREASE_TYPE_ID", \n             "columnValue": 3\n         }],\n        "orType": []\n      }\n    }\n  ]\n}', 'BONUS_MASTER', 'CURRENT_ANNUAL_BONUS', 'ANNUAL BONUS', '60.0', 'SINGLE', 5, NULL, NULL, NULL, b'1', b'0', 'SUM', 'ACTIVE', '2016-08-25 11:48:30', '2020-07-30 11:31:13'),
	(34, 1, 1, 'New_Annual_Bonus', 'New Annual Bonus of employee', 'New Annual Bonus', '{\n  "steps": [\n    {\n      "table": "BONUS_MASTER",\n      "inMappingColumn": "",\n      "outMappingColumn": "EMPLOYEE_MASTER_ID",\n      "level": 1,\n      "conditions": {\n        "andType": [\n{\n            "columnName": "COMPENSATION_INCREASE_TYPE_ID", \n             "columnValue": 3\n         }],\n        "orType": []\n      }\n    }\n  ]\n}', 'BONUS_MASTER', 'NEW_ANNUAL_BONUS', 'ANNUAL BONUS', '70.0', 'SINGLE', 5, 53, NULL, NULL, b'1', b'0', 'SUM', 'ACTIVE', '2016-08-25 11:48:30', '2020-07-30 11:31:13'),
	(35, 1, 1, 'Current_Option_Amount', 'Current Annual Price of employee', 'Current Option Amount', '{\n  "steps": [\n    {\n      "table": "STOCK_MASTER",\n      "inMappingColumn": "",\n      "outMappingColumn": "EMPLOYEE_MASTER_ID",\n      "level": 1,\n      "conditions": {\n        "andType": [{\n            "columnName": "COMPENSATION_INCREASE_TYPE_ID", \n             "columnValue": 5\n         }],\n        "orType": []\n      }\n    }\n  ]\n}', 'STOCK_MASTER', 'CURRENT_ANNUAL_PRICE', 'STOCK', '75.0', 'SINGLE', 5, NULL, NULL, NULL, b'1', b'0', 'SUM', 'ACTIVE', '2016-08-25 11:48:30', '2020-07-30 12:36:55'),
	(36, 1, 1, 'New_Option_Amount', 'New Annual Price of employee', 'New Option Amount', '{\n  "steps": [\n    {\n      "table": "STOCK_MASTER",\n      "inMappingColumn": "",\n      "outMappingColumn": "EMPLOYEE_MASTER_ID",\n      "level": 1,\n      "conditions": {\n        "andType": [{\n            "columnName": "COMPENSATION_INCREASE_TYPE_ID", \n             "columnValue": 5\n         }],\n        "orType": []\n      }\n    }\n  ]\n}', 'STOCK_MASTER', 'NEW_ANNUAL_PRICE', 'STOCK', '80.0', 'SINGLE', 5, NULL, NULL, NULL, b'1', b'0', 'SUM', 'ACTIVE', '2016-08-25 11:48:30', '2020-07-30 12:36:55'),
	(37, 1, 1, 'Supervisor_Name', 'Supervisor Name of employee', 'Supervisor Name', '{\n  "steps": [\n    {\n      "table": "EMPLOYEE_MASTER",\n      "inMappingColumn": "",\n      "outMappingColumn": "EMPLOYEE_MASTER_ID",\n      "level": 1,\n      "conditions": {\n        "andType": [],\n        "orType": []\n      }\n    }\n  ]\n}', 'EMPLOYEE_MASTER', 'SUPERVISOR_NAME', 'DEMOGRAPHICS', 'Michael King', 'SINGLE', 1, NULL, NULL, NULL, b'0', b'0', NULL, 'ACTIVE', '2016-04-27 01:57:16', '2020-07-30 11:24:46'),
	(38, 1, 1, 'Merit_Budget_Total_Amount', 'Budget Total Amount of employee', 'Merit Budget Total ', '{\n  "steps": [\n    {\n      "table": "BASEPAY_BUDGET_MASTER",\n      "inMappingColumn": "",\n      "outMappingColumn": "EMPLOYEE_MASTER_ID",\n      "level": 1,\n      "conditions": {\n        "andType": [ {\n             "columnName": "COMPENSATION_INCREASE_TYPE_ID", \n             "columnValue": 1\n            }\n         ],\n        "orType": []\n      }\n    }\n  ]\n}', 'BASEPAY_BUDGET_MASTER', 'DIRECT_REPORTS_BUDGET_TOTAL', 'MERIT', '25000.0', 'SINGLE', 5, NULL, NULL, NULL, b'0', b'0', NULL, 'ACTIVE', '2016-04-27 01:57:16', '2020-12-05 15:51:13'),
	(39, 1, 1, 'Merit_Budget_Allocated_Amount', 'Budget Allocated Amount of employee', 'Merit Budget Spent', '{\n  "steps": [\n    {\n      "table": "BASEPAY_BUDGET_MASTER",\n      "inMappingColumn": "",\n      "outMappingColumn": "EMPLOYEE_MASTER_ID",\n      "level": 1,\n      "conditions": {\n        "andType": [{\n            "columnName": "COMPENSATION_INCREASE_TYPE_ID", \n             "columnValue": 1\n             }\n          ],\n        "orType": []\n      }\n    }\n  ]\n}', 'BASEPAY_BUDGET_MASTER', 'DIRECT_REPORTS_BUDGET_ALLOCATED', 'MERIT', '15000.0', 'SINGLE', 5, 24, NULL, NULL, b'0', b'0', 'SUM', 'ACTIVE', '2016-04-27 01:57:16', '2020-12-05 15:40:08'),
	(40, 1, 1, 'Merit_Budget_Remaining_Amount', 'Budget Remaining Amount of employee', 'Merit Budget Remaining ', '{\n  "steps": [\n    {\n      "table": "BASEPAY_BUDGET_MASTER",\n      "inMappingColumn": "",\n      "outMappingColumn": "EMPLOYEE_MASTER_ID",\n      "level": 1,\n      "conditions": {\n        "andType": [{\n              "columnName": "COMPENSATION_INCREASE_TYPE_ID", \n             "columnValue": 1\n          }\n        ],\n        "orType": []\n      }\n    }\n  ]\n}', 'BASEPAY_BUDGET_MASTER', 'DIRECT_REPORTS_BUDGET_REMAINING', 'MERIT', '10000.0', 'SINGLE', 5, NULL, NULL, NULL, b'0', b'0', 'SUM', 'ACTIVE', '2016-04-27 01:57:16', '2020-12-05 15:51:13'),
	(41, 1, 1, 'Merit_Eligible_Employees', 'Nos Eligible Employees of employee', 'Merit Eligible Employees', '{\n  "steps": [\n    {\n      "table": "BASEPAY_BUDGET_MASTER",\n      "inMappingColumn": "",\n      "outMappingColumn": "EMPLOYEE_MASTER_ID",\n      "level": 1,\n      "conditions": {\n        "andType": [{\n            "columnName": "COMPENSATION_INCREASE_TYPE_ID", \n             "columnValue": 1\n         }],\n        "orType": []\n      }\n    }\n  ]\n}', 'BASEPAY_BUDGET_MASTER', 'NOS_ELIGIBLE_EMPLOYEES', 'MERIT', '250', 'SINGLE', 2, NULL, NULL, NULL, b'0', b'0', NULL, 'ACTIVE', '2016-04-27 01:57:16', '2020-07-30 11:19:12'),
	(42, 1, 1, 'Merit_Ineligible_Employees', 'Nos Ineligible Employees of employee', 'Merit Ineligible Employees', '{\n  "steps": [\n    {\n      "table": "BASEPAY_BUDGET_MASTER",\n      "inMappingColumn": "",\n      "outMappingColumn": "EMPLOYEE_MASTER_ID",\n      "level": 1,\n      "conditions": {\n        "andType": [{\n            "columnName": "COMPENSATION_INCREASE_TYPE_ID", \n             "columnValue": 1\n         }],\n        "orType": []\n      }\n    }\n  ]\n}', 'BASEPAY_BUDGET_MASTER', 'NOS_INELIGIBLE_EMPLOYEES', 'MERIT', '20', 'SINGLE', 2, NULL, NULL, NULL, b'1', b'0', 'SUM', 'ACTIVE', '2016-04-27 01:57:16', '2020-07-30 11:19:12'),
	(44, 1, 1, 'RSU_Eligible', 'Stock Increase Eligible of employee', 'RSU Eligible', '{\n  "executeRuleOnChanged": true,\n "associatedMetaData": [229, 492],\n  "steps": [\n    {\n      "table": "STOCK_MASTER",\n      "inMappingColumn": "",\n      "outMappingColumn": "EMPLOYEE_MASTER_ID",\n      "level": 1,\n      "conditions": {\n        "andType": [{\n            "columnName": "COMPENSATION_INCREASE_TYPE_ID", \n             "columnValue": 6\n         }],\n        "orType": []\n      }\n    }\n  ]\n}', 'STOCK_MASTER', 'STOCK_INCREASE_ELIGIBLE', 'STOCK', '10.0', 'SINGLE', 16, NULL, NULL, NULL, b'0', b'0', NULL, 'ACTIVE', '2016-08-25 11:57:00', '2020-10-19 11:49:55'),
	(45, 1, 1, 'Promotion_Budget_Total_Amount', 'Budget Total Amount of employee', 'Promotion Budget Total ', '{\n  "steps": [\n    {\n      "table": "BASEPAY_BUDGET_MASTER",\n      "inMappingColumn": "",\n      "outMappingColumn": "EMPLOYEE_MASTER_ID",\n      "level": 1,\n      "conditions": {\n        "andType": [{\n            "columnName": "COMPENSATION_INCREASE_TYPE_ID", \n             "columnValue": 2\n         }\n       ],\n        "orType": []\n      }\n    }\n  ]\n}', 'BASEPAY_BUDGET_MASTER', 'DIRECT_REPORTS_BUDGET_TOTAL', 'PROMOTION', '25000.0', 'SINGLE', 5, NULL, NULL, NULL, b'0', b'0', NULL, 'ACTIVE', '2016-04-27 01:57:16', '2020-12-05 15:51:13'),
	(46, 1, 1, 'Promotion_Budget_Allocated_Amount', 'Budget Allocated Amount of employee', 'Promotion Budget Spent', '{\n  "steps": [\n    {\n      "table": "BASEPAY_BUDGET_MASTER",\n      "inMappingColumn": "",\n      "outMappingColumn": "EMPLOYEE_MASTER_ID",\n      "level": 1,\n      "conditions": {\n        "andType": [{\n           "columnName": "COMPENSATION_INCREASE_TYPE_ID", \n            "columnValue": 2\n         }\n        ],\n        "orType": []\n      }\n    }\n  ]\n}', 'BASEPAY_BUDGET_MASTER', 'DIRECT_REPORTS_BUDGET_ALLOCATED', 'PROMOTION', '15000.0', 'SINGLE', 5, NULL, NULL, NULL, b'0', b'0', NULL, 'ACTIVE', '2016-04-27 01:57:16', '2020-12-05 15:40:08'),
	(47, 1, 1, 'Promotion_Budget_Remaining_Amount', 'Budget Remaining Amount of employee', 'Promotion Budget Remaining ', '{\n  "steps": [\n    {\n      "table": "BASEPAY_BUDGET_MASTER",\n      "inMappingColumn": "",\n      "outMappingColumn": "EMPLOYEE_MASTER_ID",\n      "level": 1,\n      "conditions": {\n        "andType": [{\n           "columnName": "COMPENSATION_INCREASE_TYPE_ID", \n            "columnValue": 2\n           }\n         ],\n        "orType": []\n      }\n    }\n  ]\n}', 'BASEPAY_BUDGET_MASTER', 'DIRECT_REPORTS_BUDGET_REMAINING', 'PROMOTION', '10000.0', 'SINGLE', 5, NULL, NULL, NULL, b'0', b'0', NULL, 'ACTIVE', '2016-04-27 01:57:16', '2020-12-05 15:51:13'),
	(48, 1, 1, 'Promotion_Eligible_Employees', 'Nos Eligible Employees of employee', 'Promotion Eligible Employees', '{\n  "steps": [\n    {\n      "table": "BASEPAY_BUDGET_MASTER",\n      "inMappingColumn": "",\n      "outMappingColumn": "EMPLOYEE_MASTER_ID",\n      "level": 1,\n      "conditions": {\n        "andType": [{\n            "columnName": "COMPENSATION_INCREASE_TYPE_ID", \n             "columnValue": 2\n         }],\n        "orType": []\n      }\n    }\n  ]\n}', 'BASEPAY_BUDGET_MASTER', 'NOS_ELIGIBLE_EMPLOYEES', 'PROMOTION', '250', 'SINGLE', 2, NULL, NULL, NULL, b'0', b'0', NULL, 'ACTIVE', '2016-04-27 01:57:16', '2020-07-30 11:20:25'),
	(49, 1, 1, 'Promotion_Ineligible_Employees', 'Nos Ineligible Employees of employee', 'Promotion Ineligible Employees', '{\n  "steps": [\n    {\n      "table": "BASEPAY_BUDGET_MASTER",\n      "inMappingColumn": "",\n      "outMappingColumn": "EMPLOYEE_MASTER_ID",\n      "level": 1,\n      "conditions": {\n        "andType": [{\n            "columnName": "COMPENSATION_INCREASE_TYPE_ID", \n             "columnValue": 2\n         }],\n        "orType": []\n      }\n    }\n  ]\n}', 'BASEPAY_BUDGET_MASTER', 'NOS_INELIGIBLE_EMPLOYEES', 'PROMOTION', '20', 'SINGLE', 2, NULL, NULL, NULL, b'0', b'0', NULL, 'ACTIVE', '2016-04-27 01:57:16', '2020-07-30 11:20:25'),
	(50, 1, 1, 'Annual_Bonus_Budget_Total_Amount', 'Budget Total Amount of employee', 'Annual Bonus Budget Total ', '{\n  "steps": [\n    {\n      "table": "BONUS_BUDGET_MASTER",\n      "inMappingColumn": "",\n      "outMappingColumn": "EMPLOYEE_MASTER_ID",\n      "level": 1,\n      "conditions": {\n        "andType": [{\n           "columnName": "COMPENSATION_INCREASE_TYPE_ID", \n           "columnValue": 3\n         }\n        ],\n        "orType": []\n      }\n    }\n  ]\n}', 'BONUS_BUDGET_MASTER', 'DIRECT_REPORTS_BUDGET_TOTAL', 'ANNUAL BONUS', '25000.0', 'SINGLE', 5, NULL, NULL, NULL, b'0', b'0', NULL, 'ACTIVE', '2016-04-27 01:57:16', '2020-12-05 15:51:13'),
	(51, 1, 1, 'Annual_Bonus_Budget_Allocated_Amount', 'Budget Allocated Amount of employee', 'Annual Bonus Budget Spent', '{\n  "steps": [\n    {\n      "table": "BONUS_BUDGET_MASTER",\n      "inMappingColumn": "",\n      "outMappingColumn": "EMPLOYEE_MASTER_ID",\n      "level": 1,\n      "conditions": {\n        "andType": [ {\n          "columnName": "COMPENSATION_INCREASE_TYPE_ID", \n          "columnValue": 3\n          }\n        ],\n        "orType": []\n      }\n    }\n  ]\n}', 'BONUS_BUDGET_MASTER', 'DIRECT_REPORTS_BUDGET_ALLOCATED', 'ANNUAL BONUS', '15000.0', 'SINGLE', 5, NULL, NULL, NULL, b'0', b'0', NULL, 'ACTIVE', '2016-04-27 01:57:16', '2020-12-05 15:40:08'),
	(52, 1, 1, 'Annual_Bonus_Budget_Remaining_Amount', 'Budget Remaining Amount of employee', 'Annual Bonus Budget Remaining ', '{\n  "steps": [\n    {\n      "table": "BONUS_BUDGET_MASTER",\n      "inMappingColumn": "",\n      "outMappingColumn": "EMPLOYEE_MASTER_ID",\n      "level": 1,\n      "conditions": {\n        "andType": [ {\n             "columnName": "COMPENSATION_INCREASE_TYPE_ID", \n             "columnValue": 3\n            }\n         ],\n        "orType": []\n      }\n    }\n  ]\n}', 'BONUS_BUDGET_MASTER', 'DIRECT_REPORTS_BUDGET_REMAINING', 'ANNUAL BONUS', '10000.0', 'SINGLE', 5, NULL, NULL, NULL, b'0', b'0', NULL, 'ACTIVE', '2016-04-27 01:57:16', '2020-12-05 15:51:13'),
	(53, 1, 1, 'Annual_Bonus_Eligible_Employees', 'Nos Eligible Employees of employee', 'Annual Bonus Eligible Employees', '{\n  "steps": [\n    {\n      "table": "BONUS_BUDGET_MASTER",\n      "inMappingColumn": "",\n      "outMappingColumn": "EMPLOYEE_MASTER_ID",\n      "level": 1,\n      "conditions": {\n        "andType": [{\n            "columnName": "COMPENSATION_INCREASE_TYPE_ID", \n             "columnValue": 3\n         }],\n        "orType": []\n      }\n    }\n  ]\n}', 'BONUS_BUDGET_MASTER', 'NOS_ELIGIBLE_EMPLOYEES', 'ANNUAL BONUS', '250', 'SINGLE', 2, NULL, NULL, NULL, b'0', b'0', NULL, 'ACTIVE', '2016-04-27 01:57:16', '2020-07-30 11:31:13'),
	(54, 1, 1, 'Annual_Bonus_Ineligible_Employees', 'Nos Ineligible Employees of employee', 'Annual Bonus Ineligible Employees', '{\n  "steps": [\n    {\n      "table": "BONUS_BUDGET_MASTER",\n      "inMappingColumn": "",\n      "outMappingColumn": "EMPLOYEE_MASTER_ID",\n      "level": 1,\n      "conditions": {\n        "andType": [{\n            "columnName": "COMPENSATION_INCREASE_TYPE_ID", \n             "columnValue": 3\n         }],\n        "orType": []\n      }\n    }\n  ]\n}', 'BONUS_BUDGET_MASTER', 'NOS_INELIGIBLE_EMPLOYEES', 'ANNUAL BONUS', '20', 'SINGLE', 2, NULL, NULL, NULL, b'0', b'0', NULL, 'ACTIVE', '2016-04-27 01:57:16', '2020-07-30 11:31:13'),
	(55, 1, 1, 'RSU_Budget_Total_Amount', 'Budget Total Amount of employee', 'RSU Budget Total ', '{\n  "steps": [\n    {\n      "table": "STOCK_BUDGET_MASTER",\n      "inMappingColumn": "",\n      "outMappingColumn": "EMPLOYEE_MASTER_ID",\n      "level": 1,\n      "conditions": {\n        "andType": [ {\n            "columnName": "COMPENSATION_INCREASE_TYPE_ID", \n            "columnValue": 6\n        }\n         ],\n        "orType": []\n      }\n    }\n  ]\n}', 'STOCK_BUDGET_MASTER', 'DIRECT_REPORTS_BUDGET_TOTAL', 'STOCK', '25000.0', 'SINGLE', 5, NULL, NULL, NULL, b'0', b'0', NULL, 'ACTIVE', '2016-04-27 01:57:16', '2020-12-05 15:51:13'),
	(56, 1, 1, 'RSU_Budget_Allocated_Amount', 'Budget Allocated Amount of employee', 'RSU Budget Spent', '{\n  "steps": [\n    {\n      "table": "STOCK_BUDGET_MASTER",\n      "inMappingColumn": "",\n      "outMappingColumn": "EMPLOYEE_MASTER_ID",\n      "level": 1,\n      "conditions": {\n        "andType": [ {\n            "columnName": "COMPENSATION_INCREASE_TYPE_ID", \n            "columnValue": 6\n          }\n         ],\n        "orType": []\n      }\n    }\n  ]\n}', 'STOCK_BUDGET_MASTER', 'DIRECT_REPORTS_BUDGET_ALLOCATED', 'STOCK', '15000.0', 'SINGLE', 5, NULL, NULL, NULL, b'0', b'0', NULL, 'ACTIVE', '2016-04-27 01:57:16', '2020-12-05 15:40:08'),
	(57, 1, 1, 'RSU_Budget_Remaining_Amount', 'Budget Remaining Amount of employee', 'RSU Budget Remaining ', '{\n  "steps": [\n    {\n      "table": "STOCK_BUDGET_MASTER",\n      "inMappingColumn": "",\n      "outMappingColumn": "EMPLOYEE_MASTER_ID",\n      "level": 1,\n      "conditions": {\n        "andType": [ {\n            "columnName": "COMPENSATION_INCREASE_TYPE_ID", \n             "columnValue": 6\n           }\n         ],\n        "orType": []\n      }\n    }\n  ]\n}', 'STOCK_BUDGET_MASTER', 'DIRECT_REPORTS_BUDGET_REMAINING', 'STOCK', '10000.0', 'SINGLE', 5, NULL, NULL, NULL, b'0', b'0', NULL, 'ACTIVE', '2016-04-27 01:57:16', '2020-12-05 15:51:13'),
	(58, 1, 1, 'RSU_Eligible_Employees', 'Nos Eligible Employees of employee', 'RSU Eligible Employees', '{\n  "steps": [\n    {\n      "table": "STOCK_BUDGET_MASTER",\n      "inMappingColumn": "",\n      "outMappingColumn": "EMPLOYEE_MASTER_ID",\n      "level": 1,\n      "conditions": {\n        "andType": [{\n            "columnName": "COMPENSATION_INCREASE_TYPE_ID", \n             "columnValue": 6\n         }],\n        "orType": []\n      }\n    }\n  ]\n}', 'STOCK_BUDGET_MASTER', 'NOS_ELIGIBLE_EMPLOYEES', 'STOCK', '250', 'SINGLE', 2, NULL, NULL, NULL, b'0', b'0', NULL, 'ACTIVE', '2016-04-27 01:57:16', '2020-08-22 22:14:23'),
	(59, 1, 1, 'RSU_Nos_Ineligible_Employees', 'Nos Ineligible Employees of employee', 'RSU Nos Ineligible Employees', '{\n  "steps": [\n    {\n      "table": "STOCK_BUDGET_MASTER",\n      "inMappingColumn": "",\n      "outMappingColumn": "EMPLOYEE_MASTER_ID",\n      "level": 1,\n      "conditions": {\n        "andType": [{\n            "columnName": "COMPENSATION_INCREASE_TYPE_ID", \n             "columnValue": 6\n         }],\n        "orType": []\n      }\n    }\n  ]\n}', 'STOCK_BUDGET_MASTER', 'NOS_INELIGIBLE_EMPLOYEES', 'STOCK', '20', 'SINGLE', 2, NULL, NULL, NULL, b'0', b'0', NULL, 'ACTIVE', '2016-04-27 01:57:16', '2020-08-22 22:14:23'),
	(60, 1, 1, 'Promotion_Amount_Increase', 'Promotion Amount Increase of employee', 'Promotion Amount Increase', '{\n  "steps": [\n    {\n      "table": "BASEPAY_MASTER",\n      "inMappingColumn": "",\n      "outMappingColumn": "EMPLOYEE_MASTER_ID",\n      "level": 1,\n      "conditions": {\n        "andType": [{\n            "columnName": "COMPENSATION_INCREASE_TYPE_ID", \n             "columnValue": 2\n         }],\n        "orType": []\n      }\n    }\n  ]\n}', 'BASEPAY_MASTER', 'BASEPAY_AMOUNT_INCREASE', 'PROMOTION', '25000.0', 'SINGLE', 5, 49, NULL, NULL, b'0', b'0', 'SUM', 'ACTIVE', '2016-04-27 01:57:16', '2020-07-30 11:20:25'),
	(61, 1, 1, 'Merit_Percent_Increase', 'Basepay Percent Increase of employee', 'Merit Percent Increase', '{\n  "steps": [\n    {\n      "table": "BASEPAY_MASTER",\n      "inMappingColumn": "",\n      "outMappingColumn": "EMPLOYEE_MASTER_ID",\n      "level": 1,\n      "conditions": {\n        "andType": [\n{\n            "columnName": "COMPENSATION_INCREASE_TYPE_ID", \n             "columnValue": 1\n         }],\n        "orType": []\n      }\n    }\n  ]\n}', 'BASEPAY_MASTER', 'BASEPAY_PERCENT_INCREASE', 'MERIT', '3', 'SINGLE', 11, 20, NULL, NULL, b'0', b'0', 'SUM', 'ACTIVE', '2016-04-27 01:57:16', '2020-07-30 11:19:12'),
	(62, 1, 1, 'Annual_Bonus_Amount_Increase', 'Bonus Amount Increase of employee', 'Annual Bonus Amount Increase', '{\n  "steps": [\n    {\n      "table": "BONUS_MASTER",\n      "inMappingColumn": "",\n      "outMappingColumn": "EMPLOYEE_MASTER_ID",\n      "level": 1,\n      "conditions": {\n        "andType": [{\n            "columnName": "COMPENSATION_INCREASE_TYPE_ID", \n             "columnValue": 3\n         }],\n        "orType": []\n      }\n    }\n  ]\n}', 'BONUS_MASTER', 'BONUS_AMOUNT_INCREASE', 'ANNUAL BONUS', '25000.0', 'SINGLE', 5, NULL, NULL, NULL, b'0', b'0', 'SUM', 'ACTIVE', '2016-04-27 01:57:16', '2020-07-30 11:31:13'),
	(63, 1, 1, 'Annual_Bonus_Percent_Increase', 'Bonus Percent Increase of employee', 'Annual Bonus Percent Increase', '{\n  "steps": [\n    {\n      "table": "BONUS_MASTER",\n      "inMappingColumn": "",\n      "outMappingColumn": "EMPLOYEE_MASTER_ID",\n      "level": 1,\n      "conditions": {\n        "andType": [{\n            "columnName": "COMPENSATION_INCREASE_TYPE_ID", \n             "columnValue": 3\n         }],\n        "orType": []\n      }\n    }\n  ]\n}', 'BONUS_MASTER', 'BONUS_PERCENT_INCREASE', 'ANNUAL BONUS', '3', 'SINGLE', 11, NULL, NULL, NULL, b'0', b'0', 'SUM', 'ACTIVE', '2016-04-27 01:57:16', '2020-07-30 11:31:13'),
	(64, 1, 1, 'RSU_Units_Percent_Increase', 'Units Percent Increase of employee', 'RSU Units Percent Increase', '{\n  "steps": [\n    {\n      "table": "STOCK_MASTER",\n      "inMappingColumn": "",\n      "outMappingColumn": "EMPLOYEE_MASTER_ID",\n      "level": 1,\n      "conditions": {\n        "andType": [{\n            "columnName": "COMPENSATION_INCREASE_TYPE_ID", \n             "columnValue": 6\n         }],\n        "orType": []\n      }\n    }\n  ]\n}', 'STOCK_MASTER', 'UNITS_PERCENT_INCREASE', 'STOCK', '3', 'SINGLE', 11, NULL, NULL, NULL, b'0', b'0', NULL, 'ACTIVE', '2016-04-27 01:57:16', '2020-07-30 12:36:55'),
	(65, 1, 1, 'Employee_ID', 'Emp ID of employee', 'Employee ID', '{\n  "steps": [\n    {\n      "table": "EMPLOYEE_MASTER",\n      "inMappingColumn": "",\n      "outMappingColumn": "EMPLOYEE_MASTER_ID",\n      "level": 1,\n      "conditions": {\n        "andType": [],\n        "orType": []\n      }\n    }\n  ]\n}', 'EMPLOYEE_MASTER', 'COMPANY_EMPLOYEE_ID', 'DEMOGRAPHICS', 'test', 'SINGLE', 1, NULL, NULL, NULL, b'0', b'1', NULL, 'ACTIVE', '2016-04-27 01:57:16', '2020-07-30 11:24:46'),
	(66, 1, 1, 'Manager_ID', 'Manager ID of employee', 'Manager ID', '{\n  "steps": [\n    {\n      "table": "EMPLOYEE_MASTER",\n      "inMappingColumn": "",\n      "outMappingColumn": "EMPLOYEE_MASTER_ID",\n      "level": 1,\n      "conditions": {\n        "andType": [],\n        "orType": []\n      }\n    }\n  ]\n}', 'EMPLOYEE_MASTER', 'SUPERVISOR_ID', 'DEMOGRAPHICS', '3', 'SINGLE', 2, NULL, NULL, NULL, b'0', b'0', NULL, 'ACTIVE', '2016-04-27 01:57:16', '2020-07-30 11:24:46'),
	(67, 1, 1, 'Employee_Code', 'Emp Code of employee', 'Employee Code', '{\n  "steps": [\n    {\n      "table": "EMPLOYEE_MASTER",\n      "inMappingColumn": "",\n      "outMappingColumn": "EMPLOYEE_MASTER_ID",\n      "level": 1,\n      "conditions": {\n        "andType": [],\n        "orType": []\n      }\n    }\n  ]\n}', 'EMPLOYEE_MASTER', 'EMPLOYEE_CODE', 'DEMOGRAPHICS', 'test', 'SINGLE', 1, NULL, NULL, NULL, b'0', b'0', NULL, 'ACTIVE', '2016-04-27 01:57:16', '2020-07-30 11:24:46'),
	(68, 1, 1, 'Photo', 'Photo of employee', 'Photo', '{\n  "steps": [\n    {\n      "table": "EMPLOYEE_MASTER",\n      "inMappingColumn": "",\n      "outMappingColumn": "EMPLOYEE_MASTER_ID",\n      "level": 1,\n      "conditions": {\n        "andType": [],\n        "orType": []\n      }\n    }\n  ]\n}', 'EMPLOYEE_MASTER', 'PHOTO', 'DEMOGRAPHICS', '3', 'SINGLE', 1, NULL, NULL, NULL, b'0', b'0', NULL, 'ACTIVE', '2016-04-27 01:57:16', '2020-07-30 11:24:46'),
	(69, 1, 1, 'Status', 'Status of employee', 'Status', '{\n  "steps": [\n    {\n      "table": "EMPLOYEE_MASTER",\n      "inMappingColumn": "",\n      "outMappingColumn": "EMPLOYEE_MASTER_ID",\n      "level": 1,\n      "conditions": {\n        "andType": [],\n        "orType": []\n      }\n    }\n  ]\n}', 'EMPLOYEE_MASTER', 'STATUS', 'DEMOGRAPHICS', 'test', 'SINGLE', 1, NULL, NULL, NULL, b'0', b'0', NULL, 'ACTIVE', '2016-04-27 01:57:16', '2020-07-30 11:24:46'),
	(70, 1, 1, 'Employee_Type', 'Employee Type of employee', 'Employee Type', '{\n  "steps": [\n    {\n      "table": "EMPLOYEE_MASTER",\n      "inMappingColumn": "",\n      "outMappingColumn": "EMPLOYEE_MASTER_ID",\n      "level": 1,\n      "conditions": {\n        "andType": [],\n        "orType": []\n      }\n    }\n  ]\n}', 'EMPLOYEE_MASTER', 'EMPLOYEE_TYPE', 'DEMOGRAPHICS', 'test', 'SINGLE', 1, NULL, NULL, NULL, b'0', b'1', NULL, 'ACTIVE', '2016-04-27 01:57:16', '2020-07-30 11:24:46'),
	(71, 1, 1, 'Hours_Worked', 'Hours Worked Weekly', 'Hours Worked', '{\n  "steps": [\n    {\n      "table": "EMPLOYEE_MASTER",\n      "inMappingColumn": "",\n      "outMappingColumn": "EMPLOYEE_MASTER_ID",\n      "level": 1,\n      "conditions": {\n        "andType": [],\n        "orType": []\n      }\n    }\n  ]\n}', 'EMPLOYEE_MASTER', 'HOURS_WORKED', 'DEMOGRAPHICS', '3', 'SINGLE', 2, NULL, NULL, NULL, b'0', b'0', NULL, 'ACTIVE', '2016-04-27 01:57:16', '2020-07-30 11:24:46'),
	(72, 1, 1, 'Standard_Hours', 'Standard Hours Weekly', 'Standard Hours', '{\n  "steps": [\n    {\n      "table": "EMPLOYEE_MASTER",\n      "inMappingColumn": "",\n      "outMappingColumn": "EMPLOYEE_MASTER_ID",\n      "level": 1,\n      "conditions": {\n        "andType": [],\n        "orType": []\n      }\n    }\n  ]\n}', 'EMPLOYEE_MASTER', 'HOURS_STANDARD', 'DEMOGRAPHICS', '3', 'SINGLE', 2, NULL, NULL, NULL, b'0', b'0', NULL, 'ACTIVE', '2016-04-27 01:57:16', '2020-07-30 11:24:46'),
	(73, 1, 1, 'Organization_Name', 'Organisation name', 'Organization Name', '{\r\n  "steps": [\r\n    {\r\n      "table": "EMPLOYEE_MASTER",\r\n      "inMappingColumn": "",\r\n      "outMappingColumn": "ORG_ID",\r\n      "level": 1,\r\n      "conditions": {\r\n        "andType": [],\r\n        "orType": []\r\n      }\r\n    },\r\n    {\r\n      "table": "ORGANIZATION",\r\n      "inMappingColumn": "ORG_ID",\r\n      "outMappingColumn": "",\r\n      "level": 2,\r\n      "conditions": {\r\n        "andType": [],\r\n        "orType": []\r\n      }\r\n    }\r\n  ]\r\n}', 'ORGANIZATION', 'ORG_NAME', 'ORG STRUCTURE', '3', 'SINGLE', 1, NULL, NULL, NULL, b'0', b'1', NULL, 'ACTIVE', '2016-04-27 01:57:16', '2020-08-22 21:47:01'),
	(74, 1, 1, 'Organization_Display_Name', 'Display name', 'Organization Display Name', '{\r\n  "steps": [\r\n    {\r\n      "table": "EMPLOYEE_MASTER",\r\n      "inMappingColumn": "",\r\n      "outMappingColumn": "ORG_ID",\r\n      "level": 1,\r\n      "conditions": {\r\n        "andType": [],\r\n        "orType": []\r\n      }\r\n    },\r\n    {\r\n      "table": "ORGANIZATION",\r\n      "inMappingColumn": "ORG_ID",\r\n      "outMappingColumn": "",\r\n      "level": 2,\r\n      "conditions": {\r\n        "andType": [],\r\n        "orType": []\r\n      }\r\n    }\r\n  ]\r\n}', 'ORGANIZATION', 'DISPLAY_NAME', 'ORGANISATION_DATA', '3', 'SINGLE', 1, NULL, NULL, NULL, b'0', b'0', NULL, 'ACTIVE', '2016-04-27 01:57:16', '2020-07-17 17:32:20'),
	(75, 1, 1, 'Organization_Description', 'Description', 'Organization Description', '{\r\n  "steps": [\r\n    {\r\n      "table": "EMPLOYEE_MASTER",\r\n      "inMappingColumn": "",\r\n      "outMappingColumn": "ORG_ID",\r\n      "level": 1,\r\n      "conditions": {\r\n        "andType": [],\r\n        "orType": []\r\n      }\r\n    },\r\n    {\r\n      "table": "ORGANIZATION",\r\n      "inMappingColumn": "ORG_ID",\r\n      "outMappingColumn": "",\r\n      "level": 2,\r\n      "conditions": {\r\n        "andType": [],\r\n        "orType": []\r\n      }\r\n    }\r\n  ]\r\n}', 'ORGANIZATION', 'ORG_DESC', 'ORGANISATION_DATA', '3', 'SINGLE', 1, NULL, NULL, NULL, b'0', b'0', NULL, 'ACTIVE', '2016-04-27 01:57:16', '2021-02-10 12:55:25'),
	(76, 1, 1, 'Organization_Address', 'address', 'Organization Address', '{\r\n  "steps": [\r\n    {\r\n      "table": "EMPLOYEE_MASTER",\r\n      "inMappingColumn": "",\r\n      "outMappingColumn": "ORG_ID",\r\n      "level": 1,\r\n      "conditions": {\r\n        "andType": [],\r\n        "orType": []\r\n      }\r\n    },\r\n    {\r\n      "table": "ORGANIZATION",\r\n      "inMappingColumn": "ORG_ID",\r\n      "outMappingColumn": "",\r\n      "level": 2,\r\n      "conditions": {\r\n        "andType": [],\r\n        "orType": []\r\n      }\r\n    }\r\n  ]\r\n}', 'ORGANIZATION', 'ORG_ADDRESS', 'ORGANISATION_DATA', '3', 'SINGLE', 1, NULL, NULL, NULL, b'0', b'0', NULL, 'ACTIVE', '2016-04-27 01:57:16', '2021-02-10 12:55:25'),
	(77, 1, 1, 'Organization_Phone', 'phone', 'Organization Phone', '{\r\n  "steps": [\r\n    {\r\n      "table": "EMPLOYEE_MASTER",\r\n      "inMappingColumn": "",\r\n      "outMappingColumn": "ORG_ID",\r\n      "level": 1,\r\n      "conditions": {\r\n        "andType": [],\r\n        "orType": []\r\n      }\r\n    },\r\n    {\r\n      "table": "ORGANIZATION",\r\n      "inMappingColumn": "ORG_ID",\r\n      "outMappingColumn": "",\r\n      "level": 2,\r\n      "conditions": {\r\n        "andType": [],\r\n        "orType": []\r\n      }\r\n    }\r\n  ]\r\n}', 'ORGANIZATION', 'ORG_PHONE', 'ORGANISATION_DATA', '3', 'SINGLE', 1, NULL, NULL, NULL, b'0', b'0', NULL, 'ACTIVE', '2016-04-27 01:57:16', '2021-02-10 12:55:25'),
	(78, 1, 1, 'Organization_Email', 'email', 'Organization Email', '{\r\n  "steps": [\r\n    {\r\n      "table": "EMPLOYEE_MASTER",\r\n      "inMappingColumn": "",\r\n      "outMappingColumn": "ORG_ID",\r\n      "level": 1,\r\n      "conditions": {\r\n        "andType": [],\r\n        "orType": []\r\n      }\r\n    },\r\n    {\r\n      "table": "ORGANIZATION",\r\n      "inMappingColumn": "ORG_ID",\r\n      "outMappingColumn": "",\r\n      "level": 2,\r\n      "conditions": {\r\n        "andType": [],\r\n        "orType": []\r\n      }\r\n    }\r\n  ]\r\n}', 'ORGANIZATION', 'ORG_EMAIL', 'ORGANISATION_DATA', '3', 'SINGLE', 1, NULL, NULL, NULL, b'0', b'0', NULL, 'ACTIVE', '2016-04-27 01:57:16', '2021-02-10 12:55:25'),
	(79, 1, 1, 'Organization_ID', 'identification', 'Organization ID', '{\r\n  "steps": [\r\n    {\r\n      "table": "EMPLOYEE_MASTER",\r\n      "inMappingColumn": "",\r\n      "outMappingColumn": "ORG_ID",\r\n      "level": 1,\r\n      "conditions": {\r\n        "andType": [],\r\n        "orType": []\r\n      }\r\n    },\r\n    {\r\n      "table": "ORGANIZATION",\r\n      "inMappingColumn": "ORG_ID",\r\n      "outMappingColumn": "",\r\n      "level": 2,\r\n      "conditions": {\r\n        "andType": [],\r\n        "orType": []\r\n      }\r\n    }\r\n  ]\r\n}', 'ORGANIZATION', 'IDENTIFICATION_NO', 'ORGANISATION_DATA', '3', 'SINGLE', 1, NULL, NULL, NULL, b'0', b'0', NULL, 'ACTIVE', '2016-04-27 01:57:16', '2021-02-10 12:55:25'),
	(80, 1, 1, 'Organization_Code', 'code', 'Organization Code', '{\r\n  "steps": [\r\n    {\r\n      "table": "EMPLOYEE_MASTER",\r\n      "inMappingColumn": "",\r\n      "outMappingColumn": "ORG_ID",\r\n      "level": 1,\r\n      "conditions": {\r\n        "andType": [],\r\n        "orType": []\r\n      }\r\n    },\r\n    {\r\n      "table": "ORGANIZATION",\r\n      "inMappingColumn": "ORG_ID",\r\n      "outMappingColumn": "",\r\n      "level": 2,\r\n      "conditions": {\r\n        "andType": [],\r\n        "orType": []\r\n      }\r\n    }\r\n  ]\r\n}', 'ORGANIZATION', 'ORG_CODE', 'ORGANISATION_DATA', '3', 'SINGLE', 1, NULL, NULL, NULL, b'0', b'0', NULL, 'ACTIVE', '2016-04-27 01:57:16', '2021-02-10 12:55:25'),
	(81, 1, 1, 'Organization_Actual_Revenue', 'actual_revenue', 'Organization Actual Revenue', '{\r\n  "steps": [\r\n    {\r\n      "table": "EMPLOYEE_MASTER",\r\n      "inMappingColumn": "",\r\n      "outMappingColumn": "ORG_ID",\r\n      "level": 1,\r\n      "conditions": {\r\n        "andType": [],\r\n        "orType": []\r\n      }\r\n    },\r\n    {\r\n      "table": "ORGANIZATION",\r\n      "inMappingColumn": "ORG_ID",\r\n      "outMappingColumn": "",\r\n      "level": 2,\r\n      "conditions": {\r\n        "andType": [],\r\n        "orType": []\r\n      }\r\n    }\r\n  ]\r\n}', 'ORGANIZATION', 'ACTUAL_REVENUE', 'ORGANISATION_DATA', '3', 'SINGLE', 1, NULL, NULL, NULL, b'0', b'0', NULL, 'ACTIVE', '2016-04-27 01:57:16', '2021-02-10 12:55:25'),
	(82, 1, 1, 'Organization_Actual_Sales', 'actual_sales', 'Organization Actual Sales', '{\r\n  "steps": [\r\n    {\r\n      "table": "EMPLOYEE_MASTER",\r\n      "inMappingColumn": "",\r\n      "outMappingColumn": "ORG_ID",\r\n      "level": 1,\r\n      "conditions": {\r\n        "andType": [],\r\n        "orType": []\r\n      }\r\n    },\r\n    {\r\n      "table": "ORGANIZATION",\r\n      "inMappingColumn": "ORG_ID",\r\n      "outMappingColumn": "",\r\n      "level": 2,\r\n      "conditions": {\r\n        "andType": [],\r\n        "orType": []\r\n      }\r\n    }\r\n  ]\r\n}', 'ORGANIZATION', 'ACTUAL_SALES', 'ORGANISATION_DATA', '3', 'SINGLE', 1, NULL, NULL, NULL, b'0', b'0', NULL, 'ACTIVE', '2016-04-27 01:57:16', '2021-02-10 12:55:25'),
	(83, 1, 1, 'Organization_Actual_Profit', 'actual_profit', 'Organization Actual Profit', '{\n  "steps": [\n    {\n      "table": "EMPLOYEE_MASTER",\n      "inMappingColumn": "",\n      "outMappingColumn": "ORG_ID",\n      "level": 1,\n      "conditions": {\n        "andType": [],\n        "orType": []\n      }\n    },\n    {\n      "table": "ORGANIZATION",\n      "inMappingColumn": "ORG_ID",\n      "outMappingColumn": "",\n      "level": 2,\n      "conditions": {\n        "andType": [],\n        "orType": []\n      }\n    }\n  ]\n}', 'ORGANIZATION', 'ACTUAL_PROFIT', 'ORGANISATION_DATA', '3', 'SINGLE', 1, NULL, NULL, NULL, b'0', b'0', NULL, 'ACTIVE', '2016-04-27 01:57:16', '2021-02-10 12:55:25'),
	(84, 1, 1, 'Organization_Start_Date', 'period_start_date', 'Organization Start Date', '{\r\n  "steps": [\r\n    {\r\n      "table": "EMPLOYEE_MASTER",\r\n      "inMappingColumn": "",\r\n      "outMappingColumn": "ORG_ID",\r\n      "level": 1,\r\n      "conditions": {\r\n        "andType": [],\r\n        "orType": []\r\n      }\r\n    },\r\n    {\r\n      "table": "ORGANIZATION",\r\n      "inMappingColumn": "ORG_ID",\r\n      "outMappingColumn": "",\r\n      "level": 2,\r\n      "conditions": {\r\n        "andType": [],\r\n        "orType": []\r\n      }\r\n    }\r\n  ]\r\n}', 'ORGANIZATION', 'PERIOD_START_DATE', 'ORGANISATION_DATA', '3', 'SINGLE', 1, NULL, NULL, NULL, b'0', b'0', NULL, 'ACTIVE', '2016-04-27 01:57:16', '2021-02-10 12:55:25'),
	(85, 1, 1, 'Organization_End_Date', 'period_end_date', 'Organization End Date', '{\r\n  "steps": [\r\n    {\r\n      "table": "EMPLOYEE_MASTER",\r\n      "inMappingColumn": "",\r\n      "outMappingColumn": "ORG_ID",\r\n      "level": 1,\r\n      "conditions": {\r\n        "andType": [],\r\n        "orType": []\r\n      }\r\n    },\r\n    {\r\n      "table": "ORGANIZATION",\r\n      "inMappingColumn": "ORG_ID",\r\n      "outMappingColumn": "",\r\n      "level": 2,\r\n      "conditions": {\r\n        "andType": [],\r\n        "orType": []\r\n      }\r\n    }\r\n  ]\r\n}', 'ORGANIZATION', 'PERIOD_END_DATE', 'ORGANISATION_DATA', '3', 'SINGLE', 1, NULL, NULL, NULL, b'0', b'0', NULL, 'ACTIVE', '2016-04-27 01:57:16', '2021-02-10 12:55:25'),
	(86, 1, 1, 'Organization_Target_Revenue', 'target_revenue', 'Organization Target Revenue', '{\r\n  "steps": [\r\n    {\r\n      "table": "EMPLOYEE_MASTER",\r\n      "inMappingColumn": "",\r\n      "outMappingColumn": "ORG_ID",\r\n      "level": 1,\r\n      "conditions": {\r\n        "andType": [],\r\n        "orType": []\r\n      }\r\n    },\r\n    {\r\n      "table": "ORGANIZATION",\r\n      "inMappingColumn": "ORG_ID",\r\n      "outMappingColumn": "",\r\n      "level": 2,\r\n      "conditions": {\r\n        "andType": [],\r\n        "orType": []\r\n      }\r\n    }\r\n  ]\r\n}', 'ORGANIZATION', 'TARGET_REVENUE', 'ORGANISATION_DATA', '3', 'SINGLE', 1, NULL, NULL, NULL, b'0', b'0', NULL, 'ACTIVE', '2016-04-27 01:57:16', '2021-02-10 12:55:25'),
	(87, 1, 1, 'Organization_Target_Sales', 'target_sales', 'Organization Target Sales', '{\r\n  "steps": [\r\n    {\r\n      "table": "EMPLOYEE_MASTER",\r\n      "inMappingColumn": "",\r\n      "outMappingColumn": "ORG_ID",\r\n      "level": 1,\r\n      "conditions": {\r\n        "andType": [],\r\n        "orType": []\r\n      }\r\n    },\r\n    {\r\n      "table": "ORGANIZATION",\r\n      "inMappingColumn": "ORG_ID",\r\n      "outMappingColumn": "",\r\n      "level": 2,\r\n      "conditions": {\r\n        "andType": [],\r\n        "orType": []\r\n      }\r\n    }\r\n  ]\r\n}', 'ORGANIZATION', 'TARGET_SALES', 'ORGANISATION_DATA', '3', 'SINGLE', 1, NULL, NULL, NULL, b'0', b'0', NULL, 'ACTIVE', '2016-04-27 01:57:16', '2021-02-10 12:55:25'),
	(88, 1, 1, 'Organization_Target_Profit', 'target_profit', 'Organization Target Profit', '{\r\n  "steps": [\r\n    {\r\n      "table": "EMPLOYEE_MASTER",\r\n      "inMappingColumn": "",\r\n      "outMappingColumn": "ORG_ID",\r\n      "level": 1,\r\n      "conditions": {\r\n        "andType": [],\r\n        "orType": []\r\n      }\r\n    },\r\n    {\r\n      "table": "ORGANIZATION",\r\n      "inMappingColumn": "ORG_ID",\r\n      "outMappingColumn": "",\r\n      "level": 2,\r\n      "conditions": {\r\n        "andType": [],\r\n        "orType": []\r\n      }\r\n    }\r\n  ]\r\n}', 'ORGANIZATION', 'TARGET_PROFIT', 'ORGANISATION_DATA', '3', 'SINGLE', 1, NULL, NULL, NULL, b'0', b'0', NULL, 'ACTIVE', '2016-04-27 01:57:16', '2021-02-10 12:55:25'),
	(89, 1, 1, 'Organization_Revenue_Multiplier', 'revenue_multiplier', 'Organization Revenue Multiplier', '{\r\n  "steps": [\r\n    {\r\n      "table": "EMPLOYEE_MASTER",\r\n      "inMappingColumn": "",\r\n      "outMappingColumn": "ORG_ID",\r\n      "level": 1,\r\n      "conditions": {\r\n        "andType": [],\r\n        "orType": []\r\n      }\r\n    },\r\n    {\r\n      "table": "ORGANIZATION",\r\n      "inMappingColumn": "ORG_ID",\r\n      "outMappingColumn": "",\r\n      "level": 2,\r\n      "conditions": {\r\n        "andType": [],\r\n        "orType": []\r\n      }\r\n    }\r\n  ]\r\n}', 'ORGANIZATION', 'REVENUE_MULTIPLIER', 'ORGANISATION_DATA', '3', 'SINGLE', 1, NULL, NULL, NULL, b'0', b'0', NULL, 'ACTIVE', '2016-04-27 01:57:16', '2021-02-10 12:55:25'),
	(90, 1, 1, 'Organization_Sales_Multiplier', 'sales_multiplier', 'Organization Sales Multiplier', '{\r\n  "steps": [\r\n    {\r\n      "table": "EMPLOYEE_MASTER",\r\n      "inMappingColumn": "",\r\n      "outMappingColumn": "ORG_ID",\r\n      "level": 1,\r\n      "conditions": {\r\n        "andType": [],\r\n        "orType": []\r\n      }\r\n    },\r\n    {\r\n      "table": "ORGANIZATION",\r\n      "inMappingColumn": "ORG_ID",\r\n      "outMappingColumn": "",\r\n      "level": 2,\r\n      "conditions": {\r\n        "andType": [],\r\n        "orType": []\r\n      }\r\n    }\r\n  ]\r\n}', 'ORGANIZATION', 'SALES_MULTIPLIER', 'ORGANISATION_DATA', '3', 'SINGLE', 1, NULL, NULL, NULL, b'0', b'0', NULL, 'ACTIVE', '2016-04-27 01:57:16', '2021-02-10 12:55:25'),
	(91, 1, 1, 'Organization_Profit_Multiplier', 'profit_multiplier', 'Organization Profit Multiplier', '{\r\n  "steps": [\r\n    {\r\n      "table": "EMPLOYEE_MASTER",\r\n      "inMappingColumn": "",\r\n      "outMappingColumn": "ORG_ID",\r\n      "level": 1,\r\n      "conditions": {\r\n        "andType": [],\r\n        "orType": []\r\n      }\r\n    },\r\n    {\r\n      "table": "ORGANIZATION",\r\n      "inMappingColumn": "ORG_ID",\r\n      "outMappingColumn": "",\r\n      "level": 2,\r\n      "conditions": {\r\n        "andType": [],\r\n        "orType": []\r\n      }\r\n    }\r\n  ]\r\n}', 'ORGANIZATION', 'PROFIT_MULTIPLIER', 'ORGANISATION_DATA', '3', 'SINGLE', 1, NULL, NULL, NULL, b'0', b'0', NULL, 'ACTIVE', '2016-04-27 01:57:16', '2020-07-17 17:32:20'),
	(92, 1, 1, 'Business_Unit_Name', 'Display name', 'Business Unit Name', '{\n  "steps": [\n    {\n      "table": "EMPLOYEE_MASTER",\n      "inMappingColumn": "",\n      "outMappingColumn": "EMPLOYEE_MASTER_ID",\n      "level": 1,\n      "conditions": {\n        "andType": [],\n        "orType": []\n      }\n    },\n    {\n      "table": "EMPLOYEE_DATA",\n      "inMappingColumn": "EMPLOYEE_MASTER_ID",\n      "outMappingColumn": "CURRENT_BUSINESS_UNIT_ID",\n      "level": 2,\n      "conditions": {\n        "andType": [],\n        "orType": []\n      }\n    },\n    {\n      "table": "BUSINESS_UNIT",\n      "inMappingColumn": "BUSINESS_UNIT_ID",\n      "outMappingColumn": "",\n      "level": 3,\n      "conditions": {\n        "andType": [],\n        "orType": []\n      }\n    }\n  ]\n}', 'BUSINESS_UNIT', 'BUSINESS_UNIT_NAME', 'ORG STRUCTURE', 'Unit1', 'SINGLE', 1, NULL, NULL, NULL, b'0', b'1', NULL, 'ACTIVE', '2016-04-27 01:57:16', '2020-07-30 11:38:55'),
	(93, 1, 1, 'Business_Unit_Display_Name', 'Display name', 'Business Unit Display Name', '{\n  "steps": [\n    {\n      "table": "EMPLOYEE_MASTER",\n      "inMappingColumn": "",\n      "outMappingColumn": "EMPLOYEE_MASTER_ID",\n      "level": 1,\n      "conditions": {\n        "andType": [],\n        "orType": []\n      }\n    },\n    {\n      "table": "EMPLOYEE_DATA",\n      "inMappingColumn": "EMPLOYEE_MASTER_ID",\n      "outMappingColumn": "CURRENT_BUSINESS_UNIT_ID",\n      "level": 2,\n      "conditions": {\n        "andType": [],\n        "orType": []\n      }\n    },\n    {\n      "table": "BUSINESS_UNIT",\n      "inMappingColumn": "BUSINESS_UNIT_ID",\n      "outMappingColumn": "",\n      "level": 3,\n      "conditions": {\n        "andType": [],\n        "orType": []\n      }\n    }\n  ]\n}', 'BUSINESS_UNIT', 'DISPLAY_NAME', 'ORG STRUCTURE', '3', 'SINGLE', 1, NULL, NULL, NULL, b'0', b'0', NULL, 'ACTIVE', '2016-04-27 01:57:16', '2020-07-30 11:38:55'),
	(94, 1, 1, 'Business_Unit_Description', 'Description', 'Business Unit Description', '{\n  "steps": [\n    {\n      "table": "EMPLOYEE_MASTER",\n      "inMappingColumn": "",\n      "outMappingColumn": "EMPLOYEE_MASTER_ID",\n      "level": 1,\n      "conditions": {\n        "andType": [],\n        "orType": []\n      }\n    },\n    {\n      "table": "EMPLOYEE_DATA",\n      "inMappingColumn": "EMPLOYEE_MASTER_ID",\n      "outMappingColumn": "CURRENT_BUSINESS_UNIT_ID",\n      "level": 2,\n      "conditions": {\n        "andType": [],\n        "orType": []\n      }\n    },\n    {\n      "table": "BUSINESS_UNIT",\n      "inMappingColumn": "BUSINESS_UNIT_ID",\n      "outMappingColumn": "",\n      "level": 3,\n      "conditions": {\n        "andType": [],\n        "orType": []\n      }\n    }\n  ]\n}', 'BUSINESS_UNIT', 'BUSINESS_UNIT_DESC', 'ORG STRUCTURE', '3', 'SINGLE', 1, NULL, NULL, NULL, b'0', b'0', NULL, 'ACTIVE', '2016-04-27 01:57:16', '2020-07-30 11:38:55'),
	(95, 1, 1, 'Business_Unit_Address', 'address', 'Business Unit Address', '{\n  "steps": [\n    {\n      "table": "EMPLOYEE_MASTER",\n      "inMappingColumn": "",\n      "outMappingColumn": "EMPLOYEE_MASTER_ID",\n      "level": 1,\n      "conditions": {\n        "andType": [],\n        "orType": []\n      }\n    },\n    {\n      "table": "EMPLOYEE_DATA",\n      "inMappingColumn": "EMPLOYEE_MASTER_ID",\n      "outMappingColumn": "CURRENT_BUSINESS_UNIT_ID",\n      "level": 2,\n      "conditions": {\n        "andType": [],\n        "orType": []\n      }\n    },\n    {\n      "table": "BUSINESS_UNIT",\n      "inMappingColumn": "BUSINESS_UNIT_ID",\n      "outMappingColumn": "",\n      "level": 3,\n      "conditions": {\n        "andType": [],\n        "orType": []\n      }\n    }\n  ]\n}', 'BUSINESS_UNIT', 'BUSINESS_UNIT_ADDRESS', 'ORG STRUCTURE', '3', 'SINGLE', 1, NULL, NULL, NULL, b'0', b'0', NULL, 'ACTIVE', '2016-04-27 01:57:16', '2021-02-10 12:57:03'),
	(96, 1, 1, 'Business_Unit_Phone', 'phone', 'Business Unit Phone', '{\n  "steps": [\n    {\n      "table": "EMPLOYEE_MASTER",\n      "inMappingColumn": "",\n      "outMappingColumn": "EMPLOYEE_MASTER_ID",\n      "level": 1,\n      "conditions": {\n        "andType": [],\n        "orType": []\n      }\n    },\n    {\n      "table": "EMPLOYEE_DATA",\n      "inMappingColumn": "EMPLOYEE_MASTER_ID",\n      "outMappingColumn": "CURRENT_BUSINESS_UNIT_ID",\n      "level": 2,\n      "conditions": {\n        "andType": [],\n        "orType": []\n      }\n    },\n    {\n      "table": "BUSINESS_UNIT",\n      "inMappingColumn": "BUSINESS_UNIT_ID",\n      "outMappingColumn": "",\n      "level": 3,\n      "conditions": {\n        "andType": [],\n        "orType": []\n      }\n    }\n  ]\n}', 'BUSINESS_UNIT', 'BUSINESS_UNIT_PHONE', 'ORG STRUCTURE', '3', 'SINGLE', 1, NULL, NULL, NULL, b'0', b'0', NULL, 'ACTIVE', '2016-04-27 01:57:16', '2021-02-10 12:57:03'),
	(97, 1, 1, 'Business_Unit_Email', 'email', 'Business Unit Email', '{\n  "steps": [\n    {\n      "table": "EMPLOYEE_MASTER",\n      "inMappingColumn": "",\n      "outMappingColumn": "EMPLOYEE_MASTER_ID",\n      "level": 1,\n      "conditions": {\n        "andType": [],\n        "orType": []\n      }\n    },\n    {\n      "table": "EMPLOYEE_DATA",\n      "inMappingColumn": "EMPLOYEE_MASTER_ID",\n      "outMappingColumn": "CURRENT_BUSINESS_UNIT_ID",\n      "level": 2,\n      "conditions": {\n        "andType": [],\n        "orType": []\n      }\n    },\n    {\n      "table": "BUSINESS_UNIT",\n      "inMappingColumn": "BUSINESS_UNIT_ID",\n      "outMappingColumn": "",\n      "level": 3,\n      "conditions": {\n        "andType": [],\n        "orType": []\n      }\n    }\n  ]\n}', 'BUSINESS_UNIT', 'BUSINESS_UNIT_EMAIL', 'ORG STRUCTURE', '3', 'SINGLE', 1, NULL, NULL, NULL, b'0', b'0', NULL, 'ACTIVE', '2016-04-27 01:57:16', '2021-02-10 12:57:03'),
	(98, 1, 1, 'Business_ID', 'identification', 'Business ID', '{\n  "steps": [\n    {\n      "table": "EMPLOYEE_MASTER",\n      "inMappingColumn": "",\n      "outMappingColumn": "EMPLOYEE_MASTER_ID",\n      "level": 1,\n      "conditions": {\n        "andType": [],\n        "orType": []\n      }\n    },\n    {\n      "table": "EMPLOYEE_DATA",\n      "inMappingColumn": "EMPLOYEE_MASTER_ID",\n      "outMappingColumn": "CURRENT_BUSINESS_UNIT_ID",\n      "level": 2,\n      "conditions": {\n        "andType": [],\n        "orType": []\n      }\n    },\n    {\n      "table": "BUSINESS_UNIT",\n      "inMappingColumn": "BUSINESS_UNIT_ID",\n      "outMappingColumn": "",\n      "level": 3,\n      "conditions": {\n        "andType": [],\n        "orType": []\n      }\n    }\n  ]\n}', 'BUSINESS_UNIT', 'IDENTIFICATION_NO', 'ORG STRUCTURE', '3', 'SINGLE', 1, NULL, NULL, NULL, b'0', b'0', NULL, 'ACTIVE', '2016-04-27 01:57:16', '2021-02-10 12:57:03'),
	(99, 1, 1, 'Business_Unit_Code', 'code', 'Business Unit Code', '{\n  "steps": [\n    {\n      "table": "EMPLOYEE_MASTER",\n      "inMappingColumn": "",\n      "outMappingColumn": "EMPLOYEE_MASTER_ID",\n      "level": 1,\n      "conditions": {\n        "andType": [],\n        "orType": []\n      }\n    },\n    {\n      "table": "EMPLOYEE_DATA",\n      "inMappingColumn": "EMPLOYEE_MASTER_ID",\n      "outMappingColumn": "CURRENT_BUSINESS_UNIT_ID",\n      "level": 2,\n      "conditions": {\n        "andType": [],\n        "orType": []\n      }\n    },\n    {\n      "table": "BUSINESS_UNIT",\n      "inMappingColumn": "BUSINESS_UNIT_ID",\n      "outMappingColumn": "",\n      "level": 3,\n      "conditions": {\n        "andType": [],\n        "orType": []\n      }\n    }\n  ]\n}', 'BUSINESS_UNIT', 'BUSINESS_UNIT_CODE', 'ORG STRUCTURE', '3', 'SINGLE', 1, NULL, NULL, NULL, b'0', b'0', NULL, 'ACTIVE', '2016-04-27 01:57:16', '2020-07-30 11:38:55'),
	(100, 1, 1, 'Business_Unit_Actual_Revenue', 'actual_revenue', 'Business Unit Actual Revenue', '{\n  "steps": [\n    {\n      "table": "EMPLOYEE_MASTER",\n      "inMappingColumn": "",\n      "outMappingColumn": "EMPLOYEE_MASTER_ID",\n      "level": 1,\n      "conditions": {\n        "andType": [],\n        "orType": []\n      }\n    },\n    {\n      "table": "EMPLOYEE_DATA",\n      "inMappingColumn": "EMPLOYEE_MASTER_ID",\n      "outMappingColumn": "CURRENT_BUSINESS_UNIT_ID",\n      "level": 2,\n      "conditions": {\n        "andType": [],\n        "orType": []\n      }\n    },\n    {\n      "table": "BUSINESS_UNIT",\n      "inMappingColumn": "BUSINESS_UNIT_ID",\n      "outMappingColumn": "",\n      "level": 3,\n      "conditions": {\n        "andType": [],\n        "orType": []\n      }\n    }\n  ]\n}', 'BUSINESS_UNIT', 'ACTUAL_REVENUE', 'ORG STRUCTURE', '3', 'SINGLE', 1, NULL, NULL, NULL, b'0', b'0', NULL, 'ACTIVE', '2016-04-27 01:57:16', '2021-02-10 12:57:03'),
	(101, 1, 1, 'Business_Unit_Actual_Sales', 'actual_sales', 'Business Unit Actual Sales', '{\n  "steps": [\n    {\n      "table": "EMPLOYEE_MASTER",\n      "inMappingColumn": "",\n      "outMappingColumn": "EMPLOYEE_MASTER_ID",\n      "level": 1,\n      "conditions": {\n        "andType": [],\n        "orType": []\n      }\n    },\n    {\n      "table": "EMPLOYEE_DATA",\n      "inMappingColumn": "EMPLOYEE_MASTER_ID",\n      "outMappingColumn": "CURRENT_BUSINESS_UNIT_ID",\n      "level": 2,\n      "conditions": {\n        "andType": [],\n        "orType": []\n      }\n    },\n    {\n      "table": "BUSINESS_UNIT",\n      "inMappingColumn": "BUSINESS_UNIT_ID",\n      "outMappingColumn": "",\n      "level": 3,\n      "conditions": {\n        "andType": [],\n        "orType": []\n      }\n    }\n  ]\n}', 'BUSINESS_UNIT', 'ACTUAL_SALES', 'ORG STRUCTURE', '3', 'SINGLE', 1, NULL, NULL, NULL, b'0', b'0', NULL, 'ACTIVE', '2016-04-27 01:57:16', '2021-02-10 12:57:03'),
	(102, 1, 1, 'Business_Unit_Actual_Profit', 'actual_profit', 'Business Unit Actual Profit', '{\n  "steps": [\n    {\n      "table": "EMPLOYEE_MASTER",\n      "inMappingColumn": "",\n      "outMappingColumn": "EMPLOYEE_MASTER_ID",\n      "level": 1,\n      "conditions": {\n        "andType": [],\n        "orType": []\n      }\n    },\n    {\n      "table": "EMPLOYEE_DATA",\n      "inMappingColumn": "EMPLOYEE_MASTER_ID",\n      "outMappingColumn": "CURRENT_BUSINESS_UNIT_ID",\n      "level": 2,\n      "conditions": {\n        "andType": [],\n        "orType": []\n      }\n    },\n    {\n      "table": "BUSINESS_UNIT",\n      "inMappingColumn": "BUSINESS_UNIT_ID",\n      "outMappingColumn": "",\n      "level": 3,\n      "conditions": {\n        "andType": [],\n        "orType": []\n      }\n    }\n  ]\n}', 'BUSINESS_UNIT', 'ACTUAL_PROFIT', 'ORG STRUCTURE', '3', 'SINGLE', 1, NULL, NULL, NULL, b'0', b'0', NULL, 'ACTIVE', '2016-04-27 01:57:16', '2021-02-10 12:57:03'),
	(103, 1, 1, 'Business_Unit_Frequency', 'frequency', 'Business Unit Frequency', '{\n  "steps": [\n    {\n      "table": "EMPLOYEE_MASTER",\n      "inMappingColumn": "",\n      "outMappingColumn": "EMPLOYEE_MASTER_ID",\n      "level": 1,\n      "conditions": {\n        "andType": [],\n        "orType": []\n      }\n    },\n    {\n      "table": "EMPLOYEE_DATA",\n      "inMappingColumn": "EMPLOYEE_MASTER_ID",\n      "outMappingColumn": "CURRENT_BUSINESS_UNIT_ID",\n      "level": 2,\n      "conditions": {\n        "andType": [],\n        "orType": []\n      }\n    },\n    {\n      "table": "BUSINESS_UNIT",\n      "inMappingColumn": "BUSINESS_UNIT_ID",\n      "outMappingColumn": "",\n      "level": 3,\n      "conditions": {\n        "andType": [],\n        "orType": []\n      }\n    }\n  ]\n}', 'BUSINESS_UNIT', 'FREQUENCY', 'ORG STRUCTURE', '3', 'SINGLE', 1, NULL, NULL, NULL, b'0', b'0', NULL, 'ACTIVE', '2016-04-27 01:57:16', '2021-02-10 12:57:03'),
	(104, 1, 1, 'Business_Unit_Period_Start_Date', 'period_start_date', 'Business Unit Period Start Date', '{\n  "steps": [\n    {\n      "table": "EMPLOYEE_MASTER",\n      "inMappingColumn": "",\n      "outMappingColumn": "EMPLOYEE_MASTER_ID",\n      "level": 1,\n      "conditions": {\n        "andType": [],\n        "orType": []\n      }\n    },\n    {\n      "table": "EMPLOYEE_DATA",\n      "inMappingColumn": "EMPLOYEE_MASTER_ID",\n      "outMappingColumn": "CURRENT_BUSINESS_UNIT_ID",\n      "level": 2,\n      "conditions": {\n        "andType": [],\n        "orType": []\n      }\n    },\n    {\n      "table": "BUSINESS_UNIT",\n      "inMappingColumn": "BUSINESS_UNIT_ID",\n      "outMappingColumn": "",\n      "level": 3,\n      "conditions": {\n        "andType": [],\n        "orType": []\n      }\n    }\n  ]\n}', 'BUSINESS_UNIT', 'PERIOD_START_DATE', 'ORG STRUCTURE', '3', 'SINGLE', 1, NULL, NULL, NULL, b'0', b'0', NULL, 'ACTIVE', '2016-04-27 01:57:16', '2021-02-10 12:57:03'),
	(105, 1, 1, 'Business_Unit_Period_End_Date', 'period_end_date', 'Business Unit Period End Date', '{\n  "steps": [\n    {\n      "table": "EMPLOYEE_MASTER",\n      "inMappingColumn": "",\n      "outMappingColumn": "EMPLOYEE_MASTER_ID",\n      "level": 1,\n      "conditions": {\n        "andType": [],\n        "orType": []\n      }\n    },\n    {\n      "table": "EMPLOYEE_DATA",\n      "inMappingColumn": "EMPLOYEE_MASTER_ID",\n      "outMappingColumn": "CURRENT_BUSINESS_UNIT_ID",\n      "level": 2,\n      "conditions": {\n        "andType": [],\n        "orType": []\n      }\n    },\n    {\n      "table": "BUSINESS_UNIT",\n      "inMappingColumn": "BUSINESS_UNIT_ID",\n      "outMappingColumn": "",\n      "level": 3,\n      "conditions": {\n        "andType": [],\n        "orType": []\n      }\n    }\n  ]\n}', 'BUSINESS_UNIT', 'PERIOD_END_DATE', 'ORG STRUCTURE', '3', 'SINGLE', 1, NULL, NULL, NULL, b'0', b'0', NULL, 'ACTIVE', '2016-04-27 01:57:16', '2021-02-10 12:57:03'),
	(106, 1, 1, 'Business_Unit_Target_Revenue', 'target_revenue', 'Business Unit Target Revenue', '{\n  "steps": [\n    {\n      "table": "EMPLOYEE_MASTER",\n      "inMappingColumn": "",\n      "outMappingColumn": "EMPLOYEE_MASTER_ID",\n      "level": 1,\n      "conditions": {\n        "andType": [],\n        "orType": []\n      }\n    },\n    {\n      "table": "EMPLOYEE_DATA",\n      "inMappingColumn": "EMPLOYEE_MASTER_ID",\n      "outMappingColumn": "CURRENT_BUSINESS_UNIT_ID",\n      "level": 2,\n      "conditions": {\n        "andType": [],\n        "orType": []\n      }\n    },\n    {\n      "table": "BUSINESS_UNIT",\n      "inMappingColumn": "BUSINESS_UNIT_ID",\n      "outMappingColumn": "",\n      "level": 3,\n      "conditions": {\n        "andType": [],\n        "orType": []\n      }\n    }\n  ]\n}', 'BUSINESS_UNIT', 'TARGET_REVENUE', 'ORG STRUCTURE', '3', 'SINGLE', 1, NULL, NULL, NULL, b'0', b'0', NULL, 'ACTIVE', '2016-04-27 01:57:16', '2021-02-10 12:57:03'),
	(107, 1, 1, 'Business_Unit_Target_Sales', 'target_sales', 'Business Unit Target Sales', '{\n  "steps": [\n    {\n      "table": "EMPLOYEE_MASTER",\n      "inMappingColumn": "",\n      "outMappingColumn": "EMPLOYEE_MASTER_ID",\n      "level": 1,\n      "conditions": {\n        "andType": [],\n        "orType": []\n      }\n    },\n    {\n      "table": "EMPLOYEE_DATA",\n      "inMappingColumn": "EMPLOYEE_MASTER_ID",\n      "outMappingColumn": "CURRENT_BUSINESS_UNIT_ID",\n      "level": 2,\n      "conditions": {\n        "andType": [],\n        "orType": []\n      }\n    },\n    {\n      "table": "BUSINESS_UNIT",\n      "inMappingColumn": "BUSINESS_UNIT_ID",\n      "outMappingColumn": "",\n      "level": 3,\n      "conditions": {\n        "andType": [],\n        "orType": []\n      }\n    }\n  ]\n}', 'BUSINESS_UNIT', 'TARGET_SALES', 'ORG STRUCTURE', '3', 'SINGLE', 1, NULL, NULL, NULL, b'0', b'0', NULL, 'ACTIVE', '2016-04-27 01:57:16', '2021-02-10 12:57:03'),
	(108, 1, 1, 'Business_Unit_Target_Profit', 'target_profit', 'Business Unit Target Profit', '{\n  "steps": [\n    {\n      "table": "EMPLOYEE_MASTER",\n      "inMappingColumn": "",\n      "outMappingColumn": "EMPLOYEE_MASTER_ID",\n      "level": 1,\n      "conditions": {\n        "andType": [],\n        "orType": []\n      }\n    },\n    {\n      "table": "EMPLOYEE_DATA",\n      "inMappingColumn": "EMPLOYEE_MASTER_ID",\n      "outMappingColumn": "CURRENT_BUSINESS_UNIT_ID",\n      "level": 2,\n      "conditions": {\n        "andType": [],\n        "orType": []\n      }\n    },\n    {\n      "table": "BUSINESS_UNIT",\n      "inMappingColumn": "BUSINESS_UNIT_ID",\n      "outMappingColumn": "",\n      "level": 3,\n      "conditions": {\n        "andType": [],\n        "orType": []\n      }\n    }\n  ]\n}', 'BUSINESS_UNIT', 'TARGET_PROFIT', 'ORG STRUCTURE', '3', 'SINGLE', 1, NULL, NULL, NULL, b'0', b'0', NULL, 'ACTIVE', '2016-04-27 01:57:16', '2021-02-10 12:57:03'),
	(109, 1, 1, 'Business_Revenue_Multiplier', 'revenue_multiplier', 'Business Revenue Multiplier', '{\n  "steps": [\n    {\n      "table": "EMPLOYEE_MASTER",\n      "inMappingColumn": "",\n      "outMappingColumn": "EMPLOYEE_MASTER_ID",\n      "level": 1,\n      "conditions": {\n        "andType": [],\n        "orType": []\n      }\n    },\n    {\n      "table": "EMPLOYEE_DATA",\n      "inMappingColumn": "EMPLOYEE_MASTER_ID",\n      "outMappingColumn": "CURRENT_BUSINESS_UNIT_ID",\n      "level": 2,\n      "conditions": {\n        "andType": [],\n        "orType": []\n      }\n    },\n    {\n      "table": "BUSINESS_UNIT",\n      "inMappingColumn": "BUSINESS_UNIT_ID",\n      "outMappingColumn": "",\n      "level": 3,\n      "conditions": {\n        "andType": [],\n        "orType": []\n      }\n    }\n  ]\n}', 'BUSINESS_UNIT', 'REVENUE_MULTIPLIER', 'ORG STRUCTURE', '3', 'SINGLE', 1, NULL, NULL, NULL, b'0', b'0', NULL, 'ACTIVE', '2016-04-27 01:57:16', '2021-02-10 12:57:03'),
	(110, 1, 1, 'Business_Sales_Multiplier', 'sales_multiplier', 'Business Sales Multiplier', '{\n  "steps": [\n    {\n      "table": "EMPLOYEE_MASTER",\n      "inMappingColumn": "",\n      "outMappingColumn": "EMPLOYEE_MASTER_ID",\n      "level": 1,\n      "conditions": {\n        "andType": [],\n        "orType": []\n      }\n    },\n    {\n      "table": "EMPLOYEE_DATA",\n      "inMappingColumn": "EMPLOYEE_MASTER_ID",\n      "outMappingColumn": "CURRENT_BUSINESS_UNIT_ID",\n      "level": 2,\n      "conditions": {\n        "andType": [],\n        "orType": []\n      }\n    },\n    {\n      "table": "BUSINESS_UNIT",\n      "inMappingColumn": "BUSINESS_UNIT_ID",\n      "outMappingColumn": "",\n      "level": 3,\n      "conditions": {\n        "andType": [],\n        "orType": []\n      }\n    }\n  ]\n}', 'BUSINESS_UNIT', 'SALES_MULTIPLIER', 'ORG STRUCTURE', '3', 'SINGLE', 1, NULL, NULL, NULL, b'0', b'0', NULL, 'ACTIVE', '2016-04-27 01:57:16', '2021-02-10 12:57:03'),
	(111, 1, 1, 'Business_Unit_Profit_Multiplier', 'profit_multiplier', 'Business Unit Profit Multiplier', '{\n  "steps": [\n    {\n      "table": "EMPLOYEE_MASTER",\n      "inMappingColumn": "",\n      "outMappingColumn": "EMPLOYEE_MASTER_ID",\n      "level": 1,\n      "conditions": {\n        "andType": [],\n        "orType": []\n      }\n    },\n    {\n      "table": "EMPLOYEE_DATA",\n      "inMappingColumn": "EMPLOYEE_MASTER_ID",\n      "outMappingColumn": "CURRENT_BUSINESS_UNIT_ID",\n      "level": 2,\n      "conditions": {\n        "andType": [],\n        "orType": []\n      }\n    },\n    {\n      "table": "BUSINESS_UNIT",\n      "inMappingColumn": "BUSINESS_UNIT_ID",\n      "outMappingColumn": "",\n      "level": 3,\n      "conditions": {\n        "andType": [],\n        "orType": []\n      }\n    }\n  ]\n}', 'BUSINESS_UNIT', 'PROFIT_MULTIPLIER', 'ORG STRUCTURE', '3', 'SINGLE', 1, NULL, NULL, NULL, b'0', b'0', NULL, 'ACTIVE', '2016-04-27 01:57:16', '2020-07-30 11:38:55'),
	(112, 1, 1, 'Department_Display_Name', 'Display name', 'Department Display Name', '{\n  "steps": [\n    {\n      "table": "EMPLOYEE_MASTER",\n      "inMappingColumn": "",\n      "outMappingColumn": "EMPLOYEE_MASTER_ID",\n      "level": 1,\n      "conditions": {\n        "andType": [],\n        "orType": []\n      }\n    },\n    {\n      "table": "EMPLOYEE_DATA",\n      "inMappingColumn": "EMPLOYEE_MASTER_ID",\n      "outMappingColumn": "CURRENT_DEPT_ID",\n      "level": 2,\n      "conditions": {\n        "andType": [],\n        "orType": []\n      }\n    },\n    {\n      "table": "DEPARTMENT",\n      "inMappingColumn": "DEPT_ID",\n      "outMappingColumn": "",\n      "level": 3,\n      "conditions": {\n        "andType": [],\n        "orType": []\n      }\n    }\n  ]\n}', 'DEPARTMENT', 'DISPLAY_NAME', 'ORG STRUCTURE', '3', 'SINGLE', 1, NULL, NULL, NULL, b'0', b'0', NULL, 'ACTIVE', '2016-04-27 01:57:16', '2020-07-30 11:38:55'),
	(113, 1, 1, 'Department_Description', 'Description', 'Department Description', '{\n  "steps": [\n    {\n      "table": "EMPLOYEE_MASTER",\n      "inMappingColumn": "",\n      "outMappingColumn": "EMPLOYEE_MASTER_ID",\n      "level": 1,\n      "conditions": {\n        "andType": [],\n        "orType": []\n      }\n    },\n    {\n      "table": "EMPLOYEE_DATA",\n      "inMappingColumn": "EMPLOYEE_MASTER_ID",\n      "outMappingColumn": "CURRENT_DEPT_ID",\n      "level": 2,\n      "conditions": {\n        "andType": [],\n        "orType": []\n      }\n    },\n    {\n      "table": "DEPARTMENT",\n      "inMappingColumn": "DEPT_ID",\n      "outMappingColumn": "",\n      "level": 3,\n      "conditions": {\n        "andType": [],\n        "orType": []\n      }\n    }\n  ]\n}', 'DEPARTMENT', 'DEPT_DESC', 'ORG STRUCTURE', '3', 'SINGLE', 1, NULL, NULL, NULL, b'0', b'0', NULL, 'ACTIVE', '2016-04-27 01:57:16', '2020-07-30 11:38:55'),
	(114, 1, 1, 'Department_Address', 'address', 'Department Address', '{\n  "steps": [\n    {\n      "table": "EMPLOYEE_MASTER",\n      "inMappingColumn": "",\n      "outMappingColumn": "EMPLOYEE_MASTER_ID",\n      "level": 1,\n      "conditions": {\n        "andType": [],\n        "orType": []\n      }\n    },\n    {\n      "table": "EMPLOYEE_DATA",\n      "inMappingColumn": "EMPLOYEE_MASTER_ID",\n      "outMappingColumn": "CURRENT_DEPT_ID",\n      "level": 2,\n      "conditions": {\n        "andType": [],\n        "orType": []\n      }\n    },\n    {\n      "table": "DEPARTMENT",\n      "inMappingColumn": "DEPT_ID",\n      "outMappingColumn": "",\n      "level": 3,\n      "conditions": {\n        "andType": [],\n        "orType": []\n      }\n    }\n  ]\n}', 'DEPARTMENT', 'DEPT_ADDRESS', 'ORG STRUCTURE', '3', 'SINGLE', 1, NULL, NULL, NULL, b'0', b'0', NULL, 'ACTIVE', '2016-04-27 01:57:16', '2021-02-10 12:51:50'),
	(115, 1, 1, 'Department_Phone', 'phone', 'Department Phone', '{\n  "steps": [\n    {\n      "table": "EMPLOYEE_MASTER",\n      "inMappingColumn": "",\n      "outMappingColumn": "EMPLOYEE_MASTER_ID",\n      "level": 1,\n      "conditions": {\n        "andType": [],\n        "orType": []\n      }\n    },\n    {\n      "table": "EMPLOYEE_DATA",\n      "inMappingColumn": "EMPLOYEE_MASTER_ID",\n      "outMappingColumn": "CURRENT_DEPT_ID",\n      "level": 2,\n      "conditions": {\n        "andType": [],\n        "orType": []\n      }\n    },\n    {\n      "table": "DEPARTMENT",\n      "inMappingColumn": "DEPT_ID",\n      "outMappingColumn": "",\n      "level": 3,\n      "conditions": {\n        "andType": [],\n        "orType": []\n      }\n    }\n  ]\n}', 'DEPARTMENT', 'DEPT_PHONE', 'ORG STRUCTURE', '3', 'SINGLE', 1, NULL, NULL, NULL, b'0', b'0', NULL, 'ACTIVE', '2016-04-27 01:57:16', '2021-02-10 12:51:50'),
	(116, 1, 1, 'Department_Email', 'email', 'Department Email', '{\n  "steps": [\n    {\n      "table": "EMPLOYEE_MASTER",\n      "inMappingColumn": "",\n      "outMappingColumn": "EMPLOYEE_MASTER_ID",\n      "level": 1,\n      "conditions": {\n        "andType": [],\n        "orType": []\n      }\n    },\n    {\n      "table": "EMPLOYEE_DATA",\n      "inMappingColumn": "EMPLOYEE_MASTER_ID",\n      "outMappingColumn": "CURRENT_DEPT_ID",\n      "level": 2,\n      "conditions": {\n        "andType": [],\n        "orType": []\n      }\n    },\n    {\n      "table": "DEPARTMENT",\n      "inMappingColumn": "DEPT_ID",\n      "outMappingColumn": "",\n      "level": 3,\n      "conditions": {\n        "andType": [],\n        "orType": []\n      }\n    }\n  ]\n}', 'DEPARTMENT', 'DEPT_EMAIL', 'ORG STRUCTURE', '3', 'SINGLE', 1, NULL, NULL, NULL, b'0', b'0', NULL, 'ACTIVE', '2016-04-27 01:57:16', '2021-02-10 12:51:50'),
	(117, 1, 1, 'Department_ID', 'identification', 'Department ID', '{\n  "steps": [\n    {\n      "table": "EMPLOYEE_MASTER",\n      "inMappingColumn": "",\n      "outMappingColumn": "EMPLOYEE_MASTER_ID",\n      "level": 1,\n      "conditions": {\n        "andType": [],\n        "orType": []\n      }\n    },\n    {\n      "table": "EMPLOYEE_DATA",\n      "inMappingColumn": "EMPLOYEE_MASTER_ID",\n      "outMappingColumn": "CURRENT_DEPT_ID",\n      "level": 2,\n      "conditions": {\n        "andType": [],\n        "orType": []\n      }\n    },\n    {\n      "table": "DEPARTMENT",\n      "inMappingColumn": "DEPT_ID",\n      "outMappingColumn": "",\n      "level": 3,\n      "conditions": {\n        "andType": [],\n        "orType": []\n      }\n    }\n  ]\n}', 'DEPARTMENT', 'IDENTIFICATION_NO', 'ORG STRUCTURE', '3', 'SINGLE', 1, NULL, NULL, NULL, b'0', b'0', NULL, 'ACTIVE', '2016-04-27 01:57:16', '2021-02-10 12:51:50'),
	(118, 1, 1, 'Department_Code', 'code', 'Department Code', '{\n  "steps": [\n    {\n      "table": "EMPLOYEE_MASTER",\n      "inMappingColumn": "",\n      "outMappingColumn": "EMPLOYEE_MASTER_ID",\n      "level": 1,\n      "conditions": {\n        "andType": [],\n        "orType": []\n      }\n    },\n    {\n      "table": "EMPLOYEE_DATA",\n      "inMappingColumn": "EMPLOYEE_MASTER_ID",\n      "outMappingColumn": "CURRENT_DEPT_ID",\n      "level": 2,\n      "conditions": {\n        "andType": [],\n        "orType": []\n      }\n    },\n    {\n      "table": "DEPARTMENT",\n      "inMappingColumn": "DEPT_ID",\n      "outMappingColumn": "",\n      "level": 3,\n      "conditions": {\n        "andType": [],\n        "orType": []\n      }\n    }\n  ]\n}', 'DEPARTMENT', 'DEPT_CODE', 'ORG STRUCTURE', '3', 'SINGLE', 1, NULL, NULL, NULL, b'0', b'0', NULL, 'ACTIVE', '2016-04-27 01:57:16', '2020-07-30 11:38:55'),
	(119, 1, 1, 'Department_Actual_Revenue', 'actual_revenue', 'Department Actual Revenue', '{\n  "steps": [\n    {\n      "table": "EMPLOYEE_MASTER",\n      "inMappingColumn": "",\n      "outMappingColumn": "EMPLOYEE_MASTER_ID",\n      "level": 1,\n      "conditions": {\n        "andType": [],\n        "orType": []\n      }\n    },\n    {\n      "table": "EMPLOYEE_DATA",\n      "inMappingColumn": "EMPLOYEE_MASTER_ID",\n      "outMappingColumn": "CURRENT_DEPT_ID",\n      "level": 2,\n      "conditions": {\n        "andType": [],\n        "orType": []\n      }\n    },\n    {\n      "table": "DEPARTMENT",\n      "inMappingColumn": "DEPT_ID",\n      "outMappingColumn": "",\n      "level": 3,\n      "conditions": {\n        "andType": [],\n        "orType": []\n      }\n    }\n  ]\n}', 'DEPARTMENT', 'ACTUAL_REVENUE', 'ORG STRUCTURE', '3', 'SINGLE', 1, NULL, NULL, NULL, b'0', b'0', NULL, 'ACTIVE', '2016-04-27 01:57:16', '2021-02-10 12:51:50'),
	(120, 1, 1, 'Department_Actual_Sales', 'actual_sales', 'Department Actual Sales', '{\n  "steps": [\n    {\n      "table": "EMPLOYEE_MASTER",\n      "inMappingColumn": "",\n      "outMappingColumn": "EMPLOYEE_MASTER_ID",\n      "level": 1,\n      "conditions": {\n        "andType": [],\n        "orType": []\n      }\n    },\n    {\n      "table": "EMPLOYEE_DATA",\n      "inMappingColumn": "EMPLOYEE_MASTER_ID",\n      "outMappingColumn": "CURRENT_DEPT_ID",\n      "level": 2,\n      "conditions": {\n        "andType": [],\n        "orType": []\n      }\n    },\n    {\n      "table": "DEPARTMENT",\n      "inMappingColumn": "DEPT_ID",\n      "outMappingColumn": "",\n      "level": 3,\n      "conditions": {\n        "andType": [],\n        "orType": []\n      }\n    }\n  ]\n}', 'DEPARTMENT', 'ACTUAL_SALES', 'ORG STRUCTURE', '3', 'SINGLE', 1, NULL, NULL, NULL, b'0', b'0', NULL, 'ACTIVE', '2016-04-27 01:57:16', '2021-02-10 12:51:50'),
	(121, 1, 1, 'Department_Actual_Profit', 'actual_profit', 'Department Actual Profit', '{\n  "steps": [\n    {\n      "table": "EMPLOYEE_MASTER",\n      "inMappingColumn": "",\n      "outMappingColumn": "EMPLOYEE_MASTER_ID",\n      "level": 1,\n      "conditions": {\n        "andType": [],\n        "orType": []\n      }\n    },\n    {\n      "table": "EMPLOYEE_DATA",\n      "inMappingColumn": "EMPLOYEE_MASTER_ID",\n      "outMappingColumn": "CURRENT_DEPT_ID",\n      "level": 2,\n      "conditions": {\n        "andType": [],\n        "orType": []\n      }\n    },\n    {\n      "table": "DEPARTMENT",\n      "inMappingColumn": "DEPT_ID",\n      "outMappingColumn": "",\n      "level": 3,\n      "conditions": {\n        "andType": [],\n        "orType": []\n      }\n    }\n  ]\n}', 'DEPARTMENT', 'ACTUAL_PROFIT', 'ORG STRUCTURE', '3', 'SINGLE', 1, NULL, NULL, NULL, b'0', b'0', NULL, 'ACTIVE', '2016-04-27 01:57:16', '2021-02-10 12:51:50'),
	(122, 1, 1, 'Department_Frequency', 'frequency', 'Department Frequency', '{\n  "steps": [\n    {\n      "table": "EMPLOYEE_MASTER",\n      "inMappingColumn": "",\n      "outMappingColumn": "EMPLOYEE_MASTER_ID",\n      "level": 1,\n      "conditions": {\n        "andType": [],\n        "orType": []\n      }\n    },\n    {\n      "table": "EMPLOYEE_DATA",\n      "inMappingColumn": "EMPLOYEE_MASTER_ID",\n      "outMappingColumn": "CURRENT_DEPT_ID",\n      "level": 2,\n      "conditions": {\n        "andType": [],\n        "orType": []\n      }\n    },\n    {\n      "table": "DEPARTMENT",\n      "inMappingColumn": "DEPT_ID",\n      "outMappingColumn": "",\n      "level": 3,\n      "conditions": {\n        "andType": [],\n        "orType": []\n      }\n    }\n  ]\n}', 'DEPARTMENT', 'FREQUENCY', 'ORG STRUCTURE', '3', 'SINGLE', 1, NULL, NULL, NULL, b'0', b'0', NULL, 'ACTIVE', '2016-04-27 01:57:16', '2021-02-10 12:51:50'),
	(123, 1, 1, 'Department_Period_Start_Date', 'period_start_date', 'Department Period Start Date', '{\n  "steps": [\n    {\n      "table": "EMPLOYEE_MASTER",\n      "inMappingColumn": "",\n      "outMappingColumn": "EMPLOYEE_MASTER_ID",\n      "level": 1,\n      "conditions": {\n        "andType": [],\n        "orType": []\n      }\n    },\n    {\n      "table": "EMPLOYEE_DATA",\n      "inMappingColumn": "EMPLOYEE_MASTER_ID",\n      "outMappingColumn": "CURRENT_DEPT_ID",\n      "level": 2,\n      "conditions": {\n        "andType": [],\n        "orType": []\n      }\n    },\n    {\n      "table": "DEPARTMENT",\n      "inMappingColumn": "DEPT_ID",\n      "outMappingColumn": "",\n      "level": 3,\n      "conditions": {\n        "andType": [],\n        "orType": []\n      }\n    }\n  ]\n}', 'DEPARTMENT', 'PERIOD_START_DATE', 'ORG STRUCTURE', '3', 'SINGLE', 1, NULL, NULL, NULL, b'0', b'0', NULL, 'ACTIVE', '2016-04-27 01:57:16', '2021-02-10 12:51:50'),
	(124, 1, 1, 'Department_Period_End_Date', 'period_end_date', 'Department Period End Date', '{\n  "steps": [\n    {\n      "table": "EMPLOYEE_MASTER",\n      "inMappingColumn": "",\n      "outMappingColumn": "EMPLOYEE_MASTER_ID",\n      "level": 1,\n      "conditions": {\n        "andType": [],\n        "orType": []\n      }\n    },\n    {\n      "table": "EMPLOYEE_DATA",\n      "inMappingColumn": "EMPLOYEE_MASTER_ID",\n      "outMappingColumn": "CURRENT_DEPT_ID",\n      "level": 2,\n      "conditions": {\n        "andType": [],\n        "orType": []\n      }\n    },\n    {\n      "table": "DEPARTMENT",\n      "inMappingColumn": "DEPT_ID",\n      "outMappingColumn": "",\n      "level": 3,\n      "conditions": {\n        "andType": [],\n        "orType": []\n      }\n    }\n  ]\n}', 'DEPARTMENT', 'PERIOD_END_DATE', 'ORG STRUCTURE', '3', 'SINGLE', 1, NULL, NULL, NULL, b'0', b'0', NULL, 'ACTIVE', '2016-04-27 01:57:16', '2021-02-10 12:51:50'),
	(125, 1, 1, 'Department_Target_Revenue', 'target_revenue', 'Department Target Revenue', '{\n  "steps": [\n    {\n      "table": "EMPLOYEE_MASTER",\n      "inMappingColumn": "",\n      "outMappingColumn": "EMPLOYEE_MASTER_ID",\n      "level": 1,\n      "conditions": {\n        "andType": [],\n        "orType": []\n      }\n    },\n    {\n      "table": "EMPLOYEE_DATA",\n      "inMappingColumn": "EMPLOYEE_MASTER_ID",\n      "outMappingColumn": "CURRENT_DEPT_ID",\n      "level": 2,\n      "conditions": {\n        "andType": [],\n        "orType": []\n      }\n    },\n    {\n      "table": "DEPARTMENT",\n      "inMappingColumn": "DEPT_ID",\n      "outMappingColumn": "",\n      "level": 3,\n      "conditions": {\n        "andType": [],\n        "orType": []\n      }\n    }\n  ]\n}', 'DEPARTMENT', 'TARGET_REVENUE', 'ORG STRUCTURE', '3', 'SINGLE', 1, NULL, NULL, NULL, b'0', b'0', NULL, 'ACTIVE', '2016-04-27 01:57:16', '2021-02-10 12:51:50'),
	(126, 1, 1, 'Department_Target_Sales', 'target_sales', 'Department Target Sales', '{\n  "steps": [\n    {\n      "table": "EMPLOYEE_MASTER",\n      "inMappingColumn": "",\n      "outMappingColumn": "EMPLOYEE_MASTER_ID",\n      "level": 1,\n      "conditions": {\n        "andType": [],\n        "orType": []\n      }\n    },\n    {\n      "table": "EMPLOYEE_DATA",\n      "inMappingColumn": "EMPLOYEE_MASTER_ID",\n      "outMappingColumn": "CURRENT_DEPT_ID",\n      "level": 2,\n      "conditions": {\n        "andType": [],\n        "orType": []\n      }\n    },\n    {\n      "table": "DEPARTMENT",\n      "inMappingColumn": "DEPT_ID",\n      "outMappingColumn": "",\n      "level": 3,\n      "conditions": {\n        "andType": [],\n        "orType": []\n      }\n    }\n  ]\n}', 'DEPARTMENT', 'TARGET_SALES', 'ORG STRUCTURE', '3', 'SINGLE', 1, NULL, NULL, NULL, b'0', b'0', NULL, 'ACTIVE', '2016-04-27 01:57:16', '2021-02-10 12:51:50'),
	(127, 1, 1, 'Department_Target_Profit', 'target_profit', 'Department Target Profit', '{\n  "steps": [\n    {\n      "table": "EMPLOYEE_MASTER",\n      "inMappingColumn": "",\n      "outMappingColumn": "EMPLOYEE_MASTER_ID",\n      "level": 1,\n      "conditions": {\n        "andType": [],\n        "orType": []\n      }\n    },\n    {\n      "table": "EMPLOYEE_DATA",\n      "inMappingColumn": "EMPLOYEE_MASTER_ID",\n      "outMappingColumn": "CURRENT_DEPT_ID",\n      "level": 2,\n      "conditions": {\n        "andType": [],\n        "orType": []\n      }\n    },\n    {\n      "table": "DEPARTMENT",\n      "inMappingColumn": "DEPT_ID",\n      "outMappingColumn": "",\n      "level": 3,\n      "conditions": {\n        "andType": [],\n        "orType": []\n      }\n    }\n  ]\n}', 'DEPARTMENT', 'TARGET_PROFIT', 'ORG STRUCTURE', '3', 'SINGLE', 1, NULL, NULL, NULL, b'0', b'0', NULL, 'ACTIVE', '2016-04-27 01:57:16', '2021-02-10 12:51:50'),
	(128, 1, 1, 'Department_Revenue_Multiplier', 'revenue_multiplier', 'Department Revenue Multiplier', '{\n  "steps": [\n    {\n      "table": "EMPLOYEE_MASTER",\n      "inMappingColumn": "",\n      "outMappingColumn": "EMPLOYEE_MASTER_ID",\n      "level": 1,\n      "conditions": {\n        "andType": [],\n        "orType": []\n      }\n    },\n    {\n      "table": "EMPLOYEE_DATA",\n      "inMappingColumn": "EMPLOYEE_MASTER_ID",\n      "outMappingColumn": "CURRENT_DEPT_ID",\n      "level": 2,\n      "conditions": {\n        "andType": [],\n        "orType": []\n      }\n    },\n    {\n      "table": "DEPARTMENT",\n      "inMappingColumn": "DEPT_ID",\n      "outMappingColumn": "",\n      "level": 3,\n      "conditions": {\n        "andType": [],\n        "orType": []\n      }\n    }\n  ]\n}', 'DEPARTMENT', 'REVENUE_MULTIPLIER', 'ORG STRUCTURE', '3', 'SINGLE', 1, NULL, NULL, NULL, b'0', b'0', NULL, 'ACTIVE', '2016-04-27 01:57:16', '2021-02-10 12:51:50'),
	(129, 1, 1, 'Department_Sales_Multiplier', 'sales_multiplier', 'Department Sales Multiplier', '{\n  "steps": [\n    {\n      "table": "EMPLOYEE_MASTER",\n      "inMappingColumn": "",\n      "outMappingColumn": "EMPLOYEE_MASTER_ID",\n      "level": 1,\n      "conditions": {\n        "andType": [],\n        "orType": []\n      }\n    },\n    {\n      "table": "EMPLOYEE_DATA",\n      "inMappingColumn": "EMPLOYEE_MASTER_ID",\n      "outMappingColumn": "CURRENT_DEPT_ID",\n      "level": 2,\n      "conditions": {\n        "andType": [],\n        "orType": []\n      }\n    },\n    {\n      "table": "DEPARTMENT",\n      "inMappingColumn": "DEPT_ID",\n      "outMappingColumn": "",\n      "level": 3,\n      "conditions": {\n        "andType": [],\n        "orType": []\n      }\n    }\n  ]\n}', 'DEPARTMENT', 'SALES_MULTIPLIER', 'ORG STRUCTURE', '3', 'SINGLE', 1, NULL, NULL, NULL, b'0', b'0', NULL, 'ACTIVE', '2016-04-27 01:57:16', '2021-02-10 12:51:50'),
	(130, 1, 1, 'Department_Profit_Multiplier', 'profit_multiplier', 'Department Profit Multiplier', '{\n  "steps": [\n    {\n      "table": "EMPLOYEE_MASTER",\n      "inMappingColumn": "",\n      "outMappingColumn": "EMPLOYEE_MASTER_ID",\n      "level": 1,\n      "conditions": {\n        "andType": [],\n        "orType": []\n      }\n    },\n    {\n      "table": "EMPLOYEE_DATA",\n      "inMappingColumn": "EMPLOYEE_MASTER_ID",\n      "outMappingColumn": "CURRENT_DEPT_ID",\n      "level": 2,\n      "conditions": {\n        "andType": [],\n        "orType": []\n      }\n    },\n    {\n      "table": "DEPARTMENT",\n      "inMappingColumn": "DEPT_ID",\n      "outMappingColumn": "",\n      "level": 3,\n      "conditions": {\n        "andType": [],\n        "orType": []\n      }\n    }\n  ]\n}', 'DEPARTMENT', 'PROFIT_MULTIPLIER', 'ORG STRUCTURE', '3', 'SINGLE', 1, NULL, NULL, NULL, b'0', b'0', NULL, 'ACTIVE', '2016-04-27 01:57:16', '2020-07-30 11:38:55'),
	(152, 1, 1, 'Annual_Bonus_Target_Percent', 'Bonus Target Percent', 'Annual Bonus Target Percent', '{\n  "steps": [\n    {\n      "table": "BONUS_MASTER",\n      "inMappingColumn": "",\n      "outMappingColumn": "EMPLOYEE_MASTER_ID",\n      "level": 1,\n      "conditions": {\n        "andType": [{\n            "columnName": "COMPENSATION_INCREASE_TYPE_ID", \n             "columnValue": 3\n         }],\n        "orType": []\n      }\n    }\n  ]\n}', 'BONUS_MASTER', 'BONUS_TARGET_PERCENT', 'ANNUAL BONUS', '3', 'SINGLE', 11, NULL, NULL, NULL, b'0', b'0', 'SUM', 'ACTIVE', '2016-04-27 01:57:16', '2020-07-30 11:31:13'),
	(153, 1, 1, 'Annual_Bonus_Target_Amount', 'Bonus Target Amount', 'Annual Bonus Target Amount', '{\n  "steps": [\n    {\n      "table": "BONUS_MASTER",\n      "inMappingColumn": "",\n      "outMappingColumn": "EMPLOYEE_MASTER_ID",\n      "level": 1,\n      "conditions": {\n        "andType": [{\n            "columnName": "COMPENSATION_INCREASE_TYPE_ID", \n             "columnValue": 3\n         }],\n        "orType": []\n      }\n    }\n  ]\n}', 'BONUS_MASTER', 'BONUS_TARGET_AMOUNT', 'ANNUAL BONUS', '3', 'SINGLE', 5, NULL, NULL, NULL, b'0', b'0', 'SUM', 'ACTIVE', '2016-04-27 01:57:16', '2020-07-30 11:31:13'),
	(154, 1, 1, 'Annual_Bonus_Frequency', 'Bonus Frequency', 'Annual Bonus Frequency', '{\n  "steps": [\n    {\n      "table": "BONUS_MASTER",\n      "inMappingColumn": "",\n      "outMappingColumn": "EMPLOYEE_MASTER_ID",\n      "level": 1,\n      "conditions": {\n        "andType": [{\n            "columnName": "COMPENSATION_INCREASE_TYPE_ID", \n             "columnValue": 3\n         }],\n        "orType": []\n      }\n    }\n  ]\n}', 'BONUS_MASTER', 'BONUS_FREQUENCY', 'ANNUAL BONUS', '3', 'SINGLE', 5, NULL, NULL, NULL, b'0', b'0', NULL, 'ACTIVE', '2016-04-27 01:57:16', '2020-07-30 11:31:13'),
	(156, 1, 1, 'Current_Job_Name', 'Job name', 'Current Job Name', '{\n  "steps": [\n    {\n      "table": "EMPLOYEE_MASTER",\n      "inMappingColumn": "",\n      "outMappingColumn": "EMPLOYEE_MASTER_ID",\n      "level": 1,\n      "conditions": {\n        "andType": [],\n        "orType": []\n      }\n    },\n    {\n      "table": "EMPLOYEE_DATA",\n      "inMappingColumn": "EMPLOYEE_MASTER_ID",\n      "outMappingColumn": "CURRENT_JOB_ID",\n      "level": 2,\n      "conditions": {\n        "andType": [],\n        "orType": []\n      }\n    },\n    {\n      "table": "job",\n      "inMappingColumn": "JOB_ID",\n      "outMappingColumn": "",\n      "level": 3,\n      "keepsDuplicate": true,\n      "conditions": {\n        "andType": [],\n        "orType": []\n      }\n    }\n  ]\n}', 'JOB', 'JOB_NAME', 'JOB', 'Job1', 'MULTI', 1, NULL, NULL, NULL, b'0', b'1', 'SUM', 'ACTIVE', '2016-04-27 01:57:16', '2020-07-30 11:34:16'),
	(157, 1, 1, 'Job_Code', 'Job Code', 'Job Code', '{\n "steps": [\n {\n "table": "EMPLOYEE_MASTER",\n "inMappingColumn": "",\n "outMappingColumn": "EMPLOYEE_MASTER_ID",\n "level": 1,\n "conditions": {\n "andType": [],\n "orType": []\n }\n },\n {\n "table": "EMPLOYEE_DATA",\n "inMappingColumn": "EMPLOYEE_MASTER_ID",\n "outMappingColumn": "CURRENT_JOB_ID",\n "level": 2,\n "conditions": {\n "andType": [],\n "orType": []\n }\n },\n {\n "table": "job",\n "inMappingColumn": "JOB_ID",\n "outMappingColumn": "",\n "level": 3,\n "keepsDuplicate": true,\n "conditions": {\n "andType": [],\n "orType": []\n }\n }\n ]\n}', 'JOB', 'JOB_CODE', 'JOB', 'Job1', 'MULTI', 1, NULL, NULL, NULL, b'0', b'1', 'SUM', 'ACTIVE', '2016-04-27 01:57:16', '2020-08-22 21:47:44'),
	(158, 1, 1, 'Current_Job_Description', 'Job Description', 'Current Job Description', '{\n  "steps": [\n    {\n      "table": "EMPLOYEE_MASTER",\n      "inMappingColumn": "",\n      "outMappingColumn": "EMPLOYEE_MASTER_ID",\n      "level": 1,\n      "conditions": {\n        "andType": [],\n        "orType": []\n      }\n    },\n    {\n      "table": "EMPLOYEE_DATA",\n      "inMappingColumn": "EMPLOYEE_MASTER_ID",\n      "outMappingColumn": "CURRENT_JOB_ID",\n      "level": 2,\n      "conditions": {\n        "andType": [],\n        "orType": []\n      }\n    },\n    {\n      "table": "job",\n      "inMappingColumn": "JOB_ID",\n      "outMappingColumn": "",\n      "level": 3,\n      "keepsDuplicate": true,\n      "conditions": {\n        "andType": [],\n        "orType": []\n      }\n    }\n  ]\n}', 'JOB', 'DESCRIPTION', 'JOB', '3', 'SINGLE', 1, NULL, NULL, NULL, b'0', b'0', NULL, 'ACTIVE', '2016-04-27 01:57:16', '2021-02-10 18:30:30'),
	(159, 1, 1, 'Current_Job_Location', 'Job Location', 'Current Job Location', '{\n  "steps": [\n    {\n      "table": "EMPLOYEE_MASTER",\n      "inMappingColumn": "",\n      "outMappingColumn": "EMPLOYEE_MASTER_ID",\n      "level": 1,\n      "conditions": {\n        "andType": [],\n        "orType": []\n      }\n    },\n    {\n      "table": "EMPLOYEE_DATA",\n      "inMappingColumn": "EMPLOYEE_MASTER_ID",\n      "outMappingColumn": "CURRENT_JOB_ID",\n      "level": 2,\n      "conditions": {\n        "andType": [],\n        "orType": []\n      }\n    },\n    {\n      "table": "job",\n      "inMappingColumn": "JOB_ID",\n      "outMappingColumn": "",\n      "level": 3,\n      "keepsDuplicate": true,\n      "conditions": {\n        "andType": [],\n        "orType": []\n      }\n    }\n  ]\n}', 'JOB', 'LOCATION', 'JOB', '3', 'SINGLE', 1, NULL, NULL, NULL, b'0', b'0', NULL, 'ACTIVE', '2016-04-27 01:57:16', '2021-02-10 18:30:35'),
	(162, 1, 1, 'Current_External_Data_Name', 'External Analysyis Data Name', 'Current External Data Name', '{\n  "steps": [\n    {\n      "table": "EMPLOYEE_MASTER",\n      "inMappingColumn": "",\n      "outMappingColumn": "EMPLOYEE_MASTER_ID",\n      "level": 1,\n      "conditions": {\n        "andType": [],\n        "orType": []\n      }\n    },\n    {\n      "table": "EMPLOYEE_DATA",\n      "inMappingColumn": "EMPLOYEE_MASTER_ID",\n      "outMappingColumn": "CURRENT_EXTERNAL_ANALYSIS_DATA_ID",\n      "level": 2,\n      "conditions": {\n        "andType": [],\n        "orType": []\n      }\n    },\n    {\n      "table": "EXTERNAL_ANALYSIS_DATA",\n      "inMappingColumn": "EXTERNAL_ANALYSIS_DATA_ID",\n      "outMappingColumn": "",\n      "level": 3,\n     "keepsDuplicate": true,\n      "conditions": {\n        "andType": [],\n        "orType": []\n      }\n    }\n  ]\n}', 'EXTERNAL_ANALYSIS_DATA', 'NAME', 'MARKET DATA', '3', 'SINGLE', 1, NULL, NULL, NULL, b'0', b'1', 'SUM', 'ACTIVE', '2016-04-27 01:57:16', '2021-02-10 18:45:06'),
	(163, 1, 1, 'Current_External_Data_Min', 'External Data Min', 'Current External Data Min', '{\n  "steps": [\n    {\n      "table": "EMPLOYEE_MASTER",\n      "inMappingColumn": "",\n      "outMappingColumn": "EMPLOYEE_MASTER_ID",\n      "level": 1,\n      "conditions": {\n        "andType": [],\n        "orType": []\n      }\n    },\n    {\n      "table": "EMPLOYEE_DATA",\n      "inMappingColumn": "EMPLOYEE_MASTER_ID",\n      "outMappingColumn": "CURRENT_EXTERNAL_ANALYSIS_DATA_ID",\n      "level": 2,\n      "conditions": {\n        "andType": [],\n        "orType": []\n      }\n    },\n    {\n      "table": "EXTERNAL_ANALYSIS_DATA",\n      "inMappingColumn": "EXTERNAL_ANALYSIS_DATA_ID",\n      "outMappingColumn": "",\n      "level": 3,\n     "keepsDuplicate": true,\n      "conditions": {\n        "andType": [],\n        "orType": []\n      }\n    }\n  ]\n}', 'EXTERNAL_ANALYSIS_DATA', 'MIN_VALUE', 'MARKET DATA', '3', 'SINGLE', 5, NULL, NULL, NULL, b'0', b'0', NULL, 'ACTIVE', '2016-04-27 01:57:16', '2021-03-21 19:42:16'),
	(164, 1, 1, 'Current_External_Data_Mid', 'External Data Mid', 'Current External Data Mid', '{\n  "steps": [\n    {\n      "table": "EMPLOYEE_MASTER",\n      "inMappingColumn": "",\n      "outMappingColumn": "EMPLOYEE_MASTER_ID",\n      "level": 1,\n      "conditions": {\n        "andType": [],\n        "orType": []\n      }\n    },\n    {\n      "table": "EMPLOYEE_DATA",\n      "inMappingColumn": "EMPLOYEE_MASTER_ID",\n      "outMappingColumn": "CURRENT_EXTERNAL_ANALYSIS_DATA_ID",\n      "level": 2,\n      "conditions": {\n        "andType": [],\n        "orType": []\n      }\n    },\n    {\n      "table": "EXTERNAL_ANALYSIS_DATA",\n      "inMappingColumn": "EXTERNAL_ANALYSIS_DATA_ID",\n      "outMappingColumn": "",\n      "level": 3,\n     "keepsDuplicate": true,\n      "conditions": {\n        "andType": [],\n        "orType": []\n      }\n    }\n  ]\n}', 'EXTERNAL_ANALYSIS_DATA', 'MID_VALUE', 'MARKET DATA', '3', 'SINGLE', 5, NULL, NULL, NULL, b'0', b'0', NULL, 'ACTIVE', '2016-04-27 01:57:16', '2021-03-21 19:42:37'),
	(165, 1, 1, 'Current_External_Data_Max', 'External Data Max', 'Current External Data Max', '{\n  "steps": [\n    {\n      "table": "EMPLOYEE_MASTER",\n      "inMappingColumn": "",\n      "outMappingColumn": "EMPLOYEE_MASTER_ID",\n      "level": 1,\n      "conditions": {\n        "andType": [],\n        "orType": []\n      }\n    },\n    {\n      "table": "EMPLOYEE_DATA",\n      "inMappingColumn": "EMPLOYEE_MASTER_ID",\n      "outMappingColumn": "CURRENT_EXTERNAL_ANALYSIS_DATA_ID",\n      "level": 2,\n      "conditions": {\n        "andType": [],\n        "orType": []\n      }\n    },\n    {\n      "table": "EXTERNAL_ANALYSIS_DATA",\n      "inMappingColumn": "EXTERNAL_ANALYSIS_DATA_ID",\n      "outMappingColumn": "",\n      "level": 3,\n     "keepsDuplicate": true,\n      "conditions": {\n        "andType": [],\n        "orType": []\n      }\n    }\n  ]\n}', 'EXTERNAL_ANALYSIS_DATA', 'MAX_VALUE', 'MARKET DATA', '3', 'SINGLE', 5, NULL, NULL, NULL, b'0', b'0', NULL, 'ACTIVE', '2016-04-27 01:57:16', '2021-03-21 19:42:40'),
	(166, 1, 1, 'Current_Job_Grade_Name', 'Job Grade Name', 'Current Job Grade Name', '{\n  "steps": [\n    {\n      "table": "EMPLOYEE_MASTER",\n      "inMappingColumn": "",\n      "outMappingColumn": "EMPLOYEE_MASTER_ID",\n      "level": 1,\n      "conditions": {\n        "andType": [],\n        "orType": []\n      }\n    },\n    {\n      "table": "EMPLOYEE_DATA",\n      "inMappingColumn": "EMPLOYEE_MASTER_ID",\n      "outMappingColumn": "CURRENT_JOB_GRADE_ID",\n      "level": 2,\n      "conditions": {\n        "andType": [],\n        "orType": []\n      }\n    },\n    {\n      "table": "JOB_GRADE",\n      "inMappingColumn": "JOB_GRADE_ID",\n      "outMappingColumn": "",\n      "level": 3,\n     "keepsDuplicate": true,\n      "conditions": {\n        "andType": [],\n        "orType": []\n      }\n    }\n  ]\n}', 'JOB_GRADE', 'JOB_GRADE_NAME', 'JOB', '3', 'MULTI', 1, NULL, NULL, NULL, b'0', b'1', 'SUM', 'ACTIVE', '2016-04-27 01:57:16', '2021-02-10 18:47:04'),
	(167, 1, 1, 'Current_Job_Grade_Code', 'Job Grade Code', 'Current Job Grade Code', '{\n  "steps": [\n    {\n      "table": "EMPLOYEE_MASTER",\n      "inMappingColumn": "",\n      "outMappingColumn": "EMPLOYEE_MASTER_ID",\n      "level": 1,\n      "conditions": {\n        "andType": [],\n        "orType": []\n      }\n    },\n    {\n      "table": "EMPLOYEE_DATA",\n      "inMappingColumn": "EMPLOYEE_MASTER_ID",\n      "outMappingColumn": "CURRENT_JOB_GRADE_ID",\n      "level": 2,\n      "conditions": {\n        "andType": [],\n        "orType": []\n      }\n    },\n    {\n      "table": "JOB_GRADE",\n      "inMappingColumn": "JOB_GRADE_ID",\n      "outMappingColumn": "",\n      "level": 3,\n     "keepsDuplicate": true,\n      "conditions": {\n        "andType": [],\n        "orType": []\n      }\n    }\n  ]\n}', 'JOB_GRADE', 'JOB_GRADE_CODE', 'JOB', '3', 'SINGLE', 1, NULL, NULL, NULL, b'0', b'0', NULL, 'ACTIVE', '2016-04-27 01:57:16', '2021-02-10 18:47:54'),
	(168, 1, 1, 'Current_Job_Grade_Description', 'Job Grade Description', 'Current Job Grade Description', '{\n  "steps": [\n    {\n      "table": "EMPLOYEE_MASTER",\n      "inMappingColumn": "",\n      "outMappingColumn": "EMPLOYEE_MASTER_ID",\n      "level": 1,\n      "conditions": {\n        "andType": [],\n        "orType": []\n      }\n    },\n    {\n      "table": "EMPLOYEE_DATA",\n      "inMappingColumn": "EMPLOYEE_MASTER_ID",\n      "outMappingColumn": "CURRENT_JOB_GRADE_ID",\n      "level": 2,\n      "conditions": {\n        "andType": [],\n        "orType": []\n      }\n    },\n    {\n      "table": "JOB_GRADE",\n      "inMappingColumn": "JOB_GRADE_ID",\n      "outMappingColumn": "",\n      "level": 3,\n     "keepsDuplicate": true,\n      "conditions": {\n        "andType": [],\n        "orType": []\n      }\n    }\n  ]\n}', 'JOB_GRADE', 'DESCRIPTION', 'JOB', '3', 'SINGLE', 1, NULL, NULL, NULL, b'0', b'0', NULL, 'ACTIVE', '2016-04-27 01:57:16', '2021-02-10 18:48:01'),
	(169, 1, 1, 'Current_Job_Role_Name', 'Job Role Name', 'Current Job Role Name', '{\n  "steps": [\n    {\n      "table": "EMPLOYEE_MASTER",\n      "inMappingColumn": "",\n      "outMappingColumn": "EMPLOYEE_MASTER_ID",\n      "level": 1,\n      "conditions": {\n        "andType": [],\n        "orType": []\n      }\n    },\n    {\n      "table": "EMPLOYEE_DATA",\n      "inMappingColumn": "EMPLOYEE_MASTER_ID",\n      "outMappingColumn": "CURRENT_JOB_ROLE_ID",\n      "level": 2,\n      "conditions": {\n        "andType": [],\n        "orType": []\n      }\n    },\n    {\n      "table": "JOB_ROLE",\n      "inMappingColumn": "JOB_ROLE_ID",\n      "outMappingColumn": "",\n      "level": 3,\n     "keepsDuplicate": true,\n      "conditions": {\n        "andType": [],\n        "orType": []\n      }\n    }\n  ]\n}', 'JOB_ROLE', 'JOB_ROLE_NAME', 'JOB', '3', 'MULTI', 1, NULL, NULL, NULL, b'0', b'1', 'SUM', 'ACTIVE', '2016-04-27 01:57:16', '2021-02-10 18:48:20'),
	(170, 1, 1, 'Current_Job_Role_Code', 'Job Role Code', 'Current Job Role Code', '{\n  "steps": [\n    {\n      "table": "EMPLOYEE_MASTER",\n      "inMappingColumn": "",\n      "outMappingColumn": "EMPLOYEE_MASTER_ID",\n      "level": 1,\n      "conditions": {\n        "andType": [],\n        "orType": []\n      }\n    },\n    {\n      "table": "EMPLOYEE_DATA",\n      "inMappingColumn": "EMPLOYEE_MASTER_ID",\n      "outMappingColumn": "CURRENT_JOB_ROLE_ID",\n      "level": 2,\n      "conditions": {\n        "andType": [],\n        "orType": []\n      }\n    },\n    {\n      "table": "JOB_ROLE",\n      "inMappingColumn": "JOB_ROLE_ID",\n      "outMappingColumn": "",\n      "level": 3,\n     "keepsDuplicate": true,\n      "conditions": {\n        "andType": [],\n        "orType": []\n      }\n    }\n  ]\n}', 'JOB_ROLE', 'JOB_ROLE_CODE', 'JOB', '3', 'SINGLE', 1, NULL, NULL, NULL, b'0', b'0', NULL, 'ACTIVE', '2016-04-27 01:57:16', '2021-02-10 18:48:29'),
	(172, 1, 1, 'Current_Job_Level_Name', 'Job Level Name', 'Current Job Level Name', '{\n  "steps": [\n    {\n      "table": "EMPLOYEE_MASTER",\n      "inMappingColumn": "",\n      "outMappingColumn": "EMPLOYEE_MASTER_ID",\n      "level": 1,\n      "conditions": {\n        "andType": [],\n        "orType": []\n      }\n    },\n    {\n      "table": "EMPLOYEE_DATA",\n      "inMappingColumn": "EMPLOYEE_MASTER_ID",\n      "outMappingColumn": "CURRENT_JOB_LEVEL_ID",\n      "level": 2,\n      "conditions": {\n        "andType": [],\n        "orType": []\n      }\n    },\n    {\n      "table": "JOB_LEVEL",\n      "inMappingColumn": "JOB_LEVEL_ID",\n      "outMappingColumn": "",\n      "level": 3,\n     "keepsDuplicate": true,\n      "conditions": {\n        "andType": [],\n        "orType": []\n      }\n    }\n  ]\n}', 'JOB_LEVEL', 'JOB_LEVEL_NAME', 'JOB', '3', 'MULTI', 1, NULL, NULL, NULL, b'0', b'1', 'SUM', 'ACTIVE', '2016-04-27 01:57:16', '2021-02-10 18:48:05'),
	(173, 1, 1, 'Current_Job_Level_Code', 'Job Level Code', 'Current Job Level Code', '{\n  "steps": [\n    {\n      "table": "EMPLOYEE_MASTER",\n      "inMappingColumn": "",\n      "outMappingColumn": "EMPLOYEE_MASTER_ID",\n      "level": 1,\n      "conditions": {\n        "andType": [],\n        "orType": []\n      }\n    },\n    {\n      "table": "EMPLOYEE_DATA",\n      "inMappingColumn": "EMPLOYEE_MASTER_ID",\n      "outMappingColumn": "CURRENT_JOB_LEVEL_ID",\n      "level": 2,\n      "conditions": {\n        "andType": [],\n        "orType": []\n      }\n    },\n    {\n      "table": "JOB_LEVEL",\n      "inMappingColumn": "JOB_LEVEL_ID",\n      "outMappingColumn": "",\n      "level": 3,\n     "keepsDuplicate": true,\n      "conditions": {\n        "andType": [],\n        "orType": []\n      }\n    }\n  ]\n}', 'JOB_LEVEL', 'JOB_LEVEL_CODE', 'JOB', '3', 'SINGLE', 1, NULL, NULL, NULL, b'0', b'0', NULL, 'ACTIVE', '2016-04-27 01:57:16', '2021-02-10 18:48:10'),
	(174, 1, 1, 'Current_Job_Level_Description', 'Job Level Description', 'Current Job Level Description', '{\n  "steps": [\n    {\n      "table": "EMPLOYEE_MASTER",\n      "inMappingColumn": "",\n      "outMappingColumn": "EMPLOYEE_MASTER_ID",\n      "level": 1,\n      "conditions": {\n        "andType": [],\n        "orType": []\n      }\n    },\n    {\n      "table": "EMPLOYEE_DATA",\n      "inMappingColumn": "EMPLOYEE_MASTER_ID",\n      "outMappingColumn": "CURRENT_JOB_LEVEL_ID",\n      "level": 2,\n      "conditions": {\n        "andType": [],\n        "orType": []\n      }\n    },\n    {\n      "table": "JOB_LEVEL",\n      "inMappingColumn": "JOB_LEVEL_ID",\n      "outMappingColumn": "",\n      "level": 3,\n     "keepsDuplicate": true,\n      "conditions": {\n        "andType": [],\n        "orType": []\n      }\n    }\n  ]\n}', 'JOB_LEVEL', 'DESCRIPTION', 'JOB', '3', 'SINGLE', 1, NULL, NULL, NULL, b'0', b'0', NULL, 'ACTIVE', '2016-04-27 01:57:16', '2021-02-10 18:48:15'),
	(175, 1, 1, 'Current_Job_Family_Name', 'Job Family Name', 'Current Job Family Name', '{\n  "steps": [\n    {\n      "table": "EMPLOYEE_MASTER",\n      "inMappingColumn": "",\n      "outMappingColumn": "EMPLOYEE_MASTER_ID",\n      "level": 1,\n      "conditions": {\n        "andType": [],\n        "orType": []\n      }\n    },\n    {\n      "table": "EMPLOYEE_DATA",\n      "inMappingColumn": "EMPLOYEE_MASTER_ID",\n      "outMappingColumn": "CURRENT_JOB_FAMILY_ID",\n      "level": 2,\n      "conditions": {\n        "andType": [],\n        "orType": []\n      }\n    },\n    {\n      "table": "JOB_FAMILY",\n      "inMappingColumn": "JOB_FAMILY_ID",\n      "outMappingColumn": "",\n      "level": 3,\n     "keepsDuplicate": true,\n      "conditions": {\n        "andType": [],\n        "orType": []\n      }\n    }\n  ]\n}', 'JOB_FAMILY', 'JOB_FAMILY_NAME', 'JOB', '3', 'MULTI', 1, NULL, NULL, NULL, b'0', b'1', 'SUM', 'ACTIVE', '2016-04-27 01:57:16', '2021-02-10 18:46:50'),
	(176, 1, 1, 'Current_Job_Family_Code', 'Job Family Code', 'Current Job Family Code', '{\n  "steps": [\n    {\n      "table": "EMPLOYEE_MASTER",\n      "inMappingColumn": "",\n      "outMappingColumn": "EMPLOYEE_MASTER_ID",\n      "level": 1,\n      "conditions": {\n        "andType": [],\n        "orType": []\n      }\n    },\n    {\n      "table": "EMPLOYEE_DATA",\n      "inMappingColumn": "EMPLOYEE_MASTER_ID",\n      "outMappingColumn": "CURRENT_JOB_FAMILY_ID",\n      "level": 2,\n      "conditions": {\n        "andType": [],\n        "orType": []\n      }\n    },\n    {\n      "table": "JOB_FAMILY",\n      "inMappingColumn": "JOB_FAMILY_ID",\n      "outMappingColumn": "",\n      "level": 3,\n     "keepsDuplicate": true,\n      "conditions": {\n        "andType": [],\n        "orType": []\n      }\n    }\n  ]\n}', 'JOB_FAMILY', 'JOB_FAMILY_CODE', 'JOB', '3', 'SINGLE', 1, NULL, NULL, NULL, b'0', b'0', NULL, 'ACTIVE', '2016-04-27 01:57:16', '2021-02-10 18:46:54'),
	(177, 1, 1, 'Current_Job_Family_Description', 'Job Family Description', 'Current Job Family Description', '{\n  "steps": [\n    {\n      "table": "EMPLOYEE_MASTER",\n      "inMappingColumn": "",\n      "outMappingColumn": "EMPLOYEE_MASTER_ID",\n      "level": 1,\n      "conditions": {\n        "andType": [],\n        "orType": []\n      }\n    },\n    {\n      "table": "EMPLOYEE_DATA",\n      "inMappingColumn": "EMPLOYEE_MASTER_ID",\n      "outMappingColumn": "CURRENT_JOB_FAMILY_ID",\n      "level": 2,\n      "conditions": {\n        "andType": [],\n        "orType": []\n      }\n    },\n    {\n      "table": "JOB_FAMILY",\n      "inMappingColumn": "JOB_FAMILY_ID",\n      "outMappingColumn": "",\n      "level": 3,\n     "keepsDuplicate": true,\n      "conditions": {\n        "andType": [],\n        "orType": []\n      }\n    }\n  ]\n}', 'JOB_FAMILY', 'DESCRIPTION', 'JOB', '3', 'SINGLE', 1, NULL, NULL, NULL, b'0', b'0', NULL, 'ACTIVE', '2016-04-27 01:57:16', '2021-02-10 18:46:59'),
	(179, 1, 1, 'Performance_Rating', 'Performance rating of employee', 'Performance Rating', '{\n  "steps": [\n    {\n      "table": "EMPLOYEE_MASTER",\n      "inMappingColumn": "",\n      "outMappingColumn": "EMPLOYEE_MASTER_ID",\n      "level": 1,\n      "conditions": {\n        "andType": [],\n        "orType": []\n      }\n    },\n    {\n      "table": "EMPLOYEE_DATA",\n      "inMappingColumn": "EMPLOYEE_MASTER_ID",\n      "outMappingColumn": "CURRENT_PERF_RATING_ID",\n      "level": 2,\n      "conditions": {\n        "andType": [],\n        "orType": []\n      }\n    },\n    {\n      "table": "PERFORMANCE_RATING",\n      "inMappingColumn": "PERF_RATING_ID",\n      "outMappingColumn": "",\n      "level": 3,\n      "conditions": {\n        "andType": [],\n        "orType": []\n      }\n    }\n  ]\n}', 'PERFORMANCE_RATING', 'PERF_RATING_NAME', 'PERFORMANCE', 'Average', 'SINGLE', 1, NULL, NULL, NULL, b'0', b'0', 'SUM', 'ACTIVE', '2016-04-27 01:57:16', '2020-07-30 12:34:26'),
	(180, 1, 1, 'Performance_Rating_Code', 'Performance rating code of employee', 'Performance Rating Code', '{\n  "steps": [\n    {\n      "table": "EMPLOYEE_MASTER",\n      "inMappingColumn": "",\n      "outMappingColumn": "EMPLOYEE_MASTER_ID",\n      "level": 1,\n      "conditions": {\n        "andType": [],\n        "orType": []\n      }\n    },\n    {\n      "table": "EMPLOYEE_DATA",\n      "inMappingColumn": "EMPLOYEE_MASTER_ID",\n      "outMappingColumn": "CURRENT_PERF_RATING_ID",\n      "level": 2,\n      "conditions": {\n        "andType": [],\n        "orType": []\n      }\n    },\n    {\n      "table": "PERFORMANCE_RATING",\n      "inMappingColumn": "PERF_RATING_ID",\n      "outMappingColumn": "",\n      "level": 3,\n      "conditions": {\n        "andType": [],\n        "orType": []\n      }\n    }\n  ]\n}', 'PERFORMANCE_RATING', 'PERF_RATING_CODE', 'PERFORMANCE', '3', 'SINGLE', 2, NULL, NULL, NULL, b'0', b'0', NULL, 'ACTIVE', '2016-04-27 01:57:16', '2020-07-30 12:34:26'),
	(181, 1, 1, 'Employee_Group', 'Employee Group of employee', 'Employee Group', '{\n  "steps": [\n    {\n      "table": "EMPLOYEE_MASTER",\n      "inMappingColumn": "",\n      "outMappingColumn": "EMPLOYEE_MASTER_ID",\n      "level": 1,\n      "conditions": {\n        "andType": [],\n        "orType": []\n      }\n    },\n    {\n      "table": "EMPLOYEE_DATA",\n      "inMappingColumn": "EMPLOYEE_MASTER_ID",\n      "outMappingColumn": "CURRENT_GROUP_ID",\n      "level": 2,\n      "conditions": {\n        "andType": [],\n        "orType": []\n      }\n    },\n    {\n      "table": "EMPLOYEE_GROUP",\n      "inMappingColumn": "GROUP_ID",\n      "outMappingColumn": "",\n      "level": 3,\n      "conditions": {\n        "andType": [],\n        "orType": []\n      }\n    }\n  ]\n}', 'EMPLOYEE_GROUP', 'GROUP_NAME', 'ORG STRUCTURE', 'Group1', 'SINGLE', 1, NULL, NULL, NULL, b'0', b'0', NULL, 'ACTIVE', '2015-06-08 15:37:10', '2020-07-30 11:38:55'),
	(182, 1, 1, 'Employee_Currency', 'Country of employee', 'Employee Currency', '{\n  "steps": [\n    {\n      "table": "EMPLOYEE_MASTER",\n      "inMappingColumn": "",\n      "outMappingColumn": "EMPLOYEE_MASTER_ID",\n      "level": 1,\n      "conditions": {\n        "andType": [],\n        "orType": []\n      }\n    },\n    {\n      "table": "EMPLOYEE_DATA",\n      "inMappingColumn": "EMPLOYEE_MASTER_ID",\n      "outMappingColumn": "COUNTRY_CURRENCY_ID",\n      "level": 2,\n      "conditions": {\n        "andType": [],\n        "orType": []\n      }\n    },\n    {\n      "table": "COUNTRY_CURRENCY",\n      "inMappingColumn": "COUNTRY_CURRENCY_ID",\n      "outMappingColumn": "",\n      "level": 3,\n      "conditions": {\n        "andType": [],\n        "orType": []\n      }\n    }\n  ]\n}', 'COUNTRY_CURRENCY', 'code', 'EMPLOYEE_INFORMATION', 'United States', 'SINGLE', 1, NULL, NULL, NULL, b'0', b'0', NULL, 'ACTIVE', '2016-04-27 01:57:04', '2020-07-17 17:32:20'),
	(183, 1, 1, 'Merit_Guideline_Range', 'Basepay minimum guideline of employee', 'Merit Guideline Range', '{\n  "steps": [\n    {\n      "table": "BASEPAY_MASTER",\n      "inMappingColumn": "",\n      "outMappingColumn": "EMPLOYEE_MASTER_ID",\n      "level": 1,\n      "conditions": {\n        "andType": [\n{\n            "columnName": "COMPENSATION_INCREASE_TYPE_ID", \n             "columnValue": 1\n         }],\n        "orType": []\n      }\n    }\n  ]\n}', 'BASEPAY_MASTER', 'GUIDELINE_STR', 'MERIT', '3', 'SINGLE', 1, NULL, NULL, NULL, b'0', b'0', NULL, 'ACTIVE', '2016-04-27 01:57:16', '2020-07-30 11:19:12'),
	(184, 1, 1, 'Promotion_Guideline_Range', 'Basepay minimum guideline of employee', 'Promotion Guideline Range', '{\n  "steps": [\n    {\n      "table": "BASEPAY_MASTER",\n      "inMappingColumn": "",\n      "outMappingColumn": "EMPLOYEE_MASTER_ID",\n      "level": 1,\n      "conditions": {\n        "andType": [\n{\n            "columnName": "COMPENSATION_INCREASE_TYPE_ID", \n             "columnValue": 2\n         }],\n        "orType": []\n      }\n    }\n  ]\n}', 'BASEPAY_MASTER', 'GUIDELINE_STR', 'PROMOTION', '3', 'SINGLE', 1, NULL, NULL, NULL, b'0', b'0', NULL, 'ACTIVE', '2016-04-27 01:57:16', '2020-07-30 11:20:25'),
	(185, 1, 1, 'Promotion_Percent_Increase', 'Basepay Percent Increase of employee', 'Promotion Percent Increase', '{\n  "steps": [\n    {\n      "table": "BASEPAY_MASTER",\n      "inMappingColumn": "",\n      "outMappingColumn": "EMPLOYEE_MASTER_ID",\n      "level": 1,\n      "conditions": {\n        "andType": [\n{\n            "columnName": "COMPENSATION_INCREASE_TYPE_ID", \n             "columnValue": 2\n         }],\n        "orType": []\n      }\n    }\n  ]\n}', 'BASEPAY_MASTER', 'BASEPAY_PERCENT_INCREASE', 'PROMOTION', '3', 'SINGLE', 5, 23, NULL, NULL, b'0', b'0', 'SUM', 'ACTIVE', '2016-04-27 01:57:16', '2020-07-30 11:20:25'),
	(191, 1, 1, 'Male_Min_Value', 'Lowest value of male salary', 'Male Min Value', '{\n  "steps": [\n    {\n      "table": "EMPLOYEE_MASTER",\n      "inMappingColumn": "",\n      "outMappingColumn": "EMPLOYEE_MASTER_ID",\n      "level": 1,\n      "conditions": {\n        "andType": [],\n        "orType": []\n      }\n    },\n    {\n      "table": "EMPLOYEE_DATA",\n      "inMappingColumn": "EMPLOYEE_MASTER_ID",\n      "outMappingColumn": "CURRENT_INTERNAL_ANALYSIS_DATA_ID",\n      "level": 2,\n      "conditions": {\n        "andType": [],\n        "orType": []\n      }\n    },\n    {\n      "table": "INTERNAL_ANALYSIS_DATA",\n      "inMappingColumn": "INTERNAL_ANALYSIS_DATA_ID",\n      "outMappingColumn": "",\n      "level": 3,\n      "conditions": {\n        "andType": [],\n        "orType": []\n      }\n    }\n  ]\n}', 'INTERNAL_ANALYSIS_DATA', 'MALE_MIN_VALUE', 'INTERNAL DATA', '90000', 'SINGLE', 5, NULL, NULL, NULL, b'0', b'1', NULL, 'ACTIVE', '2015-06-08 15:37:10', '2020-07-30 12:31:20'),
	(192, 1, 1, 'Spot_Bonus_Budget_Total_Amount', 'Budget Total Amount of employee', 'Spot Bonus Budget Total ', '{\n  "steps": [\n    {\n      "table": "BONUS_BUDGET_MASTER",\n      "inMappingColumn": "",\n      "outMappingColumn": "EMPLOYEE_MASTER_ID",\n      "level": 1,\n      "conditions": {\n        "andType": [{\n           "columnName": "COMPENSATION_INCREASE_TYPE_ID", \n           "columnValue": 4\n          }\n        ],\n        "orType": []\n      }\n    }\n  ]\n}', 'BONUS_BUDGET_MASTER', 'DIRECT_REPORTS_BUDGET_TOTAL', 'OTHER BONUSES', '25000.0', 'SINGLE', 5, NULL, NULL, NULL, b'0', b'0', NULL, 'ACTIVE', '2016-04-27 01:57:16', '2020-12-05 15:51:13'),
	(193, 1, 1, 'Spot_Bonus_Budget_Allocated_Amount', 'Budget Total Amount of employee', 'Spot Bonus Budget Spent', '{\n  "steps": [\n    {\n      "table": "BONUS_BUDGET_MASTER",\n      "inMappingColumn": "",\n      "outMappingColumn": "EMPLOYEE_MASTER_ID",\n      "level": 1,\n      "conditions": {\n        "andType": [{\n           "columnName": "COMPENSATION_INCREASE_TYPE_ID", \n           "columnValue": 4\n           }\n        ],\n        "orType": []\n      }\n    }\n  ]\n}', 'BONUS_BUDGET_MASTER', 'DIRECT_REPORTS_BUDGET_ALLOCATED', 'OTHER BONUSES', '25000.0', 'SINGLE', 5, NULL, NULL, NULL, b'0', b'0', NULL, 'ACTIVE', '2016-04-27 01:57:16', '2020-12-05 15:40:08'),
	(194, 1, 1, 'Spot_Bonus_Budget_Remaining_Amount', 'Budget Total Amount of employee', 'Spot Bonus Budget Remaining ', '{\n  "steps": [\n    {\n      "table": "BONUS_BUDGET_MASTER",\n      "inMappingColumn": "",\n      "outMappingColumn": "EMPLOYEE_MASTER_ID",\n      "level": 1,\n      "conditions": {\n        "andType": [ {\n            "columnName": "COMPENSATION_INCREASE_TYPE_ID", \n             "columnValue": 4\n          }\n         ],\n        "orType": []\n      }\n    }\n  ]\n}', 'BONUS_BUDGET_MASTER', 'DIRECT_REPORTS_BUDGET_REMAINING', 'OTHER BONUSES', '25000.0', 'SINGLE', 5, NULL, NULL, NULL, b'0', b'0', NULL, 'ACTIVE', '2016-04-27 01:57:16', '2020-12-05 15:51:13'),
	(195, 1, 1, 'Current_Total_Compensation', 'Current Total Compensation', 'Current Total Compensation', '{\n  "steps": [\n    {\n      "table": "EMPLOYEE_MASTER",\n      "inMappingColumn": "",\n      "outMappingColumn": "EMPLOYEE_MASTER_ID",\n      "level": 1,\n      "conditions": {\n        "andType": [],\n        "orType": []\n      }\n    }\n  ]\n}', 'EMPLOYEE_MASTER', 'CURRENT_TOTAL_COMPENSATION', 'DEMOGRAPHICS', '100', 'SINGLE', 5, 42, NULL, NULL, b'0', b'0', 'SUM', 'ACTIVE', '2016-04-27 01:56:40', '2020-07-30 11:24:46'),
	(196, 1, 1, 'New_Total_Compensation', 'New Total Compensation', 'New Total Compensation', '{\n  "steps": [\n    {\n      "table": "EMPLOYEE_MASTER",\n      "inMappingColumn": "",\n      "outMappingColumn": "EMPLOYEE_MASTER_ID",\n      "level": 1,\n      "conditions": {\n        "andType": [],\n        "orType": []\n      }\n    }\n  ]\n}', 'EMPLOYEE_MASTER', 'NEW_TOTAL_COMPENSATION', 'DEMOGRAPHICS', '100', 'SINGLE', 5, 19, NULL, NULL, b'0', b'0', 'SUM', 'ACTIVE', '2016-04-27 01:56:40', '2020-07-30 11:24:46'),
	(197, 1, 1, 'Total_Compensation_Increase', 'Total Compensation Increase', 'Total Compensation Increase', '{\n  "steps": [\n    {\n      "table": "EMPLOYEE_MASTER",\n      "inMappingColumn": "",\n      "outMappingColumn": "EMPLOYEE_MASTER_ID",\n      "level": 1,\n      "conditions": {\n        "andType": [],\n        "orType": []\n      }\n    }\n  ]\n}', 'EMPLOYEE_MASTER', 'TOTAL_COMPENSATION_INCREASE', 'DEMOGRAPHICS', '100', 'SINGLE', 5, 18, NULL, NULL, b'0', b'0', 'SUM', 'ACTIVE', '2016-04-27 01:56:40', '2020-07-30 11:24:46'),
	(199, 1, 1, 'Country', 'country of employee', 'Country', '{\n  "steps": [\n    {\n      "table": "EMPLOYEE_MASTER",\n      "inMappingColumn": "",\n      "outMappingColumn": "EMPLOYEE_MASTER_ID",\n      "level": 1,\n      "conditions": {\n        "andType": [],\n        "orType": []\n      }\n    },\n    {\n      "table": "EMPLOYEE_DATA",\n      "inMappingColumn": "EMPLOYEE_MASTER_ID",\n      "outMappingColumn": "COUNTRY_CURRENCY_ID",\n      "level": 2,\n      "conditions": {\n        "andType": [],\n        "orType": []\n      }\n    },\n    {\n      "table": "COUNTRY_CURRENCY",\n      "inMappingColumn": "COUNTRY_CURRENCY_ID",\n      "outMappingColumn": "",\n      "level": 3,\n      "conditions": {\n        "andType": [],\n        "orType": []\n      }\n    }\n  ]\n}\n\n', 'COUNTRY_CURRENCY', 'COUNTRY_NAME', 'DEMOGRAPHICS', 'USA', 'SINGLE', 1, NULL, NULL, NULL, b'0', b'0', NULL, 'ACTIVE', '2016-08-25 11:48:30', '2021-02-10 13:43:39'),
	(203, 1, 1, 'My_Merit_Budget_Total', 'Basepay budget total amount of manager', 'My Merit Budget Total', '{\n"managerSpecific": true,\n "associatedMetaData": [38],\n  "steps": [\n    {\n      "table": "BASEPAY_BUDGET_MASTER",\n      "inMappingColumn": "",\n      "outMappingColumn": "EMPLOYEE_MASTER_ID",\n      "level": 1,\n      "conditions": {\n        "andType": [\n            {\n             "columnName": "COMPENSATION_INCREASE_TYPE_ID", \n             "columnValue": 1\n            }\n        ],\n        "orType": []\n      }\n    }\n  ]\n}', 'BASEPAY_BUDGET_MASTER', 'DIRECT_REPORTS_BUDGET_TOTAL', 'MERIT', '5000.00', 'SINGLE', 5, NULL, NULL, NULL, b'1', b'0', 'SUM', 'ACTIVE', '2016-04-27 01:57:16', '2020-10-19 11:49:55'),
	(204, 1, 1, 'My_Annual_Bonus_Budget_Total', 'Bonus budget total amount of manager', 'My Annual Bonus Budget Total', '{\n"managerSpecific": true,\n "associatedMetaData": [50],\n  "steps": [\n    {\n      "table": "BONUS_BUDGET_MASTER",\n      "inMappingColumn": "",\n      "outMappingColumn": "EMPLOYEE_MASTER_ID",\n      "level": 1,\n      "conditions": {\n        "andType": [\n{\n           "columnName": "COMPENSATION_INCREASE_TYPE_ID", \n           "columnValue": 3\n         }],\n        "orType": []\n      }\n    }\n  ]\n}', 'BONUS_BUDGET_MASTER', 'DIRECT_REPORTS_BUDGET_TOTAL', 'ANNUAL BONUS', '5000.00', 'SINGLE', 5, NULL, NULL, NULL, b'1', b'0', 'SUM', 'ACTIVE', '2016-04-27 01:57:16', '2020-10-19 11:49:55'),
	(205, 1, 1, 'My_RSU_Budget_Total', 'Stock budget total amount of manager', 'My RSU Budget Total', '{\n"managerSpecific": true,\n "associatedMetaData": [55],\n  "steps": [\n    {\n      "table": "STOCK_BUDGET_MASTER",\n      "inMappingColumn": "",\n      "outMappingColumn": "EMPLOYEE_MASTER_ID",\n      "level": 1,\n      "conditions": {\n        "andType": [\n {\n            "columnName": "COMPENSATION_INCREASE_TYPE_ID", \n            "columnValue": 6\n        }],\n        "orType": []\n      }\n    }\n  ]\n}', 'STOCK_BUDGET_MASTER', 'DIRECT_REPORTS_BUDGET_TOTAL', 'STOCK', '5000.00', 'SINGLE', 5, NULL, NULL, NULL, b'1', b'0', 'SUM', 'ACTIVE', '2016-04-27 01:57:16', '2020-10-19 11:49:55'),
	(206, 1, 1, 'My_Merit_Budget_Allocated', 'Basepay budget allocated amount of manager', 'My Merit Budget Spent', '{\n"managerSpecific": true,\n "associatedMetaData": [39],\n  "steps": [\n    {\n      "table": "BASEPAY_BUDGET_MASTER",\n      "inMappingColumn": "",\n      "outMappingColumn": "EMPLOYEE_MASTER_ID",\n      "level": 1,\n      "conditions": {\n        "andType": [\n            {\n             "columnName": "COMPENSATION_INCREASE_TYPE_ID", \n             "columnValue": 1\n            }\n         ],\n        "orType": []\n      }\n    }\n  ]\n}', 'BASEPAY_BUDGET_MASTER', 'DIRECT_REPORTS_BUDGET_ALLOCATED', 'MERIT', '3000.00', 'SINGLE', 5, 26, NULL, NULL, b'1', b'0', 'SUM', 'ACTIVE', '2016-04-27 01:57:16', '2020-12-05 15:41:43'),
	(207, 1, 1, 'My_Annual_Bonus_Budget_Allocated', 'Bonus budget allocated amount of manager', 'My Annual Bonus Budget Spent', '{\n"managerSpecific": true,\n "associatedMetaData": [51],\n  "steps": [\n    {\n      "table": "BONUS_BUDGET_MASTER",\n      "inMappingColumn": "",\n      "outMappingColumn": "EMPLOYEE_MASTER_ID",\n      "level": 1,\n      "conditions": {\n        "andType": [\n{\n           "columnName": "COMPENSATION_INCREASE_TYPE_ID", \n           "columnValue": 3\n         }],\n        "orType": []\n      }\n    }\n  ]\n}', 'BONUS_BUDGET_MASTER', 'DIRECT_REPORTS_BUDGET_ALLOCATED', 'ANNUAL BONUS', '3000.00', 'SINGLE', 5, 36, NULL, NULL, b'1', b'0', 'SUM', 'ACTIVE', '2016-04-27 01:57:16', '2020-12-05 15:41:43'),
	(208, 1, 1, 'My_RSU_Budget_Allocated', 'Stock budget allocated amount of manager', 'My RSU Budget Spent', '{\n"managerSpecific": true,\n "associatedMetaData": [56],\n  "steps": [\n    {\n      "table": "STOCK_BUDGET_MASTER",\n      "inMappingColumn": "",\n      "outMappingColumn": "EMPLOYEE_MASTER_ID",\n      "level": 1,\n      "conditions": {\n        "andType": [\n {\n            "columnName": "COMPENSATION_INCREASE_TYPE_ID", \n            "columnValue": 6\n        }],\n        "orType": []\n      }\n    }\n  ]\n}', 'STOCK_BUDGET_MASTER', 'DIRECT_REPORTS_BUDGET_ALLOCATED', 'STOCK', '3000.00', 'SINGLE', 5, 40, NULL, NULL, b'1', b'0', 'SUM', 'ACTIVE', '2016-04-27 01:57:16', '2020-12-05 15:41:43'),
	(209, 1, 1, 'My_Merit_Budget_Remaining', 'Basepay budget remaining amount of manager', 'My Merit Budget Remaining', '{\n"managerSpecific": true,\n "associatedMetaData": [40],\n  "steps": [\n    {\n      "table": "BASEPAY_BUDGET_MASTER",\n      "inMappingColumn": "",\n      "outMappingColumn": "EMPLOYEE_MASTER_ID",\n      "level": 1,\n      "conditions": {\n        "andType": [\n           {\n             "columnName": "COMPENSATION_INCREASE_TYPE_ID", \n             "columnValue": 1\n            }\n        ],\n        "orType": []\n      }\n    }\n  ]\n}', 'BASEPAY_BUDGET_MASTER', 'DIRECT_REPORTS_BUDGET_REMAINING', 'MERIT', '2000.00', 'SINGLE', 5, 25, NULL, NULL, b'1', b'0', 'SUM', 'ACTIVE', '2016-04-27 01:57:16', '2020-10-19 11:49:55'),
	(210, 1, 1, 'My_Annual_Bonus_Budget_Remaining', 'Bonus budget remaining amount of manager', 'My Annual Bonus Budget Remaining', '{\n"managerSpecific": true,\n "associatedMetaData": [52],\n  "steps": [\n    {\n      "table": "BONUS_BUDGET_MASTER",\n      "inMappingColumn": "",\n      "outMappingColumn": "EMPLOYEE_MASTER_ID",\n      "level": 1,\n      "conditions": {\n        "andType": [\n{\n           "columnName": "COMPENSATION_INCREASE_TYPE_ID", \n           "columnValue": 3\n         }],\n        "orType": []\n      }\n    }\n  ]\n}', 'BONUS_BUDGET_MASTER', 'DIRECT_REPORTS_BUDGET_REMAINING', 'ANNUAL BONUS', '2000.00', 'SINGLE', 5, 35, NULL, NULL, b'1', b'0', 'SUM', 'ACTIVE', '2016-04-27 01:57:16', '2020-10-19 11:49:55'),
	(211, 1, 1, 'My_RSU_Budget_Remaining', 'Stock budget remaining amount of manager', 'My RSU Budget Remaining', '{\n"managerSpecific": true,\n "associatedMetaData": [57],\n  "steps": [\n    {\n      "table": "STOCK_BUDGET_MASTER",\n      "inMappingColumn": "",\n      "outMappingColumn": "EMPLOYEE_MASTER_ID",\n      "level": 1,\n      "conditions": {\n        "andType": [\n {\n            "columnName": "COMPENSATION_INCREASE_TYPE_ID", \n            "columnValue": 6\n        }],\n        "orType": []\n      }\n    }\n  ]\n}', 'STOCK_BUDGET_MASTER', 'DIRECT_REPORTS_BUDGET_REMAINING', 'STOCK', '2000.00', 'SINGLE', 5, 39, NULL, NULL, b'1', b'0', 'SUM', 'ACTIVE', '2016-04-27 01:57:16', '2020-10-19 11:49:55'),
	(212, 1, 1, 'Performance_Rating_Multiplier', 'Performace Rating Multiplier', 'Performance Rating Multiplier', '{\n  "steps": [\n    {\n      "table": "EMPLOYEE_MASTER",\n      "inMappingColumn": "",\n      "outMappingColumn": "EMPLOYEE_MASTER_ID",\n      "level": 1,\n      "conditions": {\n        "andType": [],\n        "orType": []\n      }\n    },\n    {\n      "table": "EMPLOYEE_DATA",\n      "inMappingColumn": "EMPLOYEE_MASTER_ID",\n      "outMappingColumn": "CURRENT_PERF_RATING_ID",\n      "level": 2,\n      "conditions": {\n        "andType": [],\n        "orType": []\n      }\n    },\n    {\n      "table": "PERFORMANCE_RATING",\n      "inMappingColumn": "PERF_RATING_ID",\n      "outMappingColumn": "",\n      "level": 3,\n      "conditions": {\n        "andType": [],\n        "orType": []\n      }\n    }\n  ]\n}', 'PERFORMANCE_RATING', 'PERF_MULTIFLIER', 'PERFORMANCE', '1.0', 'SINGLE', 5, NULL, NULL, NULL, b'0', b'0', NULL, 'ACTIVE', '2016-04-27 01:57:16', '2020-07-30 12:34:26'),
	(213, 1, 1, 'My_Promotion_Budget_Total', 'Budget Total Amount of manager', 'My Promotion Budget Total', '{\n"managerSpecific": true,\n "associatedMetaData": [45],\n  "steps": [\n    {\n      "table": "BASEPAY_BUDGET_MASTER",\n      "inMappingColumn": "",\n      "outMappingColumn": "EMPLOYEE_MASTER_ID",\n      "level": 1,\n      "conditions": {\n        "andType": [{\n            "columnName": "COMPENSATION_INCREASE_TYPE_ID", \n             "columnValue": 2\n         }\n       ],\n        "orType": []\n      }\n    }\n  ]\n}', 'BASEPAY_BUDGET_MASTER', 'DIRECT_REPORTS_BUDGET_TOTAL', 'PROMOTION', '25000.0', 'SINGLE', 5, NULL, NULL, NULL, b'0', b'0', NULL, 'ACTIVE', '2016-04-27 01:57:16', '2020-10-19 11:49:55'),
	(214, 1, 1, 'My_Promotion_Budget_Allocated', 'Budget Allocated Amount of manager', 'My Promotion Budget Spent', '{\n"managerSpecific": true,\n "associatedMetaData": [46],\n  "steps": [\n    {\n      "table": "BASEPAY_BUDGET_MASTER",\n      "inMappingColumn": "",\n      "outMappingColumn": "EMPLOYEE_MASTER_ID",\n      "level": 1,\n      "conditions": {\n        "andType": [{\n           "columnName": "COMPENSATION_INCREASE_TYPE_ID", \n            "columnValue": 2\n         }\n        ],\n        "orType": []\n      }\n    }\n  ]\n}', 'BASEPAY_BUDGET_MASTER', 'DIRECT_REPORTS_BUDGET_ALLOCATED', 'PROMOTION', '15000.0', 'SINGLE', 5, 30, NULL, NULL, b'0', b'0', 'SUM', 'ACTIVE', '2016-04-27 01:57:16', '2020-12-05 15:41:43'),
	(215, 1, 1, 'My_Promotion_Budget_Remaining', 'Budget Remaining Amount of manager', 'My Promotion Budget Remaining', '{\n"managerSpecific": true,\n "associatedMetaData": [47],\n  "steps": [\n    {\n      "table": "BASEPAY_BUDGET_MASTER",\n      "inMappingColumn": "",\n      "outMappingColumn": "EMPLOYEE_MASTER_ID",\n      "level": 1,\n      "conditions": {\n        "andType": [{\n           "columnName": "COMPENSATION_INCREASE_TYPE_ID", \n            "columnValue": 2\n           }\n         ],\n        "orType": []\n      }\n    }\n  ]\n}', 'BASEPAY_BUDGET_MASTER', 'DIRECT_REPORTS_BUDGET_REMAINING', 'PROMOTION', '10000.0', 'SINGLE', 5, 29, NULL, NULL, b'0', b'0', 'SUM', 'ACTIVE', '2016-04-27 01:57:16', '2020-10-19 11:49:55'),
	(219, 1, 1, 'My_Spot_Bonus_Budget_Total', 'Budget Total Amount of manager', 'My Spot Bonus Budget Total', '{\n"managerSpecific": true,\n "associatedMetaData": [192],\n  "steps": [\n    {\n      "table": "BONUS_BUDGET_MASTER",\n      "inMappingColumn": "",\n      "outMappingColumn": "EMPLOYEE_MASTER_ID",\n      "level": 1,\n      "conditions": {\n        "andType": [{\n           "columnName": "COMPENSATION_INCREASE_TYPE_ID", \n           "columnValue": 4\n          }\n        ],\n        "orType": []\n      }\n    }\n  ]\n}', 'BONUS_BUDGET_MASTER', 'DIRECT_REPORTS_BUDGET_TOTAL', 'OTHER BONUSES', '25000.0', 'SINGLE', 5, NULL, NULL, NULL, b'0', b'0', NULL, 'ACTIVE', '2016-04-27 01:57:16', '2020-10-19 11:49:55'),
	(220, 1, 1, 'My_Spot_Bonus_Budget_Allocated', 'Budget Total Amount of manager', 'My Spot Bonus Budget Spent', '{\n"managerSpecific": true,\n "associatedMetaData": [193],\n  "steps": [\n    {\n      "table": "BONUS_BUDGET_MASTER",\n      "inMappingColumn": "",\n      "outMappingColumn": "EMPLOYEE_MASTER_ID",\n      "level": 1,\n      "conditions": {\n        "andType": [{\n           "columnName": "COMPENSATION_INCREASE_TYPE_ID", \n           "columnValue": 4\n           }\n        ],\n        "orType": []\n      }\n    }\n  ]\n}', 'BONUS_BUDGET_MASTER', 'DIRECT_REPORTS_BUDGET_ALLOCATED', 'OTHER BONUSES', '25000.0', 'SINGLE', 5, 32, NULL, NULL, b'0', b'0', 'SUM', 'ACTIVE', '2016-04-27 01:57:16', '2020-12-05 15:41:43'),
	(221, 1, 1, 'My_Spot_Bonus_Budget_Remaining', 'Budget Total Amount of manager', 'My Spot Bonus Budget Remaining', '{\n"managerSpecific": true,\n "associatedMetaData": [194],\n  "steps": [\n    {\n      "table": "BONUS_BUDGET_MASTER",\n      "inMappingColumn": "",\n      "outMappingColumn": "EMPLOYEE_MASTER_ID",\n      "level": 1,\n      "conditions": {\n        "andType": [ {\n            "columnName": "COMPENSATION_INCREASE_TYPE_ID", \n             "columnValue": 4\n          }\n         ],\n        "orType": []\n      }\n    }\n  ]\n}', 'BONUS_BUDGET_MASTER', 'DIRECT_REPORTS_BUDGET_REMAINING', 'OTHER BONUSES', '25000.0', 'SINGLE', 5, 33, NULL, NULL, b'0', b'0', 'SUM', 'ACTIVE', '2016-04-27 01:57:16', '2020-10-19 11:49:55'),
	(222, 1, 1, 'Merit_Min_Guideline', 'Basepay minimum guideline of employee', 'Merit Min Guideline', '{\n  "steps": [\n    {\n      "table": "BASEPAY_MASTER",\n      "inMappingColumn": "",\n      "outMappingColumn": "EMPLOYEE_MASTER_ID",\n      "level": 1,\n      "conditions": {\n        "andType": [\n{\n            "columnName": "COMPENSATION_INCREASE_TYPE_ID", \n             "columnValue": 1\n         }],\n        "orType": []\n      }\n    }\n  ]\n}', 'BASEPAY_MASTER', 'GUIDELINE_MIN', 'MERIT', '3', 'SINGLE', 1, NULL, NULL, NULL, b'0', b'0', NULL, 'ACTIVE', '2016-04-27 01:57:16', '2020-07-30 11:19:12'),
	(223, 1, 1, 'Merit_Max_Guideline', 'Basepay maximum guideline of employee', 'Merit Max Guideline', '{\n  "steps": [\n    {\n      "table": "BASEPAY_MASTER",\n      "inMappingColumn": "",\n      "outMappingColumn": "EMPLOYEE_MASTER_ID",\n      "level": 1,\n      "conditions": {\n        "andType": [{\n            "columnName": "COMPENSATION_INCREASE_TYPE_ID", \n             "columnValue": 1\n         }],\n        "orType": []\n      }\n    }\n  ]\n}', 'BASEPAY_MASTER', 'GUIDELINE_MAX', 'MERIT', '3', 'SINGLE', 1, NULL, NULL, NULL, b'0', b'0', NULL, 'ACTIVE', '2016-04-27 01:57:16', '2020-07-30 11:19:12'),
	(224, 1, 1, 'Current_Hourly_Wage', 'Current Hourly wage', 'Current Hourly Wage', '{\n  "steps": [\n    {\n      "table": "EMPLOYEE_MASTER",\n      "inMappingColumn": "",\n      "outMappingColumn": "EMPLOYEE_MASTER_ID",\n      "level": 1,\n      "conditions": {\n        "andType": [],\n        "orType": []\n      }\n    }\n  ]\n}', 'EMPLOYEE_MASTER', 'HOURLY_WAGE', 'DEMOGRAPHICS', '100', 'SINGLE', 5, NULL, NULL, NULL, b'0', b'0', 'SUM', 'ACTIVE', '2016-04-27 01:56:40', '2020-07-30 11:24:46'),
	(225, 1, 1, 'Basepay_Proration_Factor', 'Proration factor', 'Basepay Proration Factor', '{\n  "steps": [\n    {\n      "table": "BASEPAY_MASTER",\n      "inMappingColumn": "",\n      "outMappingColumn": "EMPLOYEE_MASTER_ID",\n      "level": 1,\n      "conditions": {\n        "andType": [\n{\n            "columnName": "COMPENSATION_INCREASE_TYPE_ID", \n             "columnValue": 1\n         }],\n        "orType": []\n      }\n    }\n  ]\n}', 'BASEPAY_MASTER', 'BASEPAY_PRORATION_FACTOR', 'BASEPAY', '3', 'SINGLE', 5, NULL, NULL, NULL, b'0', b'0', 'SUM', 'ACTIVE', '2016-04-27 01:57:16', '2020-08-22 22:17:48'),
	(226, 1, 1, 'Spot_Bonus_Percent_Increase', 'Spot Bonus Percent Increase', 'Spot Bonus Percent Increase', '{\n  "steps": [\n    {\n      "table": "BONUS_MASTER",\n      "inMappingColumn": "",\n      "outMappingColumn": "EMPLOYEE_MASTER_ID",\n      "level": 1,\n      "conditions": {\n        "andType": [{\n            "columnName": "COMPENSATION_INCREASE_TYPE_ID", \n             "columnValue": 4\n         }],\n        "orType": []\n      }\n    }\n  ]\n}', 'BONUS_MASTER', 'BONUS_PERCENT_INCREASE', 'OTHER BONUSES', '3', 'SINGLE', 11, 43, NULL, NULL, b'0', b'0', 'SUM', 'ACTIVE', '2016-04-27 01:57:16', '2020-07-30 11:31:49'),
	(227, 1, 1, 'Spot_Bonus_Amount_Increase', 'Team Payout', 'Spot Bonus Amount Increase', '{\n  "steps": [\n    {\n      "table": "BONUS_MASTER",\n      "inMappingColumn": "",\n      "outMappingColumn": "EMPLOYEE_MASTER_ID",\n      "level": 1,\n      "conditions": {\n        "andType": [{\n            "columnName": "COMPENSATION_INCREASE_TYPE_ID", \n             "columnValue": 4\n         }],\n        "orType": []\n      }\n    }\n  ]\n}', 'BONUS_MASTER', 'BONUS_AMOUNT_INCREASE', 'OTHER BONUSES', '25000.0', 'SINGLE', 5, NULL, NULL, NULL, b'0', b'0', 'SUM', 'ACTIVE', '2016-04-27 01:57:16', '2020-07-30 11:31:49'),
	(228, 1, 1, 'RSU_Stock_Price', 'price', 'RSU Stock Price', '{\n  "steps": [\n    {\n      "table": "STOCK_MASTER",\n      "inMappingColumn": "",\n      "outMappingColumn": "EMPLOYEE_MASTER_ID",\n      "level": 1,\n      "conditions": {\n        "andType": [{\n            "columnName": "COMPENSATION_INCREASE_TYPE_ID", \n             "columnValue": 6\n         }],\n        "orType": []\n      }\n    }\n  ]\n}', 'STOCK_MASTER', 'STRICK_PRICE', 'STOCK', '3', 'SINGLE', 5, NULL, NULL, NULL, b'0', b'0', NULL, 'ACTIVE', '2016-04-27 01:57:16', '2020-07-30 12:36:55'),
	(229, 1, 1, 'Current_RSU_Units', 'units', 'Current RSU Units', '{\n  "steps": [\n    {\n      "table": "STOCK_MASTER",\n      "inMappingColumn": "",\n      "outMappingColumn": "EMPLOYEE_MASTER_ID",\n      "level": 1,\n      "conditions": {\n        "andType": [{\n            "columnName": "COMPENSATION_INCREASE_TYPE_ID", \n             "columnValue": 6\n         }],\n        "orType": []\n      }\n    }\n  ]\n}', 'STOCK_MASTER', 'CURRENT_ANNUAL_UNIT', 'STOCK', '3', 'SINGLE', 13, NULL, NULL, NULL, b'0', b'0', 'SUM', 'ACTIVE', '2016-04-27 01:57:16', '2020-07-30 12:36:55'),
	(230, 1, 1, 'Current_RSU_Amount', 'Total Price', 'Current RSU Amount', '{\n  "steps": [\n    {\n      "table": "STOCK_MASTER",\n      "inMappingColumn": "",\n      "outMappingColumn": "EMPLOYEE_MASTER_ID",\n      "level": 1,\n      "conditions": {\n        "andType": [{\n            "columnName": "COMPENSATION_INCREASE_TYPE_ID", \n             "columnValue": 6\n         }],\n        "orType": []\n      }\n    }\n  ]\n}', 'STOCK_MASTER', 'CURRENT_ANNUAL_PRICE', 'STOCK', '3', 'SINGLE', 5, 37, NULL, NULL, b'0', b'0', 'SUM', 'ACTIVE', '2016-04-27 01:57:16', '2020-07-30 12:36:55'),
	(231, 1, 1, 'RSU_Grant_Date', 'ALLOCATION DATE', 'RSU Grant Date', '{\n  "steps": [\n    {\n      "table": "STOCK_MASTER",\n      "inMappingColumn": "",\n      "outMappingColumn": "EMPLOYEE_MASTER_ID",\n      "level": 1,\n      "conditions": {\n        "andType": [{\n            "columnName": "COMPENSATION_INCREASE_TYPE_ID", \n             "columnValue": 6\n         }],\n        "orType": []\n      }\n    }\n  ]\n}', 'STOCK_MASTER', 'ALLOCATION_DATE', 'STOCK', '3', 'SINGLE', 7, NULL, NULL, NULL, b'0', b'0', NULL, 'ACTIVE', '2016-04-27 01:57:16', '2020-07-30 12:36:55'),
	(232, 1, 1, 'Option_Cliff_in_Months', 'cliff', 'Option Cliff in Months', '{\n  "steps": [\n    {\n      "table": "STOCK_MASTER",\n      "inMappingColumn": "",\n      "outMappingColumn": "EMPLOYEE_MASTER_ID",\n      "level": 1,\n      "conditions": {\n        "andType": [{\n            "columnName": "COMPENSATION_INCREASE_TYPE_ID", \n             "columnValue": 5\n         }],\n        "orType": []\n      }\n    }\n  ]\n}', 'STOCK_MASTER', 'LOCKED_IN_MONTH', 'STOCK', '3', 'SINGLE', 14, NULL, NULL, NULL, b'0', b'0', 'SUM', 'ACTIVE', '2016-04-27 01:57:16', '2020-07-30 12:36:55'),
	(233, 1, 1, 'RSU_Vesting_in_Months', 'vesting', 'RSU Vesting in Months', '{\n  "steps": [\n    {\n      "table": "STOCK_MASTER",\n      "inMappingColumn": "",\n      "outMappingColumn": "EMPLOYEE_MASTER_ID",\n      "level": 1,\n      "conditions": {\n        "andType": [{\n            "columnName": "COMPENSATION_INCREASE_TYPE_ID", \n             "columnValue": 6\n         }],\n        "orType": []\n      }\n    }\n  ]\n}', 'STOCK_MASTER', 'VESTING_IN_MONTH', 'STOCK', '3', 'SINGLE', 14, NULL, NULL, NULL, b'0', b'0', 'SUM', 'ACTIVE', '2016-04-27 01:57:16', '2020-07-30 12:36:55'),
	(238, 1, 1, 'RSU_Effective_Date', 'units', 'RSU Effective Date', '{\n  "steps": [\n    {\n      "table": "STOCK_MASTER",\n      "inMappingColumn": "",\n      "outMappingColumn": "EMPLOYEE_MASTER_ID",\n      "level": 1,\n      "conditions": {\n        "andType": [{\n            "columnName": "COMPENSATION_INCREASE_TYPE_ID", \n             "columnValue": 6\n         }],\n        "orType": []\n      }\n    }\n  ]\n}', 'STOCK_MASTER', 'EFFECTIVE_DATE', 'STOCK', '3', 'SINGLE', 7, NULL, NULL, NULL, b'0', b'0', 'SUM', 'ACTIVE', '2016-04-27 01:57:16', '2020-07-30 12:36:55'),
	(240, 1, 1, 'Adjustment_Percent_Increase', 'Basepay Percent Increase of employee', 'Adjustment Percent Increase', '{\n  "steps": [\n    {\n      "table": "BASEPAY_MASTER",\n      "inMappingColumn": "",\n      "outMappingColumn": "EMPLOYEE_MASTER_ID",\n      "level": 1,\n      "conditions": {\n        "andType": [\n{\n            "columnName": "COMPENSATION_INCREASE_TYPE_ID", \n             "columnValue": 7\n         }],\n        "orType": []\n      }\n    }\n  ]\n}', 'BASEPAY_MASTER', 'BASEPAY_PERCENT_INCREASE', 'ADJUSTMENT', '3', 'SINGLE', 11, 41, NULL, NULL, b'0', b'0', 'SUM', 'ACTIVE', '2016-04-27 01:57:16', '2020-07-30 11:21:17'),
	(242, 1, 1, 'My_Adjustment_Budget_Total', 'Basepay budget total amount of manager', 'My Adjustment Budget Total', '{\n"managerSpecific": true,\n "associatedMetaData": [38],\n  "steps": [\n    {\n      "table": "BASEPAY_BUDGET_MASTER",\n      "inMappingColumn": "",\n      "outMappingColumn": "EMPLOYEE_MASTER_ID",\n      "level": 1,\n      "conditions": {\n        "andType": [\n            {\n             "columnName": "COMPENSATION_INCREASE_TYPE_ID", \n             "columnValue": 7\n            }\n        ],\n        "orType": []\n      }\n    }\n  ]\n}', 'BASEPAY_BUDGET_MASTER', 'DIRECT_REPORTS_BUDGET_TOTAL', 'ADJUSTMENT', '5000.00', 'SINGLE', 5, NULL, NULL, NULL, b'1', b'0', 'SUM', 'ACTIVE', '2016-04-27 01:57:16', '2020-10-19 11:49:55'),
	(243, 1, 1, 'My_Adjustment_Budget_Remaining', 'Basepay budget remaining amount of manager', 'My Adjustment Budget Remaining', '{\n"managerSpecific": true,\n "associatedMetaData": [40],\n  "steps": [\n    {\n      "table": "BASEPAY_BUDGET_MASTER",\n      "inMappingColumn": "",\n      "outMappingColumn": "EMPLOYEE_MASTER_ID",\n      "level": 1,\n      "conditions": {\n        "andType": [\n           {\n             "columnName": "COMPENSATION_INCREASE_TYPE_ID", \n             "columnValue": 7\n            }\n        ],\n        "orType": []\n      }\n    }\n  ]\n}', 'BASEPAY_BUDGET_MASTER', 'DIRECT_REPORTS_BUDGET_REMAINING', 'ADJUSTMENT', '2000.00', 'SINGLE', 5, 45, NULL, NULL, b'1', b'0', 'SUM', 'ACTIVE', '2016-04-27 01:57:16', '2020-10-19 11:49:55'),
	(244, 1, 1, 'My_Adjustment_Budget_Allocated', 'Basepay budget allocated amount of manager', 'My Adjustment Budget Spent', '{\n"managerSpecific": true,\n "associatedMetaData": [39],\n  "steps": [\n    {\n      "table": "BASEPAY_BUDGET_MASTER",\n      "inMappingColumn": "",\n      "outMappingColumn": "EMPLOYEE_MASTER_ID",\n      "level": 1,\n      "conditions": {\n        "andType": [\n            {\n             "columnName": "COMPENSATION_INCREASE_TYPE_ID", \n             "columnValue": 7\n            }\n         ],\n        "orType": []\n      }\n    }\n  ]\n}', 'BASEPAY_BUDGET_MASTER', 'DIRECT_REPORTS_BUDGET_ALLOCATED', 'ADJUSTMENT', '3000.00', 'SINGLE', 5, 46, NULL, NULL, b'1', b'0', 'SUM', 'ACTIVE', '2016-04-27 01:57:16', '2020-12-05 15:41:43'),
	(245, 1, 1, 'Adjustment_Amount_Increase', 'Basepay Percent Increase of employee', 'Adjustment Amount Increase', '{\n  "steps": [\n    {\n      "table": "BASEPAY_MASTER",\n      "inMappingColumn": "",\n      "outMappingColumn": "EMPLOYEE_MASTER_ID",\n      "level": 1,\n      "conditions": {\n        "andType": [\n{\n            "columnName": "COMPENSATION_INCREASE_TYPE_ID", \n             "columnValue": 7\n         }],\n        "orType": []\n      }\n    }\n  ]\n}', 'BASEPAY_MASTER', 'BASEPAY_AMOUNT_INCREASE', 'ADJUSTMENT', '3', 'SINGLE', 5, 50, NULL, NULL, b'0', b'0', 'SUM', 'ACTIVE', '2016-04-27 01:57:16', '2020-07-30 11:21:17'),
	(246, 1, 1, 'Adjustment_Budget_Total_Amount', 'Budget Total Amount of employee', 'Adjustment Budget Total ', '{\n  "steps": [\n    {\n      "table": "BASEPAY_BUDGET_MASTER",\n      "inMappingColumn": "",\n      "outMappingColumn": "EMPLOYEE_MASTER_ID",\n      "level": 1,\n      "conditions": {\n        "andType": [ {\n             "columnName": "COMPENSATION_INCREASE_TYPE_ID", \n             "columnValue": 7\n            }\n         ],\n        "orType": []\n      }\n    }\n  ]\n}', 'BASEPAY_BUDGET_MASTER', 'DIRECT_REPORTS_BUDGET_TOTAL', 'ADJUSTMENT', '25000.0', 'SINGLE', 5, NULL, NULL, NULL, b'0', b'0', NULL, 'ACTIVE', '2016-04-27 01:57:16', '2020-12-05 15:51:13'),
	(247, 1, 1, 'Adjustment_Budget_Remaining_Amount', 'Budget Remaining Amount of employee', 'Adjustment Budget Remaining ', '{\n  "steps": [\n    {\n      "table": "BASEPAY_BUDGET_MASTER",\n      "inMappingColumn": "",\n      "outMappingColumn": "EMPLOYEE_MASTER_ID",\n      "level": 1,\n      "conditions": {\n        "andType": [{\n              "columnName": "COMPENSATION_INCREASE_TYPE_ID", \n             "columnValue": 7\n          }\n        ],\n        "orType": []\n      }\n    }\n  ]\n}', 'BASEPAY_BUDGET_MASTER', 'DIRECT_REPORTS_BUDGET_REMAINING', 'ADJUSTMENT', '10000.0', 'SINGLE', 5, NULL, NULL, NULL, b'0', b'0', 'SUM', 'ACTIVE', '2016-04-27 01:57:16', '2020-12-05 15:51:13'),
	(248, 1, 1, 'Adjustment_Budget_Allocated_Amount', 'Budget Allocated Amount of employee', 'Adjustment Budget Spent', '{\n  "steps": [\n    {\n      "table": "BASEPAY_BUDGET_MASTER",\n      "inMappingColumn": "",\n      "outMappingColumn": "EMPLOYEE_MASTER_ID",\n      "level": 1,\n      "conditions": {\n        "andType": [{\n            "columnName": "COMPENSATION_INCREASE_TYPE_ID", \n             "columnValue": 7\n             }\n          ],\n        "orType": []\n      }\n    }\n  ]\n}', 'BASEPAY_BUDGET_MASTER', 'DIRECT_REPORTS_BUDGET_ALLOCATED', 'ADJUSTMENT', '15000.0', 'SINGLE', 5, 24, NULL, NULL, b'0', b'0', 'SUM', 'ACTIVE', '2016-04-27 01:57:16', '2020-12-05 15:40:08'),
	(252, 1, 1, 'Spot_Bonus_Guideline', 'Basepay minimum guideline of employee', 'Spot Bonus Guideline', '{\n  "steps": [\n    {\n      "table": "BONUS_MASTER",\n      "inMappingColumn": "",\n      "outMappingColumn": "EMPLOYEE_MASTER_ID",\n      "level": 1,\n      "conditions": {\n        "andType": [\n{\n            "columnName": "COMPENSATION_INCREASE_TYPE_ID", \n             "columnValue": 4\n         }],\n        "orType": []\n      }\n    }\n  ]\n}', 'BONUS_MASTER', 'GUIDELINE_STR', 'OTHER BONUSES', '3', 'SINGLE', 1, NULL, NULL, NULL, b'0', b'0', 'SUM', 'ACTIVE', '2016-04-27 01:57:16', '2020-07-30 11:31:49'),
	(257, 1, 1, 'Spot_Bonus_Max_Guideline', 'Basepay maximum guideline of employee', 'Spot Bonus Max Guideline', '{\n  "steps": [\n    {\n      "table": "BONUS_MASTER",\n      "inMappingColumn": "",\n      "outMappingColumn": "EMPLOYEE_MASTER_ID",\n      "level": 1,\n      "conditions": {\n        "andType": [{\n            "columnName": "COMPENSATION_INCREASE_TYPE_ID", \n             "columnValue": 4\n         }],\n        "orType": []\n      }\n    }\n  ]\n}', 'BONUS_MASTER', 'GUIDELINE_MAX', 'OTHER BONUSES', '3', 'SINGLE', 5, NULL, NULL, NULL, b'0', b'0', 'SUM', 'ACTIVE', '2016-04-27 01:57:16', '2020-07-30 11:31:49'),
	(258, 1, 1, 'Ethnicity', 'Ethnicity of employee', 'Ethnicity', '{\n  "steps": [\n    {\n      "table": "EMPLOYEE_MASTER",\n      "inMappingColumn": "",\n      "outMappingColumn": "EMPLOYEE_MASTER_ID",\n      "level": 1,\n      "conditions": {\n        "andType": [],\n        "orType": []\n      }\n    }\n  ]\n}', 'EMPLOYEE_MASTER', 'ETHNICITY', 'DEMOGRAPHICS', 'HISPANIC_OR_LATINO', 'SINGLE', 1, NULL, NULL, NULL, b'0', b'0', NULL, 'ACTIVE', '2015-06-08 15:37:10', '2020-07-30 11:24:46'),
	(260, 1, 1, 'Dob', 'Date of birth of employee', 'Dob', '{\n  "steps": [\n    {\n      "table": "EMPLOYEE_MASTER",\n      "inMappingColumn": "",\n      "outMappingColumn": "EMPLOYEE_MASTER_ID",\n      "level": 1,\n      "conditions": {\n        "andType": [],\n        "orType": []\n      }\n    }\n  ]\n}', 'EMPLOYEE_MASTER', 'DOB', 'DEMOGRAPHICS', '1980-01-20', 'SINGLE', 7, NULL, NULL, NULL, b'0', b'0', NULL, 'ACTIVE', '2016-04-27 02:05:48', '2020-07-30 11:24:46'),
	(261, 1, 1, 'Race', 'Race of employee', 'Race', '{\n  "steps": [\n    {\n      "table": "EMPLOYEE_MASTER",\n      "inMappingColumn": "",\n      "outMappingColumn": "EMPLOYEE_MASTER_ID",\n      "level": 1,\n      "conditions": {\n        "andType": [],\n        "orType": []\n      }\n    }\n  ]\n}', 'EMPLOYEE_MASTER', 'RACE', 'DEMOGRAPHICS', 'ASIAN', 'SINGLE', 1, NULL, NULL, NULL, b'0', b'0', NULL, 'ACTIVE', '2015-06-08 15:37:10', '2020-07-30 11:24:46'),
	(262, 1, 1, 'Payscale_Min_Value', 'Lowest value of internal data', 'Payscale Min Value', '{\n  "steps": [\n    {\n      "table": "EMPLOYEE_MASTER",\n      "inMappingColumn": "",\n      "outMappingColumn": "EMPLOYEE_MASTER_ID",\n      "level": 1,\n      "conditions": {\n        "andType": [],\n        "orType": []\n      }\n    },\n    {\n      "table": "EMPLOYEE_DATA",\n      "inMappingColumn": "EMPLOYEE_MASTER_ID",\n      "outMappingColumn": "CURRENT_INTERNAL_ANALYSIS_DATA_ID",\n      "level": 2,\n      "conditions": {\n        "andType": [],\n        "orType": []\n      }\n    },\n    {\n      "table": "INTERNAL_ANALYSIS_DATA",\n      "inMappingColumn": "INTERNAL_ANALYSIS_DATA_ID",\n      "outMappingColumn": "",\n      "level": 3,\n      "conditions": {\n        "andType": [],\n        "orType": []\n      }\n    }\n  ]\n}', 'INTERNAL_ANALYSIS_DATA', 'PAYSCALE_MIN_VALUE', 'INTERNAL DATA', '90000', 'SINGLE', 5, NULL, NULL, NULL, b'0', b'1', NULL, 'ACTIVE', '2015-06-08 15:37:10', '2020-07-30 12:31:20'),
	(263, 1, 1, 'Payscale_Mid_Value', 'Mid value of internal data', 'Payscale Mid Value', '{\n  "steps": [\n    {\n      "table": "EMPLOYEE_MASTER",\n      "inMappingColumn": "",\n      "outMappingColumn": "EMPLOYEE_MASTER_ID",\n      "level": 1,\n      "conditions": {\n        "andType": [],\n        "orType": []\n      }\n    },\n    {\n      "table": "EMPLOYEE_DATA",\n      "inMappingColumn": "EMPLOYEE_MASTER_ID",\n      "outMappingColumn": "CURRENT_INTERNAL_ANALYSIS_DATA_ID",\n      "level": 2,\n      "conditions": {\n        "andType": [],\n        "orType": []\n      }\n    },\n    {\n      "table": "INTERNAL_ANALYSIS_DATA",\n      "inMappingColumn": "INTERNAL_ANALYSIS_DATA_ID",\n      "outMappingColumn": "",\n      "level": 3,\n      "conditions": {\n        "andType": [],\n        "orType": []\n      }\n    }\n  ]\n}', 'INTERNAL_ANALYSIS_DATA', 'PAYSCALE_MID_VALUE', 'INTERNAL DATA', '90000', 'SINGLE', 5, NULL, NULL, NULL, b'0', b'1', NULL, 'ACTIVE', '2015-06-08 15:37:10', '2020-07-30 12:31:20'),
	(264, 1, 1, 'Payscale_Max_Value', 'Max value of internal data', 'Payscale Max Value', '{\n  "steps": [\n    {\n      "table": "EMPLOYEE_MASTER",\n      "inMappingColumn": "",\n      "outMappingColumn": "EMPLOYEE_MASTER_ID",\n      "level": 1,\n      "conditions": {\n        "andType": [],\n        "orType": []\n      }\n    },\n    {\n      "table": "EMPLOYEE_DATA",\n      "inMappingColumn": "EMPLOYEE_MASTER_ID",\n      "outMappingColumn": "CURRENT_INTERNAL_ANALYSIS_DATA_ID",\n      "level": 2,\n      "conditions": {\n        "andType": [],\n        "orType": []\n      }\n    },\n    {\n      "table": "INTERNAL_ANALYSIS_DATA",\n      "inMappingColumn": "INTERNAL_ANALYSIS_DATA_ID",\n      "outMappingColumn": "",\n      "level": 3,\n      "conditions": {\n        "andType": [],\n        "orType": []\n      }\n    }\n  ]\n}', 'INTERNAL_ANALYSIS_DATA', 'PAYSCALE_MAX_VALUE', 'INTERNAL DATA', '90000', 'SINGLE', 5, NULL, NULL, NULL, b'0', b'1', NULL, 'ACTIVE', '2015-06-08 15:37:10', '2020-07-30 12:31:20'),
	(265, 1, 1, 'Current_Compa_Ratio', 'Current Compa Ratio', 'Current Compa Ratio', '{\n  "steps": [\n    {\n      "table": "BASEPAY_MASTER",\n      "inMappingColumn": "",\n      "outMappingColumn": "EMPLOYEE_MASTER_ID",\n      "level": 1,\n      "conditions": {\n        "andType": [\n{\n            "columnName": "COMPENSATION_INCREASE_TYPE_ID", \n             "columnValue": 1\n         }],\n        "orType": []\n      }\n    }\n  ]\n}', 'BASEPAY_MASTER', 'Current_Compa_Ratio', 'BASEPAY', '3', 'SINGLE', 11, NULL, NULL, NULL, b'0', b'0', 'SUM', 'ACTIVE', '2016-04-27 01:57:16', '2021-02-09 18:06:55'),
	(269, 1, 1, 'New_Compa_Ratio', 'New Compa Ratio', 'New Compa Ratio', '{\n  "steps": [\n    {\n      "table": "BASEPAY_MASTER",\n      "inMappingColumn": "",\n      "outMappingColumn": "EMPLOYEE_MASTER_ID",\n      "level": 1,\n      "conditions": {\n        "andType": [\n{\n            "columnName": "COMPENSATION_INCREASE_TYPE_ID", \n             "columnValue": 1\n         }],\n        "orType": []\n      }\n    }\n  ]\n}', 'BASEPAY_MASTER', 'New_Compa_Ratio', 'BASEPAY', '3', 'SINGLE', 11, 47, NULL, NULL, b'0', b'0', 'SUM', 'ACTIVE', '2016-04-27 01:57:16', '2021-02-09 18:06:55'),
	(270, 1, 1, 'YTD_BASE', 'YTD Basepay of employee', 'YTD BASE', '{\n  "steps": [\n    {\n      "table": "EMPLOYEE_MASTER",\n      "inMappingColumn": "",\n      "outMappingColumn": "EMPLOYEE_MASTER_ID",\n      "level": 1,\n      "conditions": {\n        "andType": [],\n        "orType": []\n      }\n    }\n  ]\n}', 'EMPLOYEE_MASTER', 'YTD_BASE', 'DEMOGRAPHICS', '100.0', 'SINGLE', 5, NULL, NULL, NULL, b'1', b'1', 'SUM', 'ACTIVE', '2016-08-25 11:48:30', '2020-07-30 11:24:46'),
	(275, 1, 1, 'Basepay_Effective_Date', 'Effective Date', 'Basepay Effective Date', '{\n  "steps": [\n    {\n      "table": "BASEPAY_MASTER",\n      "inMappingColumn": "",\n      "outMappingColumn": "EMPLOYEE_MASTER_ID",\n      "level": 1,\n      "conditions": {\n        "andType": [\n{\n            "columnName": "COMPENSATION_INCREASE_TYPE_ID", \n             "columnValue": 1\n         }\n         ],\n        "orType": []\n      }\n    }\n  ]\n}', 'BASEPAY_MASTER', 'EFFECTIVE_DATE', 'MERIT', '100.0', 'SINGLE', 7, NULL, NULL, NULL, b'0', b'0', 'SUM', 'ACTIVE', '2016-08-25 11:48:30', '2020-11-29 14:59:49'),
	(276, 1, 1, 'Merit_All_Reports_Budget_Total_Amount', 'Budget All Reports Total Amount of employee', 'Merit All Reports Budget Total ', '{\n  "steps": [\n    {\n      "table": "BASEPAY_BUDGET_MASTER",\n      "inMappingColumn": "",\n      "outMappingColumn": "EMPLOYEE_MASTER_ID",\n      "level": 1,\n      "conditions": {\n        "andType": [ {\n             "columnName": "COMPENSATION_INCREASE_TYPE_ID", \n             "columnValue": 1\n            }\n         ],\n        "orType": []\n      }\n    }\n  ]\n}', 'BASEPAY_BUDGET_MASTER', 'ALL_REPORTS_BUDGET_TOTAL', 'MERIT', '25000.0', 'SINGLE', 5, NULL, NULL, NULL, b'0', b'0', NULL, 'ACTIVE', '2016-04-27 01:57:16', '2020-12-05 15:51:13'),
	(277, 1, 1, 'Promotion_All_Reports_Budget_Total_Amount', 'Budget All Reports Total Amount of employee', 'Promotion All Reports Budget Total ', '{\n  "steps": [\n    {\n      "table": "BASEPAY_BUDGET_MASTER",\n      "inMappingColumn": "",\n      "outMappingColumn": "EMPLOYEE_MASTER_ID",\n      "level": 1,\n      "conditions": {\n        "andType": [{\n            "columnName": "COMPENSATION_INCREASE_TYPE_ID", \n             "columnValue": 2\n         }\n       ],\n        "orType": []\n      }\n    }\n  ]\n}', 'BASEPAY_BUDGET_MASTER', 'ALL_REPORTS_BUDGET_TOTAL', 'PROMOTION', '25000.0', 'SINGLE', 5, NULL, NULL, NULL, b'0', b'0', NULL, 'ACTIVE', '2016-04-27 01:57:16', '2020-12-05 15:51:13'),
	(278, 1, 1, 'Annual_All_Reports_Rewards_Budget_Total_Amount', 'Budget All Reports Total Amount of employee', 'Annual All Reports Rewards Budget Total ', '{\n  "steps": [\n    {\n      "table": "BONUS_BUDGET_MASTER",\n      "inMappingColumn": "",\n      "outMappingColumn": "EMPLOYEE_MASTER_ID",\n      "level": 1,\n      "conditions": {\n        "andType": [{\n           "columnName": "COMPENSATION_INCREASE_TYPE_ID", \n           "columnValue": 3\n         }\n        ],\n        "orType": []\n      }\n    }\n  ]\n}', 'BONUS_BUDGET_MASTER', 'ALL_REPORTS_BUDGET_TOTAL', 'ANNUAL BONUS', '25000.0', 'SINGLE', 5, NULL, NULL, NULL, b'0', b'0', NULL, 'ACTIVE', '2016-04-27 01:57:16', '2021-03-19 21:38:03'),
	(279, 1, 1, 'RSU_All_Reports_Budget_Total_Amount', 'Budget All Reports Total Amount of employee', 'RSU All Reports Budget Total ', '{\n  "steps": [\n    {\n      "table": "STOCK_BUDGET_MASTER",\n      "inMappingColumn": "",\n      "outMappingColumn": "EMPLOYEE_MASTER_ID",\n      "level": 1,\n      "conditions": {\n        "andType": [ {\n            "columnName": "COMPENSATION_INCREASE_TYPE_ID", \n            "columnValue": 6\n        }\n         ],\n        "orType": []\n      }\n    }\n  ]\n}', 'STOCK_BUDGET_MASTER', 'ALL_REPORTS_BUDGET_TOTAL', 'STOCK', '25000.0', 'SINGLE', 5, NULL, NULL, NULL, b'0', b'0', NULL, 'ACTIVE', '2016-04-27 01:57:16', '2020-12-05 15:51:13'),
	(280, 1, 1, 'Spot_All_Reports_Bonus_Budget_Total_Amount', 'Budget All Reports Total Amount of employee', 'Spot All Reports Bonus Budget Total ', '{\n  "steps": [\n    {\n      "table": "BONUS_BUDGET_MASTER",\n      "inMappingColumn": "",\n      "outMappingColumn": "EMPLOYEE_MASTER_ID",\n      "level": 1,\n      "conditions": {\n        "andType": [{\n           "columnName": "COMPENSATION_INCREASE_TYPE_ID", \n           "columnValue": 4\n          }\n        ],\n        "orType": []\n      }\n    }\n  ]\n}', 'BONUS_BUDGET_MASTER', 'ALL_REPORTS_BUDGET_TOTAL', 'OTHER BONUSES', '25000.0', 'SINGLE', 5, NULL, NULL, NULL, b'0', b'0', NULL, 'ACTIVE', '2016-04-27 01:57:16', '2020-12-05 15:51:13'),
	(281, 1, 1, 'Adjustment_All_Reports_Budget_Total_Amount', 'Budget All Reports Total Amount of employee', 'Adjustment All Reports Budget Total ', '{\n  "steps": [\n    {\n      "table": "BASEPAY_BUDGET_MASTER",\n      "inMappingColumn": "",\n      "outMappingColumn": "EMPLOYEE_MASTER_ID",\n      "level": 1,\n      "conditions": {\n        "andType": [ {\n             "columnName": "COMPENSATION_INCREASE_TYPE_ID", \n             "columnValue": 7\n            }\n         ],\n        "orType": []\n      }\n    }\n  ]\n}', 'BASEPAY_BUDGET_MASTER', 'ALL_REPORTS_BUDGET_TOTAL', 'ADJUSTMENT', '25000.0', 'SINGLE', 5, NULL, NULL, NULL, b'0', b'0', NULL, 'ACTIVE', '2016-04-27 01:57:16', '2020-12-05 15:51:13'),
	(282, 1, 1, 'Merit_All_Reports_Budget_Allocated_Amount', 'Budget All Reports Allocated Amount of employee', 'Merit All Reports Budget Spent', '{\n  "steps": [\n    {\n      "table": "BASEPAY_BUDGET_MASTER",\n      "inMappingColumn": "",\n      "outMappingColumn": "EMPLOYEE_MASTER_ID",\n      "level": 1,\n      "conditions": {\n        "andType": [{\n            "columnName": "COMPENSATION_INCREASE_TYPE_ID", \n             "columnValue": 1\n             }\n          ],\n        "orType": []\n      }\n    }\n  ]\n}', 'BASEPAY_BUDGET_MASTER', 'ALL_REPORTS_BUDGET_ALLOCATED', 'MERIT', '15000.0', 'SINGLE', 5, 24, NULL, NULL, b'0', b'0', 'SUM', 'ACTIVE', '2016-04-27 01:57:16', '2020-12-05 15:40:08'),
	(283, 1, 1, 'Promotion_All_Reports_Budget_Allocated_Amount', 'Budget All Reports Allocated Amount of employee', 'Promotion All Reports Budget Spent', '{\n  "steps": [\n    {\n      "table": "BASEPAY_BUDGET_MASTER",\n      "inMappingColumn": "",\n      "outMappingColumn": "EMPLOYEE_MASTER_ID",\n      "level": 1,\n      "conditions": {\n        "andType": [{\n           "columnName": "COMPENSATION_INCREASE_TYPE_ID", \n            "columnValue": 2\n         }\n        ],\n        "orType": []\n      }\n    }\n  ]\n}', 'BASEPAY_BUDGET_MASTER', 'ALL_REPORTS_BUDGET_ALLOCATED', 'PROMOTION', '15000.0', 'SINGLE', 5, NULL, NULL, NULL, b'0', b'0', NULL, 'ACTIVE', '2016-04-27 01:57:16', '2020-12-05 15:40:08'),
	(284, 1, 1, 'Annual_All_Reports_Rewards_Budget_Allocated_Amount', 'Budget All Reports Allocated Amount of employee', 'Annual All Reports Rewards Budget Spent', '{\n  "steps": [\n    {\n      "table": "BONUS_BUDGET_MASTER",\n      "inMappingColumn": "",\n      "outMappingColumn": "EMPLOYEE_MASTER_ID",\n      "level": 1,\n      "conditions": {\n        "andType": [ {\n          "columnName": "COMPENSATION_INCREASE_TYPE_ID", \n          "columnValue": 3\n          }\n        ],\n        "orType": []\n      }\n    }\n  ]\n}', 'BONUS_BUDGET_MASTER', 'ALL_REPORTS_BUDGET_ALLOCATED', 'ANNUAL BONUS', '15000.0', 'SINGLE', 5, NULL, NULL, NULL, b'0', b'0', NULL, 'ACTIVE', '2016-04-27 01:57:16', '2021-03-19 21:38:03'),
	(285, 1, 1, 'RSU_All_Reports_Budget_Allocated_Amount', 'Budget All Reports Allocated Amount of employee', 'RSU All Reports Budget Spent', '{\n  "steps": [\n    {\n      "table": "STOCK_BUDGET_MASTER",\n      "inMappingColumn": "",\n      "outMappingColumn": "EMPLOYEE_MASTER_ID",\n      "level": 1,\n      "conditions": {\n        "andType": [ {\n            "columnName": "COMPENSATION_INCREASE_TYPE_ID", \n            "columnValue": 6\n          }\n         ],\n        "orType": []\n      }\n    }\n  ]\n}', 'STOCK_BUDGET_MASTER', 'ALL_REPORTS_BUDGET_ALLOCATED', 'STOCK', '15000.0', 'SINGLE', 5, NULL, NULL, NULL, b'0', b'0', NULL, 'ACTIVE', '2016-04-27 01:57:16', '2020-12-05 15:40:08'),
	(286, 1, 1, 'Spot_All_Reports_Bonus_Budget_Allocated_Amount', 'Budget All Reports Total Amount of employee', 'Spot All Reports Bonus Budget Spent', '{\n  "steps": [\n    {\n      "table": "BONUS_BUDGET_MASTER",\n      "inMappingColumn": "",\n      "outMappingColumn": "EMPLOYEE_MASTER_ID",\n      "level": 1,\n      "conditions": {\n        "andType": [{\n           "columnName": "COMPENSATION_INCREASE_TYPE_ID", \n           "columnValue": 4\n           }\n        ],\n        "orType": []\n      }\n    }\n  ]\n}', 'BONUS_BUDGET_MASTER', 'ALL_REPORTS_BUDGET_ALLOCATED', 'OTHER BONUSES', '25000.0', 'SINGLE', 5, NULL, NULL, NULL, b'0', b'0', NULL, 'ACTIVE', '2016-04-27 01:57:16', '2020-12-05 15:40:08'),
	(287, 1, 1, 'Adjustment_All_Reports_Budget_Allocated_Amount', 'Budget All Reports Allocated Amount of employee', 'Adjustment All Reports Budget Spent', '{\n  "steps": [\n    {\n      "table": "BASEPAY_BUDGET_MASTER",\n      "inMappingColumn": "",\n      "outMappingColumn": "EMPLOYEE_MASTER_ID",\n      "level": 1,\n      "conditions": {\n        "andType": [{\n            "columnName": "COMPENSATION_INCREASE_TYPE_ID", \n             "columnValue": 7\n             }\n          ],\n        "orType": []\n      }\n    }\n  ]\n}', 'BASEPAY_BUDGET_MASTER', 'ALL_REPORTS_BUDGET_ALLOCATED', 'ADJUSTMENT', '15000.0', 'SINGLE', 5, 24, NULL, NULL, b'0', b'0', 'SUM', 'ACTIVE', '2016-04-27 01:57:16', '2020-12-05 15:40:08'),
	(288, 1, 1, 'Merit_All_Reports_Budget_Remaining_Amount', 'Budget All Reports Remaining Amount of employee', 'Merit All Reports Budget Remaining ', '{\n  "steps": [\n    {\n      "table": "BASEPAY_BUDGET_MASTER",\n      "inMappingColumn": "",\n      "outMappingColumn": "EMPLOYEE_MASTER_ID",\n      "level": 1,\n      "conditions": {\n        "andType": [{\n              "columnName": "COMPENSATION_INCREASE_TYPE_ID", \n             "columnValue": 1\n          }\n        ],\n        "orType": []\n      }\n    }\n  ]\n}', 'BASEPAY_BUDGET_MASTER', 'ALL_REPORTS_BUDGET_REMAINING', 'MERIT', '10000.0', 'SINGLE', 5, NULL, NULL, NULL, b'0', b'0', 'SUM', 'ACTIVE', '2016-04-27 01:57:16', '2020-12-05 15:51:13'),
	(289, 1, 1, 'Promotion_All_Reports_Budget_Remaining_Amount', 'Budget All Reports Remaining Amount of employee', 'Promotion All Reports Budget Remaining ', '{\n  "steps": [\n    {\n      "table": "BASEPAY_BUDGET_MASTER",\n      "inMappingColumn": "",\n      "outMappingColumn": "EMPLOYEE_MASTER_ID",\n      "level": 1,\n      "conditions": {\n        "andType": [{\n           "columnName": "COMPENSATION_INCREASE_TYPE_ID", \n            "columnValue": 2\n           }\n         ],\n        "orType": []\n      }\n    }\n  ]\n}', 'BASEPAY_BUDGET_MASTER', 'ALL_REPORTS_BUDGET_REMAINING', 'PROMOTION', '10000.0', 'SINGLE', 5, NULL, NULL, NULL, b'0', b'0', NULL, 'ACTIVE', '2016-04-27 01:57:16', '2020-12-05 15:51:13'),
	(290, 1, 1, 'Annual_All_Reports_Rewards_Budget_Remaining_Amount', 'Budget All Reports Remaining Amount of employee', 'Annual All Reports Rewards Budget Remaining ', '{\n  "steps": [\n    {\n      "table": "BONUS_BUDGET_MASTER",\n      "inMappingColumn": "",\n      "outMappingColumn": "EMPLOYEE_MASTER_ID",\n      "level": 1,\n      "conditions": {\n        "andType": [ {\n             "columnName": "COMPENSATION_INCREASE_TYPE_ID", \n             "columnValue": 3\n            }\n         ],\n        "orType": []\n      }\n    }\n  ]\n}', 'BONUS_BUDGET_MASTER', 'ALL_REPORTS_BUDGET_REMAINING', 'ANNUAL BONUS', '10000.0', 'SINGLE', 5, NULL, NULL, NULL, b'0', b'0', NULL, 'ACTIVE', '2016-04-27 01:57:16', '2021-03-19 21:38:03'),
	(291, 1, 1, 'RSU_All_Reports_Budget_Remaining_Amount', 'Budget All Reports Remaining Amount of employee', 'RSU All Reports Budget Remaining ', '{\n  "steps": [\n    {\n      "table": "STOCK_BUDGET_MASTER",\n      "inMappingColumn": "",\n      "outMappingColumn": "EMPLOYEE_MASTER_ID",\n      "level": 1,\n      "conditions": {\n        "andType": [ {\n            "columnName": "COMPENSATION_INCREASE_TYPE_ID", \n             "columnValue": 6\n           }\n         ],\n        "orType": []\n      }\n    }\n  ]\n}', 'STOCK_BUDGET_MASTER', 'ALL_REPORTS_BUDGET_REMAINING', 'STOCK', '10000.0', 'SINGLE', 5, NULL, NULL, NULL, b'0', b'0', NULL, 'ACTIVE', '2016-04-27 01:57:16', '2020-12-05 15:51:13'),
	(292, 1, 1, 'Spot_All_Reports_Bonus_Budget_Remaining_Amount', 'Budget All Reports Total Amount of employee', 'Spot All Reports Bonus Budget Remaining ', '{\n  "steps": [\n    {\n      "table": "BONUS_BUDGET_MASTER",\n      "inMappingColumn": "",\n      "outMappingColumn": "EMPLOYEE_MASTER_ID",\n      "level": 1,\n      "conditions": {\n        "andType": [ {\n            "columnName": "COMPENSATION_INCREASE_TYPE_ID", \n             "columnValue": 4\n          }\n         ],\n        "orType": []\n      }\n    }\n  ]\n}', 'BONUS_BUDGET_MASTER', 'ALL_REPORTS_BUDGET_REMAINING', 'OTHER BONUSES', '25000.0', 'SINGLE', 5, NULL, NULL, NULL, b'0', b'0', NULL, 'ACTIVE', '2016-04-27 01:57:16', '2020-12-05 15:51:13'),
	(293, 1, 1, 'Adjustment_All_Reports_Budget_Remaining_Amount', 'Budget All Reports Remaining Amount of employee', 'Adjustment All Reports Budget Remaining ', '{\n  "steps": [\n    {\n      "table": "BASEPAY_BUDGET_MASTER",\n      "inMappingColumn": "",\n      "outMappingColumn": "EMPLOYEE_MASTER_ID",\n      "level": 1,\n      "conditions": {\n        "andType": [{\n              "columnName": "COMPENSATION_INCREASE_TYPE_ID", \n             "columnValue": 7\n          }\n        ],\n        "orType": []\n      }\n    }\n  ]\n}', 'BASEPAY_BUDGET_MASTER', 'ALL_REPORTS_BUDGET_REMAINING', 'ADJUSTMENT', '10000.0', 'SINGLE', 5, NULL, NULL, NULL, b'0', b'0', 'SUM', 'ACTIVE', '2016-04-27 01:57:16', '2020-12-05 15:51:13'),
	(294, 1, 1, 'New_Job_Name', 'Job name', 'New Job Name', '{\n  "steps": [\n    {\n      "table": "EMPLOYEE_MASTER",\n      "inMappingColumn": "",\n      "outMappingColumn": "EMPLOYEE_MASTER_ID",\n      "level": 1,\n      "conditions": {\n        "andType": [],\n        "orType": []\n      }\n    },\n    {\n      "table": "EMPLOYEE_DATA",\n      "inMappingColumn": "EMPLOYEE_MASTER_ID",\n      "outMappingColumn": "New_JOB_ID",\n      "level": 2,\n      "conditions": {\n        "andType": [],\n        "orType": []\n      }\n    },\n    {\n      "table": "job",\n      "inMappingColumn": "JOB_ID",\n      "outMappingColumn": "",\n      "level": 3,\n      "keepsDuplicate": true,\n      "conditions": {\n        "andType": [],\n        "orType": []\n      }\n    }\n  ]\n}', 'JOB', 'JOB_NAME', 'JOB', 'Job1', 'MULTI', 1, NULL, NULL, NULL, b'0', b'1', 'SUM', 'ACTIVE', '2016-04-27 01:57:16', '2020-07-30 11:34:16'),
	(295, 1, 1, 'New_Job_Description', 'Job Description', 'New Job Description', '{\n  "steps": [\n    {\n      "table": "EMPLOYEE_MASTER",\n      "inMappingColumn": "",\n      "outMappingColumn": "EMPLOYEE_MASTER_ID",\n      "level": 1,\n      "conditions": {\n        "andType": [],\n        "orType": []\n      }\n    },\n    {\n      "table": "EMPLOYEE_DATA",\n      "inMappingColumn": "EMPLOYEE_MASTER_ID",\n      "outMappingColumn": "NEW_JOB_ID",\n      "level": 2,\n      "conditions": {\n        "andType": [],\n        "orType": []\n      }\n    },\n    {\n      "table": "job",\n      "inMappingColumn": "JOB_ID",\n      "outMappingColumn": "",\n      "level": 3,\n      "keepsDuplicate": true,\n      "conditions": {\n        "andType": [],\n        "orType": []\n      }\n    }\n  ]\n}', 'JOB', 'DESCRIPTION', 'JOB', '3', 'SINGLE', 1, NULL, NULL, NULL, b'0', b'0', NULL, 'ACTIVE', '2016-04-27 01:57:16', '2021-02-10 18:29:32'),
	(296, 1, 1, 'New_Job_Location', 'Job Location', 'New Job Location', '{\n  "steps": [\n    {\n      "table": "EMPLOYEE_MASTER",\n      "inMappingColumn": "",\n      "outMappingColumn": "EMPLOYEE_MASTER_ID",\n      "level": 1,\n      "conditions": {\n        "andType": [],\n        "orType": []\n      }\n    },\n    {\n      "table": "EMPLOYEE_DATA",\n      "inMappingColumn": "EMPLOYEE_MASTER_ID",\n      "outMappingColumn": "NEW_JOB_ID",\n      "level": 2,\n      "conditions": {\n        "andType": [],\n        "orType": []\n      }\n    },\n    {\n      "table": "job",\n      "inMappingColumn": "JOB_ID",\n      "outMappingColumn": "",\n      "level": 3,\n      "keepsDuplicate": true,\n      "conditions": {\n        "andType": [],\n        "orType": []\n      }\n    }\n  ]\n}', 'JOB', 'LOCATION', 'JOB', '3', 'SINGLE', 1, NULL, NULL, NULL, b'0', b'0', NULL, 'ACTIVE', '2016-04-27 01:57:16', '2021-02-10 18:29:38'),
	(297, 1, 1, 'New_Job_Grade_Name', 'Job Grade Name', 'New Job Grade Name', '{\n  "steps": [\n    {\n      "table": "EMPLOYEE_MASTER",\n      "inMappingColumn": "",\n      "outMappingColumn": "EMPLOYEE_MASTER_ID",\n      "level": 1,\n      "conditions": {\n        "andType": [],\n        "orType": []\n      }\n    },\n    {\n      "table": "EMPLOYEE_DATA",\n      "inMappingColumn": "EMPLOYEE_MASTER_ID",\n      "outMappingColumn": "NEW_JOB_GRADE_ID",\n      "level": 2,\n      "conditions": {\n        "andType": [],\n        "orType": []\n      }\n    },\n    {\n      "table": "JOB_GRADE",\n      "inMappingColumn": "JOB_GRADE_ID",\n      "outMappingColumn": "",\n      "level": 3,\n     "keepsDuplicate": true,\n      "conditions": {\n        "andType": [],\n        "orType": []\n      }\n    }\n  ]\n}', 'JOB_GRADE', 'JOB_GRADE_NAME', 'JOB', '3', 'MULTI', 1, NULL, NULL, NULL, b'0', b'1', 'SUM', 'ACTIVE', '2016-04-27 01:57:16', '2021-02-10 18:42:26'),
	(298, 1, 1, 'New_Job_Grade_Code', 'Job Grade Code', 'New Job Grade Code', '{\n  "steps": [\n    {\n      "table": "EMPLOYEE_MASTER",\n      "inMappingColumn": "",\n      "outMappingColumn": "EMPLOYEE_MASTER_ID",\n      "level": 1,\n      "conditions": {\n        "andType": [],\n        "orType": []\n      }\n    },\n    {\n      "table": "EMPLOYEE_DATA",\n      "inMappingColumn": "EMPLOYEE_MASTER_ID",\n      "outMappingColumn": "NEW_JOB_GRADE_ID",\n      "level": 2,\n      "conditions": {\n        "andType": [],\n        "orType": []\n      }\n    },\n    {\n      "table": "JOB_GRADE",\n      "inMappingColumn": "JOB_GRADE_ID",\n      "outMappingColumn": "",\n      "level": 3,\n     "keepsDuplicate": true,\n      "conditions": {\n        "andType": [],\n        "orType": []\n      }\n    }\n  ]\n}', 'JOB_GRADE', 'JOB_GRADE_CODE', 'JOB', '3', 'SINGLE', 1, NULL, NULL, NULL, b'0', b'0', NULL, 'ACTIVE', '2016-04-27 01:57:16', '2021-02-10 18:42:30'),
	(299, 1, 1, 'New_Job_Grade_Description', 'Job Grade Description', 'New Job Grade Description', '{\n  "steps": [\n    {\n      "table": "EMPLOYEE_MASTER",\n      "inMappingColumn": "",\n      "outMappingColumn": "EMPLOYEE_MASTER_ID",\n      "level": 1,\n      "conditions": {\n        "andType": [],\n        "orType": []\n      }\n    },\n    {\n      "table": "EMPLOYEE_DATA",\n      "inMappingColumn": "EMPLOYEE_MASTER_ID",\n      "outMappingColumn": "NEW_JOB_GRADE_ID",\n      "level": 2,\n      "conditions": {\n        "andType": [],\n        "orType": []\n      }\n    },\n    {\n      "table": "JOB_GRADE",\n      "inMappingColumn": "JOB_GRADE_ID",\n      "outMappingColumn": "",\n      "level": 3,\n     "keepsDuplicate": true,\n      "conditions": {\n        "andType": [],\n        "orType": []\n      }\n    }\n  ]\n}', 'JOB_GRADE', 'DESCRIPTION', 'JOB', '3', 'SINGLE', 1, NULL, NULL, NULL, b'0', b'0', NULL, 'ACTIVE', '2016-04-27 01:57:16', '2021-02-10 18:42:34'),
	(300, 1, 1, 'New_Job_Role_Name', 'Job Role Name', 'New Job Role Name', '{\n  "steps": [\n    {\n      "table": "EMPLOYEE_MASTER",\n      "inMappingColumn": "",\n      "outMappingColumn": "EMPLOYEE_MASTER_ID",\n      "level": 1,\n      "conditions": {\n        "andType": [],\n        "orType": []\n      }\n    },\n    {\n      "table": "EMPLOYEE_DATA",\n      "inMappingColumn": "EMPLOYEE_MASTER_ID",\n      "outMappingColumn": "NEW_JOB_ROLE_ID",\n      "level": 2,\n      "conditions": {\n        "andType": [],\n        "orType": []\n      }\n    },\n    {\n      "table": "JOB_ROLE",\n      "inMappingColumn": "JOB_ROLE_ID",\n      "outMappingColumn": "",\n      "level": 3,\n     "keepsDuplicate": true,\n      "conditions": {\n        "andType": [],\n        "orType": []\n      }\n    }\n  ]\n}', 'JOB_ROLE', 'JOB_ROLE_NAME', 'JOB', '3', 'MULTI', 1, NULL, NULL, NULL, b'0', b'1', 'SUM', 'ACTIVE', '2016-04-27 01:57:16', '2021-02-10 18:42:58'),
	(301, 1, 1, 'New_Job_Role_Code', 'Job Role Code', 'New Job Role Code', '{\n  "steps": [\n    {\n      "table": "EMPLOYEE_MASTER",\n      "inMappingColumn": "",\n      "outMappingColumn": "EMPLOYEE_MASTER_ID",\n      "level": 1,\n      "conditions": {\n        "andType": [],\n        "orType": []\n      }\n    },\n    {\n      "table": "EMPLOYEE_DATA",\n      "inMappingColumn": "EMPLOYEE_MASTER_ID",\n      "outMappingColumn": "NEW_JOB_ROLE_ID",\n      "level": 2,\n      "conditions": {\n        "andType": [],\n        "orType": []\n      }\n    },\n    {\n      "table": "JOB_ROLE",\n      "inMappingColumn": "JOB_ROLE_ID",\n      "outMappingColumn": "",\n      "level": 3,\n     "keepsDuplicate": true,\n      "conditions": {\n        "andType": [],\n        "orType": []\n      }\n    }\n  ]\n}', 'JOB_ROLE', 'JOB_ROLE_CODE', 'JOB', '3', 'SINGLE', 1, NULL, NULL, NULL, b'0', b'0', NULL, 'ACTIVE', '2016-04-27 01:57:16', '2021-02-10 18:43:02'),
	(302, 1, 1, 'New_Job_Role_Description', 'Job Role Description', 'New Job Role Description', '{\n  "steps": [\n    {\n      "table": "EMPLOYEE_MASTER",\n      "inMappingColumn": "",\n      "outMappingColumn": "EMPLOYEE_MASTER_ID",\n      "level": 1,\n      "conditions": {\n        "andType": [],\n        "orType": []\n      }\n    },\n    {\n      "table": "EMPLOYEE_DATA",\n      "inMappingColumn": "EMPLOYEE_MASTER_ID",\n      "outMappingColumn": "NEW_JOB_ROLE_ID",\n      "level": 2,\n      "conditions": {\n        "andType": [],\n        "orType": []\n      }\n    },\n    {\n      "table": "JOB_ROLE",\n      "inMappingColumn": "JOB_ROLE_ID",\n      "outMappingColumn": "",\n      "level": 3,\n     "keepsDuplicate": true,\n      "conditions": {\n        "andType": [],\n        "orType": []\n      }\n    }\n  ]\n}', 'JOB_ROLE', 'DESCRIPTION', 'JOB', '3', 'SINGLE', 1, NULL, NULL, NULL, b'0', b'0', NULL, 'ACTIVE', '2016-04-27 01:57:16', '2021-02-10 18:43:07'),
	(303, 1, 1, 'New_Job_Level_Name', 'Job Level Name', 'New Job Level Name', '{\n  "steps": [\n    {\n      "table": "EMPLOYEE_MASTER",\n      "inMappingColumn": "",\n      "outMappingColumn": "EMPLOYEE_MASTER_ID",\n      "level": 1,\n      "conditions": {\n        "andType": [],\n        "orType": []\n      }\n    },\n    {\n      "table": "EMPLOYEE_DATA",\n      "inMappingColumn": "EMPLOYEE_MASTER_ID",\n      "outMappingColumn": "NEW_JOB_LEVEL_ID",\n      "level": 2,\n      "conditions": {\n        "andType": [],\n        "orType": []\n      }\n    },\n    {\n      "table": "JOB_LEVEL",\n      "inMappingColumn": "JOB_LEVEL_ID",\n      "outMappingColumn": "",\n      "level": 3,\n     "keepsDuplicate": true,\n      "conditions": {\n        "andType": [],\n        "orType": []\n      }\n    }\n  ]\n}', 'JOB_LEVEL', 'JOB_LEVEL_NAME', 'JOB', '3', 'MULTI', 1, NULL, NULL, NULL, b'0', b'1', 'SUM', 'ACTIVE', '2016-04-27 01:57:16', '2021-02-10 18:42:40'),
	(304, 1, 1, 'New_Job_Level_Code', 'Job Level Code', 'New Job Level Code', '{\n  "steps": [\n    {\n      "table": "EMPLOYEE_MASTER",\n      "inMappingColumn": "",\n      "outMappingColumn": "EMPLOYEE_MASTER_ID",\n      "level": 1,\n      "conditions": {\n        "andType": [],\n        "orType": []\n      }\n    },\n    {\n      "table": "EMPLOYEE_DATA",\n      "inMappingColumn": "EMPLOYEE_MASTER_ID",\n      "outMappingColumn": "NEW_JOB_LEVEL_ID",\n      "level": 2,\n      "conditions": {\n        "andType": [],\n        "orType": []\n      }\n    },\n    {\n      "table": "JOB_LEVEL",\n      "inMappingColumn": "JOB_LEVEL_ID",\n      "outMappingColumn": "",\n      "level": 3,\n     "keepsDuplicate": true,\n      "conditions": {\n        "andType": [],\n        "orType": []\n      }\n    }\n  ]\n}', 'JOB_LEVEL', 'JOB_LEVEL_CODE', 'JOB', '3', 'SINGLE', 1, NULL, NULL, NULL, b'0', b'0', NULL, 'ACTIVE', '2016-04-27 01:57:16', '2021-02-10 18:42:45'),
	(305, 1, 1, 'New_Job_Level_Description', 'Job Level Description', 'New Job Level Description', '{\n  "steps": [\n    {\n      "table": "EMPLOYEE_MASTER",\n      "inMappingColumn": "",\n      "outMappingColumn": "EMPLOYEE_MASTER_ID",\n      "level": 1,\n      "conditions": {\n        "andType": [],\n        "orType": []\n      }\n    },\n    {\n      "table": "EMPLOYEE_DATA",\n      "inMappingColumn": "EMPLOYEE_MASTER_ID",\n      "outMappingColumn": "NEW_JOB_LEVEL_ID",\n      "level": 2,\n      "conditions": {\n        "andType": [],\n        "orType": []\n      }\n    },\n    {\n      "table": "JOB_LEVEL",\n      "inMappingColumn": "JOB_LEVEL_ID",\n      "outMappingColumn": "",\n      "level": 3,\n     "keepsDuplicate": true,\n      "conditions": {\n        "andType": [],\n        "orType": []\n      }\n    }\n  ]\n}', 'JOB_LEVEL', 'DESCRIPTION', 'JOB', '3', 'SINGLE', 1, NULL, NULL, NULL, b'0', b'0', NULL, 'ACTIVE', '2016-04-27 01:57:16', '2021-02-10 18:42:52'),
	(306, 1, 1, 'New_Job_Family_Name', 'Job Family Name', 'New Job Family Name', '{\n  "steps": [\n    {\n      "table": "EMPLOYEE_MASTER",\n      "inMappingColumn": "",\n      "outMappingColumn": "EMPLOYEE_MASTER_ID",\n      "level": 1,\n      "conditions": {\n        "andType": [],\n        "orType": []\n      }\n    },\n    {\n      "table": "EMPLOYEE_DATA",\n      "inMappingColumn": "EMPLOYEE_MASTER_ID",\n      "outMappingColumn": "NEW_JOB_FAMILY_ID",\n      "level": 2,\n      "conditions": {\n        "andType": [],\n        "orType": []\n      }\n    },\n    {\n      "table": "JOB_FAMILY",\n      "inMappingColumn": "JOB_FAMILY_ID",\n      "outMappingColumn": "",\n      "level": 3,\n     "keepsDuplicate": true,\n      "conditions": {\n        "andType": [],\n        "orType": []\n      }\n    }\n  ]\n}', 'JOB_FAMILY', 'JOB_FAMILY_NAME', 'JOB', '3', 'MULTI', 1, NULL, NULL, NULL, b'0', b'1', 'SUM', 'ACTIVE', '2016-04-27 01:57:16', '2021-02-10 18:42:07'),
	(307, 1, 1, 'New_Job_Family_Code', 'Job Family Code', 'New Job Family Code', '{\n  "steps": [\n    {\n      "table": "EMPLOYEE_MASTER",\n      "inMappingColumn": "",\n      "outMappingColumn": "EMPLOYEE_MASTER_ID",\n      "level": 1,\n      "conditions": {\n        "andType": [],\n        "orType": []\n      }\n    },\n    {\n      "table": "EMPLOYEE_DATA",\n      "inMappingColumn": "EMPLOYEE_MASTER_ID",\n      "outMappingColumn": "NEW_JOB_FAMILY_ID",\n      "level": 2,\n      "conditions": {\n        "andType": [],\n        "orType": []\n      }\n    },\n    {\n      "table": "JOB_FAMILY",\n      "inMappingColumn": "JOB_FAMILY_ID",\n      "outMappingColumn": "",\n      "level": 3,\n     "keepsDuplicate": true,\n      "conditions": {\n        "andType": [],\n        "orType": []\n      }\n    }\n  ]\n}', 'JOB_FAMILY', 'JOB_FAMILY_CODE', 'JOB', '3', 'SINGLE', 1, NULL, NULL, NULL, b'0', b'0', NULL, 'ACTIVE', '2016-04-27 01:57:16', '2021-02-10 18:42:12'),
	(308, 1, 1, 'New_Job_Family_Description', 'Job Family Description', 'New Job Family Description', '{\n  "steps": [\n    {\n      "table": "EMPLOYEE_MASTER",\n      "inMappingColumn": "",\n      "outMappingColumn": "EMPLOYEE_MASTER_ID",\n      "level": 1,\n      "conditions": {\n        "andType": [],\n        "orType": []\n      }\n    },\n    {\n      "table": "EMPLOYEE_DATA",\n      "inMappingColumn": "EMPLOYEE_MASTER_ID",\n      "outMappingColumn": "NEW_JOB_FAMILY_ID",\n      "level": 2,\n      "conditions": {\n        "andType": [],\n        "orType": []\n      }\n    },\n    {\n      "table": "JOB_FAMILY",\n      "inMappingColumn": "JOB_FAMILY_ID",\n      "outMappingColumn": "",\n      "level": 3,\n     "keepsDuplicate": true,\n      "conditions": {\n        "andType": [],\n        "orType": []\n      }\n    }\n  ]\n}', 'JOB_FAMILY', 'DESCRIPTION', 'JOB', '3', 'SINGLE', 1, NULL, NULL, NULL, b'0', b'0', NULL, 'ACTIVE', '2016-04-27 01:57:16', '2021-02-10 18:42:22'),
	(310, 1, 1, 'Merit_Note', 'Merit Note', 'Merit Note', '{\n  "steps": [\n    {\n      "table": "BASEPAY_MASTER",\n      "inMappingColumn": "",\n      "outMappingColumn": "EMPLOYEE_MASTER_ID",\n      "level": 1,\n      "conditions": {\n        "andType": [\n{\n            "columnName": "COMPENSATION_INCREASE_TYPE_ID", \n             "columnValue": 1\n         }\n         ],\n        "orType": []\n      }\n    }\n  ]\n}', 'BASEPAY_MASTER', 'NOTE', 'MERIT', 'test', 'SINGLE', 15, NULL, NULL, NULL, b'0', b'0', 'SUM', 'ACTIVE', '2016-04-27 01:57:16', '2020-11-29 15:02:23'),
	(311, 1, 1, 'Accumulative_Basepay_Total_Amount', 'Accumulative Basepay Total Amount of employee', 'Accumulative Basepay Total Amount', '{\n  "steps": [\n    {\n      "table": "BASEPAY_BUDGET_MASTER",\n      "inMappingColumn": "",\n      "outMappingColumn": "EMPLOYEE_MASTER_ID",\n      "level": 1,\n      "conditions": {\n        "andType": [ {\n             "columnName": "COMPENSATION_INCREASE_TYPE_ID", \n             "columnValue": 8\n            }\n         ],\n        "orType": []\n      }\n    }\n  ]\n}', 'BASEPAY_BUDGET_MASTER', 'DIRECT_REPORTS_BUDGET_TOTAL', 'BASEPAY', '25000.0', 'SINGLE', 5, NULL, NULL, NULL, b'0', b'0', NULL, 'ACTIVE', '2016-04-27 01:57:16', '2020-08-22 22:16:58'),
	(312, 1, 1, 'Accumulative_Bonus_Total_Amount', 'Accumulative Bonus Total Amount of employee', 'Accumulative Bonus Total Amount', '{\n  "steps": [\n    {\n      "table": "BONUS_BUDGET_MASTER",\n      "inMappingColumn": "",\n      "outMappingColumn": "EMPLOYEE_MASTER_ID",\n      "level": 1,\n      "conditions": {\n        "andType": [ {\n             "columnName": "COMPENSATION_INCREASE_TYPE_ID", \n             "columnValue": 9\n            }\n         ],\n        "orType": []\n      }\n    }\n  ]\n}', 'BONUS_BUDGET_MASTER', 'DIRECT_REPORTS_BUDGET_TOTAL', 'ANNUAL BONUS', '25000.0', 'SINGLE', 5, NULL, NULL, NULL, b'0', b'0', NULL, 'ACTIVE', '2016-04-27 01:57:16', '2020-07-30 11:31:13'),
	(313, 1, 1, 'Accumulative_Stock_Total_Amount', 'Accumulative Stock Total Amount of employee', 'Accumulative Stock Total Amount', '{\n  "steps": [\n    {\n      "table": "STOCK_BUDGET_MASTER",\n      "inMappingColumn": "",\n      "outMappingColumn": "EMPLOYEE_MASTER_ID",\n      "level": 1,\n      "conditions": {\n        "andType": [ {\n             "columnName": "COMPENSATION_INCREASE_TYPE_ID", \n             "columnValue": 10\n            }\n         ],\n        "orType": []\n      }\n    }\n  ]\n}', 'STOCK_BUDGET_MASTER', 'DIRECT_REPORTS_BUDGET_TOTAL', 'STOCK', '25000.0', 'SINGLE', 5, NULL, NULL, NULL, b'0', b'0', NULL, 'ACTIVE', '2016-04-27 01:57:16', '2020-08-22 22:14:23'),
	(314, 1, 1, 'Accumulative_Basepay_Allocated_Amount', 'Accumulative Basepay Allocated Amount of employee', 'Accumulative Basepay Spent', '{\n  "steps": [\n    {\n      "table": "BASEPAY_BUDGET_MASTER",\n      "inMappingColumn": "",\n      "outMappingColumn": "EMPLOYEE_MASTER_ID",\n      "level": 1,\n      "conditions": {\n        "andType": [ {\n             "columnName": "COMPENSATION_INCREASE_TYPE_ID", \n             "columnValue": 8\n            }\n         ],\n        "orType": []\n      }\n    }\n  ]\n}', 'BASEPAY_BUDGET_MASTER', 'DIRECT_REPORTS_BUDGET_ALLOCATED', 'BASEPAY', '25000.0', 'SINGLE', 5, NULL, NULL, NULL, b'0', b'0', NULL, 'ACTIVE', '2016-04-27 01:57:16', '2020-12-05 15:40:08'),
	(315, 1, 1, 'Accumulative_Basepay_Remaining_Amount', 'Accumulative Basepay Remaining Amount of employee', 'Accumulative Basepay Remaining Amount', '{\n  "steps": [\n    {\n      "table": "BASEPAY_BUDGET_MASTER",\n      "inMappingColumn": "",\n      "outMappingColumn": "EMPLOYEE_MASTER_ID",\n      "level": 1,\n      "conditions": {\n        "andType": [ {\n             "columnName": "COMPENSATION_INCREASE_TYPE_ID", \n             "columnValue": 8\n            }\n         ],\n        "orType": []\n      }\n    }\n  ]\n}', 'BASEPAY_BUDGET_MASTER', 'DIRECT_REPORTS_BUDGET_REMAINING', 'BASEPAY', '25000.0', 'SINGLE', 5, NULL, NULL, NULL, b'0', b'0', NULL, 'ACTIVE', '2016-04-27 01:57:16', '2020-08-22 22:17:01'),
	(316, 1, 1, 'Total_Basepay_Percent', 'Total_Basepay_Percent', 'Total Basepay Percent', '{\n  "steps": [\n    {\n      "table": "EMPLOYEE_MASTER",\n      "inMappingColumn": "",\n      "outMappingColumn": "EMPLOYEE_MASTER_ID",\n      "level": 1,\n      "conditions": {\n        "andType": [],\n        "orType": []\n      }\n    },\n    {\n      "table": "EMPLOYEE_DATA",\n      "inMappingColumn": "EMPLOYEE_MASTER_ID",\n      "outMappingColumn": "CUSTOMER_DATA_ID",\n      "level": 2,\n      "conditions": {\n        "andType": [],\n        "orType": []\n      }\n    },\n    {\n      "table": "CUSTOMER_DATA",\n      "inMappingColumn": "CUSTOMER_DATA_ID",\n      "outMappingColumn": "",\n      "level": 3,\n      "conditions": {\n        "andType": [],\n        "orType": []\n      }\n    }\n  ]\n}', 'CUSTOMER_DATA', 'DECIMAL_FIELD1', 'USER DEFINED FIELDS', 'Finance', 'SINGLE', 1, NULL, NULL, NULL, b'0', b'1', 'SUM', 'ACTIVE', '2015-06-08 15:37:10', '2020-07-30 12:35:26'),
	(318, 1, 1, 'Promotion_Note', 'Promotion_Note', 'Promotion Note', '{\n  "steps": [\n    {\n      "table": "BASEPAY_MASTER",\n      "inMappingColumn": "",\n      "outMappingColumn": "EMPLOYEE_MASTER_ID",\n      "level": 1,\n      "conditions": {\n        "andType": [\n{\n            "columnName": "COMPENSATION_INCREASE_TYPE_ID", \n             "columnValue": 2\n         }\n         ],\n        "orType": []\n      }\n    }\n  ]\n}', 'BASEPAY_MASTER', 'NOTE', 'PROMOTION', 'test', 'SINGLE', 15, NULL, NULL, NULL, b'0', b'0', 'SUM', 'ACTIVE', '2016-04-27 01:57:16', '2020-07-30 11:20:25'),
	(320, 1, 1, 'Bonus_Note', 'Individual Target Percent', 'Bonus Note', '{\n  "steps": [\n    {\n      "table": "BONUS_MASTER",\n      "inMappingColumn": "",\n      "outMappingColumn": "EMPLOYEE_MASTER_ID",\n      "level": 1,\n      "conditions": {\n        "andType": [\n{\n            "columnName": "COMPENSATION_INCREASE_TYPE_ID", \n             "columnValue": 3\n         }\n         ],\n        "orType": []\n      }\n    }\n  ]\n}', 'BONUS_MASTER', 'NOTE', 'ANNUAL BONUS', 'test', 'SINGLE', 15, NULL, NULL, NULL, b'0', b'0', 'SUM', 'ACTIVE', '2016-04-27 01:57:16', '2020-07-30 11:31:13'),
	(321, 1, 1, 'Spot_Bonus_Note', 'Spot_Bonus_Note', 'Spot Bonus Note', '{\n  "steps": [\n    {\n      "table": "BASEPAY_MASTER",\n      "inMappingColumn": "",\n      "outMappingColumn": "EMPLOYEE_MASTER_ID",\n      "level": 1,\n      "conditions": {\n        "andType": [\n{\n            "columnName": "COMPENSATION_INCREASE_TYPE_ID", \n             "columnValue": 4\n         }\n         ],\n        "orType": []\n      }\n    }\n  ]\n}', 'BONUS_MASTER', 'NOTE', 'OTHER BONUSES', 'test', 'SINGLE', 15, NULL, NULL, NULL, b'0', b'0', 'SUM', 'ACTIVE', '2016-04-27 01:57:16', '2020-07-30 11:31:49'),
	(322, 1, 1, 'StringField1', 'StringField1', 'StringField1', '{\n  "steps": [\n    {\n      "table": "EMPLOYEE_MASTER",\n      "inMappingColumn": "",\n      "outMappingColumn": "EMPLOYEE_MASTER_ID",\n      "level": 1,\n      "conditions": {\n        "andType": [],\n        "orType": []\n      }\n    },\n    {\n      "table": "EMPLOYEE_DATA",\n      "inMappingColumn": "EMPLOYEE_MASTER_ID",\n      "outMappingColumn": "CUSTOMER_DATA_ID",\n      "level": 2,\n      "conditions": {\n        "andType": [],\n        "orType": []\n      }\n    },\n    {\n      "table": "CUSTOMER_DATA",\n      "inMappingColumn": "CUSTOMER_DATA_ID",\n      "outMappingColumn": "",\n      "level": 3,\n      "conditions": {\n        "andType": [],\n        "orType": []\n      }\n    }\n  ]\n}', 'CUSTOMER_DATA', 'STRING_FIELD1', 'USER DEFINED FIELDS', 'Finance', 'SINGLE', 1, NULL, NULL, NULL, b'0', b'1', NULL, 'ACTIVE', '2015-06-08 15:37:10', '2020-07-30 12:35:26'),
	(323, 1, 1, 'StringField2', 'StringField2', 'StringField2', '{\n  "steps": [\n    {\n      "table": "EMPLOYEE_MASTER",\n      "inMappingColumn": "",\n      "outMappingColumn": "EMPLOYEE_MASTER_ID",\n      "level": 1,\n      "conditions": {\n        "andType": [],\n        "orType": []\n      }\n    },\n    {\n      "table": "EMPLOYEE_DATA",\n      "inMappingColumn": "EMPLOYEE_MASTER_ID",\n      "outMappingColumn": "CUSTOMER_DATA_ID",\n      "level": 2,\n      "conditions": {\n        "andType": [],\n        "orType": []\n      }\n    },\n    {\n      "table": "CUSTOMER_DATA",\n      "inMappingColumn": "CUSTOMER_DATA_ID",\n      "outMappingColumn": "",\n      "level": 3,\n      "conditions": {\n        "andType": [],\n        "orType": []\n      }\n    }\n  ]\n}', 'CUSTOMER_DATA', 'STRING_FIELD2', 'USER DEFINED FIELDS', 'Finance', 'SINGLE', 1, NULL, NULL, NULL, b'0', b'1', NULL, 'ACTIVE', '2015-06-08 15:37:10', '2020-07-30 12:35:26'),
	(324, 1, 1, 'StringField3', 'StringField3', 'StringField3', '{\n  "steps": [\n    {\n      "table": "EMPLOYEE_MASTER",\n      "inMappingColumn": "",\n      "outMappingColumn": "EMPLOYEE_MASTER_ID",\n      "level": 1,\n      "conditions": {\n        "andType": [],\n        "orType": []\n      }\n    },\n    {\n      "table": "EMPLOYEE_DATA",\n      "inMappingColumn": "EMPLOYEE_MASTER_ID",\n      "outMappingColumn": "CUSTOMER_DATA_ID",\n      "level": 2,\n      "conditions": {\n        "andType": [],\n        "orType": []\n      }\n    },\n    {\n      "table": "CUSTOMER_DATA",\n      "inMappingColumn": "CUSTOMER_DATA_ID",\n      "outMappingColumn": "",\n      "level": 3,\n      "conditions": {\n        "andType": [],\n        "orType": []\n      }\n    }\n  ]\n}', 'CUSTOMER_DATA', 'STRING_FIELD3', 'USER DEFINED FIELDS', 'Finance', 'SINGLE', 1, NULL, NULL, NULL, b'0', b'1', NULL, 'ACTIVE', '2015-06-08 15:37:10', '2020-07-30 12:35:26'),
	(325, 1, 1, 'StringField4', 'StringField4', 'StringField4', '{\n  "steps": [\n    {\n      "table": "EMPLOYEE_MASTER",\n      "inMappingColumn": "",\n      "outMappingColumn": "EMPLOYEE_MASTER_ID",\n      "level": 1,\n      "conditions": {\n        "andType": [],\n        "orType": []\n      }\n    },\n    {\n      "table": "EMPLOYEE_DATA",\n      "inMappingColumn": "EMPLOYEE_MASTER_ID",\n      "outMappingColumn": "CUSTOMER_DATA_ID",\n      "level": 2,\n      "conditions": {\n        "andType": [],\n        "orType": []\n      }\n    },\n    {\n      "table": "CUSTOMER_DATA",\n      "inMappingColumn": "CUSTOMER_DATA_ID",\n      "outMappingColumn": "",\n      "level": 3,\n      "conditions": {\n        "andType": [],\n        "orType": []\n      }\n    }\n  ]\n}', 'CUSTOMER_DATA', 'STRING_FIELD4', 'USER DEFINED FIELDS', 'Finance', 'SINGLE', 1, NULL, NULL, NULL, b'0', b'1', NULL, 'ACTIVE', '2015-06-08 15:37:10', '2020-07-30 12:35:26'),
	(326, 1, 1, 'StringField5', 'StringField5', 'StringField5', '{\n  "steps": [\n    {\n      "table": "EMPLOYEE_MASTER",\n      "inMappingColumn": "",\n      "outMappingColumn": "EMPLOYEE_MASTER_ID",\n      "level": 1,\n      "conditions": {\n        "andType": [],\n        "orType": []\n      }\n    },\n    {\n      "table": "EMPLOYEE_DATA",\n      "inMappingColumn": "EMPLOYEE_MASTER_ID",\n      "outMappingColumn": "CUSTOMER_DATA_ID",\n      "level": 2,\n      "conditions": {\n        "andType": [],\n        "orType": []\n      }\n    },\n    {\n      "table": "CUSTOMER_DATA",\n      "inMappingColumn": "CUSTOMER_DATA_ID",\n      "outMappingColumn": "",\n      "level": 3,\n      "conditions": {\n        "andType": [],\n        "orType": []\n      }\n    }\n  ]\n}', 'CUSTOMER_DATA', 'STRING_FIELD5', 'USER DEFINED FIELDS', 'Finance', 'SINGLE', 1, NULL, NULL, NULL, b'0', b'1', NULL, 'ACTIVE', '2015-06-08 15:37:10', '2020-07-30 12:35:26'),
	(327, 1, 1, 'TextField1', 'TextField1', 'TextField1', '{\n  "steps": [\n    {\n      "table": "EMPLOYEE_MASTER",\n      "inMappingColumn": "",\n      "outMappingColumn": "EMPLOYEE_MASTER_ID",\n      "level": 1,\n      "conditions": {\n        "andType": [],\n        "orType": []\n      }\n    },\n    {\n      "table": "EMPLOYEE_DATA",\n      "inMappingColumn": "EMPLOYEE_MASTER_ID",\n      "outMappingColumn": "CUSTOMER_DATA_ID",\n      "level": 2,\n      "conditions": {\n        "andType": [],\n        "orType": []\n      }\n    },\n    {\n      "table": "CUSTOMER_DATA",\n      "inMappingColumn": "CUSTOMER_DATA_ID",\n      "outMappingColumn": "",\n      "level": 3,\n      "conditions": {\n        "andType": [],\n        "orType": []\n      }\n    }\n  ]\n}', 'CUSTOMER_DATA', 'TEXT_FIELD1', 'USER DEFINED FIELDS', 'Finance', 'SINGLE', 1, NULL, NULL, NULL, b'0', b'1', NULL, 'ACTIVE', '2015-06-08 15:37:10', '2020-07-30 12:35:26'),
	(328, 1, 1, 'TextField2', 'TextField2', 'TextField2', '{\n  "steps": [\n    {\n      "table": "EMPLOYEE_MASTER",\n      "inMappingColumn": "",\n      "outMappingColumn": "EMPLOYEE_MASTER_ID",\n      "level": 1,\n      "conditions": {\n        "andType": [],\n        "orType": []\n      }\n    },\n    {\n      "table": "EMPLOYEE_DATA",\n      "inMappingColumn": "EMPLOYEE_MASTER_ID",\n      "outMappingColumn": "CUSTOMER_DATA_ID",\n      "level": 2,\n      "conditions": {\n        "andType": [],\n        "orType": []\n      }\n    },\n    {\n      "table": "CUSTOMER_DATA",\n      "inMappingColumn": "CUSTOMER_DATA_ID",\n      "outMappingColumn": "",\n      "level": 3,\n      "conditions": {\n        "andType": [],\n        "orType": []\n      }\n    }\n  ]\n}', 'CUSTOMER_DATA', 'TEXT_FIELD2', 'USER DEFINED FIELDS', 'Finance', 'SINGLE', 1, NULL, NULL, NULL, b'0', b'1', NULL, 'ACTIVE', '2015-06-08 15:37:10', '2020-07-30 12:35:26'),
	(329, 1, 1, 'New_External_Data_Name', 'External Analysyis Data Name', 'New External Data Name', '{\n"onChange": true,\n"isTransitive": true,\n  "steps": [\n    {\n      "table": "EMPLOYEE_MASTER",\n      "inMappingColumn": "",\n      "outMappingColumn": "EMPLOYEE_MASTER_ID",\n      "level": 1,\n      "conditions": {\n        "andType": [],\n        "orType": []\n      }\n    },\n    {\n      "table": "EMPLOYEE_DATA",\n      "inMappingColumn": "EMPLOYEE_MASTER_ID",\n      "outMappingColumn": "NEW_EXTERNAL_ANALYSIS_DATA_ID",\n      "level": 2,\n      "conditions": {\n        "andType": [],\n        "orType": []\n      }\n    },\n    {\n      "table": "EXTERNAL_ANALYSIS_DATA",\n      "inMappingColumn": "EXTERNAL_ANALYSIS_DATA_ID",\n      "outMappingColumn": "",\n      "level": 3,\n     "keepsDuplicate": true,\n      "conditions": {\n        "andType": [],\n        "orType": []\n      }\n    }\n  ]\n}', 'EXTERNAL_ANALYSIS_DATA', 'NAME', 'MARKET DATA', '3', 'SINGLE', 1, NULL, NULL, NULL, b'0', b'1', NULL, 'ACTIVE', '2016-04-27 01:57:16', '2021-02-25 17:49:26'),
	(330, 1, 1, 'New_External_Data_Min', 'New External Data Min', 'New External Data Min', '{\n"onChange": true,\n"isTransitive": true,\n  "steps": [\n    {\n      "table": "EMPLOYEE_MASTER",\n      "inMappingColumn": "",\n      "outMappingColumn": "EMPLOYEE_MASTER_ID",\n      "level": 1,\n      "conditions": {\n        "andType": [],\n        "orType": []\n      }\n    },\n    {\n      "table": "EMPLOYEE_DATA",\n      "inMappingColumn": "EMPLOYEE_MASTER_ID",\n      "outMappingColumn": "NEW_EXTERNAL_ANALYSIS_DATA_ID",\n      "level": 2,\n      "conditions": {\n        "andType": [],\n        "orType": []\n      }\n    },\n    {\n      "table": "EXTERNAL_ANALYSIS_DATA",\n      "inMappingColumn": "EXTERNAL_ANALYSIS_DATA_ID",\n      "outMappingColumn": "",\n      "level": 3,\n     "keepsDuplicate": true,\n      "conditions": {\n        "andType": [],\n        "orType": []\n      }\n    }\n  ]\n}', 'EXTERNAL_ANALYSIS_DATA', 'MIN_VALUE', 'MARKET DATA', '3', 'SINGLE', 5, NULL, NULL, NULL, b'0', b'0', NULL, 'ACTIVE', '2016-04-27 01:57:16', '2021-03-21 19:43:00'),
	(331, 1, 1, 'New_External_Data_Mid', 'New External Data Mid', 'New External Data Mid', '{\n"onChange": true,\n"isTransitive": true,\n  "steps": [\n    {\n      "table": "EMPLOYEE_MASTER",\n      "inMappingColumn": "",\n      "outMappingColumn": "EMPLOYEE_MASTER_ID",\n      "level": 1,\n      "conditions": {\n        "andType": [],\n        "orType": []\n      }\n    },\n    {\n      "table": "EMPLOYEE_DATA",\n      "inMappingColumn": "EMPLOYEE_MASTER_ID",\n      "outMappingColumn": "NEW_EXTERNAL_ANALYSIS_DATA_ID",\n      "level": 2,\n      "conditions": {\n        "andType": [],\n        "orType": []\n      }\n    },\n    {\n      "table": "EXTERNAL_ANALYSIS_DATA",\n      "inMappingColumn": "EXTERNAL_ANALYSIS_DATA_ID",\n      "outMappingColumn": "",\n      "level": 3,\n     "keepsDuplicate": true,\n      "conditions": {\n        "andType": [],\n        "orType": []\n      }\n    }\n  ]\n}', 'EXTERNAL_ANALYSIS_DATA', 'MID_VALUE', 'MARKET DATA', '3', 'SINGLE', 5, NULL, NULL, NULL, b'0', b'0', NULL, 'ACTIVE', '2016-04-27 01:57:16', '2021-03-21 19:43:01'),
	(332, 1, 1, 'New_External_Data_Max', 'New External Data Max', 'New External Data Max', '{\n"onChange": true,\n"isTransitive": true,\n  "steps": [\n    {\n      "table": "EMPLOYEE_MASTER",\n      "inMappingColumn": "",\n      "outMappingColumn": "EMPLOYEE_MASTER_ID",\n      "level": 1,\n      "conditions": {\n        "andType": [],\n        "orType": []\n      }\n    },\n    {\n      "table": "EMPLOYEE_DATA",\n      "inMappingColumn": "EMPLOYEE_MASTER_ID",\n      "outMappingColumn": "NEW_EXTERNAL_ANALYSIS_DATA_ID",\n      "level": 2,\n      "conditions": {\n        "andType": [],\n        "orType": []\n      }\n    },\n    {\n      "table": "EXTERNAL_ANALYSIS_DATA",\n      "inMappingColumn": "EXTERNAL_ANALYSIS_DATA_ID",\n      "outMappingColumn": "",\n      "level": 3,\n     "keepsDuplicate": true,\n      "conditions": {\n        "andType": [],\n        "orType": []\n      }\n    }\n  ]\n}', 'EXTERNAL_ANALYSIS_DATA', 'MAX_VALUE', 'MARKET DATA', '3', 'SINGLE', 5, NULL, NULL, NULL, b'0', b'0', NULL, 'ACTIVE', '2016-04-27 01:57:16', '2021-03-21 19:43:03'),
	(333, 1, 1, 'Performance_Rating_Extra', 'Performance rating of employee', 'Performance Rating Extra', '{\n  "steps": [\n    {\n      "table": "EMPLOYEE_MASTER",\n      "inMappingColumn": "",\n      "outMappingColumn": "EMPLOYEE_MASTER_ID",\n      "level": 1,\n      "conditions": {\n        "andType": [],\n        "orType": []\n      }\n    },\n    {\n      "table": "EMPLOYEE_DATA",\n      "inMappingColumn": "EMPLOYEE_MASTER_ID",\n      "outMappingColumn": "CURRENT_PERF_RATING_EXTRA_ID",\n      "level": 2,\n      "conditions": {\n        "andType": [],\n        "orType": []\n      }\n    },\n    {\n      "table": "PERFORMANCE_RATING_EXTRA",\n      "inMappingColumn": "PERF_RATING_EXTRA_ID",\n      "outMappingColumn": "",\n      "level": 3,\n      "conditions": {\n        "andType": [],\n        "orType": []\n      }\n    }\n  ]\n}', 'PERFORMANCE_RATING_EXTRA', 'PERF_RATING_NAME', 'PERFORMANCE', 'Average', 'SINGLE', 1, NULL, NULL, NULL, b'0', b'0', 'SUM', 'ACTIVE', '2016-04-27 01:57:16', '2020-07-30 12:34:26'),
	(334, 1, 1, 'Bonus_Proration_Factor', 'Proration factor', 'Bonus Proration Factor', '{\n  "steps": [\n    {\n      "table": "BONUS_MASTER",\n      "inMappingColumn": "",\n      "outMappingColumn": "EMPLOYEE_MASTER_ID",\n      "level": 1,\n      "conditions": {\n        "andType": [\n{\n            "columnName": "COMPENSATION_INCREASE_TYPE_ID", \n             "columnValue": 3\n         }],\n        "orType": []\n      }\n    }\n  ]\n}', 'BONUS_MASTER', 'BONUS_PRORATION_FACTOR', 'ANNUAL BONUS', '3', 'SINGLE', 14, NULL, NULL, NULL, b'0', b'0', 'SUM', 'ACTIVE', '2016-04-27 01:57:16', '2020-07-30 11:31:13'),
	(337, 1, 1, 'Spot_Bonus_Target_Percent', 'Bonus Target Percent', 'Spot Bonus Target Percent', '{\n  "steps": [\n    {\n      "table": "BONUS_MASTER",\n      "inMappingColumn": "",\n      "outMappingColumn": "EMPLOYEE_MASTER_ID",\n      "level": 1,\n      "conditions": {\n        "andType": [{\n            "columnName": "COMPENSATION_INCREASE_TYPE_ID", \n             "columnValue": 4\n         }],\n        "orType": []\n      }\n    }\n  ]\n}', 'BONUS_MASTER', 'BONUS_TARGET_PERCENT', 'OTHER BONUSES', '3', 'SINGLE', 11, NULL, NULL, NULL, b'0', b'0', 'SUM', 'ACTIVE', '2016-04-27 01:57:16', '2020-07-30 11:31:49'),
	(338, 1, 1, 'Spot_Bonus_Target_Amount', 'Bonus Target Amount', 'Spot Bonus Target Amount', '{\n  "steps": [\n    {\n      "table": "BONUS_MASTER",\n      "inMappingColumn": "",\n      "outMappingColumn": "EMPLOYEE_MASTER_ID",\n      "level": 1,\n      "conditions": {\n        "andType": [{\n            "columnName": "COMPENSATION_INCREASE_TYPE_ID", \n             "columnValue": 4\n         }],\n        "orType": []\n      }\n    }\n  ]\n}', 'BONUS_MASTER', 'BONUS_TARGET_AMOUNT', 'OTHER BONUSES', '3', 'SINGLE', 5, NULL, NULL, NULL, b'0', b'0', 'SUM', 'ACTIVE', '2016-04-27 01:57:16', '2020-07-30 11:31:49'),
	(339, 1, 1, 'External_Analysis_Code', 'External Analysyis Code', 'External Analysis Code', '{\n  "steps": [\n    {\n      "table": "EMPLOYEE_MASTER",\n      "inMappingColumn": "",\n      "outMappingColumn": "EMPLOYEE_MASTER_ID",\n      "level": 1,\n      "conditions": {\n        "andType": [],\n        "orType": []\n      }\n    },\n    {\n      "table": "EMPLOYEE_DATA",\n      "inMappingColumn": "EMPLOYEE_MASTER_ID",\n      "outMappingColumn": "CURRENT_EXTERNAL_ANALYSIS_DATA_ID",\n      "level": 2,\n      "conditions": {\n        "andType": [],\n        "orType": []\n      }\n    },\n    {\n      "table": "EXTERNAL_ANALYSIS_DATA",\n      "inMappingColumn": "EXTERNAL_ANALYSIS_DATA_ID",\n      "outMappingColumn": "",\n      "level": 3,\n      "conditions": {\n        "andType": [],\n        "orType": []\n      }\n    }\n  ]\n}', 'EXTERNAL_ANALYSIS_DATA', 'CODE', 'MARKET DATA', 'code1', 'SINGLE', 1, NULL, NULL, NULL, b'0', b'1', NULL, 'ACTIVE', '2016-04-27 01:57:16', '2020-07-30 12:30:32'),
	(340, 1, 1, 'External_Analysis_Title', 'External Analysyis Title', 'External Analysis Title', '{\n  "steps": [\n    {\n      "table": "EMPLOYEE_MASTER",\n      "inMappingColumn": "",\n      "outMappingColumn": "EMPLOYEE_MASTER_ID",\n      "level": 1,\n      "conditions": {\n        "andType": [],\n        "orType": []\n      }\n    },\n    {\n      "table": "EMPLOYEE_DATA",\n      "inMappingColumn": "EMPLOYEE_MASTER_ID",\n      "outMappingColumn": "CURRENT_EXTERNAL_ANALYSIS_DATA_ID",\n      "level": 2,\n      "conditions": {\n        "andType": [],\n        "orType": []\n      }\n    },\n    {\n      "table": "EXTERNAL_ANALYSIS_DATA",\n      "inMappingColumn": "EXTERNAL_ANALYSIS_DATA_ID",\n      "outMappingColumn": "",\n      "level": 3,\n      "conditions": {\n        "andType": [],\n        "orType": []\n      }\n    }\n  ]\n}', 'EXTERNAL_ANALYSIS_DATA', 'TITLE', 'MARKET DATA', 'title1', 'SINGLE', 1, NULL, NULL, NULL, b'0', b'1', NULL, 'ACTIVE', '2016-04-27 01:57:16', '2020-07-30 12:30:32'),
	(341, 1, 1, 'External_Analysis_Name', 'External Analysyis Name', 'External Analysis Name', '{\n  "steps": [\n    {\n      "table": "EMPLOYEE_MASTER",\n      "inMappingColumn": "",\n      "outMappingColumn": "EMPLOYEE_MASTER_ID",\n      "level": 1,\n      "conditions": {\n        "andType": [],\n        "orType": []\n      }\n    },\n    {\n      "table": "EMPLOYEE_DATA",\n      "inMappingColumn": "EMPLOYEE_MASTER_ID",\n      "outMappingColumn": "CURRENT_EXTERNAL_ANALYSIS_DATA_ID",\n      "level": 2,\n      "conditions": {\n        "andType": [],\n        "orType": []\n      }\n    },\n    {\n      "table": "EXTERNAL_ANALYSIS_DATA",\n      "inMappingColumn": "EXTERNAL_ANALYSIS_DATA_ID",\n      "outMappingColumn": "",\n      "level": 3,\n      "conditions": {\n        "andType": [],\n        "orType": []\n      }\n    }\n  ]\n}', 'EXTERNAL_ANALYSIS_DATA', 'NAME', 'MARKET DATA', 'code1', 'MULTI', 1, NULL, NULL, NULL, b'0', b'1', NULL, 'ACTIVE', '2016-04-27 01:57:16', '2020-07-30 12:30:32'),
	(342, 1, 1, 'External_Analysis_Code_Extra', 'External Analysyis Code', 'External Analysis Code Extra', '{\n  "steps": [\n    {\n      "table": "EMPLOYEE_MASTER",\n      "inMappingColumn": "",\n      "outMappingColumn": "EMPLOYEE_MASTER_ID",\n      "level": 1,\n      "conditions": {\n        "andType": [],\n        "orType": []\n      }\n    },\n    {\n      "table": "EMPLOYEE_DATA",\n      "inMappingColumn": "EMPLOYEE_MASTER_ID",\n      "outMappingColumn": "CURRENT_EXTERNAL_ANALYSIS_DATA_ID",\n      "level": 2,\n      "conditions": {\n        "andType": [],\n        "orType": []\n      }\n    },\n    {\n      "table": "EXTERNAL_ANALYSIS_DATA_EXTRA",\n      "inMappingColumn": "EXTERNAL_ANALYSIS_DATA_EXTRA_ID",\n      "outMappingColumn": "",\n      "level": 3,\n      "conditions": {\n        "andType": [],\n        "orType": []\n      }\n    }\n  ]\n}', 'EXTERNAL_ANALYSIS_DATA_EXTRA', 'CODE', 'MARKET DATA', 'code1', 'MULTI', 1, NULL, NULL, NULL, b'0', b'1', NULL, 'ACTIVE', '2016-04-27 01:57:16', '2020-07-30 12:30:32'),
	(343, 1, 1, 'External_Analysis_Title_Extra', 'External Analysyis Title', 'External Analysis Title Extra', '{\n  "steps": [\n    {\n      "table": "EMPLOYEE_MASTER",\n      "inMappingColumn": "",\n      "outMappingColumn": "EMPLOYEE_MASTER_ID",\n      "level": 1,\n      "conditions": {\n        "andType": [],\n        "orType": []\n      }\n    },\n    {\n      "table": "EMPLOYEE_DATA",\n      "inMappingColumn": "EMPLOYEE_MASTER_ID",\n      "outMappingColumn": "CURRENT_EXTERNAL_ANALYSIS_DATA_ID",\n      "level": 2,\n      "conditions": {\n        "andType": [],\n        "orType": []\n      }\n    },\n    {\n      "table": "EXTERNAL_ANALYSIS_DATA_EXTRA",\n      "inMappingColumn": "EXTERNAL_ANALYSIS_DATA_EXTRA_ID",\n      "outMappingColumn": "",\n      "level": 3,\n      "conditions": {\n        "andType": [],\n        "orType": []\n      }\n    }\n  ]\n}', 'EXTERNAL_ANALYSIS_DATA_EXTRA', 'TITLE', 'MARKET DATA', 'title1', 'MULTI', 1, NULL, NULL, NULL, b'0', b'1', NULL, 'ACTIVE', '2016-04-27 01:57:16', '2020-07-30 12:30:32'),
	(344, 1, 1, 'External_Analysis_Name_Extra', 'External Analysyis Name', 'External Analysis Name Extra', '{\n  "steps": [\n    {\n      "table": "EMPLOYEE_MASTER",\n      "inMappingColumn": "",\n      "outMappingColumn": "EMPLOYEE_MASTER_ID",\n      "level": 1,\n      "conditions": {\n        "andType": [],\n        "orType": []\n      }\n    },\n    {\n      "table": "EMPLOYEE_DATA",\n      "inMappingColumn": "EMPLOYEE_MASTER_ID",\n      "outMappingColumn": "CURRENT_EXTERNAL_ANALYSIS_DATA_ID",\n      "level": 2,\n      "conditions": {\n        "andType": [],\n        "orType": []\n      }\n    },\n    {\n      "table": "EXTERNAL_ANALYSIS_DATA_EXTRA",\n      "inMappingColumn": "EXTERNAL_ANALYSIS_DATA_EXTRA_ID",\n      "outMappingColumn": "",\n      "level": 3,\n      "conditions": {\n        "andType": [],\n        "orType": []\n      }\n    }\n  ]\n}', 'EXTERNAL_ANALYSIS_DATA_EXTRA', 'NAME', 'MARKET DATA', 'code1', 'MULTI', 1, NULL, NULL, NULL, b'0', b'1', NULL, 'ACTIVE', '2016-04-27 01:57:16', '2020-07-30 12:30:32'),
	(347, 1, 1, 'Current_External_Data_Extra_Min', 'External Data Extra Min', 'Current External Data Extra Min', '{\n  "steps": [\n    {\n      "table": "EMPLOYEE_MASTER",\n      "inMappingColumn": "",\n      "outMappingColumn": "EMPLOYEE_MASTER_ID",\n      "level": 1,\n      "conditions": {\n        "andType": [],\n        "orType": []\n      }\n    },\n    {\n      "table": "EMPLOYEE_DATA",\n      "inMappingColumn": "EMPLOYEE_MASTER_ID",\n      "outMappingColumn": "CURRENT_EXTERNAL_ANALYSIS_DATA_EXTRA_ID",\n      "level": 2,\n      "conditions": {\n        "andType": [],\n        "orType": []\n      }\n    },\n    {\n      "table": "EXTERNAL_ANALYSIS_DATA_EXTRA",\n      "inMappingColumn": "EXTERNAL_ANALYSIS_DATA_EXTRA_ID",\n      "outMappingColumn": "",\n      "level": 3,\n     "keepsDuplicate": true,\n      "conditions": {\n        "andType": [],\n        "orType": []\n      }\n    }\n  ]\n}', 'EXTERNAL_ANALYSIS_DATA_EXTRA', 'MIN_VALUE', 'MARKET DATA', '3', 'SINGLE', 5, NULL, NULL, NULL, b'0', b'0', NULL, 'ACTIVE', '2016-04-27 01:57:16', '2021-03-21 19:43:48'),
	(348, 1, 1, 'Current_External_Data_Extra_Mid', 'External Data Extra Mid', 'Current External Data Extra Mid', '{\n  "steps": [\n    {\n      "table": "EMPLOYEE_MASTER",\n      "inMappingColumn": "",\n      "outMappingColumn": "EMPLOYEE_MASTER_ID",\n      "level": 1,\n      "conditions": {\n        "andType": [],\n        "orType": []\n      }\n    },\n    {\n      "table": "EMPLOYEE_DATA",\n      "inMappingColumn": "EMPLOYEE_MASTER_ID",\n      "outMappingColumn": "CURRENT_EXTERNAL_ANALYSIS_DATA_EXTRA_ID",\n      "level": 2,\n      "conditions": {\n        "andType": [],\n        "orType": []\n      }\n    },\n    {\n      "table": "EXTERNAL_ANALYSIS_DATA_EXTRA",\n      "inMappingColumn": "EXTERNAL_ANALYSIS_DATA_EXTRA_ID",\n      "outMappingColumn": "",\n      "level": 3,\n     "keepsDuplicate": true,\n      "conditions": {\n        "andType": [],\n        "orType": []\n      }\n    }\n  ]\n}', 'EXTERNAL_ANALYSIS_DATA_EXTRA', 'MID_VALUE', 'MARKET DATA', '3', 'SINGLE', 5, NULL, NULL, NULL, b'0', b'0', NULL, 'ACTIVE', '2016-04-27 01:57:16', '2021-03-21 19:43:50'),
	(349, 1, 1, 'Current_External_Data_Extra_Max', 'External Data Extra Max', 'Current External Data Extra Max', '{\n  "steps": [\n    {\n      "table": "EMPLOYEE_MASTER",\n      "inMappingColumn": "",\n      "outMappingColumn": "EMPLOYEE_MASTER_ID",\n      "level": 1,\n      "conditions": {\n        "andType": [],\n        "orType": []\n      }\n    },\n    {\n      "table": "EMPLOYEE_DATA",\n      "inMappingColumn": "EMPLOYEE_MASTER_ID",\n      "outMappingColumn": "CURRENT_EXTERNAL_ANALYSIS_DATA_EXTRA_ID",\n      "level": 2,\n      "conditions": {\n        "andType": [],\n        "orType": []\n      }\n    },\n    {\n      "table": "EXTERNAL_ANALYSIS_DATA_EXTRA",\n      "inMappingColumn": "EXTERNAL_ANALYSIS_DATA_EXTRA_ID",\n      "outMappingColumn": "",\n      "level": 3,\n     "keepsDuplicate": true,\n      "conditions": {\n        "andType": [],\n        "orType": []\n      }\n    }\n  ]\n}', 'EXTERNAL_ANALYSIS_DATA_EXTRA', 'MAX_VALUE', 'MARKET DATA', '3', 'SINGLE', 5, NULL, NULL, NULL, b'0', b'0', NULL, 'ACTIVE', '2016-04-27 01:57:16', '2021-03-21 19:43:52'),
	(350, 1, 1, 'Current_External_Data_Extra_Name', 'External Analysyis Data Extra Name', 'Current External Data Extra Name', '{\n  "steps": [\n    {\n      "table": "EMPLOYEE_MASTER",\n      "inMappingColumn": "",\n      "outMappingColumn": "EMPLOYEE_MASTER_ID",\n      "level": 1,\n      "conditions": {\n        "andType": [],\n        "orType": []\n      }\n    },\n    {\n      "table": "EMPLOYEE_DATA",\n      "inMappingColumn": "EMPLOYEE_MASTER_ID",\n      "outMappingColumn": "CURRENT_EXTERNAL_ANALYSIS_DATA_EXTRA_ID",\n      "level": 2,\n      "conditions": {\n        "andType": [],\n        "orType": []\n      }\n    },\n    {\n      "table": "EXTERNAL_ANALYSIS_DATA_EXTRA",\n      "inMappingColumn": "EXTERNAL_ANALYSIS_DATA_EXTRA_ID",\n      "outMappingColumn": "",\n      "level": 3,\n     "keepsDuplicate": true,\n      "conditions": {\n        "andType": [],\n        "orType": []\n      }\n    }\n  ]\n}', 'EXTERNAL_ANALYSIS_DATA_EXTRA', 'NAME', 'MARKET DATA', '3', 'SINGLE', 1, NULL, NULL, NULL, b'0', b'1', 'SUM', 'ACTIVE', '2016-04-27 01:57:16', '2021-02-10 18:45:52'),
	(351, 1, 1, 'New_External_Data_Extra_Min', 'New External Data Extra Min', 'New External Data Extra Min', '{\n"onChange": true,\n"isTransitive": true,\n  "steps": [\n    {\n      "table": "EMPLOYEE_MASTER",\n      "inMappingColumn": "",\n      "outMappingColumn": "EMPLOYEE_MASTER_ID",\n      "level": 1,\n      "conditions": {\n        "andType": [],\n        "orType": []\n      }\n    },\n    {\n      "table": "EMPLOYEE_DATA",\n      "inMappingColumn": "EMPLOYEE_MASTER_ID",\n      "outMappingColumn": "CURRENT_EXTERNAL_ANALYSIS_DATA_EXTRA_ID",\n      "level": 2,\n      "conditions": {\n        "andType": [],\n        "orType": []\n      }\n    },\n    {\n      "table": "EXTERNAL_ANALYSIS_DATA_EXTRA",\n      "inMappingColumn": "EXTERNAL_ANALYSIS_DATA_EXTRA_ID",\n      "outMappingColumn": "",\n      "level": 3,\n     "keepsDuplicate": true,\n      "conditions": {\n        "andType": [],\n        "orType": []\n      }\n    }\n  ]\n}', 'EXTERNAL_ANALYSIS_DATA_EXTRA', 'MIN_VALUE', 'MARKET DATA', '3', 'SINGLE', 5, NULL, NULL, NULL, b'0', b'0', NULL, 'ACTIVE', '2016-04-27 01:57:16', '2021-03-21 19:44:13'),
	(352, 1, 1, 'New_External_Data_Extra_Mid', 'New External Data Extra Mid', 'New External Data Extra Mid', '{\n"onChange": true,\n"isTransitive": true,\n  "steps": [\n    {\n      "table": "EMPLOYEE_MASTER",\n      "inMappingColumn": "",\n      "outMappingColumn": "EMPLOYEE_MASTER_ID",\n      "level": 1,\n      "conditions": {\n        "andType": [],\n        "orType": []\n      }\n    },\n    {\n      "table": "EMPLOYEE_DATA",\n      "inMappingColumn": "EMPLOYEE_MASTER_ID",\n      "outMappingColumn": "CURRENT_EXTERNAL_ANALYSIS_DATA_EXTRA_ID",\n      "level": 2,\n      "conditions": {\n        "andType": [],\n        "orType": []\n      }\n    },\n    {\n      "table": "EXTERNAL_ANALYSIS_DATA_EXTRA",\n      "inMappingColumn": "EXTERNAL_ANALYSIS_DATA_EXTRA_ID",\n      "outMappingColumn": "",\n      "level": 3,\n     "keepsDuplicate": true,\n      "conditions": {\n        "andType": [],\n        "orType": []\n      }\n    }\n  ]\n}', 'EXTERNAL_ANALYSIS_DATA_EXTRA', 'MID_VALUE', 'MARKET DATA', '3', 'SINGLE', 5, NULL, NULL, NULL, b'0', b'0', NULL, 'ACTIVE', '2016-04-27 01:57:16', '2021-03-21 19:44:15'),
	(353, 1, 1, 'New_External_Data_Extra_Max', 'New External Data Extra Max', 'New External Data Extra Max', '{\n"onChange": true,\n"isTransitive": true,\n  "steps": [\n    {\n      "table": "EMPLOYEE_MASTER",\n      "inMappingColumn": "",\n      "outMappingColumn": "EMPLOYEE_MASTER_ID",\n      "level": 1,\n      "conditions": {\n        "andType": [],\n        "orType": []\n      }\n    },\n    {\n      "table": "EMPLOYEE_DATA",\n      "inMappingColumn": "EMPLOYEE_MASTER_ID",\n      "outMappingColumn": "CURRENT_EXTERNAL_ANALYSIS_DATA_EXTRA_ID",\n      "level": 2,\n      "conditions": {\n        "andType": [],\n        "orType": []\n      }\n    },\n    {\n      "table": "EXTERNAL_ANALYSIS_DATA_EXTRA",\n      "inMappingColumn": "EXTERNAL_ANALYSIS_DATA_EXTRA_ID",\n      "outMappingColumn": "",\n      "level": 3,\n     "keepsDuplicate": true,\n      "conditions": {\n        "andType": [],\n        "orType": []\n      }\n    }\n  ]\n}', 'EXTERNAL_ANALYSIS_DATA_EXTRA', 'MAX_VALUE', 'MARKET DATA', '3', 'SINGLE', 5, NULL, NULL, NULL, b'0', b'0', NULL, 'ACTIVE', '2016-04-27 01:57:16', '2021-03-21 19:44:19'),
	(354, 1, 1, 'New_External_Data_Extra_Name', 'New External Analysyis Data Extra Name', 'New External Data Extra Name', '{\n"onChange": true,\n"isTransitive": true,\n  "steps": [\n    {\n      "table": "EMPLOYEE_MASTER",\n      "inMappingColumn": "",\n      "outMappingColumn": "EMPLOYEE_MASTER_ID",\n      "level": 1,\n      "conditions": {\n        "andType": [],\n        "orType": []\n      }\n    },\n    {\n      "table": "EMPLOYEE_DATA",\n      "inMappingColumn": "EMPLOYEE_MASTER_ID",\n      "outMappingColumn": "CURRENT_EXTERNAL_ANALYSIS_DATA_EXTRA_ID",\n      "level": 2,\n      "conditions": {\n        "andType": [],\n        "orType": []\n      }\n    },\n    {\n      "table": "EXTERNAL_ANALYSIS_DATA_EXTRA",\n      "inMappingColumn": "EXTERNAL_ANALYSIS_DATA_EXTRA_ID",\n      "outMappingColumn": "",\n      "level": 3,\n     "keepsDuplicate": true,\n      "conditions": {\n        "andType": [],\n        "orType": []\n      }\n    }\n  ]\n}', 'EXTERNAL_ANALYSIS_DATA_EXTRA', 'NAME', 'MARKET DATA', '3', 'SINGLE', 1, NULL, NULL, NULL, b'0', b'1', NULL, 'ACTIVE', '2016-04-27 01:57:16', '2021-02-25 17:50:06'),
	(355, 1, 1, 'Internal_Analysis_Code', 'Internal Analysyis Code', 'Internal Analysis Code', '{\n  "steps": [\n    {\n      "table": "EMPLOYEE_MASTER",\n      "inMappingColumn": "",\n      "outMappingColumn": "EMPLOYEE_MASTER_ID",\n      "level": 1,\n      "conditions": {\n        "andType": [],\n        "orType": []\n      }\n    },\n    {\n      "table": "EMPLOYEE_DATA",\n      "inMappingColumn": "EMPLOYEE_MASTER_ID",\n      "outMappingColumn": "CURRENT_INTERNAL_ANALYSIS_DATA_ID",\n      "level": 2,\n      "conditions": {\n        "andType": [],\n        "orType": []\n      }\n    },\n    {\n      "table": "INTERNAL_ANALYSIS_DATA",\n      "inMappingColumn": "INTERNAL_ANALYSIS_DATA_ID",\n      "outMappingColumn": "",\n      "level": 3,\n      "conditions": {\n        "andType": [],\n        "orType": []\n      }\n    }\n  ]\n}', 'INTERNAL_ANALYSIS_DATA', 'CODE', 'INTERNAL DATA', 'code1', 'SINGLE', 1, NULL, NULL, NULL, b'0', b'1', NULL, 'ACTIVE', '2016-04-27 01:57:16', '2020-07-30 12:31:20'),
	(356, 1, 1, 'Internal_Analysis_Name', 'Internal Analysyis Name', 'Internal Analysis Name', '{\n  "steps": [\n    {\n      "table": "EMPLOYEE_MASTER",\n      "inMappingColumn": "",\n      "outMappingColumn": "EMPLOYEE_MASTER_ID",\n      "level": 1,\n      "conditions": {\n        "andType": [],\n        "orType": []\n      }\n    },\n    {\n      "table": "EMPLOYEE_DATA",\n      "inMappingColumn": "EMPLOYEE_MASTER_ID",\n      "outMappingColumn": "CURRENT_INTERNAL_ANALYSIS_DATA_ID",\n      "level": 2,\n      "conditions": {\n        "andType": [],\n        "orType": []\n      }\n    },\n    {\n      "table": "INTERNAL_ANALYSIS_DATA",\n      "inMappingColumn": "INTERNAL_ANALYSIS_DATA_ID",\n      "outMappingColumn": "",\n      "level": 3,\n      "conditions": {\n        "andType": [],\n        "orType": []\n      }\n    }\n  ]\n}', 'INTERNAL_ANALYSIS_DATA', 'NAME', 'INTERNAL DATA', 'code1', 'SINGLE', 1, NULL, NULL, NULL, b'0', b'1', NULL, 'ACTIVE', '2016-04-27 01:57:16', '2020-07-30 12:31:20'),
	(357, 1, 1, 'Internal_Analysis_Title', 'Internal Analysyis Title', 'Internal Analysis Title', '{\n  "steps": [\n    {\n      "table": "EMPLOYEE_MASTER",\n      "inMappingColumn": "",\n      "outMappingColumn": "EMPLOYEE_MASTER_ID",\n      "level": 1,\n      "conditions": {\n        "andType": [],\n        "orType": []\n      }\n    },\n    {\n      "table": "EMPLOYEE_DATA",\n      "inMappingColumn": "EMPLOYEE_MASTER_ID",\n      "outMappingColumn": "CURRENT_INTERNAL_ANALYSIS_DATA_ID",\n      "level": 2,\n      "conditions": {\n        "andType": [],\n        "orType": []\n      }\n    },\n    {\n      "table": "INTERNAL_ANALYSIS_DATA",\n      "inMappingColumn": "INTERNAL_ANALYSIS_DATA_ID",\n      "outMappingColumn": "",\n      "level": 3,\n      "conditions": {\n        "andType": [],\n        "orType": []\n      }\n    }\n  ]\n}', 'INTERNAL_ANALYSIS_DATA', 'NAME', 'INTERNAL DATA', 'code1', 'SINGLE', 1, NULL, NULL, NULL, b'0', b'1', NULL, 'ACTIVE', '2016-04-27 01:57:16', '2020-07-30 12:31:20'),
	(358, 1, 1, 'Current_External_Data_Desc', 'External Analysyis Data Desc', 'Current External Data Desc', '{\n  "steps": [\n    {\n      "table": "EMPLOYEE_MASTER",\n      "inMappingColumn": "",\n      "outMappingColumn": "EMPLOYEE_MASTER_ID",\n      "level": 1,\n      "conditions": {\n        "andType": [],\n        "orType": []\n      }\n    },\n    {\n      "table": "EMPLOYEE_DATA",\n      "inMappingColumn": "EMPLOYEE_MASTER_ID",\n      "outMappingColumn": "CURRENT_EXTERNAL_ANALYSIS_DATA_ID",\n      "level": 2,\n      "conditions": {\n        "andType": [],\n        "orType": []\n      }\n    },\n    {\n      "table": "EXTERNAL_ANALYSIS_DATA",\n      "inMappingColumn": "EXTERNAL_ANALYSIS_DATA_ID",\n      "outMappingColumn": "",\n      "level": 3,\n     "keepsDuplicate": true,\n      "conditions": {\n        "andType": [],\n        "orType": []\n      }\n    }\n  ]\n}', 'EXTERNAL_ANALYSIS_DATA', 'DESCRIPTION', 'MARKET DATA', '3', 'SINGLE', 1, NULL, NULL, NULL, b'0', b'1', 'SUM', 'ACTIVE', '2016-04-27 01:57:16', '2021-02-10 18:45:29'),
	(359, 1, 1, 'New_External_Data_Desc', 'External Analysyis Data Desc', 'New External Data Desc', '{\n"onChange": true,\n"isTransitive": true,\n  "steps": [\n    {\n      "table": "EMPLOYEE_MASTER",\n      "inMappingColumn": "",\n      "outMappingColumn": "EMPLOYEE_MASTER_ID",\n      "level": 1,\n      "conditions": {\n        "andType": [],\n        "orType": []\n      }\n    },\n    {\n      "table": "EMPLOYEE_DATA",\n      "inMappingColumn": "EMPLOYEE_MASTER_ID",\n      "outMappingColumn": "NEW_EXTERNAL_ANALYSIS_DATA_ID",\n      "level": 2,\n      "conditions": {\n        "andType": [],\n        "orType": []\n      }\n    },\n    {\n      "table": "EXTERNAL_ANALYSIS_DATA",\n      "inMappingColumn": "EXTERNAL_ANALYSIS_DATA_ID",\n      "outMappingColumn": "",\n      "level": 3,\n     "keepsDuplicate": true,\n      "conditions": {\n        "andType": [],\n        "orType": []\n      }\n    }\n  ]\n}', 'EXTERNAL_ANALYSIS_DATA', 'DESCRIPTION', 'MARKET DATA', '3', 'SINGLE', 1, NULL, NULL, NULL, b'0', b'1', NULL, 'ACTIVE', '2016-04-27 01:57:16', '2021-02-25 17:50:12'),
	(360, 1, 1, 'Current_External_Data_Extra_Desc', 'External Analysyis Data Extra Desc', 'Current External Data Extra Desc', '{\n  "steps": [\n    {\n      "table": "EMPLOYEE_MASTER",\n      "inMappingColumn": "",\n      "outMappingColumn": "EMPLOYEE_MASTER_ID",\n      "level": 1,\n      "conditions": {\n        "andType": [],\n        "orType": []\n      }\n    },\n    {\n      "table": "EMPLOYEE_DATA",\n      "inMappingColumn": "EMPLOYEE_MASTER_ID",\n      "outMappingColumn": "CURRENT_EXTERNAL_ANALYSIS_DATA_EXTRA_ID",\n      "level": 2,\n      "conditions": {\n        "andType": [],\n        "orType": []\n      }\n    },\n    {\n      "table": "EXTERNAL_ANALYSIS_DATA_EXTRA",\n      "inMappingColumn": "EXTERNAL_ANALYSIS_DATA_EXTRA_ID",\n      "outMappingColumn": "",\n      "level": 3,\n     "keepsDuplicate": true,\n      "conditions": {\n        "andType": [],\n        "orType": []\n      }\n    }\n  ]\n}', 'EXTERNAL_ANALYSIS_DATA_EXTRA', 'DESCRIPTION', 'MARKET DATA', '3', 'SINGLE', 1, NULL, NULL, NULL, b'0', b'1', 'SUM', 'ACTIVE', '2016-04-27 01:57:16', '2021-02-10 18:45:56'),
	(361, 1, 1, 'New_External_Data_Extra_Desc', 'External Analysyis Data Extra Desc', 'New External Data Extra Desc', '{\n  "steps": [\n    {\n      "table": "EMPLOYEE_MASTER",\n      "inMappingColumn": "",\n      "outMappingColumn": "EMPLOYEE_MASTER_ID",\n      "level": 1,\n      "conditions": {\n        "andType": [],\n        "orType": []\n      }\n    },\n    {\n      "table": "EMPLOYEE_DATA",\n      "inMappingColumn": "EMPLOYEE_MASTER_ID",\n      "outMappingColumn": "CURRENT_EXTERNAL_ANALYSIS_DATA_EXTRA_ID",\n      "level": 2,\n      "conditions": {\n        "andType": [],\n        "orType": []\n      }\n    },\n    {\n      "table": "EXTERNAL_ANALYSIS_DATA_EXTRA",\n      "inMappingColumn": "EXTERNAL_ANALYSIS_DATA_EXTRA_ID",\n      "outMappingColumn": "",\n      "level": 3,\n     "keepsDuplicate": true,\n      "conditions": {\n        "andType": [],\n        "orType": []\n      }\n    }\n  ]\n}', 'EXTERNAL_ANALYSIS_DATA_EXTRA', 'DESCRIPTION', 'MARKET DATA', '3', 'SINGLE', 1, NULL, NULL, NULL, b'0', b'1', NULL, 'ACTIVE', '2016-04-27 01:57:16', '2021-02-10 18:40:51'),
	(362, 1, 1, 'New_Payscale_Min_Value', 'Lowest value of internal data', 'New Payscale Min Value', '{\n"onChange": true,\n"isTransitive": true,\n  "steps": [\n    {\n      "table": "EMPLOYEE_MASTER",\n      "inMappingColumn": "",\n      "outMappingColumn": "EMPLOYEE_MASTER_ID",\n      "level": 1,\n      "conditions": {\n        "andType": [],\n        "orType": []\n      }\n    },\n    {\n      "table": "EMPLOYEE_DATA",\n      "inMappingColumn": "EMPLOYEE_MASTER_ID",\n      "outMappingColumn": "NEW_INTERNAL_ANALYSIS_DATA_ID",\n      "level": 2,\n      "conditions": {\n        "andType": [],\n        "orType": []\n      }\n    },\n    {\n      "table": "INTERNAL_ANALYSIS_DATA",\n      "inMappingColumn": "INTERNAL_ANALYSIS_DATA_ID",\n      "outMappingColumn": "",\n      "level": 3,\n     "keepsDuplicate": true,\n      "conditions": {\n        "andType": [],\n        "orType": []\n      }\n    }\n  ]\n}', 'INTERNAL_ANALYSIS_DATA', 'PAYSCALE_MIN_VALUE', 'INTERNAL DATA', '90000', 'SINGLE', 5, NULL, NULL, NULL, b'0', b'1', NULL, 'ACTIVE', '2015-06-08 15:37:10', '2021-02-25 17:50:18'),
	(363, 1, 1, 'New_Payscale_Mid_Value', 'Mid value of internal data', 'New Payscale Mid Value', '{\n"onChange": true,\n"isTransitive": true,\n  "steps": [\n    {\n      "table": "EMPLOYEE_MASTER",\n      "inMappingColumn": "",\n      "outMappingColumn": "EMPLOYEE_MASTER_ID",\n      "level": 1,\n      "conditions": {\n        "andType": [],\n        "orType": []\n      }\n    },\n    {\n      "table": "EMPLOYEE_DATA",\n      "inMappingColumn": "EMPLOYEE_MASTER_ID",\n      "outMappingColumn": "NEW_INTERNAL_ANALYSIS_DATA_ID",\n      "level": 2,\n      "conditions": {\n        "andType": [],\n        "orType": []\n      }\n    },\n    {\n      "table": "INTERNAL_ANALYSIS_DATA",\n      "inMappingColumn": "INTERNAL_ANALYSIS_DATA_ID",\n      "outMappingColumn": "",\n      "level": 3,\n     "keepsDuplicate": true,\n      "conditions": {\n        "andType": [],\n        "orType": []\n      }\n    }\n  ]\n}', 'INTERNAL_ANALYSIS_DATA', 'PAYSCALE_MID_VALUE', 'INTERNAL DATA', '90000', 'SINGLE', 5, NULL, NULL, NULL, b'0', b'1', NULL, 'ACTIVE', '2015-06-08 15:37:10', '2021-02-25 17:50:25'),
	(364, 1, 1, 'New_Payscale_Max_Value', 'Max value of internal data', 'New Payscale Max Value', '{\n"onChange": true,\n"isTransitive": true,\n  "steps": [\n    {\n      "table": "EMPLOYEE_MASTER",\n      "inMappingColumn": "",\n      "outMappingColumn": "EMPLOYEE_MASTER_ID",\n      "level": 1,\n      "conditions": {\n        "andType": [],\n        "orType": []\n      }\n    },\n    {\n      "table": "EMPLOYEE_DATA",\n      "inMappingColumn": "EMPLOYEE_MASTER_ID",\n      "outMappingColumn": "NEW_INTERNAL_ANALYSIS_DATA_ID",\n      "level": 2,\n      "conditions": {\n        "andType": [],\n        "orType": []\n      }\n    },\n    {\n      "table": "INTERNAL_ANALYSIS_DATA",\n      "inMappingColumn": "INTERNAL_ANALYSIS_DATA_ID",\n      "outMappingColumn": "",\n      "level": 3,\n     "keepsDuplicate": true,\n      "conditions": {\n        "andType": [],\n        "orType": []\n      }\n    }\n  ]\n}', 'INTERNAL_ANALYSIS_DATA', 'PAYSCALE_MAX_VALUE', 'INTERNAL DATA', '90000', 'SINGLE', 5, NULL, NULL, NULL, b'0', b'1', NULL, 'ACTIVE', '2015-06-08 15:37:10', '2021-02-25 17:50:30'),
	(365, 1, 1, 'New_Internal_Analysis_Name', 'Internal Analysyis Name', 'New Internal Analysis Name', '{\n"onChange": true,\n"isTransitive": true,\n  "steps": [\n    {\n      "table": "EMPLOYEE_MASTER",\n      "inMappingColumn": "",\n      "outMappingColumn": "EMPLOYEE_MASTER_ID",\n      "level": 1,\n      "conditions": {\n        "andType": [],\n        "orType": []\n      }\n    },\n    {\n      "table": "EMPLOYEE_DATA",\n      "inMappingColumn": "EMPLOYEE_MASTER_ID",\n      "outMappingColumn": "NEW_INTERNAL_ANALYSIS_DATA_ID",\n      "level": 2,\n      "conditions": {\n        "andType": [],\n        "orType": []\n      }\n    },\n    {\n      "table": "INTERNAL_ANALYSIS_DATA",\n      "inMappingColumn": "INTERNAL_ANALYSIS_DATA_ID",\n      "outMappingColumn": "",\n      "level": 3,\n     "keepsDuplicate": true,\n      "conditions": {\n        "andType": [],\n        "orType": []\n      }\n    }\n  ]\n}', 'INTERNAL_ANALYSIS_DATA', 'NAME', 'INTERNAL DATA', 'code1', 'SINGLE', 1, NULL, NULL, NULL, b'0', b'1', NULL, 'ACTIVE', '2016-04-27 01:57:16', '2021-02-25 17:50:36'),
	(366, 1, 1, 'Internal_Analysis_Desc', 'Internal Analysyis Desc', 'Internal Analysis Desc', '{\n  "steps": [\n    {\n      "table": "EMPLOYEE_MASTER",\n      "inMappingColumn": "",\n      "outMappingColumn": "EMPLOYEE_MASTER_ID",\n      "level": 1,\n      "conditions": {\n        "andType": [],\n        "orType": []\n      }\n    },\n    {\n      "table": "EMPLOYEE_DATA",\n      "inMappingColumn": "EMPLOYEE_MASTER_ID",\n      "outMappingColumn": "CURRENT_INTERNAL_ANALYSIS_DATA_ID",\n      "level": 2,\n      "conditions": {\n        "andType": [],\n        "orType": []\n      }\n    },\n    {\n      "table": "INTERNAL_ANALYSIS_DATA",\n      "inMappingColumn": "INTERNAL_ANALYSIS_DATA_ID",\n      "outMappingColumn": "",\n      "level": 3,\n      "conditions": {\n        "andType": [],\n        "orType": []\n      }\n    }\n  ]\n}', 'INTERNAL_ANALYSIS_DATA', 'DESCRIPTION', 'INTERNAL DATA', 'code1', 'SINGLE', 1, NULL, NULL, NULL, b'0', b'1', NULL, 'ACTIVE', '2016-04-27 01:57:16', '2020-07-30 12:31:20'),
	(367, 1, 1, 'New_Internal_Analysis_Desc', 'Internal Analysyis Desc', 'New Internal Analysis Desc', '{\n  "steps": [\n    {\n      "table": "EMPLOYEE_MASTER",\n      "inMappingColumn": "",\n      "outMappingColumn": "EMPLOYEE_MASTER_ID",\n      "level": 1,\n      "conditions": {\n        "andType": [],\n        "orType": []\n      }\n    },\n    {\n      "table": "EMPLOYEE_DATA",\n      "inMappingColumn": "EMPLOYEE_MASTER_ID",\n      "outMappingColumn": "NEW_INTERNAL_ANALYSIS_DATA_ID",\n      "level": 2,\n      "conditions": {\n        "andType": [],\n        "orType": []\n      }\n    },\n    {\n      "table": "INTERNAL_ANALYSIS_DATA",\n      "inMappingColumn": "INTERNAL_ANALYSIS_DATA_ID",\n      "outMappingColumn": "",\n      "level": 3,\n     "keepsDuplicate": true,\n      "conditions": {\n        "andType": [],\n        "orType": []\n      }\n    }\n  ]\n}', 'INTERNAL_ANALYSIS_DATA', 'DESCRIPTION', 'INTERNAL DATA', 'code1', 'SINGLE', 1, NULL, NULL, NULL, b'0', b'1', NULL, 'ACTIVE', '2016-04-27 01:57:16', '2021-02-10 18:41:19'),
	(368, 1, 1, 'Current_Min_Value', 'Lowest value of internal data', 'Current Min Value', '{\n  "steps": [\n    {\n      "table": "EMPLOYEE_MASTER",\n      "inMappingColumn": "",\n      "outMappingColumn": "EMPLOYEE_MASTER_ID",\n      "level": 1,\n      "conditions": {\n        "andType": [],\n        "orType": []\n      }\n    },\n    {\n      "table": "EMPLOYEE_DATA",\n      "inMappingColumn": "EMPLOYEE_MASTER_ID",\n      "outMappingColumn": "CURRENT_INTERNAL_ANALYSIS_DATA_ID",\n      "level": 2,\n      "conditions": {\n        "andType": [],\n        "orType": []\n      }\n    },\n    {\n      "table": "INTERNAL_ANALYSIS_DATA",\n      "inMappingColumn": "INTERNAL_ANALYSIS_DATA_ID",\n      "outMappingColumn": "",\n      "level": 3,\n     "keepsDuplicate": true,\n      "conditions": {\n        "andType": [],\n        "orType": []\n      }\n    }\n  ]\n}', 'INTERNAL_ANALYSIS_DATA', 'CURRENT_MIN_VALUE', 'INTERNAL DATA', '90000', 'SINGLE', 5, NULL, NULL, NULL, b'0', b'1', NULL, 'ACTIVE', '2015-06-08 15:37:10', '2021-02-10 18:46:03'),
	(369, 1, 1, 'Current_Mid_Value', 'Mid value of internal data', 'Current Mid Value', '{\n  "steps": [\n    {\n      "table": "EMPLOYEE_MASTER",\n      "inMappingColumn": "",\n      "outMappingColumn": "EMPLOYEE_MASTER_ID",\n      "level": 1,\n      "conditions": {\n        "andType": [],\n        "orType": []\n      }\n    },\n    {\n      "table": "EMPLOYEE_DATA",\n      "inMappingColumn": "EMPLOYEE_MASTER_ID",\n      "outMappingColumn": "CURRENT_INTERNAL_ANALYSIS_DATA_ID",\n      "level": 2,\n      "conditions": {\n        "andType": [],\n        "orType": []\n      }\n    },\n    {\n      "table": "INTERNAL_ANALYSIS_DATA",\n      "inMappingColumn": "INTERNAL_ANALYSIS_DATA_ID",\n      "outMappingColumn": "",\n      "level": 3,\n     "keepsDuplicate": true,\n      "conditions": {\n        "andType": [],\n        "orType": []\n      }\n    }\n  ]\n}', 'INTERNAL_ANALYSIS_DATA', 'CURRENT_MID_VALUE', 'INTERNAL DATA', '90000', 'SINGLE', 5, NULL, NULL, NULL, b'0', b'1', NULL, 'ACTIVE', '2015-06-08 15:37:10', '2021-02-10 18:46:08'),
	(370, 1, 1, 'Current_Max_Value', 'Max value of internal data', 'Current Max Value', '{\n  "steps": [\n    {\n      "table": "EMPLOYEE_MASTER",\n      "inMappingColumn": "",\n      "outMappingColumn": "EMPLOYEE_MASTER_ID",\n      "level": 1,\n      "conditions": {\n        "andType": [],\n        "orType": []\n      }\n    },\n    {\n      "table": "EMPLOYEE_DATA",\n      "inMappingColumn": "EMPLOYEE_MASTER_ID",\n      "outMappingColumn": "CURRENT_INTERNAL_ANALYSIS_DATA_ID",\n      "level": 2,\n      "conditions": {\n        "andType": [],\n        "orType": []\n      }\n    },\n    {\n      "table": "INTERNAL_ANALYSIS_DATA",\n      "inMappingColumn": "INTERNAL_ANALYSIS_DATA_ID",\n      "outMappingColumn": "",\n      "level": 3,\n     "keepsDuplicate": true,\n      "conditions": {\n        "andType": [],\n        "orType": []\n      }\n    }\n  ]\n}', 'INTERNAL_ANALYSIS_DATA', 'CURRENT_MAX_VALUE', 'INTERNAL DATA', '90000', 'SINGLE', 5, NULL, NULL, NULL, b'0', b'1', NULL, 'ACTIVE', '2015-06-08 15:37:10', '2021-02-10 18:46:12'),
	(371, 1, 1, 'New_Current_Min_Value', 'Lowest value of internal data', 'New Current Min Value', '{\n"onChange": true,\n"isTransitive": true,\n  "steps": [\n    {\n      "table": "EMPLOYEE_MASTER",\n      "inMappingColumn": "",\n      "outMappingColumn": "EMPLOYEE_MASTER_ID",\n      "level": 1,\n      "conditions": {\n        "andType": [],\n        "orType": []\n      }\n    },\n    {\n      "table": "EMPLOYEE_DATA",\n      "inMappingColumn": "EMPLOYEE_MASTER_ID",\n      "outMappingColumn": "NEW_INTERNAL_ANALYSIS_DATA_ID",\n      "level": 2,\n      "conditions": {\n        "andType": [],\n        "orType": []\n      }\n    },\n    {\n      "table": "INTERNAL_ANALYSIS_DATA",\n      "inMappingColumn": "INTERNAL_ANALYSIS_DATA_ID",\n      "outMappingColumn": "",\n      "level": 3,\n     "keepsDuplicate": true,\n      "conditions": {\n        "andType": [],\n        "orType": []\n      }\n    }\n  ]\n}', 'INTERNAL_ANALYSIS_DATA', 'CURRENT_MIN_VALUE', 'INTERNAL DATA', '90000', 'SINGLE', 5, NULL, NULL, NULL, b'0', b'1', NULL, 'ACTIVE', '2015-06-08 15:37:10', '2021-02-25 17:50:41'),
	(372, 1, 1, 'New_Current_Mid_Value', 'Mid value of internal data', 'New Current Mid Value', '{\n"onChange": true,\n"isTransitive": true,\n  "steps": [\n    {\n      "table": "EMPLOYEE_MASTER",\n      "inMappingColumn": "",\n      "outMappingColumn": "EMPLOYEE_MASTER_ID",\n      "level": 1,\n      "conditions": {\n        "andType": [],\n        "orType": []\n      }\n    },\n    {\n      "table": "EMPLOYEE_DATA",\n      "inMappingColumn": "EMPLOYEE_MASTER_ID",\n      "outMappingColumn": "NEW_INTERNAL_ANALYSIS_DATA_ID",\n      "level": 2,\n      "conditions": {\n        "andType": [],\n        "orType": []\n      }\n    },\n    {\n      "table": "INTERNAL_ANALYSIS_DATA",\n      "inMappingColumn": "INTERNAL_ANALYSIS_DATA_ID",\n      "outMappingColumn": "",\n      "level": 3,\n     "keepsDuplicate": true,\n      "conditions": {\n        "andType": [],\n        "orType": []\n      }\n    }\n  ]\n}', 'INTERNAL_ANALYSIS_DATA', 'CURRENT_MID_VALUE', 'INTERNAL DATA', '90000', 'SINGLE', 5, NULL, NULL, NULL, b'0', b'1', NULL, 'ACTIVE', '2015-06-08 15:37:10', '2021-02-25 17:50:46'),
	(373, 1, 1, 'New_Current_Max_Value', 'Max value of internal data', 'New Current Max Value', '{\n"onChange": true,\n"isTransitive": true,\n  "steps": [\n    {\n      "table": "EMPLOYEE_MASTER",\n      "inMappingColumn": "",\n      "outMappingColumn": "EMPLOYEE_MASTER_ID",\n      "level": 1,\n      "conditions": {\n        "andType": [],\n        "orType": []\n      }\n    },\n    {\n      "table": "EMPLOYEE_DATA",\n      "inMappingColumn": "EMPLOYEE_MASTER_ID",\n      "outMappingColumn": "NEW_INTERNAL_ANALYSIS_DATA_ID",\n      "level": 2,\n      "conditions": {\n        "andType": [],\n        "orType": []\n      }\n    },\n    {\n      "table": "INTERNAL_ANALYSIS_DATA",\n      "inMappingColumn": "INTERNAL_ANALYSIS_DATA_ID",\n      "outMappingColumn": "",\n      "level": 3,\n     "keepsDuplicate": true,\n      "conditions": {\n        "andType": [],\n        "orType": []\n      }\n    }\n  ]\n}', 'INTERNAL_ANALYSIS_DATA', 'CURRENT_MAX_VALUE', 'INTERNAL DATA', '90000', 'SINGLE', 5, NULL, NULL, NULL, b'0', b'1', NULL, 'ACTIVE', '2015-06-08 15:37:10', '2021-02-25 17:50:50'),
	(374, 1, 1, 'Adjustment_Note', 'Adjustment_Note', 'Adjustment Note', '{\n  "steps": [\n    {\n      "table": "BASEPAY_MASTER",\n      "inMappingColumn": "",\n      "outMappingColumn": "EMPLOYEE_MASTER_ID",\n      "level": 1,\n      "conditions": {\n        "andType": [\n{\n            "columnName": "COMPENSATION_INCREASE_TYPE_ID", \n             "columnValue": 7\n         }\n         ],\n        "orType": []\n      }\n    }\n  ]\n}', 'BASEPAY_MASTER', 'NOTE', 'ADJUSTMENT', 'test', 'SINGLE', 15, NULL, NULL, NULL, b'0', b'0', 'SUM', 'ACTIVE', '2016-04-27 01:57:16', '2020-07-30 11:21:17'),
	(375, 1, 1, 'Lumpsum_Note', 'Lumpsum_Note', 'Lumpsum Note', '{\n  "steps": [\n    {\n      "table": "BASEPAY_MASTER",\n      "inMappingColumn": "",\n      "outMappingColumn": "EMPLOYEE_MASTER_ID",\n      "level": 1,\n      "conditions": {\n        "andType": [\n{\n            "columnName": "COMPENSATION_INCREASE_TYPE_ID", \n             "columnValue": 11\n         }\n         ],\n        "orType": []\n      }\n    }\n  ]\n}', 'BASEPAY_MASTER', 'NOTE', 'LUMPSUM', 'test', 'SINGLE', 15, NULL, NULL, NULL, b'0', b'0', 'SUM', 'ACTIVE', '2016-04-27 01:57:16', '2020-07-30 11:22:15'),
	(376, 1, 1, 'Company_Bonus_Target_Amount', 'Company Target Amount', 'Company Bonus Target Amount', '{\n  "steps": [\n    {\n      "table": "BONUS_MASTER",\n      "inMappingColumn": "",\n      "outMappingColumn": "EMPLOYEE_MASTER_ID",\n      "level": 1,\n      "conditions": {\n        "andType": [{\n            "columnName": "COMPENSATION_INCREASE_TYPE_ID", \n             "columnValue": 3\n         }],\n        "orType": []\n      }\n    }\n  ]\n}', 'BONUS_MASTER', 'Company_Target_Amount', 'ANNUAL BONUS', '25000.0', 'SINGLE', 5, NULL, NULL, NULL, b'0', b'0', 'SUM', 'ACTIVE', '2016-04-27 01:57:16', '2020-07-30 11:31:13'),
	(377, 1, 1, 'Company_Bonus_Target_Percent', 'Company Target Percent', 'Company Bonus Target Percent', '{\n  "steps": [\n    {\n      "table": "BONUS_MASTER",\n      "inMappingColumn": "",\n      "outMappingColumn": "EMPLOYEE_MASTER_ID",\n      "level": 1,\n      "conditions": {\n        "andType": [{\n            "columnName": "COMPENSATION_INCREASE_TYPE_ID", \n             "columnValue": 3\n         }],\n        "orType": []\n      }\n    }\n  ]\n}', 'BONUS_MASTER', 'Company_Target_Percent', 'ANNUAL BONUS', '25000.0', 'SINGLE', 11, NULL, NULL, NULL, b'0', b'0', 'SUM', 'ACTIVE', '2016-04-27 01:57:16', '2020-07-30 11:31:13'),
	(378, 1, 1, 'Company_Bonus_Funding', 'Company Funding', 'Company Bonus Funding', '{\n  "steps": [\n    {\n      "table": "BONUS_MASTER",\n      "inMappingColumn": "",\n      "outMappingColumn": "EMPLOYEE_MASTER_ID",\n      "level": 1,\n      "conditions": {\n        "andType": [{\n            "columnName": "COMPENSATION_INCREASE_TYPE_ID", \n             "columnValue": 3\n         }],\n        "orType": []\n      }\n    }\n  ]\n}', 'BONUS_MASTER', 'Company_Funding', 'ANNUAL BONUS', '25000.0', 'SINGLE', 11, NULL, NULL, NULL, b'0', b'0', 'SUM', 'ACTIVE', '2016-04-27 01:57:16', '2020-07-30 11:31:13'),
	(379, 1, 1, 'Company_Bonus_Payout', 'Company Payout', 'Company Bonus Payout', '{\n  "steps": [\n    {\n      "table": "BONUS_MASTER",\n      "inMappingColumn": "",\n      "outMappingColumn": "EMPLOYEE_MASTER_ID",\n      "level": 1,\n      "conditions": {\n        "andType": [{\n            "columnName": "COMPENSATION_INCREASE_TYPE_ID", \n             "columnValue": 3\n         }],\n        "orType": []\n      }\n    }\n  ]\n}', 'BONUS_MASTER', 'Company_Payout', 'ANNUAL BONUS', '25000.0', 'SINGLE', 5, NULL, NULL, NULL, b'0', b'0', 'SUM', 'ACTIVE', '2016-04-27 01:57:16', '2020-07-30 11:31:13'),
	(380, 1, 1, 'Bonus_Plan_Name', 'Bonus_Plan_Name', 'Bonus Plan Name', '{\n  "steps": [\n    {\n      "table": "BONUS_MASTER",\n      "inMappingColumn": "",\n      "outMappingColumn": "EMPLOYEE_MASTER_ID",\n      "level": 1,\n      "conditions": {\n        "andType": [{\n            "columnName": "COMPENSATION_INCREASE_TYPE_ID", \n             "columnValue": 3\n         }],\n        "orType": []\n      }\n    }\n  ]\n}', 'BONUS_MASTER', 'Plan_Name', 'ANNUAL BONUS', '25000.0', 'SINGLE', 15, NULL, NULL, NULL, b'0', b'0', 'SUM', 'ACTIVE', '2016-04-27 01:57:16', '2020-07-30 11:31:13'),
	(381, 1, 1, 'Team_Bonus_Target_Amount', 'Team Target Amount', 'Team Bonus Target Amount', '{\n  "steps": [\n    {\n      "table": "BONUS_MASTER",\n      "inMappingColumn": "",\n      "outMappingColumn": "EMPLOYEE_MASTER_ID",\n      "level": 1,\n      "conditions": {\n        "andType": [{\n            "columnName": "COMPENSATION_INCREASE_TYPE_ID", \n             "columnValue": 3\n         }],\n        "orType": []\n      }\n    }\n  ]\n}', 'BONUS_MASTER', 'Team_Target_Amount', 'ANNUAL BONUS', '25000.0', 'SINGLE', 5, NULL, NULL, NULL, b'0', b'0', 'SUM', 'ACTIVE', '2016-04-27 01:57:16', '2020-07-30 11:31:13'),
	(382, 1, 1, 'Team_Bonus_Target_Percent', 'Team Target Percent', 'Team Bonus Target Percent', '{\n  "steps": [\n    {\n      "table": "BONUS_MASTER",\n      "inMappingColumn": "",\n      "outMappingColumn": "EMPLOYEE_MASTER_ID",\n      "level": 1,\n      "conditions": {\n        "andType": [{\n            "columnName": "COMPENSATION_INCREASE_TYPE_ID", \n             "columnValue": 3\n         }],\n        "orType": []\n      }\n    }\n  ]\n}', 'BONUS_MASTER', 'Team_Target_Percent', 'ANNUAL BONUS', '25000.0', 'SINGLE', 11, NULL, NULL, NULL, b'0', b'0', 'SUM', 'ACTIVE', '2016-04-27 01:57:16', '2020-07-30 11:31:13'),
	(383, 1, 1, 'Team_Bonus_Funding', 'Team Payout', 'Team Bonus Funding', '{\n  "steps": [\n    {\n      "table": "BONUS_MASTER",\n      "inMappingColumn": "",\n      "outMappingColumn": "EMPLOYEE_MASTER_ID",\n      "level": 1,\n      "conditions": {\n        "andType": [{\n            "columnName": "COMPENSATION_INCREASE_TYPE_ID", \n             "columnValue": 3\n         }],\n        "orType": []\n      }\n    }\n  ]\n}', 'BONUS_MASTER', 'Team_Funding', 'ANNUAL BONUS', '25000.0', 'SINGLE', 5, NULL, NULL, NULL, b'0', b'0', 'SUM', 'ACTIVE', '2016-04-27 01:57:16', '2020-07-30 11:31:13'),
	(384, 1, 1, 'Team_Bonus_Payout', 'Team Payout', 'Team Bonus Payout', '{\n  "steps": [\n    {\n      "table": "BONUS_MASTER",\n      "inMappingColumn": "",\n      "outMappingColumn": "EMPLOYEE_MASTER_ID",\n      "level": 1,\n      "conditions": {\n        "andType": [{\n            "columnName": "COMPENSATION_INCREASE_TYPE_ID", \n             "columnValue": 3\n         }],\n        "orType": []\n      }\n    }\n  ]\n}', 'BONUS_MASTER', 'Team_Payout', 'ANNUAL BONUS', '25000.0', 'SINGLE', 5, NULL, NULL, NULL, b'0', b'0', 'SUM', 'ACTIVE', '2016-04-27 01:57:16', '2020-07-30 11:31:13'),
	(385, 1, 1, 'Individual_Bonus_Target_Amount', 'Individual Target Amount', 'Individual Bonus Target Amount', '{\n  "steps": [\n    {\n      "table": "BONUS_MASTER",\n      "inMappingColumn": "",\n      "outMappingColumn": "EMPLOYEE_MASTER_ID",\n      "level": 1,\n      "conditions": {\n        "andType": [{\n            "columnName": "COMPENSATION_INCREASE_TYPE_ID", \n             "columnValue": 3\n         }],\n        "orType": []\n      }\n    }\n  ]\n}', 'BONUS_MASTER', 'Individual_Target_Amount', 'ANNUAL BONUS', '25000.0', 'SINGLE', 5, NULL, NULL, NULL, b'0', b'0', 'SUM', 'ACTIVE', '2016-04-27 01:57:16', '2020-07-30 11:31:13'),
	(386, 1, 1, 'Individual_Bonus_Target_Percent', 'Individual Target Percent', 'Individual Bonus Target Percent', '{\n  "steps": [\n    {\n      "table": "BONUS_MASTER",\n      "inMappingColumn": "",\n      "outMappingColumn": "EMPLOYEE_MASTER_ID",\n      "level": 1,\n      "conditions": {\n        "andType": [{\n            "columnName": "COMPENSATION_INCREASE_TYPE_ID", \n             "columnValue": 3\n         }],\n        "orType": []\n      }\n    }\n  ]\n}', 'BONUS_MASTER', 'Individual_Target_Percent', 'ANNUAL BONUS', '25000.0', 'SINGLE', 11, NULL, NULL, NULL, b'0', b'0', 'SUM', 'ACTIVE', '2016-04-27 01:57:16', '2020-07-30 11:31:13'),
	(387, 1, 1, 'Individual_Bonus_Funding', 'Individual Funding', 'Individual Bonus Funding', '{\n  "steps": [\n    {\n      "table": "BONUS_MASTER",\n      "inMappingColumn": "",\n      "outMappingColumn": "EMPLOYEE_MASTER_ID",\n      "level": 1,\n      "conditions": {\n        "andType": [{\n            "columnName": "COMPENSATION_INCREASE_TYPE_ID", \n             "columnValue": 3\n         }],\n        "orType": []\n      }\n    }\n  ]\n}', 'BONUS_MASTER', 'Individual_Funding', 'ANNUAL BONUS', '25000.0', 'SINGLE', 11, NULL, NULL, NULL, b'0', b'0', 'SUM', 'ACTIVE', '2016-04-27 01:57:16', '2020-07-30 11:31:13'),
	(388, 1, 1, 'Individual_Bonus_Payout', 'Individual Payout', 'Individual Bonus Payout', '{\n  "steps": [\n    {\n      "table": "BONUS_MASTER",\n      "inMappingColumn": "",\n      "outMappingColumn": "EMPLOYEE_MASTER_ID",\n      "level": 1,\n      "conditions": {\n        "andType": [{\n            "columnName": "COMPENSATION_INCREASE_TYPE_ID", \n             "columnValue": 3\n         }],\n        "orType": []\n      }\n    }\n  ]\n}', 'BONUS_MASTER', 'Individual_Payout', 'ANNUAL BONUS', '25000.0', 'SINGLE', 5, 52, NULL, NULL, b'0', b'0', 'SUM', 'ACTIVE', '2016-04-27 01:57:16', '2020-07-30 11:31:13'),
	(389, 1, 1, 'Bonus_Effective_Date', 'Bonus EffectiveDate', 'Bonus Effective Date', '{\n  "steps": [\n    {\n      "table": "BONUS_MASTER",\n      "inMappingColumn": "",\n      "outMappingColumn": "EMPLOYEE_MASTER_ID",\n      "level": 1,\n      "conditions": {\n        "andType": [{\n            "columnName": "COMPENSATION_INCREASE_TYPE_ID", \n             "columnValue": 3\n         }],\n        "orType": []\n      }\n    }\n  ]\n}', 'BONUS_MASTER', 'EFFECTIVE_DATE', 'ANNUAL BONUS', '', 'SINGLE', 7, NULL, NULL, NULL, b'0', b'0', 'SUM', 'ACTIVE', '2016-04-27 01:57:16', '2020-07-30 11:31:13'),
	(390, 1, 1, 'HRMS_ID', 'HRMS ID', 'HRMS ID', '{\n  "steps": [\n    {\n      "table": "EMPLOYEE_MASTER",\n      "inMappingColumn": "",\n      "outMappingColumn": "EMPLOYEE_MASTER_ID",\n      "level": 1,\n      "conditions": {\n        "andType": [],\n        "orType": []\n      }\n    }\n  ]\n}', 'EMPLOYEE_MASTER', 'HRMS_ID', 'DEMOGRAPHICS', '27834', 'SINGLE', 2, NULL, NULL, NULL, b'0', b'0', NULL, 'ACTIVE', '2016-04-27 01:56:50', '2020-07-30 11:24:46'),
	(394, 1, 1, 'New_Job_Title', 'New Job TItle', 'New Job Title', '{\n  "steps": [\n    {\n      "table": "EMPLOYEE_MASTER",\n      "inMappingColumn": "",\n      "outMappingColumn": "EMPLOYEE_MASTER_ID",\n      "level": 1,\n      "conditions": {\n        "andType": [],\n        "orType": []\n      }\n    },\n    {\n      "table": "EMPLOYEE_DATA",\n      "inMappingColumn": "EMPLOYEE_MASTER_ID",\n      "outMappingColumn": "NEW_JOB_ID",\n      "level": 2,\n      "conditions": {\n        "andType": [],\n        "orType": []\n      }\n    },\n    {\n      "table": "job",\n      "inMappingColumn": "JOB_ID",\n      "outMappingColumn": "",\n      "level": 3,\n      "keepsDuplicate": true,\n      "conditions": {\n        "andType": [],\n        "orType": []\n      }\n    }\n  ]\n}', 'JOB', 'JOB_TITLE', 'JOB', '3', 'MULTI', 1, NULL, NULL, NULL, b'0', b'0', 'SUM', 'ACTIVE', '2016-04-27 01:57:16', '2020-07-30 11:34:16'),
	(395, 1, 1, 'Promotion_Job_Code', 'Current Job Code', 'Promotion Job Code', '{\n"onChange": true,\n  "steps": [\n    {\n      "table": "EMPLOYEE_MASTER",\n      "inMappingColumn": "",\n      "outMappingColumn": "EMPLOYEE_MASTER_ID",\n      "level": 1,\n      "conditions": {\n        "andType": [],\n        "orType": []\n      }\n    },\n    {\n      "table": "EMPLOYEE_DATA",\n      "inMappingColumn": "EMPLOYEE_MASTER_ID",\n      "outMappingColumn": "NEW_JOB_ID",\n      "level": 2,\n      "conditions": {\n        "andType": [],\n        "orType": []\n      }\n    },\n    {\n      "table": "job",\n      "inMappingColumn": "JOB_ID",\n      "outMappingColumn": "",\n      "level": 3,\n      "keepsDuplicate": true,\n      "conditions": {\n        "andType": [],\n        "orType": []\n      }\n    }\n  ]\n}', 'JOB', 'JOB_CODE', 'PROMOTION', '3', 'MULTI', 1, NULL, NULL, NULL, b'0', b'0', 'SUM', 'ACTIVE', '2016-04-27 01:57:16', '2021-02-10 18:29:50'),
	(396, 1, 1, 'Promotion_Job_Name', 'Job name', 'Promotion Job Name', '{\n"onChange": true,\n  "steps": [\n    {\n      "table": "EMPLOYEE_MASTER",\n      "inMappingColumn": "",\n      "outMappingColumn": "EMPLOYEE_MASTER_ID",\n      "level": 1,\n      "conditions": {\n        "andType": [],\n        "orType": []\n      }\n    },\n    {\n      "table": "EMPLOYEE_DATA",\n      "inMappingColumn": "EMPLOYEE_MASTER_ID",\n      "outMappingColumn": "NEW_JOB_ID",\n      "level": 2,\n      "conditions": {\n        "andType": [],\n        "orType": []\n      }\n    },\n    {\n      "table": "job",\n      "inMappingColumn": "JOB_ID",\n      "outMappingColumn": "",\n      "level": 3,\n      "keepsDuplicate": true,\n      "conditions": {\n        "andType": [],\n        "orType": []\n      }\n    }\n  ]\n}', 'JOB', 'JOB_NAME', 'PROMOTION', 'Job1', 'MULTI', 1, NULL, NULL, NULL, b'0', b'1', 'SUM', 'ACTIVE', '2016-04-27 01:57:16', '2021-02-10 18:29:59'),
	(400, 1, 1, 'Promotion_Job_Description', 'Job Description', 'Promotion Job Description', '{\n"onChange": true,\n  "steps": [\n    {\n      "table": "EMPLOYEE_MASTER",\n      "inMappingColumn": "",\n      "outMappingColumn": "EMPLOYEE_MASTER_ID",\n      "level": 1,\n      "conditions": {\n        "andType": [],\n        "orType": []\n      }\n    },\n    {\n      "table": "EMPLOYEE_DATA",\n      "inMappingColumn": "EMPLOYEE_MASTER_ID",\n      "outMappingColumn": "NEW_JOB_ID",\n      "level": 2,\n      "conditions": {\n        "andType": [],\n        "orType": []\n      }\n    },\n    {\n      "table": "job",\n      "inMappingColumn": "JOB_ID",\n      "outMappingColumn": "",\n      "level": 3,\n      "keepsDuplicate": true,\n      "conditions": {\n        "andType": [],\n        "orType": []\n      }\n    }\n  ]\n}', 'JOB', 'DESCRIPTION', 'PROMOTION', '3', 'SINGLE', 1, NULL, NULL, NULL, b'0', b'0', NULL, 'ACTIVE', '2016-04-27 01:57:16', '2021-02-10 18:30:06'),
	(401, 1, 1, 'Promotion_Job_Family_Code', 'Job Family Code', 'Promotion Job Family Code', '{\n"onChange": true,\n  "steps": [\n    {\n      "table": "EMPLOYEE_MASTER",\n      "inMappingColumn": "",\n      "outMappingColumn": "EMPLOYEE_MASTER_ID",\n      "level": 1,\n      "conditions": {\n        "andType": [],\n        "orType": []\n      }\n    },\n    {\n      "table": "EMPLOYEE_DATA",\n      "inMappingColumn": "EMPLOYEE_MASTER_ID",\n      "outMappingColumn": "NEW_JOB_FAMILY_ID",\n      "level": 2,\n      "conditions": {\n        "andType": [],\n        "orType": []\n      }\n    },\n    {\n      "table": "JOB_FAMILY",\n      "inMappingColumn": "JOB_FAMILY_ID",\n      "outMappingColumn": "",\n      "level": 3,\n     "keepsDuplicate": true,\n      "conditions": {\n        "andType": [],\n        "orType": []\n      }\n    }\n  ]\n}', 'JOB_FAMILY', 'JOB_FAMILY_CODE', 'PROMOTION', '3', 'SINGLE', 1, NULL, NULL, NULL, b'0', b'0', NULL, 'ACTIVE', '2016-04-27 01:57:16', '2021-02-10 18:43:47'),
	(402, 1, 1, 'Promotion_Job_Family_Description', 'Job Family Description', 'Promotion Job Family Description', '{\n"onChange": true,\n  "steps": [\n    {\n      "table": "EMPLOYEE_MASTER",\n      "inMappingColumn": "",\n      "outMappingColumn": "EMPLOYEE_MASTER_ID",\n      "level": 1,\n      "conditions": {\n        "andType": [],\n        "orType": []\n      }\n    },\n    {\n      "table": "EMPLOYEE_DATA",\n      "inMappingColumn": "EMPLOYEE_MASTER_ID",\n      "outMappingColumn": "NEW_JOB_FAMILY_ID",\n      "level": 2,\n      "conditions": {\n        "andType": [],\n        "orType": []\n      }\n    },\n    {\n      "table": "JOB_FAMILY",\n      "inMappingColumn": "JOB_FAMILY_ID",\n      "outMappingColumn": "",\n      "level": 3,\n     "keepsDuplicate": true,\n      "conditions": {\n        "andType": [],\n        "orType": []\n      }\n    }\n  ]\n}', 'JOB_FAMILY', 'DESCRIPTION', 'PROMOTION', '3', 'SINGLE', 1, NULL, NULL, NULL, b'0', b'0', NULL, 'ACTIVE', '2016-04-27 01:57:16', '2021-02-10 18:43:51'),
	(403, 1, 1, 'Promotion_Job_Family_Name', 'Job Family Name', 'Promotion Job Family Name', '{\n"onChange": true,\n  "steps": [\n    {\n      "table": "EMPLOYEE_MASTER",\n      "inMappingColumn": "",\n      "outMappingColumn": "EMPLOYEE_MASTER_ID",\n      "level": 1,\n      "conditions": {\n        "andType": [],\n        "orType": []\n      }\n    },\n    {\n      "table": "EMPLOYEE_DATA",\n      "inMappingColumn": "EMPLOYEE_MASTER_ID",\n      "outMappingColumn": "NEW_JOB_FAMILY_ID",\n      "level": 2,\n      "conditions": {\n        "andType": [],\n        "orType": []\n      }\n    },\n    {\n      "table": "JOB_FAMILY",\n      "inMappingColumn": "JOB_FAMILY_ID",\n      "outMappingColumn": "",\n      "level": 3,\n     "keepsDuplicate": true,\n      "conditions": {\n        "andType": [],\n        "orType": []\n      }\n    }\n  ]\n}', 'JOB_FAMILY', 'JOB_FAMILY_NAME', 'PROMOTION', '3', 'MULTI', 1, NULL, NULL, NULL, b'0', b'1', 'SUM', 'ACTIVE', '2016-04-27 01:57:16', '2021-02-10 18:43:55'),
	(404, 1, 1, 'Promotion_Job_Grade_Code', 'Job Grade Code', 'Promotion Job Grade Code', '{\n"onChange": true,\n  "steps": [\n    {\n      "table": "EMPLOYEE_MASTER",\n      "inMappingColumn": "",\n      "outMappingColumn": "EMPLOYEE_MASTER_ID",\n      "level": 1,\n      "conditions": {\n        "andType": [],\n        "orType": []\n      }\n    },\n    {\n      "table": "EMPLOYEE_DATA",\n      "inMappingColumn": "EMPLOYEE_MASTER_ID",\n      "outMappingColumn": "NEW_JOB_GRADE_ID",\n      "level": 2,\n      "conditions": {\n        "andType": [],\n        "orType": []\n      }\n    },\n    {\n      "table": "JOB_GRADE",\n      "inMappingColumn": "JOB_GRADE_ID",\n      "outMappingColumn": "",\n      "level": 3,\n     "keepsDuplicate": true,\n      "conditions": {\n        "andType": [],\n        "orType": []\n      }\n    }\n  ]\n}', 'JOB_GRADE', 'JOB_GRADE_CODE', 'PROMOTION', '3', 'SINGLE', 1, NULL, NULL, NULL, b'0', b'0', NULL, 'ACTIVE', '2016-04-27 01:57:16', '2021-02-10 18:43:59'),
	(405, 1, 1, 'Promotion_Job_Grade_Description', 'Job Grade Description', 'Promotion Job Grade Description', '{\n"onChange": true,\n  "steps": [\n    {\n      "table": "EMPLOYEE_MASTER",\n      "inMappingColumn": "",\n      "outMappingColumn": "EMPLOYEE_MASTER_ID",\n      "level": 1,\n      "conditions": {\n        "andType": [],\n        "orType": []\n      }\n    },\n    {\n      "table": "EMPLOYEE_DATA",\n      "inMappingColumn": "EMPLOYEE_MASTER_ID",\n      "outMappingColumn": "NEW_JOB_GRADE_ID",\n      "level": 2,\n      "conditions": {\n        "andType": [],\n        "orType": []\n      }\n    },\n    {\n      "table": "JOB_GRADE",\n      "inMappingColumn": "JOB_GRADE_ID",\n      "outMappingColumn": "",\n      "level": 3,\n     "keepsDuplicate": true,\n      "conditions": {\n        "andType": [],\n        "orType": []\n      }\n    }\n  ]\n}', 'JOB_GRADE', 'DESCRIPTION', 'PROMOTION', '3', 'SINGLE', 1, NULL, NULL, NULL, b'0', b'0', NULL, 'ACTIVE', '2016-04-27 01:57:16', '2021-02-10 18:44:04'),
	(406, 1, 1, 'Promotion_Job_Grade_Name', 'Job Grade Name', 'Promotion Job Grade Name', '{\n"onChange": true,\n  "steps": [\n    {\n      "table": "EMPLOYEE_MASTER",\n      "inMappingColumn": "",\n      "outMappingColumn": "EMPLOYEE_MASTER_ID",\n      "level": 1,\n      "conditions": {\n        "andType": [],\n        "orType": []\n      }\n    },\n    {\n      "table": "EMPLOYEE_DATA",\n      "inMappingColumn": "EMPLOYEE_MASTER_ID",\n      "outMappingColumn": "NEW_JOB_GRADE_ID",\n      "level": 2,\n      "conditions": {\n        "andType": [],\n        "orType": []\n      }\n    },\n    {\n      "table": "JOB_GRADE",\n      "inMappingColumn": "JOB_GRADE_ID",\n      "outMappingColumn": "",\n      "level": 3,\n     "keepsDuplicate": true,\n      "conditions": {\n        "andType": [],\n        "orType": []\n      }\n    }\n  ]\n}', 'JOB_GRADE', 'JOB_GRADE_NAME', 'PROMOTION', '3', 'MULTI', 1, NULL, NULL, NULL, b'0', b'1', 'SUM', 'ACTIVE', '2016-04-27 01:57:16', '2021-02-10 18:44:09'),
	(408, 1, 1, 'Promotion_Job_Level_Code', 'Job Level Code', 'Promotion Job Level Code', '{\n"onChange": true,\n  "steps": [\n    {\n      "table": "EMPLOYEE_MASTER",\n      "inMappingColumn": "",\n      "outMappingColumn": "EMPLOYEE_MASTER_ID",\n      "level": 1,\n      "conditions": {\n        "andType": [],\n        "orType": []\n      }\n    },\n    {\n      "table": "EMPLOYEE_DATA",\n      "inMappingColumn": "EMPLOYEE_MASTER_ID",\n      "outMappingColumn": "NEW_JOB_LEVEL_ID",\n      "level": 2,\n      "conditions": {\n        "andType": [],\n        "orType": []\n      }\n    },\n    {\n      "table": "JOB_LEVEL",\n      "inMappingColumn": "JOB_LEVEL_ID",\n      "outMappingColumn": "",\n      "level": 3,\n     "keepsDuplicate": true,\n      "conditions": {\n        "andType": [],\n        "orType": []\n      }\n    }\n  ]\n}', 'JOB_LEVEL', 'JOB_LEVEL_CODE', 'PROMOTION', '3', 'SINGLE', 1, NULL, NULL, NULL, b'0', b'0', NULL, 'ACTIVE', '2016-04-27 01:57:16', '2021-02-10 18:44:13'),
	(409, 1, 1, 'Promotion_Job_Level_Description', 'Job Level Description', 'Promotion Job Level Description', '{\n"onChange": true,\n  "steps": [\n    {\n      "table": "EMPLOYEE_MASTER",\n      "inMappingColumn": "",\n      "outMappingColumn": "EMPLOYEE_MASTER_ID",\n      "level": 1,\n      "conditions": {\n        "andType": [],\n        "orType": []\n      }\n    },\n    {\n      "table": "EMPLOYEE_DATA",\n      "inMappingColumn": "EMPLOYEE_MASTER_ID",\n      "outMappingColumn": "NEW_JOB_LEVEL_ID",\n      "level": 2,\n      "conditions": {\n        "andType": [],\n        "orType": []\n      }\n    },\n    {\n      "table": "JOB_LEVEL",\n      "inMappingColumn": "JOB_LEVEL_ID",\n      "outMappingColumn": "",\n      "level": 3,\n     "keepsDuplicate": true,\n      "conditions": {\n        "andType": [],\n        "orType": []\n      }\n    }\n  ]\n}', 'JOB_LEVEL', 'DESCRIPTION', 'PROMOTION', '3', 'SINGLE', 1, NULL, NULL, NULL, b'0', b'0', NULL, 'ACTIVE', '2016-04-27 01:57:16', '2021-02-10 18:44:18'),
	(410, 1, 1, 'Promotion_Job_Level_Name', 'Job Level Name', 'Promotion Job Level Name', '{\n"onChange": true,\n  "steps": [\n    {\n      "table": "EMPLOYEE_MASTER",\n      "inMappingColumn": "",\n      "outMappingColumn": "EMPLOYEE_MASTER_ID",\n      "level": 1,\n      "conditions": {\n        "andType": [],\n        "orType": []\n      }\n    },\n    {\n      "table": "EMPLOYEE_DATA",\n      "inMappingColumn": "EMPLOYEE_MASTER_ID",\n      "outMappingColumn": "NEW_JOB_LEVEL_ID",\n      "level": 2,\n      "conditions": {\n        "andType": [],\n        "orType": []\n      }\n    },\n    {\n      "table": "JOB_LEVEL",\n      "inMappingColumn": "JOB_LEVEL_ID",\n      "outMappingColumn": "",\n      "level": 3,\n     "keepsDuplicate": true,\n      "conditions": {\n        "andType": [],\n        "orType": []\n      }\n    }\n  ]\n}', 'JOB_LEVEL', 'JOB_LEVEL_NAME', 'PROMOTION', '3', 'MULTI', 1, NULL, NULL, NULL, b'0', b'1', 'SUM', 'ACTIVE', '2016-04-27 01:57:16', '2021-02-10 18:44:22'),
	(411, 1, 1, 'Promotion_Job_Location', 'Job Location', 'Promotion Job Location', '{\n"onChange": true,\n  "steps": [\n    {\n      "table": "EMPLOYEE_MASTER",\n      "inMappingColumn": "",\n      "outMappingColumn": "EMPLOYEE_MASTER_ID",\n      "level": 1,\n      "conditions": {\n        "andType": [],\n        "orType": []\n      }\n    },\n    {\n      "table": "EMPLOYEE_DATA",\n      "inMappingColumn": "EMPLOYEE_MASTER_ID",\n      "outMappingColumn": "NEW_JOB_ID",\n      "level": 2,\n      "conditions": {\n        "andType": [],\n        "orType": []\n      }\n    },\n    {\n      "table": "job",\n      "inMappingColumn": "JOB_ID",\n      "outMappingColumn": "",\n      "level": 3,\n      "keepsDuplicate": true,\n      "conditions": {\n        "andType": [],\n        "orType": []\n      }\n    }\n  ]\n}', 'JOB', 'LOCATION', 'PROMOTION', '3', 'SINGLE', 1, NULL, NULL, NULL, b'0', b'0', NULL, 'ACTIVE', '2016-04-27 01:57:16', '2021-02-10 18:30:13'),
	(413, 1, 1, 'Promotion_Job_Role_Code', 'Job Role Code', 'Promotion Job Role Code', '{\n"onChange": true,\n  "steps": [\n    {\n      "table": "EMPLOYEE_MASTER",\n      "inMappingColumn": "",\n      "outMappingColumn": "EMPLOYEE_MASTER_ID",\n      "level": 1,\n      "conditions": {\n        "andType": [],\n        "orType": []\n      }\n    },\n    {\n      "table": "EMPLOYEE_DATA",\n      "inMappingColumn": "EMPLOYEE_MASTER_ID",\n      "outMappingColumn": "NEW_JOB_ROLE_ID",\n      "level": 2,\n      "conditions": {\n        "andType": [],\n        "orType": []\n      }\n    },\n    {\n      "table": "JOB_ROLE",\n      "inMappingColumn": "JOB_ROLE_ID",\n      "outMappingColumn": "",\n      "level": 3,\n     "keepsDuplicate": true,\n      "conditions": {\n        "andType": [],\n        "orType": []\n      }\n    }\n  ]\n}', 'JOB_ROLE', 'JOB_ROLE_CODE', 'PROMOTION', '3', 'SINGLE', 1, NULL, NULL, NULL, b'0', b'0', NULL, 'ACTIVE', '2016-04-27 01:57:16', '2021-02-10 18:44:27'),
	(414, 1, 1, 'Promotion_Job_Role_Description', 'Job Role Description', 'Promotion Job Role Description', '{\n"onChange": true,\n  "steps": [\n    {\n      "table": "EMPLOYEE_MASTER",\n      "inMappingColumn": "",\n      "outMappingColumn": "EMPLOYEE_MASTER_ID",\n      "level": 1,\n      "conditions": {\n        "andType": [],\n        "orType": []\n      }\n    },\n    {\n      "table": "EMPLOYEE_DATA",\n      "inMappingColumn": "EMPLOYEE_MASTER_ID",\n      "outMappingColumn": "NEW_JOB_ROLE_ID",\n      "level": 2,\n      "conditions": {\n        "andType": [],\n        "orType": []\n      }\n    },\n    {\n      "table": "JOB_ROLE",\n      "inMappingColumn": "JOB_ROLE_ID",\n      "outMappingColumn": "",\n      "level": 3,\n     "keepsDuplicate": true,\n      "conditions": {\n        "andType": [],\n        "orType": []\n      }\n    }\n  ]\n}', 'JOB_ROLE', 'DESCRIPTION', 'PROMOTION', '3', 'SINGLE', 1, NULL, NULL, NULL, b'0', b'0', NULL, 'ACTIVE', '2016-04-27 01:57:16', '2021-02-10 18:44:31'),
	(415, 1, 1, 'Promotion_Job_Role_Name', 'Job Role Name', 'Promotion Job Role Name', '{\n"onChange": true,\n  "steps": [\n    {\n      "table": "EMPLOYEE_MASTER",\n      "inMappingColumn": "",\n      "outMappingColumn": "EMPLOYEE_MASTER_ID",\n      "level": 1,\n      "conditions": {\n        "andType": [],\n        "orType": []\n      }\n    },\n    {\n      "table": "EMPLOYEE_DATA",\n      "inMappingColumn": "EMPLOYEE_MASTER_ID",\n      "outMappingColumn": "NEW_JOB_ROLE_ID",\n      "level": 2,\n      "conditions": {\n        "andType": [],\n        "orType": []\n      }\n    },\n    {\n      "table": "JOB_ROLE",\n      "inMappingColumn": "JOB_ROLE_ID",\n      "outMappingColumn": "",\n      "level": 3,\n     "keepsDuplicate": true,\n      "conditions": {\n        "andType": [],\n        "orType": []\n      }\n    }\n  ]\n}', 'JOB_ROLE', 'JOB_ROLE_NAME', 'PROMOTION', '3', 'MULTI', 1, NULL, NULL, NULL, b'0', b'1', 'SUM', 'ACTIVE', '2016-04-27 01:57:16', '2021-02-10 18:44:36'),
	(416, 1, 1, 'Termination_Date', 'Termination date of employee', 'Termination Date', '{\n  "steps": [\n    {\n      "table": "EMPLOYEE_MASTER",\n      "inMappingColumn": "",\n      "outMappingColumn": "EMPLOYEE_MASTER_ID",\n      "level": 1,\n      "conditions": {\n        "andType": [],\n        "orType": []\n      }\n    }\n  ]\n}', 'EMPLOYEE_MASTER', 'TERMINATION_DATE', 'DEMOGRAPHICS', '2015-01-20', 'SINGLE', 7, NULL, NULL, NULL, b'0', b'0', NULL, 'ACTIVE', '2016-04-27 02:05:48', '2020-07-30 11:24:46'),
	(417, 1, 1, 'Comp_Admin_Name', 'Comp Admin Name of employee', 'Comp Admin Name', '{\n  "steps": [\n    {\n      "table": "EMPLOYEE_MASTER",\n      "inMappingColumn": "",\n      "outMappingColumn": "EMPLOYEE_MASTER_ID",\n      "level": 1,\n      "conditions": {\n        "andType": [],\n        "orType": []\n      }\n    }\n  ]\n}', 'EMPLOYEE_MASTER', 'Comp_Admin_Name', 'DEMOGRAPHICS', 'Michael King', 'SINGLE', 1, NULL, NULL, NULL, b'0', b'0', NULL, 'ACTIVE', '2016-04-27 01:57:16', '2020-07-30 11:24:46'),
	(418, 1, 1, 'Executive_Name', 'Executive Name of employee', 'Executive Name', '{\n  "steps": [\n    {\n      "table": "EMPLOYEE_MASTER",\n      "inMappingColumn": "",\n      "outMappingColumn": "EMPLOYEE_MASTER_ID",\n      "level": 1,\n      "conditions": {\n        "andType": [],\n        "orType": []\n      }\n    }\n  ]\n}', 'EMPLOYEE_MASTER', 'Executive_Name', 'DEMOGRAPHICS', 'Michael King', 'SINGLE', 1, NULL, NULL, NULL, b'0', b'0', NULL, 'ACTIVE', '2016-04-27 01:57:16', '2020-07-30 11:24:46'),
	(419, 1, 1, 'Decision_Maker_Name', 'DM  of employee', 'Decision Maker', '{\n  "steps": [\n    {\n      "table": "EMPLOYEE_MASTER",\n      "inMappingColumn": "",\n      "outMappingColumn": "EMPLOYEE_MASTER_ID",\n      "level": 1,\n      "conditions": {\n        "andType": [],\n        "orType": []\n      }\n    }\n  ]\n}', 'EMPLOYEE_MASTER', 'Decision_Maker_Name', 'DEMOGRAPHICS', 'Michael King', 'SINGLE', 1, NULL, NULL, NULL, b'0', b'0', NULL, 'ACTIVE', '2016-04-27 01:57:16', '2020-07-30 11:24:46'),
	(420, 1, 1, 'Approver_Name', 'Approver  of employee', 'Approver Name', '{\n  "steps": [\n    {\n      "table": "EMPLOYEE_MASTER",\n      "inMappingColumn": "",\n      "outMappingColumn": "EMPLOYEE_MASTER_ID",\n      "level": 1,\n      "conditions": {\n        "andType": [],\n        "orType": []\n      }\n    }\n  ]\n}', 'EMPLOYEE_MASTER', 'Approver_Name', 'DEMOGRAPHICS', 'Michael King', 'SINGLE', 1, NULL, NULL, NULL, b'0', b'0', NULL, 'ACTIVE', '2016-04-27 01:57:16', '2020-07-30 11:24:46'),
	(422, 1, 1, 'SSO_ID', 'SSO ID', 'SSO ID', '{\n  "steps": [\n    {\n      "table": "EMPLOYEE_MASTER",\n      "inMappingColumn": "",\n      "outMappingColumn": "EMPLOYEE_MASTER_ID",\n      "level": 1,\n      "conditions": {\n        "andType": [],\n        "orType": []\n      }\n    }\n  ]\n}', 'EMPLOYEE_MASTER', 'SSO_ID', 'DEMOGRAPHICS', 'Michael King', 'SINGLE', 1, NULL, NULL, NULL, b'0', b'0', NULL, 'ACTIVE', '2016-04-27 01:57:16', '2020-07-30 11:24:46'),
	(423, 1, 1, 'HR_Contact', 'HR  Admin Name of employee', 'HR Contact', '{\n  "steps": [\n    {\n      "table": "EMPLOYEE_MASTER",\n      "inMappingColumn": "",\n      "outMappingColumn": "EMPLOYEE_MASTER_ID",\n      "level": 1,\n      "conditions": {\n        "andType": [],\n        "orType": []\n      }\n    }\n  ]\n}', 'EMPLOYEE_MASTER', 'HR_Contact', 'DEMOGRAPHICS', 'Michael King', 'SINGLE', 1, NULL, NULL, NULL, b'0', b'0', NULL, 'ACTIVE', '2016-04-27 01:57:16', '2020-07-30 11:24:46'),
	(424, 1, 1, 'Employee_Status', 'Employee Ststus of employee', 'Employee Status', '{\n  "steps": [\n    {\n      "table": "EMPLOYEE_MASTER",\n      "inMappingColumn": "",\n      "outMappingColumn": "EMPLOYEE_MASTER_ID",\n      "level": 1,\n      "conditions": {\n        "andType": [],\n        "orType": []\n      }\n    }\n  ]\n}', 'EMPLOYEE_MASTER', 'Employee_Status', 'DEMOGRAPHICS', 'Salaried', 'SINGLE', 1, NULL, NULL, NULL, b'0', b'0', NULL, 'ACTIVE', '2016-04-27 02:06:07', '2020-07-30 11:24:46'),
	(425, 1, 1, 'LOA', 'LOA of employee', 'LOA', '{\n  "steps": [\n    {\n      "table": "EMPLOYEE_MASTER",\n      "inMappingColumn": "",\n      "outMappingColumn": "EMPLOYEE_MASTER_ID",\n      "level": 1,\n      "conditions": {\n        "andType": [],\n        "orType": []\n      }\n    }\n  ]\n}', 'EMPLOYEE_MASTER', 'LOA', 'DEMOGRAPHICS', 'Salaried', 'SINGLE', 1, NULL, NULL, NULL, b'0', b'0', NULL, 'ACTIVE', '2016-04-27 02:06:07', '2020-07-30 11:24:46'),
	(426, 1, 1, 'FLSA', 'FLSA of employee', 'FLSA', '{\n  "steps": [\n    {\n      "table": "EMPLOYEE_MASTER",\n      "inMappingColumn": "",\n      "outMappingColumn": "EMPLOYEE_MASTER_ID",\n      "level": 1,\n      "conditions": {\n        "andType": [],\n        "orType": []\n      }\n    }\n  ]\n}', 'EMPLOYEE_MASTER', 'FLSA', 'DEMOGRAPHICS', 'Salaried', 'SINGLE', 1, NULL, NULL, NULL, b'0', b'0', NULL, 'ACTIVE', '2016-04-27 02:06:07', '2020-07-30 11:24:46'),
	(427, 1, 1, 'Employee_Category', 'Category of employee', 'Employee Category', '{\n  "steps": [\n    {\n      "table": "EMPLOYEE_MASTER",\n      "inMappingColumn": "",\n      "outMappingColumn": "EMPLOYEE_MASTER_ID",\n      "level": 1,\n      "conditions": {\n        "andType": [],\n        "orType": []\n      }\n    }\n  ]\n}', 'EMPLOYEE_MASTER', 'Employee_Category', 'DEMOGRAPHICS', 'Salaried', 'SINGLE', 1, NULL, NULL, NULL, b'0', b'0', NULL, 'ACTIVE', '2016-04-27 02:06:07', '2020-07-30 11:24:46'),
	(428, 1, 1, 'Promotion_Eligible', 'Merit Increase Eligible of employee', 'Promotion Eligible', '{\n  "steps": [\n    {\n      "table": "BASEPAY_MASTER",\n      "inMappingColumn": "",\n      "outMappingColumn": "EMPLOYEE_MASTER_ID",\n      "level": 1,\n      "conditions": {\n        "andType": [{\n            "columnName": "COMPENSATION_INCREASE_TYPE_ID", \n             "columnValue": 2\n         }],\n        "orType": []\n      }\n    }\n  ]\n}', 'BASEPAY_MASTER', 'BASEPAY_INCREASE_ELIGIBLE', 'PROMOTION', '50.0', 'SINGLE', 1, NULL, NULL, NULL, b'0', b'0', 'SUM', 'ACTIVE', '2016-08-25 11:57:00', '2020-07-30 11:20:25'),
	(429, 1, 1, 'Merit_Eligible', 'Merit Increase Eligible of employee', 'Merit Eligible', '{\n  "steps": [\n    {\n      "table": "BASEPAY_MASTER",\n      "inMappingColumn": "",\n      "outMappingColumn": "EMPLOYEE_MASTER_ID",\n      "level": 1,\n      "conditions": {\n        "andType": [{\n            "columnName": "COMPENSATION_INCREASE_TYPE_ID", \n             "columnValue": 1\n         }],\n        "orType": []\n      }\n    }\n  ]\n}', 'BASEPAY_MASTER', 'BASEPAY_INCREASE_ELIGIBLE', 'MERIT', '50.0', 'MULTI', 16, NULL, NULL, NULL, b'0', b'0', 'SUM', 'ACTIVE', '2016-08-25 11:57:00', '2020-12-18 11:09:48'),
	(430, 1, 1, 'Adjustment_Eligible', 'Adjustment Increase Eligible of employee', 'Adjustment Eligible', '{\n  "steps": [\n    {\n      "table": "BASEPAY_MASTER",\n      "inMappingColumn": "",\n      "outMappingColumn": "EMPLOYEE_MASTER_ID",\n      "level": 1,\n      "conditions": {\n        "andType": [{\n            "columnName": "COMPENSATION_INCREASE_TYPE_ID", \n             "columnValue": 7\n         }],\n        "orType": []\n      }\n    }\n  ]\n}', 'BASEPAY_MASTER', 'BASEPAY_INCREASE_ELIGIBLE', 'ADJUSTMENT', '50.0', 'SINGLE', 1, NULL, NULL, NULL, b'0', b'0', 'SUM', 'ACTIVE', '2016-08-25 11:57:00', '2020-07-30 11:21:17'),
	(431, 1, 1, 'Lumpsum_Eligible', 'Lumpsum Increase Eligible of employee', 'Lumpsum Eligible', '{\n  "steps": [\n    {\n      "table": "BASEPAY_MASTER",\n      "inMappingColumn": "",\n      "outMappingColumn": "EMPLOYEE_MASTER_ID",\n      "level": 1,\n      "conditions": {\n        "andType": [{\n            "columnName": "COMPENSATION_INCREASE_TYPE_ID", \n             "columnValue": 11\n         }],\n        "orType": []\n      }\n    }\n  ]\n}', 'BASEPAY_MASTER', 'BASEPAY_INCREASE_ELIGIBLE', 'LUMPSUM', '50.0', 'SINGLE', 1, NULL, NULL, NULL, b'0', b'0', 'SUM', 'ACTIVE', '2016-08-25 11:57:00', '2020-07-30 11:22:15'),
	(432, 1, 1, 'Commission', 'Commission', 'Commission', '{\n  "steps": [\n    {\n      "table": "EMPLOYEE_MASTER",\n      "inMappingColumn": "",\n      "outMappingColumn": "EMPLOYEE_MASTER_ID",\n      "level": 1,\n      "conditions": {\n        "andType": [],\n        "orType": []\n      }\n    }\n  ]\n}', 'EMPLOYEE_MASTER', 'Commission', 'DEMOGRAPHICS', '100', 'SINGLE', 5, 19, NULL, NULL, b'0', b'0', 'SUM', 'ACTIVE', '2016-04-27 01:56:40', '2020-07-30 11:24:46'),
	(433, 1, 1, 'Commission LC', 'Commission LC', 'Commission LC', '{\n  "steps": [\n    {\n      "table": "EMPLOYEE_MASTER",\n      "inMappingColumn": "",\n      "outMappingColumn": "EMPLOYEE_MASTER_ID",\n      "level": 1,\n      "conditions": {\n        "andType": [],\n        "orType": []\n      }\n    }\n  ]\n}', 'EMPLOYEE_MASTER', 'Commission_LC', 'DEMOGRAPHICS', '100', 'SINGLE', 1, 19, NULL, NULL, b'0', b'0', 'SUM', 'ACTIVE', '2016-04-27 01:56:40', '2020-07-30 11:24:46'),
	(434, 1, 1, 'Executive_ID', 'Executive Name of employee', 'Executive ID', '{\n  "steps": [\n    {\n      "table": "EMPLOYEE_MASTER",\n      "inMappingColumn": "",\n      "outMappingColumn": "EMPLOYEE_MASTER_ID",\n      "level": 1,\n      "conditions": {\n        "andType": [],\n        "orType": []\n      }\n    }\n  ]\n}', 'EMPLOYEE_MASTER', 'Executive_ID', 'DEMOGRAPHICS', 'Michael King', 'SINGLE', 2, NULL, NULL, NULL, b'0', b'0', NULL, 'ACTIVE', '2016-04-27 01:57:16', '2020-07-30 11:24:46'),
	(435, 1, 1, 'Approver_ID', 'Approver  of employee', 'Approver ID', '{\n  "steps": [\n    {\n      "table": "EMPLOYEE_MASTER",\n      "inMappingColumn": "",\n      "outMappingColumn": "EMPLOYEE_MASTER_ID",\n      "level": 1,\n      "conditions": {\n        "andType": [],\n        "orType": []\n      }\n    }\n  ]\n}', 'EMPLOYEE_MASTER', 'Approver_ID', 'DEMOGRAPHICS', 'Michael King', 'SINGLE', 2, NULL, NULL, NULL, b'0', b'0', NULL, 'ACTIVE', '2016-04-27 01:57:16', '2020-07-30 11:24:46'),
	(436, 1, 1, 'Decision_Maker_ID', 'DM  of employee', 'Decision Maker ID', '{\n  "steps": [\n    {\n      "table": "EMPLOYEE_MASTER",\n      "inMappingColumn": "",\n      "outMappingColumn": "EMPLOYEE_MASTER_ID",\n      "level": 1,\n      "conditions": {\n        "andType": [],\n        "orType": []\n      }\n    }\n  ]\n}', 'EMPLOYEE_MASTER', 'Decision_Maker_ID', 'DEMOGRAPHICS', 'Michael King', 'SINGLE', 2, NULL, NULL, NULL, b'0', b'0', NULL, 'ACTIVE', '2016-04-27 01:57:16', '2020-07-30 11:24:46'),
	(437, 1, 1, 'Comp_Admin_ID', 'Comp Admin Name of employee', 'Comp Admin ID', '{\n  "steps": [\n    {\n      "table": "EMPLOYEE_MASTER",\n      "inMappingColumn": "",\n      "outMappingColumn": "EMPLOYEE_MASTER_ID",\n      "level": 1,\n      "conditions": {\n        "andType": [],\n        "orType": []\n      }\n    }\n  ]\n}', 'EMPLOYEE_MASTER', 'Comp_Admin_ID', 'DEMOGRAPHICS', 'Michael King', 'SINGLE', 2, NULL, NULL, NULL, b'0', b'0', NULL, 'ACTIVE', '2016-04-27 01:57:16', '2020-07-30 11:24:46'),
	(438, 1, 1, 'HR_ID', 'HR  Admin Name of employee', 'HR ID', '{\n  "steps": [\n    {\n      "table": "EMPLOYEE_MASTER",\n      "inMappingColumn": "",\n      "outMappingColumn": "EMPLOYEE_MASTER_ID",\n      "level": 1,\n      "conditions": {\n        "andType": [],\n        "orType": []\n      }\n    }\n  ]\n}', 'EMPLOYEE_MASTER', 'HR_ID', 'DEMOGRAPHICS', 'Michael King', 'SINGLE', 2, NULL, NULL, NULL, b'0', b'0', NULL, 'ACTIVE', '2016-04-27 01:57:16', '2020-07-30 11:24:46'),
	(439, 1, 1, 'Group_Code', 'Group name of employee', 'Group Code', '{\n  "steps": [\n    {\n      "table": "EMPLOYEE_MASTER",\n      "inMappingColumn": "",\n      "outMappingColumn": "EMPLOYEE_MASTER_ID",\n      "level": 1,\n      "conditions": {\n        "andType": [],\n        "orType": []\n      }\n    },\n    {\n      "table": "EMPLOYEE_DATA",\n      "inMappingColumn": "EMPLOYEE_MASTER_ID",\n      "outMappingColumn": "CURRENT_GROUP_ID",\n      "level": 2,\n      "conditions": {\n        "andType": [],\n        "orType": []\n      }\n    },\n    {\n      "table": "EMPLOYEE_GROUP",\n      "inMappingColumn": "GROUP_ID",\n      "outMappingColumn": "",\n      "level": 3,\n      "conditions": {\n        "andType": [],\n        "orType": []\n      }\n    }\n  ]\n}', 'EMPLOYEE_GROUP', 'GROUP_CODE', 'ORG STRUCTURE', 'Audit Team', 'SINGLE', 1, NULL, NULL, NULL, b'0', b'0', NULL, 'ACTIVE', '2016-04-27 02:15:50', '2020-07-30 11:38:55'),
	(443, 1, 1, 'Merit_Max_Guideline_Amt', 'Basepay maximum guideline of employee', 'Merit Max Guideline Amt', '{\n  "steps": [\n    {\n      "table": "BASEPAY_MASTER",\n      "inMappingColumn": "",\n      "outMappingColumn": "EMPLOYEE_MASTER_ID",\n      "level": 1,\n      "conditions": {\n        "andType": [{\n            "columnName": "COMPENSATION_INCREASE_TYPE_ID", \n             "columnValue": 1\n         }],\n        "orType": []\n      }\n    }\n  ]\n}', 'BASEPAY_MASTER', 'GUIDELINE_MAX_AMT', 'MERIT', '3', 'SINGLE', 1, NULL, NULL, NULL, b'0', b'0', NULL, 'ACTIVE', '2016-04-27 01:57:16', '2020-07-30 11:19:12'),
	(444, 1, 1, 'Merit_Min_Guideline_Amt', 'Basepay minimum guideline of employee', 'Merit Min Guideline Amt', '{\n  "steps": [\n    {\n      "table": "BASEPAY_MASTER",\n      "inMappingColumn": "",\n      "outMappingColumn": "EMPLOYEE_MASTER_ID",\n      "level": 1,\n      "conditions": {\n        "andType": [{\n            "columnName": "COMPENSATION_INCREASE_TYPE_ID", \n             "columnValue": 1\n         }],\n        "orType": []\n      }\n    }\n  ]\n}', 'BASEPAY_MASTER', 'GUIDELINE_MIN_AMT', 'MERIT', '3', 'SINGLE', 1, NULL, NULL, NULL, b'0', b'0', NULL, 'ACTIVE', '2016-04-27 01:57:16', '2020-07-30 11:19:12'),
	(445, 1, 1, 'Merit_Guideline_Amt_Range', 'Basepay minimum guideline of employee', 'Merit Guideline Amt Range', '{\n  "steps": [\n    {\n      "table": "BASEPAY_MASTER",\n      "inMappingColumn": "",\n      "outMappingColumn": "EMPLOYEE_MASTER_ID",\n      "level": 1,\n      "conditions": {\n        "andType": [\n{\n            "columnName": "COMPENSATION_INCREASE_TYPE_ID", \n             "columnValue": 1\n         }],\n        "orType": []\n      }\n    }\n  ]\n}', 'BASEPAY_MASTER', 'GUIDELINE_STR_AMT', 'MERIT', '3', 'SINGLE', 1, NULL, NULL, NULL, b'0', b'0', NULL, 'ACTIVE', '2016-04-27 01:57:16', '2020-07-30 11:19:12'),
	(446, 1, 1, 'Promotion_Max_Guideline', 'Basepay maximum guideline of employee', 'Promotion Max Guideline', '{\n  "steps": [\n    {\n      "table": "BASEPAY_MASTER",\n      "inMappingColumn": "",\n      "outMappingColumn": "EMPLOYEE_MASTER_ID",\n      "level": 1,\n      "conditions": {\n        "andType": [{\n            "columnName": "COMPENSATION_INCREASE_TYPE_ID", \n             "columnValue": 2\n         }],\n        "orType": []\n      }\n    }\n  ]\n}', 'BASEPAY_MASTER', 'GUIDELINE_MAX', 'PROMOTION', '3', 'SINGLE', 1, NULL, NULL, NULL, b'0', b'0', NULL, 'ACTIVE', '2016-04-27 01:57:16', '2020-07-30 11:20:25'),
	(447, 1, 1, 'Promotion_Min_Guideline', 'Basepay minimum guideline of employee', 'Promotion Min Guideline', '{\n  "steps": [\n    {\n      "table": "BASEPAY_MASTER",\n      "inMappingColumn": "",\n      "outMappingColumn": "EMPLOYEE_MASTER_ID",\n      "level": 1,\n      "conditions": {\n        "andType": [\n{\n            "columnName": "COMPENSATION_INCREASE_TYPE_ID", \n             "columnValue": 2\n         }],\n        "orType": []\n      }\n    }\n  ]\n}', 'BASEPAY_MASTER', 'GUIDELINE_MIN', 'PROMOTION', '3', 'SINGLE', 1, NULL, NULL, NULL, b'0', b'0', NULL, 'ACTIVE', '2016-04-27 01:57:16', '2020-07-30 11:20:25'),
	(448, 1, 1, 'Promotion_Min_Guideline_Amt', 'Basepay minimum guideline of employee', 'Promotion Min Guideline Amt', '{\n  "steps": [\n    {\n      "table": "BASEPAY_MASTER",\n      "inMappingColumn": "",\n      "outMappingColumn": "EMPLOYEE_MASTER_ID",\n      "level": 1,\n      "conditions": {\n        "andType": [{\n            "columnName": "COMPENSATION_INCREASE_TYPE_ID", \n             "columnValue": 2\n         }],\n        "orType": []\n      }\n    }\n  ]\n}', 'BASEPAY_MASTER', 'GUIDELINE_MIN_AMT', 'PROMOTION', '3', 'SINGLE', 1, NULL, NULL, NULL, b'0', b'0', NULL, 'ACTIVE', '2016-04-27 01:57:16', '2020-07-30 11:20:25'),
	(449, 1, 1, 'Promotion_Max_Guideline_Amt', 'Basepay maximum guideline of employee', 'Promotion Max Guideline Amt', '{\n  "steps": [\n    {\n      "table": "BASEPAY_MASTER",\n      "inMappingColumn": "",\n      "outMappingColumn": "EMPLOYEE_MASTER_ID",\n      "level": 1,\n      "conditions": {\n        "andType": [{\n            "columnName": "COMPENSATION_INCREASE_TYPE_ID", \n             "columnValue": 2\n         }],\n        "orType": []\n      }\n    }\n  ]\n}', 'BASEPAY_MASTER', 'GUIDELINE_MAX_AMT', 'PROMOTION', '3', 'SINGLE', 1, NULL, NULL, NULL, b'0', b'0', NULL, 'ACTIVE', '2016-04-27 01:57:16', '2020-07-30 11:20:25'),
	(450, 1, 1, 'Adjustment_Max_Guideline', 'Basepay maximum guideline of employee', 'Adjustment Max Guideline', '{\n  "steps": [\n    {\n      "table": "BASEPAY_MASTER",\n      "inMappingColumn": "",\n      "outMappingColumn": "EMPLOYEE_MASTER_ID",\n      "level": 1,\n      "conditions": {\n        "andType": [{\n            "columnName": "COMPENSATION_INCREASE_TYPE_ID", \n             "columnValue": 7\n         }],\n        "orType": []\n      }\n    }\n  ]\n}', 'BASEPAY_MASTER', 'GUIDELINE_MAX', 'ADJUSTMENT', '3', 'SINGLE', 1, NULL, NULL, NULL, b'0', b'0', NULL, 'ACTIVE', '2016-04-27 01:57:16', '2020-07-30 11:21:17'),
	(451, 1, 1, 'Adjustment_Max_Guideline_Amt', 'Basepay maximum guideline of employee', 'Adjustment Max Guideline Amt', '{\n  "steps": [\n    {\n      "table": "BASEPAY_MASTER",\n      "inMappingColumn": "",\n      "outMappingColumn": "EMPLOYEE_MASTER_ID",\n      "level": 1,\n      "conditions": {\n        "andType": [{\n            "columnName": "COMPENSATION_INCREASE_TYPE_ID", \n             "columnValue": 7\n         }],\n        "orType": []\n      }\n    }\n  ]\n}', 'BASEPAY_MASTER', 'GUIDELINE_MAX_AMT', 'ADJUSTMENT', '3', 'SINGLE', 1, NULL, NULL, NULL, b'0', b'0', NULL, 'ACTIVE', '2016-04-27 01:57:16', '2020-07-30 11:21:17'),
	(452, 1, 1, 'Adjustment_Min_Guideline', 'Basepay minimum guideline of employee', 'Adjustment Min Guideline', '{\n  "steps": [\n    {\n      "table": "BASEPAY_MASTER",\n      "inMappingColumn": "",\n      "outMappingColumn": "EMPLOYEE_MASTER_ID",\n      "level": 1,\n      "conditions": {\n        "andType": [\n{\n            "columnName": "COMPENSATION_INCREASE_TYPE_ID", \n             "columnValue": 7\n         }],\n        "orType": []\n      }\n    }\n  ]\n}', 'BASEPAY_MASTER', 'GUIDELINE_MIN', 'ADJUSTMENT', '3', 'SINGLE', 1, NULL, NULL, NULL, b'0', b'0', NULL, 'ACTIVE', '2016-04-27 01:57:16', '2020-07-30 11:21:17'),
	(453, 1, 1, 'Adjustment_Min_Guideline_Amt', 'Basepay minimum guideline of employee', 'Adjustment Min Guideline Amt', '{\n  "steps": [\n    {\n      "table": "BASEPAY_MASTER",\n      "inMappingColumn": "",\n      "outMappingColumn": "EMPLOYEE_MASTER_ID",\n      "level": 1,\n      "conditions": {\n        "andType": [{\n            "columnName": "COMPENSATION_INCREASE_TYPE_ID", \n             "columnValue": 7\n         }],\n        "orType": []\n      }\n    }\n  ]\n}', 'BASEPAY_MASTER', 'GUIDELINE_MIN_AMT', 'ADJUSTMENT', '3', 'SINGLE', 1, NULL, NULL, NULL, b'0', b'0', NULL, 'ACTIVE', '2016-04-27 01:57:16', '2020-07-30 11:21:17'),
	(454, 1, 1, 'Adjustment_Guideline_Amt_Range', 'Basepay minimum guideline of employee', 'Adjustment Guideline Amt Range', '{\n  "steps": [\n    {\n      "table": "BASEPAY_MASTER",\n      "inMappingColumn": "",\n      "outMappingColumn": "EMPLOYEE_MASTER_ID",\n      "level": 1,\n      "conditions": {\n        "andType": [\n{\n            "columnName": "COMPENSATION_INCREASE_TYPE_ID", \n             "columnValue": 7\n         }],\n        "orType": []\n      }\n    }\n  ]\n}', 'BASEPAY_MASTER', 'GUIDELINE_STR_AMT', 'ADJUSTMENT', '3', 'SINGLE', 1, NULL, NULL, NULL, b'0', b'0', NULL, 'ACTIVE', '2016-04-27 01:57:16', '2020-07-30 11:21:17'),
	(455, 1, 1, 'Adjustment_Guideline_Range', 'Basepay minimum guideline of employee', 'Adjustment Guideline Range', '{\n  "steps": [\n    {\n      "table": "BASEPAY_MASTER",\n      "inMappingColumn": "",\n      "outMappingColumn": "EMPLOYEE_MASTER_ID",\n      "level": 1,\n      "conditions": {\n        "andType": [\n{\n            "columnName": "COMPENSATION_INCREASE_TYPE_ID", \n             "columnValue": 7\n         }],\n        "orType": []\n      }\n    }\n  ]\n}', 'BASEPAY_MASTER', 'GUIDELINE_STR', 'ADJUSTMENT', '3', 'SINGLE', 1, NULL, NULL, NULL, b'0', b'0', NULL, 'ACTIVE', '2016-04-27 01:57:16', '2020-07-30 11:21:17'),
	(456, 1, 1, 'Lumpsum_Amount_Increase', 'Promotion Amount Increase of employee', 'Lumpsum Amount Increase', '{\n  "steps": [\n    {\n      "table": "BASEPAY_MASTER",\n      "inMappingColumn": "",\n      "outMappingColumn": "EMPLOYEE_MASTER_ID",\n      "level": 1,\n      "conditions": {\n        "andType": [{\n            "columnName": "COMPENSATION_INCREASE_TYPE_ID", \n             "columnValue": 11\n         }],\n        "orType": []\n      }\n    }\n  ]\n}', 'BASEPAY_MASTER', 'BASEPAY_AMOUNT_INCREASE', 'LUMPSUM', '25000.0', 'SINGLE', 5, 49, NULL, NULL, b'0', b'0', 'SUM', 'ACTIVE', '2016-04-27 01:57:16', '2020-07-30 11:22:15'),
	(457, 1, 1, 'Lumpsum_Percent_Increase', 'Basepay Percent Increase of employee', 'Lumpsum Percent Increase', '{\n  "steps": [\n    {\n      "table": "BASEPAY_MASTER",\n      "inMappingColumn": "",\n      "outMappingColumn": "EMPLOYEE_MASTER_ID",\n      "level": 1,\n      "conditions": {\n        "andType": [\n{\n            "columnName": "COMPENSATION_INCREASE_TYPE_ID", \n             "columnValue": 11\n         }],\n        "orType": []\n      }\n    }\n  ]\n}', 'BASEPAY_MASTER', 'BASEPAY_PERCENT_INCREASE', 'LUMPSUM', '3', 'SINGLE', 11, 23, NULL, NULL, b'0', b'0', 'SUM', 'ACTIVE', '2016-04-27 01:57:16', '2020-07-30 11:22:15'),
	(458, 1, 1, 'Lumpsum_Max_Guideline', 'Basepay maximum guideline of employee', 'Lumpsum Max Guideline', '{\n  "steps": [\n    {\n      "table": "BASEPAY_MASTER",\n      "inMappingColumn": "",\n      "outMappingColumn": "EMPLOYEE_MASTER_ID",\n      "level": 1,\n      "conditions": {\n        "andType": [{\n            "columnName": "COMPENSATION_INCREASE_TYPE_ID", \n             "columnValue": 11\n         }],\n        "orType": []\n      }\n    }\n  ]\n}', 'BASEPAY_MASTER', 'GUIDELINE_MAX', 'LUMPSUM', '3', 'SINGLE', 1, NULL, NULL, NULL, b'0', b'0', NULL, 'ACTIVE', '2016-04-27 01:57:16', '2020-07-30 11:22:15'),
	(459, 1, 1, 'Lumpsum_Max_Guideline_Amt', 'Basepay maximum guideline of employee', 'Lumpsum Max Guideline Amt', '{\n  "steps": [\n    {\n      "table": "BASEPAY_MASTER",\n      "inMappingColumn": "",\n      "outMappingColumn": "EMPLOYEE_MASTER_ID",\n      "level": 1,\n      "conditions": {\n        "andType": [{\n            "columnName": "COMPENSATION_INCREASE_TYPE_ID", \n             "columnValue": 11\n         }],\n        "orType": []\n      }\n    }\n  ]\n}', 'BASEPAY_MASTER', 'GUIDELINE_MAX_AMT', 'LUMPSUM', '3', 'SINGLE', 1, NULL, NULL, NULL, b'0', b'0', NULL, 'ACTIVE', '2016-04-27 01:57:16', '2020-07-30 11:22:15'),
	(460, 1, 1, 'Lumpsum_Min_Guideline', 'Basepay minimum guideline of employee', 'Lumpsum Min Guideline', '{\n  "steps": [\n    {\n      "table": "BASEPAY_MASTER",\n      "inMappingColumn": "",\n      "outMappingColumn": "EMPLOYEE_MASTER_ID",\n      "level": 1,\n      "conditions": {\n        "andType": [\n{\n            "columnName": "COMPENSATION_INCREASE_TYPE_ID", \n             "columnValue": 11\n         }],\n        "orType": []\n      }\n    }\n  ]\n}', 'BASEPAY_MASTER', 'GUIDELINE_MIN', 'LUMPSUM', '3', 'SINGLE', 1, NULL, NULL, NULL, b'0', b'0', NULL, 'ACTIVE', '2016-04-27 01:57:16', '2020-07-30 11:22:15'),
	(461, 1, 1, 'Lumpsum_Min_Guideline_Amt', 'Basepay minimum guideline of employee', 'Lumpsum Min Guideline Amt', '{\n  "steps": [\n    {\n      "table": "BASEPAY_MASTER",\n      "inMappingColumn": "",\n      "outMappingColumn": "EMPLOYEE_MASTER_ID",\n      "level": 1,\n      "conditions": {\n        "andType": [{\n            "columnName": "COMPENSATION_INCREASE_TYPE_ID", \n             "columnValue": 11\n         }],\n        "orType": []\n      }\n    }\n  ]\n}', 'BASEPAY_MASTER', 'GUIDELINE_MIN_AMT', 'LUMPSUM', '3', 'SINGLE', 1, NULL, NULL, NULL, b'0', b'0', NULL, 'ACTIVE', '2016-04-27 01:57:16', '2020-07-30 11:22:15'),
	(462, 1, 1, 'Lumpsum_Guideline_Amt_Range', 'Basepay minimum guideline of employee', 'Lumpsum Guideline Amt Range', '{\n  "steps": [\n    {\n      "table": "BASEPAY_MASTER",\n      "inMappingColumn": "",\n      "outMappingColumn": "EMPLOYEE_MASTER_ID",\n      "level": 1,\n      "conditions": {\n        "andType": [\n{\n            "columnName": "COMPENSATION_INCREASE_TYPE_ID", \n             "columnValue": 11\n         }],\n        "orType": []\n      }\n    }\n  ]\n}', 'BASEPAY_MASTER', 'GUIDELINE_STR_AMT', 'LUMPSUM', '3', 'SINGLE', 1, NULL, NULL, NULL, b'0', b'0', NULL, 'ACTIVE', '2016-04-27 01:57:16', '2020-07-30 11:22:15'),
	(463, 1, 1, 'Lumpsum_Guideline_Range', 'Basepay minimum guideline of employee', 'Lumpsum Guideline Range', '{\n  "steps": [\n    {\n      "table": "BASEPAY_MASTER",\n      "inMappingColumn": "",\n      "outMappingColumn": "EMPLOYEE_MASTER_ID",\n      "level": 1,\n      "conditions": {\n        "andType": [\n{\n            "columnName": "COMPENSATION_INCREASE_TYPE_ID", \n             "columnValue": 11\n         }],\n        "orType": []\n      }\n    }\n  ]\n}', 'BASEPAY_MASTER', 'GUIDELINE_STR', 'LUMPSUM', '3', 'SINGLE', 1, NULL, NULL, NULL, b'0', b'0', NULL, 'ACTIVE', '2016-04-27 01:57:16', '2020-07-30 11:22:15'),
	(464, 1, 1, 'Bonus_Eligible_Earnings', 'Current Annual Bonus of employee', 'Bonus Eligible Earnings', '{\n  "steps": [\n    {\n      "table": "BONUS_MASTER",\n      "inMappingColumn": "",\n      "outMappingColumn": "EMPLOYEE_MASTER_ID",\n      "level": 1,\n      "conditions": {\n        "andType": [{\n            "columnName": "COMPENSATION_INCREASE_TYPE_ID", \n             "columnValue": 3\n         }],\n        "orType": []\n      }\n    }\n  ]\n}', 'BONUS_MASTER', 'ELIGIBLE_EARNINGS', 'ANNUAL BONUS', '60.0', 'SINGLE', 5, NULL, NULL, NULL, b'1', b'0', 'SUM', 'ACTIVE', '2016-08-25 11:48:30', '2020-07-30 13:57:48'),
	(465, 1, 1, 'Additional_Bonus', 'Current Annual Bonus of employee', 'Additional Bonus', '{\n  "steps": [\n    {\n      "table": "BONUS_MASTER",\n      "inMappingColumn": "",\n      "outMappingColumn": "EMPLOYEE_MASTER_ID",\n      "level": 1,\n      "conditions": {\n        "andType": [{\n            "columnName": "COMPENSATION_INCREASE_TYPE_ID", \n             "columnValue": 3\n         }],\n        "orType": []\n      }\n    }\n  ]\n}', 'BONUS_MASTER', 'Additional_Bonus', 'ANNUAL BONUS', '60.0', 'SINGLE', 5, NULL, NULL, NULL, b'1', b'0', 'SUM', 'ACTIVE', '2016-08-25 11:48:30', '2020-07-30 11:31:13'),
	(466, 1, 1, 'Bonus_Prorated_Earnings', 'Current Annual Bonus of employee', 'Bonus Prorated Earnings', '{\n  "steps": [\n    {\n      "table": "BONUS_MASTER",\n      "inMappingColumn": "",\n      "outMappingColumn": "EMPLOYEE_MASTER_ID",\n      "level": 1,\n      "conditions": {\n        "andType": [{\n            "columnName": "COMPENSATION_INCREASE_TYPE_ID", \n             "columnValue": 3\n         }],\n        "orType": []\n      }\n    }\n  ]\n}', 'BONUS_MASTER', 'PRORATION_AMOUNT', 'ANNUAL BONUS', '60.0', 'SINGLE', 5, NULL, NULL, NULL, b'1', b'0', 'SUM', 'ACTIVE', '2016-08-25 11:48:30', '2020-07-30 14:00:21'),
	(467, 1, 1, 'Bonus_Advance', 'Current Annual Bonus of employee', 'Bonus Advance', '{\n  "steps": [\n    {\n      "table": "BONUS_MASTER",\n      "inMappingColumn": "",\n      "outMappingColumn": "EMPLOYEE_MASTER_ID",\n      "level": 1,\n      "conditions": {\n        "andType": [{\n            "columnName": "COMPENSATION_INCREASE_TYPE_ID", \n             "columnValue": 3\n         }],\n        "orType": []\n      }\n    }\n  ]\n}', 'BONUS_MASTER', 'Bonus_Advance', 'ANNUAL BONUS', '60.0', 'SINGLE', 5, NULL, NULL, NULL, b'1', b'0', 'SUM', 'ACTIVE', '2016-08-25 11:48:30', '2020-07-30 11:31:13'),
	(468, 1, 1, 'Bonus_Numeric_UDF1', 'Current Annual Bonus of employee', 'Bonus Numeric UDF1', '{\n  "steps": [\n    {\n      "table": "BONUS_MASTER",\n      "inMappingColumn": "",\n      "outMappingColumn": "EMPLOYEE_MASTER_ID",\n      "level": 1,\n      "conditions": {\n        "andType": [{\n            "columnName": "COMPENSATION_INCREASE_TYPE_ID", \n             "columnValue": 3\n         }],\n        "orType": []\n      }\n    }\n  ]\n}', 'BONUS_MASTER', 'BONUS_DECIMAL1', 'ANNUAL BONUS', '60.0', 'SINGLE', 5, NULL, NULL, NULL, b'1', b'0', 'SUM', 'ACTIVE', '2016-08-25 11:48:30', '2020-07-30 11:31:13'),
	(469, 1, 1, 'Bonus_Numeric_UDF2', 'Current Annual Bonus of employee', 'Bonus Numeric UDF2', '{\n  "steps": [\n    {\n      "table": "BONUS_MASTER",\n      "inMappingColumn": "",\n      "outMappingColumn": "EMPLOYEE_MASTER_ID",\n      "level": 1,\n      "conditions": {\n        "andType": [{\n            "columnName": "COMPENSATION_INCREASE_TYPE_ID", \n             "columnValue": 3\n         }],\n        "orType": []\n      }\n    }\n  ]\n}', 'BONUS_MASTER', 'BONUS_DECIMAL2', 'ANNUAL BONUS', '60.0', 'SINGLE', 5, NULL, NULL, NULL, b'1', b'0', 'SUM', 'ACTIVE', '2016-08-25 11:48:30', '2020-07-30 11:31:13'),
	(470, 1, 1, 'Bonus_Numeric_UDF3', 'Current Annual Bonus of employee', 'Bonus Numeric UDF3', '{\n  "steps": [\n    {\n      "table": "BONUS_MASTER",\n      "inMappingColumn": "",\n      "outMappingColumn": "EMPLOYEE_MASTER_ID",\n      "level": 1,\n      "conditions": {\n        "andType": [{\n            "columnName": "COMPENSATION_INCREASE_TYPE_ID", \n             "columnValue": 3\n         }],\n        "orType": []\n      }\n    }\n  ]\n}', 'BONUS_MASTER', 'BONUS_DECIMAL3', 'ANNUAL BONUS', '60.0', 'SINGLE', 5, NULL, NULL, NULL, b'1', b'0', 'SUM', 'ACTIVE', '2016-08-25 11:48:30', '2020-07-30 11:31:13'),
	(471, 1, 1, 'Bonus_String_UDF1', 'Current Annual Bonus of employee', 'Bonus String UDF1', '{\n  "steps": [\n    {\n      "table": "BONUS_MASTER",\n      "inMappingColumn": "",\n      "outMappingColumn": "EMPLOYEE_MASTER_ID",\n      "level": 1,\n      "conditions": {\n        "andType": [{\n            "columnName": "COMPENSATION_INCREASE_TYPE_ID", \n             "columnValue": 3\n         }],\n        "orType": []\n      }\n    }\n  ]\n}', 'BONUS_MASTER', 'BONUS_STRING1', 'ANNUAL BONUS', '60.0', 'SINGLE', 1, NULL, NULL, NULL, b'1', b'0', 'SUM', 'ACTIVE', '2016-08-25 11:48:30', '2020-07-30 11:31:13'),
	(472, 1, 1, 'Bonus_String_UDF2', 'Current Annual Bonus of employee', 'Bonus String UDF2', '{\n  "steps": [\n    {\n      "table": "BONUS_MASTER",\n      "inMappingColumn": "",\n      "outMappingColumn": "EMPLOYEE_MASTER_ID",\n      "level": 1,\n      "conditions": {\n        "andType": [{\n            "columnName": "COMPENSATION_INCREASE_TYPE_ID", \n             "columnValue": 3\n         }],\n        "orType": []\n      }\n    }\n  ]\n}', 'BONUS_MASTER', 'BONUS_STRING2', 'ANNUAL BONUS', '60.0', 'SINGLE', 1, NULL, NULL, NULL, b'1', b'0', 'SUM', 'ACTIVE', '2016-08-25 11:48:30', '2020-07-30 11:31:13'),
	(473, 1, 1, 'Spot_Bonus_Min_Guideline', 'Basepay minimum guideline of employee', 'Spot Bonus Min Guideline', '{\n  "steps": [\n    {\n      "table": "BONUS_MASTER",\n      "inMappingColumn": "",\n      "outMappingColumn": "EMPLOYEE_MASTER_ID",\n      "level": 1,\n      "conditions": {\n        "andType": [{\n            "columnName": "COMPENSATION_INCREASE_TYPE_ID", \n             "columnValue": 4\n         }],\n        "orType": []\n      }\n    }\n  ]\n}', 'BONUS_MASTER', 'GUIDELINE_MIN', 'OTHER BONUSES', '3', 'SINGLE', 5, NULL, NULL, NULL, b'0', b'0', 'SUM', 'ACTIVE', '2016-04-27 01:57:16', '2020-07-30 22:30:05'),
	(474, 1, 1, 'New_RSU_Amount', 'New Annual Price of employee', 'New RSU Amount', '{\n  "steps": [\n    {\n      "table": "STOCK_MASTER",\n      "inMappingColumn": "",\n      "outMappingColumn": "EMPLOYEE_MASTER_ID",\n      "level": 1,\n      "conditions": {\n        "andType": [{\n            "columnName": "COMPENSATION_INCREASE_TYPE_ID", \n             "columnValue": 6\n         }],\n        "orType": []\n      }\n    }\n  ]\n}', 'STOCK_MASTER', 'NEW_ANNUAL_PRICE', 'STOCK', '80.0', 'SINGLE', 5, NULL, NULL, NULL, b'1', b'0', 'SUM', 'ACTIVE', '2016-08-25 11:48:30', '2020-07-30 12:36:55'),
	(475, 1, 1, 'Option_Eligible', 'Stock Increase Eligible of employee', 'Option Eligible', '{\n  "steps": [\n    {\n      "table": "STOCK_MASTER",\n      "inMappingColumn": "",\n      "outMappingColumn": "EMPLOYEE_MASTER_ID",\n      "level": 1,\n      "conditions": {\n        "andType": [{\n            "columnName": "COMPENSATION_INCREASE_TYPE_ID", \n             "columnValue": 5\n         }],\n        "orType": []\n      }\n    }\n  ]\n}', 'STOCK_MASTER', 'STOCK_INCREASE_ELIGIBLE', 'STOCK', '10.0', 'MULTI', 16, NULL, NULL, NULL, b'0', b'0', 'SUM', 'ACTIVE', '2016-08-25 11:57:00', '2020-10-18 02:25:59'),
	(476, 1, 1, 'RSU_Cliff_in_Months', 'cliff', 'RSU Cliff in Months', '{\n  "steps": [\n    {\n      "table": "STOCK_MASTER",\n      "inMappingColumn": "",\n      "outMappingColumn": "EMPLOYEE_MASTER_ID",\n      "level": 1,\n      "conditions": {\n        "andType": [{\n            "columnName": "COMPENSATION_INCREASE_TYPE_ID", \n             "columnValue": 6\n         }],\n        "orType": []\n      }\n    }\n  ]\n}', 'STOCK_MASTER', 'LOCKED_IN_MONTH', 'STOCK', '3', 'SINGLE', 14, NULL, NULL, NULL, b'0', b'0', 'SUM', 'ACTIVE', '2016-04-27 01:57:16', '2020-07-30 12:36:55'),
	(477, 1, 1, 'Option_Vesting_in_Months', 'vesting', 'Option Vesting in Months', '{\n  "steps": [\n    {\n      "table": "STOCK_MASTER",\n      "inMappingColumn": "",\n      "outMappingColumn": "EMPLOYEE_MASTER_ID",\n      "level": 1,\n      "conditions": {\n        "andType": [{\n            "columnName": "COMPENSATION_INCREASE_TYPE_ID", \n             "columnValue": 5\n         }],\n        "orType": []\n      }\n    }\n  ]\n}', 'STOCK_MASTER', 'VESTING_IN_MONTH', 'STOCK', '3', 'SINGLE', 14, NULL, NULL, NULL, b'0', b'0', 'SUM', 'ACTIVE', '2016-04-27 01:57:16', '2020-07-30 12:36:55'),
	(478, 1, 1, 'Option_Effective_Date', 'units', 'Option Effective Date', '{\n  "steps": [\n    {\n      "table": "STOCK_MASTER",\n      "inMappingColumn": "",\n      "outMappingColumn": "EMPLOYEE_MASTER_ID",\n      "level": 1,\n      "conditions": {\n        "andType": [{\n            "columnName": "COMPENSATION_INCREASE_TYPE_ID", \n             "columnValue": 5\n         }],\n        "orType": []\n      }\n    }\n  ]\n}', 'STOCK_MASTER', 'EFFECTIVE_DATE', 'STOCK', '3', 'SINGLE', 5, NULL, NULL, NULL, b'0', b'0', 'SUM', 'ACTIVE', '2016-04-27 01:57:16', '2020-07-30 12:36:55'),
	(480, 1, 1, 'Option_Strike_Price', 'price', 'Option Strike Price', '{\n  "steps": [\n    {\n      "table": "STOCK_MASTER",\n      "inMappingColumn": "",\n      "outMappingColumn": "EMPLOYEE_MASTER_ID",\n      "level": 1,\n      "conditions": {\n        "andType": [{\n            "columnName": "COMPENSATION_INCREASE_TYPE_ID", \n             "columnValue": 5\n         }],\n        "orType": []\n      }\n    }\n  ]\n}', 'STOCK_MASTER', 'STRICK_PRICE', 'STOCK', '3', 'SINGLE', 5, NULL, NULL, NULL, b'0', b'0', NULL, 'ACTIVE', '2016-04-27 01:57:16', '2020-07-30 12:36:55'),
	(481, 1, 1, 'Current_Option_Units', 'units', 'Current Option Units', '{\n  "steps": [\n    {\n      "table": "STOCK_MASTER",\n      "inMappingColumn": "",\n      "outMappingColumn": "EMPLOYEE_MASTER_ID",\n      "level": 1,\n      "conditions": {\n        "andType": [{\n            "columnName": "COMPENSATION_INCREASE_TYPE_ID", \n             "columnValue": 5\n         }],\n        "orType": []\n      }\n    }\n  ]\n}', 'STOCK_MASTER', 'CURRENT_ANNUAL_UNIT', 'STOCK', '3', 'SINGLE', 13, NULL, NULL, NULL, b'0', b'0', 'SUM', 'ACTIVE', '2016-04-27 01:57:16', '2020-07-30 12:36:55'),
	(482, 1, 1, 'New_RSU_Units', 'New Annual Price of employee', 'New RSU Units', '{\n  "steps": [\n    {\n      "table": "STOCK_MASTER",\n      "inMappingColumn": "",\n      "outMappingColumn": "EMPLOYEE_MASTER_ID",\n      "level": 1,\n      "conditions": {\n        "andType": [{\n            "columnName": "COMPENSATION_INCREASE_TYPE_ID", \n             "columnValue": 6\n         }],\n        "orType": []\n      }\n    }\n  ]\n}', 'STOCK_MASTER', 'NEW_ANNUAL_UNITS', 'STOCK', '80.0', 'SINGLE', 13, NULL, NULL, NULL, b'1', b'0', 'SUM', 'ACTIVE', '2016-08-25 11:48:30', '2020-07-30 12:36:55'),
	(483, 1, 1, 'New_Option_Units', 'New Annual Price of employee', 'New Option Units', '{\n  "steps": [\n    {\n      "table": "STOCK_MASTER",\n      "inMappingColumn": "",\n      "outMappingColumn": "EMPLOYEE_MASTER_ID",\n      "level": 1,\n      "conditions": {\n        "andType": [{\n            "columnName": "COMPENSATION_INCREASE_TYPE_ID", \n             "columnValue": 5\n         }],\n        "orType": []\n      }\n    }\n  ]\n}', 'STOCK_MASTER', 'NEW_ANNUAL_UNITS', 'STOCK', '80.0', 'SINGLE', 13, NULL, NULL, NULL, b'1', b'0', 'SUM', 'ACTIVE', '2016-08-25 11:48:30', '2020-07-30 12:36:55'),
	(484, 1, 1, 'Option_Grant_Date', 'ALLOCATION DATE', 'Option Grant Date', '{\n  "steps": [\n    {\n      "table": "STOCK_MASTER",\n      "inMappingColumn": "",\n      "outMappingColumn": "EMPLOYEE_MASTER_ID",\n      "level": 1,\n      "conditions": {\n        "andType": [{\n            "columnName": "COMPENSATION_INCREASE_TYPE_ID", \n             "columnValue": 5\n         }],\n        "orType": []\n      }\n    }\n  ]\n}', 'STOCK_MASTER', 'ALLOCATION_DATE', 'STOCK', '3', 'SINGLE', 7, NULL, NULL, NULL, b'0', b'0', NULL, 'ACTIVE', '2016-04-27 01:57:16', '2020-07-30 12:36:55'),
	(485, 1, 1, 'Option_Guideline_Min', 'price', 'Option Guideline Min', '{\n  "steps": [\n    {\n      "table": "STOCK_MASTER",\n      "inMappingColumn": "",\n      "outMappingColumn": "EMPLOYEE_MASTER_ID",\n      "level": 1,\n      "conditions": {\n        "andType": [{\n            "columnName": "COMPENSATION_INCREASE_TYPE_ID", \n             "columnValue": 5\n         }],\n        "orType": []\n      }\n    }\n  ]\n}', 'STOCK_MASTER', 'GUIDELINE_MIN', 'STOCK', '3', 'SINGLE', 5, NULL, NULL, NULL, b'0', b'0', NULL, 'ACTIVE', '2016-04-27 01:57:16', '2020-07-30 12:36:55'),
	(486, 1, 1, 'RSU_Guideline_Min', 'price', 'RSU Guideline Min', '{\n  "steps": [\n    {\n      "table": "STOCK_MASTER",\n      "inMappingColumn": "",\n      "outMappingColumn": "EMPLOYEE_MASTER_ID",\n      "level": 1,\n      "conditions": {\n        "andType": [{\n            "columnName": "COMPENSATION_INCREASE_TYPE_ID", \n             "columnValue": 6\n         }],\n        "orType": []\n      }\n    }\n  ]\n}', 'STOCK_MASTER', 'GUIDELINE_MIN', 'STOCK', '3', 'SINGLE', 5, NULL, NULL, NULL, b'0', b'0', NULL, 'ACTIVE', '2016-04-27 01:57:16', '2020-07-30 12:36:55'),
	(487, 1, 1, 'Option_Guideline_Max', 'price', 'Option Guideline Max', '{\n  "steps": [\n    {\n      "table": "STOCK_MASTER",\n      "inMappingColumn": "",\n      "outMappingColumn": "EMPLOYEE_MASTER_ID",\n      "level": 1,\n      "conditions": {\n        "andType": [{\n            "columnName": "COMPENSATION_INCREASE_TYPE_ID", \n             "columnValue": 5\n         }],\n        "orType": []\n      }\n    }\n  ]\n}', 'STOCK_MASTER', 'GUIDELINE_MAX', 'STOCK', '3', 'SINGLE', 5, NULL, NULL, NULL, b'0', b'0', NULL, 'ACTIVE', '2016-04-27 01:57:16', '2020-07-30 12:36:55'),
	(488, 1, 1, 'RSU_Guideline_Max', 'price', 'RSU Guideline Max', '{\n  "steps": [\n    {\n      "table": "STOCK_MASTER",\n      "inMappingColumn": "",\n      "outMappingColumn": "EMPLOYEE_MASTER_ID",\n      "level": 1,\n      "conditions": {\n        "andType": [{\n            "columnName": "COMPENSATION_INCREASE_TYPE_ID", \n             "columnValue": 6\n         }],\n        "orType": []\n      }\n    }\n  ]\n}', 'STOCK_MASTER', 'GUIDELINE_MAX', 'STOCK', '3', 'SINGLE', 5, NULL, NULL, NULL, b'0', b'0', NULL, 'ACTIVE', '2016-04-27 01:57:16', '2020-07-30 12:36:55'),
	(490, 1, 1, 'Option_Plan_Name', 'price', 'Option Plan Name', '{\n  "steps": [\n    {\n      "table": "STOCK_MASTER",\n      "inMappingColumn": "",\n      "outMappingColumn": "EMPLOYEE_MASTER_ID",\n      "level": 1,\n      "conditions": {\n        "andType": [{\n            "columnName": "COMPENSATION_INCREASE_TYPE_ID", \n             "columnValue": 5\n         }],\n        "orType": []\n      }\n    }\n  ]\n}', 'STOCK_MASTER', 'PLAN_NAME', 'STOCK', '3', 'SINGLE', 1, NULL, NULL, NULL, b'0', b'0', NULL, 'ACTIVE', '2016-04-27 01:57:16', '2020-07-30 12:36:55'),
	(491, 1, 1, 'RSU_Plan_Name', 'price', 'RSU Plan Name', '{\n  "steps": [\n    {\n      "table": "STOCK_MASTER",\n      "inMappingColumn": "",\n      "outMappingColumn": "EMPLOYEE_MASTER_ID",\n      "level": 1,\n      "conditions": {\n        "andType": [{\n            "columnName": "COMPENSATION_INCREASE_TYPE_ID", \n             "columnValue": 6\n         }],\n        "orType": []\n      }\n    }\n  ]\n}', 'STOCK_MASTER', 'PLAN_NAME', 'STOCK', '3', 'SINGLE', 1, NULL, NULL, NULL, b'0', b'0', NULL, 'ACTIVE', '2016-04-27 01:57:16', '2020-07-30 12:36:55'),
	(492, 1, 1, 'RSU_Note', 'price', 'RSU Note', '{\n  "steps": [\n    {\n      "table": "STOCK_MASTER",\n      "inMappingColumn": "",\n      "outMappingColumn": "EMPLOYEE_MASTER_ID",\n      "level": 1,\n      "conditions": {\n        "andType": [{\n            "columnName": "COMPENSATION_INCREASE_TYPE_ID", \n             "columnValue": 6\n         }],\n        "orType": []\n      }\n    }\n  ]\n}', 'STOCK_MASTER', 'NOTE', 'STOCK', '15', 'SINGLE', 15, NULL, NULL, NULL, b'0', b'0', 'SUM', 'ACTIVE', '2016-04-27 01:57:16', '2020-11-29 14:57:36'),
	(493, 1, 1, 'Option_Note', 'price', 'Option Note', '{\n  "steps": [\n    {\n      "table": "STOCK_MASTER",\n      "inMappingColumn": "",\n      "outMappingColumn": "EMPLOYEE_MASTER_ID",\n      "level": 1,\n      "conditions": {\n        "andType": [{\n            "columnName": "COMPENSATION_INCREASE_TYPE_ID", \n             "columnValue": 5\n         }],\n        "orType": []\n      }\n    }\n  ]\n}', 'STOCK_MASTER', 'NOTE', 'STOCK', '3', 'SINGLE', 1, NULL, NULL, NULL, b'0', b'0', NULL, 'ACTIVE', '2016-04-27 01:57:16', '2020-07-30 12:36:55'),
	(494, 1, 1, 'RSU_Vested', 'price', 'RSU Vested', '{\n  "steps": [\n    {\n      "table": "STOCK_MASTER",\n      "inMappingColumn": "",\n      "outMappingColumn": "EMPLOYEE_MASTER_ID",\n      "level": 1,\n      "conditions": {\n        "andType": [{\n            "columnName": "COMPENSATION_INCREASE_TYPE_ID", \n             "columnValue": 6\n         }],\n        "orType": []\n      }\n    }\n  ]\n}', 'STOCK_MASTER', 'VESTED', 'STOCK', '3', 'SINGLE', 5, NULL, NULL, NULL, b'0', b'0', NULL, 'ACTIVE', '2016-04-27 01:57:16', '2020-07-30 12:36:55'),
	(495, 1, 1, 'Option_Vested', 'price', 'Option Vested', '{\n  "steps": [\n    {\n      "table": "STOCK_MASTER",\n      "inMappingColumn": "",\n      "outMappingColumn": "EMPLOYEE_MASTER_ID",\n      "level": 1,\n      "conditions": {\n        "andType": [{\n            "columnName": "COMPENSATION_INCREASE_TYPE_ID", \n             "columnValue": 5\n         }],\n        "orType": []\n      }\n    }\n  ]\n}', 'STOCK_MASTER', 'VESTED', 'STOCK', '3', 'SINGLE', 5, NULL, NULL, NULL, b'0', b'0', NULL, 'ACTIVE', '2016-04-27 01:57:16', '2020-07-30 12:36:55'),
	(496, 1, 1, 'RSU_Unvested', 'price', 'RSU Unvested', '{\n  "steps": [\n    {\n      "table": "STOCK_MASTER",\n      "inMappingColumn": "",\n      "outMappingColumn": "EMPLOYEE_MASTER_ID",\n      "level": 1,\n      "conditions": {\n        "andType": [{\n            "columnName": "COMPENSATION_INCREASE_TYPE_ID", \n             "columnValue": 6\n         }],\n        "orType": []\n      }\n    }\n  ]\n}', 'STOCK_MASTER', 'UNVESTED', 'STOCK', '3', 'SINGLE', 5, NULL, NULL, NULL, b'0', b'0', NULL, 'ACTIVE', '2016-04-27 01:57:16', '2020-07-30 12:36:55'),
	(497, 1, 1, 'Option_Unvested', 'price', 'Option Unvested', '{\n  "steps": [\n    {\n      "table": "STOCK_MASTER",\n      "inMappingColumn": "",\n      "outMappingColumn": "EMPLOYEE_MASTER_ID",\n      "level": 1,\n      "conditions": {\n        "andType": [{\n            "columnName": "COMPENSATION_INCREASE_TYPE_ID", \n             "columnValue": 5\n         }],\n        "orType": []\n      }\n    }\n  ]\n}', 'STOCK_MASTER', 'UNVESTED', 'STOCK', '3', 'SINGLE', 5, NULL, NULL, NULL, b'0', b'0', NULL, 'ACTIVE', '2016-04-27 01:57:16', '2020-07-30 12:36:55'),
	(498, 1, 1, 'Option_Units_Percent_Increase', 'Units Percent Increase of employee', 'Option Units Percent Increase', '{\n  "steps": [\n    {\n      "table": "STOCK_MASTER",\n      "inMappingColumn": "",\n      "outMappingColumn": "EMPLOYEE_MASTER_ID",\n      "level": 1,\n      "conditions": {\n        "andType": [{\n            "columnName": "COMPENSATION_INCREASE_TYPE_ID", \n             "columnValue": 5\n         }],\n        "orType": []\n      }\n    }\n  ]\n}', 'STOCK_MASTER', 'UNITS_PERCENT_INCREASE', 'STOCK', '3', 'SINGLE', 11, NULL, NULL, NULL, b'0', b'0', NULL, 'ACTIVE', '2016-04-27 01:57:16', '2020-07-30 12:36:55'),
	(499, 1, 1, 'RSU_Amt_Percent_Increase', 'Units Percent Increase of employee', 'RSU Amt Percent Increase', '{\n  "steps": [\n    {\n      "table": "STOCK_MASTER",\n      "inMappingColumn": "",\n      "outMappingColumn": "EMPLOYEE_MASTER_ID",\n      "level": 1,\n      "conditions": {\n        "andType": [{\n            "columnName": "COMPENSATION_INCREASE_TYPE_ID", \n             "columnValue": 6\n         }],\n        "orType": []\n      }\n    }\n  ]\n}', 'STOCK_MASTER', 'PRICE_AMOUNT_INCREASE', 'STOCK', '3', 'SINGLE', 5, NULL, NULL, NULL, b'0', b'0', NULL, 'ACTIVE', '2016-04-27 01:57:16', '2020-07-30 12:36:55'),
	(500, 1, 1, 'Option_Amt_Percent_Increase', 'Units Percent Increase of employee', 'Option Amt Percent Increase', '{\n  "steps": [\n    {\n      "table": "STOCK_MASTER",\n      "inMappingColumn": "",\n      "outMappingColumn": "EMPLOYEE_MASTER_ID",\n      "level": 1,\n      "conditions": {\n        "andType": [{\n            "columnName": "COMPENSATION_INCREASE_TYPE_ID", \n             "columnValue": 5\n         }],\n        "orType": []\n      }\n    }\n  ]\n}', 'STOCK_MASTER', 'PRICE_AMOUNT_INCREASE', 'STOCK', '3', 'SINGLE', 5, NULL, NULL, NULL, b'0', b'0', NULL, 'ACTIVE', '2016-04-27 01:57:16', '2020-07-30 12:36:55'),
	(501, 1, 1, 'RSU_Category', 'price', 'RSU Category', '{\n  "steps": [\n    {\n      "table": "STOCK_MASTER",\n      "inMappingColumn": "",\n      "outMappingColumn": "EMPLOYEE_MASTER_ID",\n      "level": 1,\n      "conditions": {\n        "andType": [{\n            "columnName": "COMPENSATION_INCREASE_TYPE_ID", \n             "columnValue": 6\n         }],\n        "orType": []\n      }\n    }\n  ]\n}', 'STOCK_MASTER', 'CATEGORY', 'STOCK', '3', 'SINGLE', 1, NULL, NULL, NULL, b'0', b'0', NULL, 'ACTIVE', '2016-04-27 01:57:16', '2020-07-30 12:36:55'),
	(502, 1, 1, 'Option_Category', 'price', 'Option Category', '{\n  "steps": [\n    {\n      "table": "STOCK_MASTER",\n      "inMappingColumn": "",\n      "outMappingColumn": "EMPLOYEE_MASTER_ID",\n      "level": 1,\n      "conditions": {\n        "andType": [{\n            "columnName": "COMPENSATION_INCREASE_TYPE_ID", \n             "columnValue": 5\n         }],\n        "orType": []\n      }\n    }\n  ]\n}', 'STOCK_MASTER', 'CATEGORY', 'STOCK', '3', 'SINGLE', 1, NULL, NULL, NULL, b'0', b'0', NULL, 'ACTIVE', '2016-04-27 01:57:16', '2020-07-30 12:36:55'),
	(503, 1, 1, 'Performance_Rating_Extra_Code', 'Performance rating code of employee', 'Performance Rating Extra Code', '{\n  "steps": [\n    {\n      "table": "EMPLOYEE_MASTER",\n      "inMappingColumn": "",\n      "outMappingColumn": "EMPLOYEE_MASTER_ID",\n      "level": 1,\n      "conditions": {\n        "andType": [],\n        "orType": []\n      }\n    },\n    {\n      "table": "EMPLOYEE_DATA",\n      "inMappingColumn": "EMPLOYEE_MASTER_ID",\n      "outMappingColumn": "CURRENT_PERF_RATING_EXTRA_ID",\n      "level": 2,\n      "conditions": {\n        "andType": [],\n        "orType": []\n      }\n    },\n    {\n      "table": "PERFORMANCE_RATING_EXTRA",\n      "inMappingColumn": "PERF_RATING_EXTRA_ID",\n      "outMappingColumn": "",\n      "level": 3,\n      "conditions": {\n        "andType": [],\n        "orType": []\n      }\n    }\n  ]\n}', 'PERFORMANCE_RATING', 'PERF_RATING_CODE', 'PERFORMANCE', '3', 'SINGLE', 2, NULL, NULL, NULL, b'0', b'0', NULL, 'ACTIVE', '2016-04-27 01:57:16', '2020-07-30 12:34:26'),
	(504, 1, 1, 'Spot_Bonus_Eligible', 'Bonus Increase Eligible of employee', 'Spot Bonus Eligible', '{\n  "steps": [\n    {\n      "table": "BONUS_MASTER",\n      "inMappingColumn": "",\n      "outMappingColumn": "EMPLOYEE_MASTER_ID",\n      "level": 1,\n      "conditions": {\n        "andType": [{\n            "columnName": "COMPENSATION_INCREASE_TYPE_ID", \n             "columnValue": 4\n         }],\n        "orType": []\n      }\n    }\n  ]\n}', 'BONUS_MASTER', 'BONUS_INCREASE_ELIGIBLE', 'ANNUAL BONUS', '50.0', 'SINGLE', 1, NULL, NULL, NULL, b'0', b'0', NULL, 'ACTIVE', '2016-08-25 11:57:00', '2021-02-25 15:32:30'),
	(506, 1, 1, 'DecimalField2', 'DecimalField2', 'DecimalField2', '{\n  "steps": [\n    {\n      "table": "EMPLOYEE_MASTER",\n      "inMappingColumn": "",\n      "outMappingColumn": "EMPLOYEE_MASTER_ID",\n      "level": 1,\n      "conditions": {\n        "andType": [],\n        "orType": []\n      }\n    },\n    {\n      "table": "EMPLOYEE_DATA",\n      "inMappingColumn": "EMPLOYEE_MASTER_ID",\n      "outMappingColumn": "CUSTOMER_DATA_ID",\n      "level": 2,\n      "conditions": {\n        "andType": [],\n        "orType": []\n      }\n    },\n    {\n      "table": "CUSTOMER_DATA",\n      "inMappingColumn": "CUSTOMER_DATA_ID",\n      "outMappingColumn": "",\n      "level": 3,\n      "conditions": {\n        "andType": [],\n        "orType": []\n      }\n    }\n  ]\n}', 'CUSTOMER_DATA', 'Decimal_Field2', 'USER DEFINED FIELDS', 'Finance', 'SINGLE', 5, NULL, NULL, NULL, b'0', b'1', NULL, 'ACTIVE', '2015-06-08 15:37:10', '2021-02-09 18:06:55'),
	(507, 1, 1, 'IntegerField1', 'IntegerField1', 'IntegerField1', '{\n  "steps": [\n    {\n      "table": "EMPLOYEE_MASTER",\n      "inMappingColumn": "",\n      "outMappingColumn": "EMPLOYEE_MASTER_ID",\n      "level": 1,\n      "conditions": {\n        "andType": [],\n        "orType": []\n      }\n    },\n    {\n      "table": "EMPLOYEE_DATA",\n      "inMappingColumn": "EMPLOYEE_MASTER_ID",\n      "outMappingColumn": "CUSTOMER_DATA_ID",\n      "level": 2,\n      "conditions": {\n        "andType": [],\n        "orType": []\n      }\n    },\n    {\n      "table": "CUSTOMER_DATA",\n      "inMappingColumn": "CUSTOMER_DATA_ID",\n      "outMappingColumn": "",\n      "level": 3,\n      "conditions": {\n        "andType": [],\n        "orType": []\n      }\n    }\n  ]\n}', 'CUSTOMER_DATA', 'Integer_Field1', 'USER DEFINED FIELDS', 'Finance', 'SINGLE', 13, NULL, NULL, NULL, b'0', b'1', NULL, 'ACTIVE', '2015-06-08 15:37:10', '2020-08-21 21:28:58'),
	(508, 1, 1, 'Current_Annual_Basepay_LC', 'Current Annual Basepay LC of employee', 'Current Annual Basepay LC', '{\n  "steps": [\n    {\n      "table": "EMPLOYEE_MASTER",\n      "inMappingColumn": "",\n      "outMappingColumn": "EMPLOYEE_MASTER_ID",\n      "level": 1,\n      "conditions": {\n        "andType": [],\n        "orType": []\n      }\n    }\n  ]\n}', 'EMPLOYEE_MASTER', 'CURRENT_ANNUAL_BASEPAY_LC', 'DEMOGRAPHICS', '100.0', 'SINGLE', 5, NULL, NULL, NULL, b'1', b'1', 'SUM', 'ACTIVE', '2016-08-25 11:48:30', '2020-07-30 11:24:46'),
	(509, 1, 1, 'New Department_Name', 'Department name of employee', 'New Department Name', '{\n  "steps": [\n    {\n      "table": "EMPLOYEE_MASTER",\n      "inMappingColumn": "",\n      "outMappingColumn": "EMPLOYEE_MASTER_ID",\n      "level": 1,\n      "conditions": {\n        "andType": [],\n        "orType": []\n      }\n    },\n    {\n      "table": "EMPLOYEE_DATA",\n      "inMappingColumn": "EMPLOYEE_MASTER_ID",\n      "outMappingColumn": "NEW_DEPT_ID",\n      "level": 2,\n      "conditions": {\n        "andType": [],\n        "orType": []\n      }\n    },\n    {\n      "table": "DEPARTMENT",\n      "inMappingColumn": "DEPT_ID",\n      "outMappingColumn": "",\n      "level": 3,\n      "keepsDuplicate": true,\n      "conditions": {\n        "andType": [],\n        "orType": []\n      }\n    }\n  ]\n}', 'DEPARTMENT', 'DEPT_NAME', 'ORG STRUCTURE', 'Finance', 'SINGLE', 1, NULL, NULL, NULL, b'0', b'1', 'SUM', 'ACTIVE', '2015-06-08 15:37:10', '2021-02-10 12:51:28'),
	(510, 1, 1, 'DecimalField1', 'DecimalField1', 'DecimalField1', '{\n  "steps": [\n    {\n      "table": "EMPLOYEE_MASTER",\n      "inMappingColumn": "",\n      "outMappingColumn": "EMPLOYEE_MASTER_ID",\n      "level": 1,\n      "conditions": {\n        "andType": [],\n        "orType": []\n      }\n    },\n    {\n      "table": "EMPLOYEE_DATA",\n      "inMappingColumn": "EMPLOYEE_MASTER_ID",\n      "outMappingColumn": "CUSTOMER_DATA_ID",\n      "level": 2,\n      "conditions": {\n        "andType": [],\n        "orType": []\n      }\n    },\n    {\n      "table": "CUSTOMER_DATA",\n      "inMappingColumn": "CUSTOMER_DATA_ID",\n      "outMappingColumn": "",\n      "level": 3,\n      "conditions": {\n        "andType": [],\n        "orType": []\n      }\n    }\n  ]\n}', 'CUSTOMER_DATA', 'Decimal_Field1', 'USER DEFINED FIELDS', 'Finance', 'SINGLE', 5, NULL, NULL, NULL, b'0', b'1', NULL, 'ACTIVE', '2015-06-08 15:37:10', '2021-02-09 18:06:55'),
	(511, 1, 1, 'BonusDecimal1', 'BonusDecimal1', 'BonusDecimal1', '{\n  "steps": [\n    {\n      "table": "BONUS_MASTER",\n      "inMappingColumn": "",\n      "outMappingColumn": "EMPLOYEE_MASTER_ID",\n      "level": 1,\n      "conditions": {\n        "andType": [{\n            "columnName": "COMPENSATION_INCREASE_TYPE_ID", \n             "columnValue": 3\n         }],\n        "orType": []\n      }\n    }\n  ]\n}', 'BONUS_MASTER', 'BONUS_DECIMAL1', 'ANNUAL BONUS', '60.0', 'SINGLE', 5, NULL, NULL, NULL, b'1', b'0', 'SUM', 'ACTIVE', '2016-08-25 11:48:30', '2020-10-12 21:32:52'),
	(512, 1, 1, 'BonusDecimal2', 'BonusDecimal2', 'BonusDecimal2', '{\n  "steps": [\n    {\n      "table": "BONUS_MASTER",\n      "inMappingColumn": "",\n      "outMappingColumn": "EMPLOYEE_MASTER_ID",\n      "level": 1,\n      "conditions": {\n        "andType": [{\n            "columnName": "COMPENSATION_INCREASE_TYPE_ID", \n             "columnValue": 3\n         }],\n        "orType": []\n      }\n    }\n  ]\n}', 'BONUS_MASTER', 'BONUS_DECIMAL2', 'ANNUAL BONUS', '60.0', 'SINGLE', 5, NULL, NULL, NULL, b'1', b'0', 'SUM', 'ACTIVE', '2016-08-25 11:48:30', '2020-10-12 21:32:57'),
	(515, 1, 1, 'New_Hourly_Wage', 'New Hourly wage', 'New Hourly Wage', '{\n  "steps": [\n    {\n      "table": "EMPLOYEE_MASTER",\n      "inMappingColumn": "",\n      "outMappingColumn": "EMPLOYEE_MASTER_ID",\n      "level": 1,\n      "conditions": {\n        "andType": [],\n        "orType": []\n      }\n    }\n  ]\n}', 'EMPLOYEE_MASTER', 'NEW_HOURLY_WAGE', 'DEMOGRAPHICS', '100', 'SINGLE', 5, 54, NULL, NULL, b'0', b'0', 'SUM', 'ACTIVE', '2016-04-27 01:56:40', '2020-07-30 18:24:46'),
	(517, 1, 1, 'Work_Country', 'Work country of employee', 'Work Country', '{\n  "steps": [\n    {\n      "table": "EMPLOYEE_MASTER",\n      "inMappingColumn": "",\n      "outMappingColumn": "EMPLOYEE_MASTER_ID",\n      "level": 1,\n      "conditions": {\n        "andType": [],\n        "orType": []\n      }\n    }\n  ]\n}', 'EMPLOYEE_MASTER', 'WORK_COUNTRY', 'DEMOGRAPHICS', 'USA', 'SINGLE', 1, NULL, NULL, NULL, b'0', b'0', NULL, 'ACTIVE', '2016-04-27 01:41:35', '2020-12-06 17:02:04'),
	(518, 1, 1, 'Hourly_Increase', 'Hourly Increase', 'Hourly Increase', '{\n  "steps": [\n    {\n      "table": "EMPLOYEE_MASTER",\n      "inMappingColumn": "",\n      "outMappingColumn": "EMPLOYEE_MASTER_ID",\n      "level": 1,\n      "conditions": {\n        "andType": [],\n        "orType": []\n      }\n    }\n  ]\n}', 'EMPLOYEE_MASTER', 'HOURLY_INCREASE', 'DEMOGRAPHICS', '100', 'SINGLE', 5, NULL, NULL, NULL, b'0', b'0', 'SUM', 'ACTIVE', '2016-04-27 01:56:40', '2020-07-30 11:24:46'),
	(519, 1, 1, 'Spot_Bonus_Increase_Name', 'Spot Bonus increase name of employee', 'Spot Bonus Increase Name', '{\n  "steps": [\n    {\n      "table": "BONUS_MASTER",\n      "inMappingColumn": "",\n      "outMappingColumn": "EMPLOYEE_MASTER_ID",\n      "level": 1,\n      "conditions": {\n        "andType": [{\n            "columnName": "COMPENSATION_INCREASE_TYPE_ID", \n             "columnValue": 4\n         }],\n        "orType": []\n      }\n    }\n  ]\n}', 'BONUS_MASTER', 'INCREASE_NAME', 'OTHER BONUSES', '3', 'SINGLE', 5, NULL, NULL, NULL, b'0', b'0', 'SUM', 'ACTIVE', '2016-04-27 01:57:16', '2020-07-30 22:30:05'),
	(520, 1, 1, 'Bonus_Increase_Name', 'Bonus increase name of employee', 'Bonus Increase Name', '{\n  "steps": [\n    {\n      "table": "BONUS_MASTER",\n      "inMappingColumn": "",\n      "outMappingColumn": "EMPLOYEE_MASTER_ID",\n      "level": 1,\n      "conditions": {\n        "andType": [{\n            "columnName": "COMPENSATION_INCREASE_TYPE_ID", \n             "columnValue": 3\n         }],\n        "orType": []\n      }\n    }\n  ]\n}', 'BONUS_MASTER', 'INCREASE_NAME', 'OTHER BONUSES', '3', 'SINGLE', 5, NULL, NULL, NULL, b'0', b'0', 'SUM', 'ACTIVE', '2016-04-27 01:57:16', '2020-07-30 22:30:05'),
	(521, 1, 1, 'Total_Basepay_Increase_Percentage', 'Total Basepay Increase Percentage of employee', 'Total Basepay Increase Percentage', '{\n  "steps": [\n    {\n      "table": "EMPLOYEE_MASTER",\n      "inMappingColumn": "",\n      "outMappingColumn": "EMPLOYEE_MASTER_ID",\n      "level": 1,\n      "conditions": {\n        "andType": [],\n        "orType": []\n      }\n    }\n  ]\n}', 'EMPLOYEE_MASTER', 'TOTAL_BASEPAY_INCREASE_PERCENT', 'DEMOGRAPHICS', '100.0', 'SINGLE', 5, NULL, NULL, NULL, b'1', b'1', 'SUM', 'ACTIVE', '2016-08-25 11:48:30', '2020-12-26 15:50:07'),
	(522, 1, 1, 'Total_Basepay_Increase_Amount', 'Total Basepay Increase Amount of employee', 'Total Basepay Increase Amount', '{\n  "steps": [\n    {\n      "table": "EMPLOYEE_MASTER",\n      "inMappingColumn": "",\n      "outMappingColumn": "EMPLOYEE_MASTER_ID",\n      "level": 1,\n      "conditions": {\n        "andType": [],\n        "orType": []\n      }\n    }\n  ]\n}', 'EMPLOYEE_MASTER', 'TOTAL_BASEPAY_INCREASE_AMOUNT', 'DEMOGRAPHICS', '100.0', 'SINGLE', 5, NULL, NULL, NULL, b'1', b'1', 'SUM', 'ACTIVE', '2016-08-25 11:48:30', '2020-07-30 11:24:46');
/*!40000 ALTER TABLE `meta_data` ENABLE KEYS */;

-- Dumping data for table compcloud.meta_data_alert: ~0 rows (approximately)
/*!40000 ALTER TABLE `meta_data_alert` DISABLE KEYS */;
INSERT INTO `meta_data_alert` (`META_DATA_ALERT_ID`, `ORG_ID`, `TENANT_ID`, `ALERT_NAME`, `ALERT_DESC`, `TEMPLATE`, `THEN_RULE`, `ELSE_RULE`, `ALERT_STATUS`, `CREATED_BY`, `MODIFIED_BY`, `CREATED_TIME`, `LAST_UPDATED`) VALUES
	(7, 1, 1, 'Target Profit Alert', 'Target Profit Alert', '[ {\r\n  "id" : 0,\r\n  "fields" : [ {\r\n    "id" : "5001",\r\n    "name" : "AND"\r\n  }, {\r\n    "id" : "GVOJXlAv",\r\n    "name" : "Business Unit Target Profit"\r\n  }, {\r\n    "id" : "7004",\r\n    "name" : "!="\r\n  }, {\r\n    "id" : "8001",\r\n    "name" : "10"\r\n  } ]\r\n} ]', 'Target profit is less', NULL, 'ACTIVE', 13, 7, '2018-09-02 20:05:46', '2018-09-17 18:01:17');
/*!40000 ALTER TABLE `meta_data_alert` ENABLE KEYS */;

-- Dumping data for table compcloud.meta_data_alert_mapper: ~21 rows (approximately)
/*!40000 ALTER TABLE `meta_data_alert_mapper` DISABLE KEYS */;
INSERT INTO `meta_data_alert_mapper` (`META_DATA_ALERT_MAPPER_ID`, `ORG_ID`, `TENANT_ID`, `META_DATA_ID`, `NOTIFICATION_VIEW_ID`, `META_DATA_ALERT_MAPPER_STATUS`) VALUES
	(1, 1, 1, 25, 28, 'INACTIVE'),
	(2, 1, 1, 245, 28, 'INACTIVE'),
	(3, 1, 1, 60, 28, 'INACTIVE'),
	(4, 1, 1, 227, 28, 'INACTIVE'),
	(5, 1, 1, 25, 31, 'INACTIVE'),
	(6, 1, 1, 61, 31, 'ACTIVE'),
	(7, 1, 1, 25, 28, 'INACTIVE'),
	(8, 1, 1, 25, 31, 'ACTIVE'),
	(9, 1, 1, 185, 31, 'ACTIVE'),
	(10, 1, 1, 60, 31, 'ACTIVE'),
	(11, 1, 1, 245, 31, 'ACTIVE'),
	(12, 1, 1, 240, 31, 'ACTIVE'),
	(13, 1, 1, 383, 31, 'INACTIVE'),
	(14, 1, 1, 384, 31, 'ACTIVE'),
	(15, 1, 1, 387, 31, 'INACTIVE'),
	(16, 1, 1, 388, 31, 'ACTIVE'),
	(17, 1, 1, 229, 31, 'ACTIVE'),
	(18, 1, 1, 230, 31, 'ACTIVE'),
	(19, 1, 1, 27, 31, 'ACTIVE'),
	(20, 1, 1, 310, 31, 'ACTIVE'),
	(21, 1, 1, 387, 32, 'ACTIVE');
/*!40000 ALTER TABLE `meta_data_alert_mapper` ENABLE KEYS */;

-- Dumping data for table compcloud.meta_data_attribute: ~0 rows (approximately)
/*!40000 ALTER TABLE `meta_data_attribute` DISABLE KEYS */;
/*!40000 ALTER TABLE `meta_data_attribute` ENABLE KEYS */;

-- Dumping data for table compcloud.meta_data_equation: ~32 rows (approximately)
/*!40000 ALTER TABLE `meta_data_equation` DISABLE KEYS */;
INSERT INTO `meta_data_equation` (`META_DATA_EQUATION_ID`, `ORG_ID`, `TENANT_ID`, `EQUATION_NAME`, `EQUATION_DESC`, `EQUATION_FORMULA`, `TEMPLATE`, `EQUATION_STATUS`, `EQUATION_PRIORITY`, `EXIT_ON_FAIL`, `CREATED_BY`, `MODIFIED_BY`, `WHEN_CREATED`, `STATUS_TLM`, `LAST_UPDATED`) VALUES
	(17, 1, 1, 'New Annual Salary', 'New Annual Salary', '( Current_Annual_Basepay + Merit_Amount_Increase + Promotion_Amount_Increase + Adjustment_Amount_Increase ) ', '[ {\r\n  "id" : 0,\r\n  "fields" : [ {\r\n    "id" : "9001",\r\n    "type" : "operator"\r\n  }, {\r\n    "id" : "31",\r\n    "type" : "metadata"\r\n  }, {\r\n    "id" : "9003",\r\n    "type" : "operator"\r\n  }, {\r\n    "id" : "25",\r\n    "type" : "metadata"\r\n  }, {\r\n    "id" : "9003",\r\n    "type" : "operator"\r\n  }, {\r\n    "id" : "60",\r\n    "type" : "metadata"\r\n  }, {\r\n    "id" : "9003",\r\n    "type" : "operator"\r\n  }, {\r\n    "id" : "245",\r\n    "type" : "metadata"\r\n  }, {\r\n    "id" : "9002",\r\n    "type" : "operator"\r\n  } ]\r\n} ]', 'ACTIVE', 30, b'1', 13, 13, '2018-09-02 22:45:01', '2018-09-02 22:45:01', '2020-07-05 22:20:42'),
	(18, 1, 1, 'New Compensation Increase', 'New Compensation Increase', 'Promotion_Amount_Increase + Merit_Amount_Increase + Adjustment_Amount_Increase ', '[ {\r\n  "id" : 0,\r\n  "fields" : [ {\r\n    "id" : "60",\r\n    "type" : "metadata"\r\n  }, {\r\n    "id" : "9003",\r\n    "type" : "operator"\r\n  }, {\r\n    "id" : "25",\r\n    "type" : "metadata"\r\n  }, {\r\n    "id" : "9003",\r\n    "type" : "operator"\r\n  }, {\r\n    "id" : "245",\r\n    "type" : "metadata"\r\n  } ]\r\n} ]', 'ACTIVE', 30, b'1', 13, 13, '2018-09-02 22:45:47', '2018-09-02 22:45:47', '2020-07-05 22:30:52'),
	(19, 1, 1, 'New Compensation', 'New Compensation', 'Current_Annual_Basepay + Promotion_Amount_Increase + Merit_Amount_Increase + Adjustment_Amount_Increase ', '[ {\r\n  "id" : 0,\r\n  "fields" : [ {\r\n    "id" : "31",\r\n    "type" : "metadata"\r\n  }, {\r\n    "id" : "9003",\r\n    "type" : "operator"\r\n  }, {\r\n    "id" : "60",\r\n    "type" : "metadata"\r\n  }, {\r\n    "id" : "9003",\r\n    "type" : "operator"\r\n  }, {\r\n    "id" : "25",\r\n    "type" : "metadata"\r\n  }, {\r\n    "id" : "9003",\r\n    "type" : "operator"\r\n  }, {\r\n    "id" : "245",\r\n    "type" : "metadata"\r\n  } ]\r\n} ]', 'ACTIVE', 31, b'1', 13, 13, '2018-09-02 22:46:27', '2018-09-02 22:46:27', '2020-07-05 22:21:02'),
	(20, 1, 1, 'Merit Increase Percent', 'Merit Increase Percent', '( Merit_Amount_Increase / Current_Annual_Basepay ) * 100 ', '[ {\r\n  "id" : 0,\r\n  "fields" : [ {\r\n    "id" : "9001",\r\n    "type" : "operator"\r\n  }, {\r\n    "id" : "25",\r\n    "type" : "metadata"\r\n  }, {\r\n    "id" : "9006",\r\n    "type" : "operator"\r\n  }, {\r\n    "id" : "31",\r\n    "type" : "metadata"\r\n  }, {\r\n    "id" : "9002",\r\n    "type" : "operator"\r\n  }, {\r\n    "id" : "9005",\r\n    "type" : "operator"\r\n  }, {\r\n    "id" : "8001",\r\n    "type" : "operator",\r\n    "value" : "100"\r\n  } ]\r\n} ]', 'ACTIVE', 1, b'1', 13, 13, '2018-09-04 18:14:32', '2018-09-04 18:14:32', '2019-04-30 20:27:18'),
	(21, 1, 1, 'Q1BonusCalc', 'perf rating component of bonus plan', 'Annual_Bonus_Target_Amount * Performance_Rating_Multiplier * Basepay_Proration_Factor ', '[ {\r\n  "id" : 0,\r\n  "fields" : [ {\r\n    "id" : "153",\r\n    "type" : "metadata"\r\n  }, {\r\n    "id" : "9005",\r\n    "type" : "operator"\r\n  }, {\r\n    "id" : "212",\r\n    "type" : "metadata"\r\n  }, {\r\n    "id" : "9005",\r\n    "type" : "operator"\r\n  }, {\r\n    "id" : "225",\r\n    "type" : "metadata"\r\n  } ]\r\n} ]', 'ACTIVE', 5, b'1', 13, 13, '2018-09-30 12:02:01', '2018-09-30 12:02:01', '2019-04-30 20:25:57'),
	(23, 1, 1, 'Promotion Increase Percent', 'Promotion Increase Percent', '( Promotion_Amount_Increase / Current_Annual_Basepay ) * 100 ', '[ {\r\n  "id" : 0,\r\n  "fields" : [ {\r\n    "id" : "9001",\r\n    "type" : "operator"\r\n  }, {\r\n    "id" : "60",\r\n    "type" : "metadata"\r\n  }, {\r\n    "id" : "9006",\r\n    "type" : "operator"\r\n  }, {\r\n    "id" : "31",\r\n    "type" : "metadata"\r\n  }, {\r\n    "id" : "9002",\r\n    "type" : "operator"\r\n  }, {\r\n    "id" : "9005",\r\n    "type" : "operator"\r\n  }, {\r\n    "id" : "8001",\r\n    "type" : "operator",\r\n    "value" : "100"\r\n  } ]\r\n} ]', 'ACTIVE', 2, b'1', 13, 13, '2018-10-30 15:46:12', '2018-10-30 15:46:12', '2019-04-30 20:24:45'),
	(24, 1, 1, 'Merit Budget Allocated', 'Merit Budget Allocated', '( Merit_Budget_Total_Amount - Merit_Budget_Remaining_Amount ) ', '[ {\r\n  "id" : 0,\r\n  "fields" : [ {\r\n    "id" : "9001",\r\n    "type" : "operator"\r\n  }, {\r\n    "id" : "38",\r\n    "type" : "metadata"\r\n  }, {\r\n    "id" : "9004",\r\n    "type" : "operator"\r\n  }, {\r\n    "id" : "40",\r\n    "type" : "metadata"\r\n  }, {\r\n    "id" : "9002",\r\n    "type" : "operator"\r\n  } ]\r\n} ]', 'ACTIVE', 8, b'1', 13, 13, '2018-11-01 01:54:44', '2018-11-01 01:54:44', '2019-04-30 20:23:31'),
	(25, 1, 1, 'My Merit Budget Remaining', 'Manager Merit Budget Remaining', 'My_Merit_Budget_Remaining - Merit_Amount_Increase ', '[ {\r\n  "id" : 0,\r\n  "fields" : [ {\r\n    "id" : "209",\r\n    "type" : "metadata"\r\n  }, {\r\n    "id" : "9004",\r\n    "type" : "operator"\r\n  }, {\r\n    "id" : "25",\r\n    "type" : "metadata"\r\n  } ]\r\n} ]', 'ACTIVE', 6, b'1', 13, 13, '2018-11-04 09:49:26', '2018-11-04 09:49:26', '2019-04-30 20:22:41'),
	(26, 1, 1, 'My Merit Budget Allocated', 'Manager Merit Budget Allocated', 'My_Merit_Budget_Total - My_Merit_Budget_Remaining ', '[ {\r\n  "id" : 0,\r\n  "fields" : [ {\r\n    "id" : "203",\r\n    "type" : "metadata"\r\n  }, {\r\n    "id" : "9004",\r\n    "type" : "operator"\r\n  }, {\r\n    "id" : "209",\r\n    "type" : "metadata"\r\n  } ]\r\n} ]', 'ACTIVE', 7, b'1', 13, 13, '2018-11-04 10:13:27', '2018-11-04 10:13:27', '2019-04-30 20:21:14'),
	(29, 1, 1, 'My Promotion Budget Remaining', 'Manager Promotion Budget Remaining', 'My_Promotion_Budget_Remaining - Promotion_Amount_Increase ', '[ {\r\n  "id" : 0,\r\n  "fields" : [ {\r\n    "id" : "215",\r\n    "type" : "metadata"\r\n  }, {\r\n    "id" : "9004",\r\n    "type" : "operator"\r\n  }, {\r\n    "id" : "60",\r\n    "type" : "metadata"\r\n  } ]\r\n} ]', 'ACTIVE', 11, b'1', 13, 13, '2018-11-11 22:23:24', '2018-11-11 22:23:24', '2019-04-30 20:18:44'),
	(30, 1, 1, 'My Promotion Budget Allocated', 'Manager Promotion Budget Allocated', 'My_Promotion_Budget_Total - My_Promotion_Budget_Remaining ', '[ {\r\n  "id" : 0,\r\n  "fields" : [ {\r\n    "id" : "213",\r\n    "type" : "metadata"\r\n  }, {\r\n    "id" : "9004",\r\n    "type" : "operator"\r\n  }, {\r\n    "id" : "215",\r\n    "type" : "metadata"\r\n  } ]\r\n} ]', 'ACTIVE', 12, b'1', 13, 13, '2018-11-11 22:24:37', '2018-11-11 22:24:37', '2019-04-30 20:17:24'),
	(32, 1, 1, 'My Spot Bonus Budget Allocated', 'Manager Spot Bonus Budget Allocated', 'My_Spot_Bonus_Budget_Total - My_Spot_Bonus_Budget_Remaining ', '[ {\r\n  "id" : 0,\r\n  "fields" : [ {\r\n    "id" : "219",\r\n    "type" : "metadata"\r\n  }, {\r\n    "id" : "9004",\r\n    "type" : "operator"\r\n  }, {\r\n    "id" : "221",\r\n    "type" : "metadata"\r\n  } ]\r\n} ]', 'ACTIVE', 10, b'1', 13, 13, '2018-11-13 00:51:03', '2018-11-13 00:51:03', '2019-04-30 20:15:41'),
	(33, 1, 1, 'My Spot Bonus Budget Remaining', 'Manager Spot Bonus Budget Remaining', 'My_Spot_Bonus_Budget_Remaining - Spot_Bonus_Amount_Increase ', '[ {\r\n  "id" : 0,\r\n  "fields" : [ {\r\n    "id" : "221",\r\n    "type" : "metadata"\r\n  }, {\r\n    "id" : "9004",\r\n    "type" : "operator"\r\n  }, {\r\n    "id" : "227",\r\n    "type" : "metadata"\r\n  } ]\r\n} ]', 'ACTIVE', 9, b'1', 13, 13, '2018-11-13 00:54:52', '2018-11-13 00:54:52', '2019-04-30 20:14:36'),
	(35, 1, 1, 'My Annual Bonus Budget Remaining', 'Manager Annual Bonus Budget Remaining', 'My_Annual_Bonus_Budget_Remaining - New_Annual_Bonus ', '[ {\r\n  "id" : 0,\r\n  "fields" : [ {\r\n    "id" : "210",\r\n    "type" : "metadata"\r\n  }, {\r\n    "id" : "9004",\r\n    "type" : "operator"\r\n  }, {\r\n    "id" : "34",\r\n    "type" : "metadata"\r\n  } ]\r\n} ]', 'ACTIVE', 11, b'1', 13, 13, '2018-11-13 10:54:11', '2018-11-13 10:54:11', '2019-04-30 20:11:34'),
	(36, 1, 1, 'Q1 Bonus Budget Allocated', 'Manager Q1 Bonus Budget Allocated', '( My_Annual_Bonus_Budget_Total - My_Annual_Bonus_Budget_Remaining ) ', '[ {\r\n  "id" : 0,\r\n  "fields" : [ {\r\n    "id" : "9001",\r\n    "type" : "operator"\r\n  }, {\r\n    "id" : "204",\r\n    "type" : "metadata"\r\n  }, {\r\n    "id" : "9004",\r\n    "type" : "operator"\r\n  }, {\r\n    "id" : "210",\r\n    "type" : "metadata"\r\n  }, {\r\n    "id" : "9002",\r\n    "type" : "operator"\r\n  } ]\r\n} ]', 'ACTIVE', 12, b'1', 13, 13, '2018-11-13 10:56:30', '2018-11-13 10:56:30', '2019-04-30 20:11:21'),
	(37, 1, 1, 'Units Allocated Amount', 'Units Allocated Amount', '( Current_RSU_Units * RSU_Stock_Price ) ', '[ {\r\n  "id" : 0,\r\n  "fields" : [ {\r\n    "id" : "9001",\r\n    "type" : "operator"\r\n  }, {\r\n    "id" : "229",\r\n    "type" : "metadata"\r\n  }, {\r\n    "id" : "9005",\r\n    "type" : "operator"\r\n  }, {\r\n    "id" : "228",\r\n    "type" : "metadata"\r\n  }, {\r\n    "id" : "9002",\r\n    "type" : "operator"\r\n  } ]\r\n} ]', 'ACTIVE', 13, b'1', 13, 13, '2018-11-13 13:36:31', '2018-11-13 13:36:31', '2019-04-30 20:11:08'),
	(39, 1, 1, 'My RSU Budget Remaining', 'Manager RSU Budget Remaining', 'My_RSU_Budget_Remaining - Current_RSU_Amount ', '[ {\r\n  "id" : 0,\r\n  "fields" : [ {\r\n    "id" : "211",\r\n    "type" : "metadata"\r\n  }, {\r\n    "id" : "9004",\r\n    "type" : "operator"\r\n  }, {\r\n    "id" : "230",\r\n    "type" : "metadata"\r\n  } ]\r\n} ]', 'ACTIVE', 14, b'1', 13, 13, '2018-11-13 13:42:51', '2018-11-13 13:42:51', '2019-04-30 20:10:42'),
	(40, 1, 1, 'My RSU Budget Allocated', 'Manager RSU Budget Allocated', 'My_RSU_Budget_Total - My_RSU_Budget_Remaining ', '[ {\r\n  "id" : 0,\r\n  "fields" : [ {\r\n    "id" : "205",\r\n    "type" : "metadata"\r\n  }, {\r\n    "id" : "9004",\r\n    "type" : "operator"\r\n  }, {\r\n    "id" : "211",\r\n    "type" : "metadata"\r\n  } ]\r\n} ]', 'ACTIVE', 15, b'1', 13, 13, '2018-11-13 13:43:40', '2018-11-13 13:43:40', '2019-04-30 20:10:24'),
	(41, 1, 1, 'Adjustment Increase Percent', 'Adjustment Increase Percent', '( Adjustment_Amount_Increase / Current_Annual_Basepay ) * 100 ', '[ {\r\n  "id" : 0,\r\n  "fields" : [ {\r\n    "id" : "9001",\r\n    "type" : "operator"\r\n  }, {\r\n    "id" : "245",\r\n    "type" : "metadata"\r\n  }, {\r\n    "id" : "9006",\r\n    "type" : "operator"\r\n  }, {\r\n    "id" : "31",\r\n    "type" : "metadata"\r\n  }, {\r\n    "id" : "9002",\r\n    "type" : "operator"\r\n  }, {\r\n    "id" : "9005",\r\n    "type" : "operator"\r\n  }, {\r\n    "id" : "8001",\r\n    "type" : "operator",\r\n    "value" : "100"\r\n  } ]\r\n} ]', 'ACTIVE', 13, b'1', 13, 13, '2019-04-01 16:53:22', '2019-04-01 16:53:22', '2019-04-30 20:10:00'),
	(42, 1, 1, 'Total Basepay Increase', 'Total Basepay Increase', 'Promotion_Amount_Increase + Merit_Amount_Increase + Adjustment_Amount_Increase ', '[ {\r\n  "id" : 0,\r\n  "fields" : [ {\r\n    "id" : "60",\r\n    "type" : "metadata"\r\n  }, {\r\n    "id" : "9003",\r\n    "type" : "operator"\r\n  }, {\r\n    "id" : "25",\r\n    "type" : "metadata"\r\n  }, {\r\n    "id" : "9003",\r\n    "type" : "operator"\r\n  }, {\r\n    "id" : "245",\r\n    "type" : "metadata"\r\n  } ]\r\n} ]', 'ACTIVE', 200, b'1', 13, 13, '2019-04-01 16:55:39', '2019-04-01 16:55:39', '2019-04-30 20:09:07'),
	(43, 1, 1, 'Spot Bonus Increase Percent', 'Spot Bonus Increase Percent', '( Spot_Bonus_Amount_Increase / Current_Annual_Basepay ) * 100 ', '[ {\r\n  "id" : 0,\r\n  "fields" : [ {\r\n    "id" : "9001",\r\n    "type" : "operator"\r\n  }, {\r\n    "id" : "227",\r\n    "type" : "metadata"\r\n  }, {\r\n    "id" : "9006",\r\n    "type" : "operator"\r\n  }, {\r\n    "id" : "31",\r\n    "type" : "metadata"\r\n  }, {\r\n    "id" : "9002",\r\n    "type" : "operator"\r\n  }, {\r\n    "id" : "9005",\r\n    "type" : "operator"\r\n  }, {\r\n    "id" : "8001",\r\n    "type" : "operator",\r\n    "value" : "100"\r\n  } ]\r\n} ]', 'ACTIVE', 12, b'1', 13, 13, '2019-04-01 17:13:38', '2019-04-01 17:13:38', '2019-04-30 20:08:48'),
	(45, 1, 1, 'My Adjustment Budget Remaining', 'Manager Adjustment Budget Remaining', 'My_Adjustment_Budget_Remaining - Adjustment_Amount_Increase ', '[ {\r\n  "id" : 0,\r\n  "fields" : [ {\r\n    "id" : "243",\r\n    "type" : "metadata"\r\n  }, {\r\n    "id" : "9004",\r\n    "type" : "operator"\r\n  }, {\r\n    "id" : "245",\r\n    "type" : "metadata"\r\n  } ]\r\n} ]', 'ACTIVE', 18, b'1', 13, 13, '2019-04-01 21:56:10', '2019-04-01 21:56:10', '2019-04-30 20:06:02'),
	(46, 1, 1, 'My Adjustment Budget Allocated', 'Manager Adjustment Budget Allocated', 'My_Adjustment_Budget_Total - My_Adjustment_Budget_Remaining ', '[ {\r\n  "id" : 0,\r\n  "fields" : [ {\r\n    "id" : "242",\r\n    "type" : "metadata"\r\n  }, {\r\n    "id" : "9004",\r\n    "type" : "operator"\r\n  }, {\r\n    "id" : "243",\r\n    "type" : "metadata"\r\n  } ]\r\n} ]', 'ACTIVE', 19, b'1', 13, 13, '2019-04-01 21:57:24', '2019-04-01 21:57:24', '2019-04-30 20:05:10'),
	(47, 1, 1, 'New Compa Ratio', 'New Compa Ratio', '( ( New_Annual_Basepay / New_External_Data_Mid ) * 100 ) ', '[ {\r\n  "id" : 0,\r\n  "fields" : [ {\r\n    "id" : "9001",\r\n    "type" : "operator"\r\n  }, {\r\n    "id" : "9001",\r\n    "type" : "operator"\r\n  }, {\r\n    "id" : "32",\r\n    "type" : "metadata"\r\n  }, {\r\n    "id" : "9006",\r\n    "type" : "operator"\r\n  }, {\r\n    "id" : "331",\r\n    "type" : "metadata"\r\n  }, {\r\n    "id" : "9002",\r\n    "type" : "operator"\r\n  }, {\r\n    "id" : "9005",\r\n    "type" : "operator"\r\n  }, {\r\n    "id" : "8001",\r\n    "type" : "operator",\r\n    "value" : "100"\r\n  }, {\r\n    "id" : "9002",\r\n    "type" : "operator"\r\n  } ]\r\n} ]', 'ACTIVE', 19, b'0', 13, 13, '2019-07-28 16:10:06', '2019-07-28 16:10:06', '2019-11-28 10:55:03'),
	(48, 1, 1, 'Merit Increase Amount', 'Merit Increase Amount', 'Current_Annual_Basepay * ( Merit_Percent_Increase / 100 ) ', '[ {\r\n  "id" : 0,\r\n  "fields" : [ {\r\n    "id" : "31",\r\n    "type" : "metadata"\r\n  }, {\r\n    "id" : "9005",\r\n    "type" : "operator"\r\n  }, {\r\n    "id" : "9001",\r\n    "type" : "operator"\r\n  }, {\r\n    "id" : "61",\r\n    "type" : "metadata"\r\n  }, {\r\n    "id" : "9006",\r\n    "type" : "operator"\r\n  }, {\r\n    "id" : "8001",\r\n    "type" : "operator",\r\n    "value" : "100"\r\n  }, {\r\n    "id" : "9002",\r\n    "type" : "operator"\r\n  } ]\r\n} ]', 'ACTIVE', 3, b'0', 13, 13, '2020-07-05 21:51:50', '2020-07-05 21:51:50', '2020-07-05 22:08:36'),
	(49, 1, 1, 'Promotion Increase Amount', 'Promotion Increase Amount', 'Current_Annual_Basepay * ( Promotion_Percent_Increase / 100 ) ', '[ {\r\n  "id" : 0,\r\n  "fields" : [ {\r\n    "id" : "31",\r\n    "type" : "metadata"\r\n  }, {\r\n    "id" : "9005",\r\n    "type" : "operator"\r\n  }, {\r\n    "id" : "9001",\r\n    "type" : "operator"\r\n  }, {\r\n    "id" : "185",\r\n    "type" : "metadata"\r\n  }, {\r\n    "id" : "9006",\r\n    "type" : "operator"\r\n  }, {\r\n    "id" : "8001",\r\n    "type" : "operator",\r\n    "value" : "100"\r\n  }, {\r\n    "id" : "9002",\r\n    "type" : "operator"\r\n  } ]\r\n} ]', 'ACTIVE', 3, b'0', 13, 13, '2020-07-05 21:53:47', '2020-07-05 21:53:47', '2020-07-05 22:08:51'),
	(50, 1, 1, 'Adjustment Increase Amount', 'Adjustment Increase Amount', 'Current_Annual_Basepay * ( Adjustment_Percent_Increase / 100 ) ', '[ {\r\n  "id" : 0,\r\n  "fields" : [ {\r\n    "id" : "31",\r\n    "type" : "metadata"\r\n  }, {\r\n    "id" : "9005",\r\n    "type" : "operator"\r\n  }, {\r\n    "id" : "9001",\r\n    "type" : "operator"\r\n  }, {\r\n    "id" : "240",\r\n    "type" : "metadata"\r\n  }, {\r\n    "id" : "9006",\r\n    "type" : "operator"\r\n  }, {\r\n    "id" : "8001",\r\n    "type" : "operator",\r\n    "value" : "100"\r\n  }, {\r\n    "id" : "9002",\r\n    "type" : "operator"\r\n  } ]\r\n} ]', 'ACTIVE', 14, b'0', 13, 13, '2020-07-05 21:55:15', '2020-07-05 21:55:15', '2020-07-05 22:09:08'),
	(51, 1, 1, 'Individual Bonus Funding Percent', 'Individual Bonus Funding Percent', '( Individual_Bonus_Payout / Individual_Bonus_Target_Amount ) * 100 ', '[ {\r\n  "id" : 0,\r\n  "fields" : [ {\r\n    "id" : "9001",\r\n    "type" : "operator"\r\n  }, {\r\n    "id" : "388",\r\n    "type" : "metadata"\r\n  }, {\r\n    "id" : "9006",\r\n    "type" : "operator"\r\n  }, {\r\n    "id" : "385",\r\n    "type" : "metadata"\r\n  }, {\r\n    "id" : "9002",\r\n    "type" : "operator"\r\n  }, {\r\n    "id" : "9005",\r\n    "type" : "operator"\r\n  }, {\r\n    "id" : "8001",\r\n    "type" : "operator",\r\n    "value" : "100"\r\n  } ]\r\n} ]', 'ACTIVE', 20, b'0', 13, 13, '2020-07-12 17:23:10', '2020-07-12 17:23:10', '2020-07-12 17:30:45'),
	(52, 1, 1, 'Individual Bonus Funding Amt', 'Individual Bonus Funding Amt', 'Individual_Bonus_Target_Amount * ( Individual_Bonus_Funding / 100 ) ', '[ {\r\n  "id" : 0,\r\n  "fields" : [ {\r\n    "id" : "385",\r\n    "type" : "metadata"\r\n  }, {\r\n    "id" : "9005",\r\n    "type" : "operator"\r\n  }, {\r\n    "id" : "9001",\r\n    "type" : "operator"\r\n  }, {\r\n    "id" : "387",\r\n    "type" : "metadata"\r\n  }, {\r\n    "id" : "9006",\r\n    "type" : "operator"\r\n  }, {\r\n    "id" : "8001",\r\n    "type" : "operator",\r\n    "value" : "100"\r\n  }, {\r\n    "id" : "9002",\r\n    "type" : "operator"\r\n  } ]\r\n} ]', 'ACTIVE', 21, b'0', 13, 13, '2020-07-12 17:24:35', '2020-07-12 17:24:35', '2020-07-12 17:30:48'),
	(53, 1, 1, 'Total Bonus Payout', 'Total Bonus Payout', '( Company_Bonus_Payout + Team_Bonus_Payout + Individual_Bonus_Payout ) ', '[ {\r\n  "id" : 0,\r\n  "fields" : [ {\r\n    "id" : "9001",\r\n    "type" : "operator"\r\n  }, {\r\n    "id" : "379",\r\n    "type" : "metadata"\r\n  }, {\r\n    "id" : "9003",\r\n    "type" : "operator"\r\n  }, {\r\n    "id" : "384",\r\n    "type" : "metadata"\r\n  }, {\r\n    "id" : "9003",\r\n    "type" : "operator"\r\n  }, {\r\n    "id" : "388",\r\n    "type" : "metadata"\r\n  }, {\r\n    "id" : "9002",\r\n    "type" : "operator"\r\n  } ]\r\n} ]', 'ACTIVE', 22, b'0', 13, 13, '2020-07-12 17:27:50', '2020-07-12 17:27:50', '2020-07-12 17:30:53'),
	(54, 1, 1, 'New Hourly Wage', 'New Hourly Wage', 'Current_Hourly_Wage + ( Current_Hourly_Wage * ( Merit_Percent_Increase / 100 ) ) ', '[ {\r\n  "id" : 0,\r\n  "fields" : [ {\r\n    "id" : "224",\r\n    "type" : "metadata"\r\n  }, {\r\n    "id" : "9003",\r\n    "type" : "operator"\r\n  }, {\r\n    "id" : "9001",\r\n    "type" : "operator"\r\n  }, {\r\n    "id" : "224",\r\n    "type" : "metadata"\r\n  }, {\r\n    "id" : "9005",\r\n    "type" : "operator"\r\n  }, {\r\n    "id" : "9001",\r\n    "type" : "operator"\r\n  }, {\r\n    "id" : "61",\r\n    "type" : "metadata"\r\n  }, {\r\n    "id" : "9006",\r\n    "type" : "operator"\r\n  }, {\r\n    "id" : "8001",\r\n    "type" : "operator",\r\n    "value" : "100"\r\n  }, {\r\n    "id" : "9002",\r\n    "type" : "operator"\r\n  }, {\r\n    "id" : "9002",\r\n    "type" : "operator"\r\n  } ]\r\n} ]', 'ACTIVE', 0, b'0', 13, 13, '2020-11-29 15:31:05', '2020-11-29 15:31:05', '2020-11-29 15:31:05'),
	(55, 1, 1, 'MY equation', 'New Hourly Wage', 'Current_Hourly_Wage + ( Current_Hourly_Wage * ( Merit_Percent_Increase / 100 ) ) ', '[ {\r\n  "id" : 0,\r\n  "fields" : [ {\r\n    "id" : "377",\r\n    "type" : "metadata"\r\n  } ]\r\n} ]', 'ACTIVE', 0, b'0', 13, 13, '2020-11-29 15:31:05', '2020-11-29 15:31:05', '2021-02-16 11:30:23');
/*!40000 ALTER TABLE `meta_data_equation` ENABLE KEYS */;

-- Dumping data for table compcloud.meta_data_format: ~11 rows (approximately)
/*!40000 ALTER TABLE `meta_data_format` DISABLE KEYS */;
INSERT INTO `meta_data_format` (`META_DATA_FORMAT_ID`, `ORG_ID`, `TENANT_ID`, `DATA_TYPE`, `FORMAT_DISPLAY`, `FORMAT_VALUE`, `Unit`, `FORMAT_STATUS`) VALUES
	(1, 1, 1, 'String', 'Lowercase Text', 'lowercase', '', 'ACTIVE'),
	(2, 1, 1, 'Integer', 'Digit (Currency)', 'number', '$', 'ACTIVE'),
	(3, 1, 1, 'String', 'Uppercase Text', 'uppercase', '', 'ACTIVE'),
	(5, 1, 1, 'Double', 'Digit with 2 fraction (Currency)', 'number:2', '$', 'ACTIVE'),
	(7, 1, 1, 'Date', 'Date', 'MM/dd/yyyy', '', 'ACTIVE'),
	(9, 1, 1, 'Integer', 'Digit (Percentage)', 'number', '%', 'ACTIVE'),
	(11, 1, 1, 'Double', 'Digit with 2 fraction (Percentage)', 'number:2', '%', 'ACTIVE'),
	(13, 1, 1, 'Integer', 'Digit', 'number', '', 'ACTIVE'),
	(14, 1, 1, 'Double', 'Decimal', 'number', '', 'ACTIVE'),
	(15, 1, 1, 'Text', 'Text', 'Text', 'Text', 'ACTIVE'),
	(16, 1, 1, 'Character', 'Character', 'Character', 'Character', 'ACTIVE');
/*!40000 ALTER TABLE `meta_data_format` ENABLE KEYS */;

-- Dumping data for table compcloud.meta_data_location: ~9 rows (approximately)
/*!40000 ALTER TABLE `meta_data_location` DISABLE KEYS */;
INSERT INTO `meta_data_location` (`META_DATA_LOCATION_ID`, `LOCATION_NAME`, `STATUS`, `STATUS_TLM`, `LAST_UPDATED`) VALUES
	(1, 'ALL', 'ACTIVE', '2016-08-06 12:39:24', '2016-08-06 12:39:24'),
	(2, 'PROFILE_VIEW', 'ACTIVE', '2016-08-06 12:39:24', '2016-08-06 12:39:24'),
	(3, 'PLANNING_VIEW', 'ACTIVE', '2016-08-06 12:39:24', '2016-08-06 12:39:24'),
	(4, 'GRID_VIEW', 'ACTIVE', '2016-08-06 12:39:24', '2016-08-06 12:39:24'),
	(5, 'COMPARE_VIEW', 'ACTIVE', '2016-08-06 12:39:24', '2016-08-06 12:39:24'),
	(6, 'REPORT', 'ACTIVE', '2016-08-06 12:39:24', '2016-08-06 12:39:24'),
	(7, 'RULE_ENGINE', 'ACTIVE', '2016-08-06 12:39:24', '2016-08-06 12:39:24'),
	(8, 'INVISIBLE', 'ACTIVE', '2016-09-27 07:43:02', '2016-09-27 07:43:02'),
	(9, 'GUIDELINE_VIEW', 'ACTIVE', '2016-09-27 07:43:02', '2016-09-27 07:43:02');
/*!40000 ALTER TABLE `meta_data_location` ENABLE KEYS */;

-- Dumping data for table compcloud.meta_data_location_mapper: ~287 rows (approximately)
/*!40000 ALTER TABLE `meta_data_location_mapper` DISABLE KEYS */;
INSERT INTO `meta_data_location_mapper` (`META_DATA_LOCATION_MAPPER`, `ORG_ID`, `TENANT_ID`, `META_DATA_ID`, `META_DATA_LOCATION_ID`, `STATUS`) VALUES
	(1, 1, 1, 44, 1, 'ACTIVE'),
	(2, 1, 1, 95, 1, 'ACTIVE'),
	(3, 1, 1, 73, 9, 'ACTIVE'),
	(4, 1, 1, 94, 1, 'ACTIVE'),
	(5, 1, 1, 88, 1, 'ACTIVE'),
	(6, 1, 1, 108, 1, 'ACTIVE'),
	(7, 1, 1, 128, 1, 'ACTIVE'),
	(9, 1, 1, 11, 1, 'ACTIVE'),
	(10, 1, 1, 126, 1, 'ACTIVE'),
	(11, 1, 1, 5, 1, 'ACTIVE'),
	(12, 1, 1, 26, 1, 'ACTIVE'),
	(13, 1, 1, 25, 3, 'ACTIVE'),
	(14, 1, 1, 25, 4, 'ACTIVE'),
	(15, 1, 1, 25, 5, 'ACTIVE'),
	(16, 1, 1, 25, 6, 'ACTIVE'),
	(17, 1, 1, 25, 7, 'ACTIVE'),
	(18, 1, 1, 70, 3, 'ACTIVE'),
	(19, 1, 1, 70, 4, 'ACTIVE'),
	(20, 1, 1, 70, 5, 'ACTIVE'),
	(21, 1, 1, 70, 6, 'ACTIVE'),
	(22, 1, 1, 70, 7, 'ACTIVE'),
	(23, 1, 1, 165, 4, 'INACTIVE'),
	(24, 1, 1, 71, 1, 'ACTIVE'),
	(25, 1, 1, 71, 4, 'ACTIVE'),
	(27, 1, 1, 71, 6, 'ACTIVE'),
	(28, 1, 1, 71, 7, 'ACTIVE'),
	(29, 1, 1, 72, 3, 'ACTIVE'),
	(30, 1, 1, 72, 4, 'ACTIVE'),
	(31, 1, 1, 72, 5, 'ACTIVE'),
	(32, 1, 1, 72, 6, 'ACTIVE'),
	(33, 1, 1, 168, 3, 'ACTIVE'),
	(35, 1, 1, 27, 1, 'ACTIVE'),
	(36, 1, 1, 33, 4, 'INACTIVE'),
	(37, 1, 1, 34, 5, 'ACTIVE'),
	(38, 1, 1, 35, 4, 'ACTIVE'),
	(39, 1, 1, 36, 4, 'ACTIVE'),
	(40, 1, 1, 37, 1, 'ACTIVE'),
	(41, 1, 1, 38, 4, 'ACTIVE'),
	(42, 1, 1, 39, 4, 'ACTIVE'),
	(43, 1, 1, 40, 4, 'ACTIVE'),
	(44, 1, 1, 41, 4, 'ACTIVE'),
	(45, 1, 1, 42, 4, 'ACTIVE'),
	(47, 1, 1, 44, 4, 'ACTIVE'),
	(48, 1, 1, 51, 4, 'ACTIVE'),
	(49, 1, 1, 52, 4, 'ACTIVE'),
	(50, 1, 1, 53, 4, 'ACTIVE'),
	(51, 1, 1, 54, 4, 'ACTIVE'),
	(52, 1, 1, 55, 4, 'ACTIVE'),
	(53, 1, 1, 56, 4, 'ACTIVE'),
	(54, 1, 1, 58, 4, 'ACTIVE'),
	(55, 1, 1, 59, 4, 'ACTIVE'),
	(56, 1, 1, 60, 4, 'ACTIVE'),
	(57, 1, 1, 61, 4, 'ACTIVE'),
	(58, 1, 1, 62, 1, 'ACTIVE'),
	(59, 1, 1, 64, 4, 'ACTIVE'),
	(60, 1, 1, 65, 1, 'ACTIVE'),
	(61, 1, 1, 66, 1, 'ACTIVE'),
	(62, 1, 1, 67, 1, 'ACTIVE'),
	(63, 1, 1, 68, 1, 'ACTIVE'),
	(64, 1, 1, 73, 1, 'ACTIVE'),
	(65, 1, 1, 22, 1, 'ACTIVE'),
	(68, 1, 1, 179, 9, 'ACTIVE'),
	(69, 1, 1, 180, 9, 'ACTIVE'),
	(70, 1, 1, 181, 9, 'ACTIVE'),
	(71, 1, 1, 22, 9, 'ACTIVE'),
	(72, 1, 1, 92, 9, 'INACTIVE'),
	(73, 1, 1, 26, 9, 'ACTIVE'),
	(74, 1, 1, 199, 1, 'ACTIVE'),
	(76, 1, 1, 82, 1, 'ACTIVE'),
	(78, 1, 1, 194, 4, 'ACTIVE'),
	(79, 1, 1, 193, 4, 'ACTIVE'),
	(80, 1, 1, 13, 1, 'ACTIVE'),
	(81, 1, 1, 197, 1, 'ACTIVE'),
	(82, 1, 1, 18, 1, 'ACTIVE'),
	(85, 1, 1, 27, 9, 'ACTIVE'),
	(86, 1, 1, 28, 9, 'ACTIVE'),
	(87, 1, 1, 29, 9, 'ACTIVE'),
	(88, 1, 1, 183, 4, 'ACTIVE'),
	(89, 1, 1, 184, 4, 'ACTIVE'),
	(90, 1, 1, 185, 4, 'INACTIVE'),
	(91, 1, 1, 47, 4, 'ACTIVE'),
	(92, 1, 1, 191, 4, 'ACTIVE'),
	(95, 1, 1, 10, 1, 'ACTIVE'),
	(96, 1, 1, 45, 4, 'ACTIVE'),
	(97, 1, 1, 46, 4, 'ACTIVE'),
	(99, 1, 1, 50, 4, 'ACTIVE'),
	(101, 1, 1, 192, 4, 'ACTIVE'),
	(102, 1, 1, 57, 4, 'ACTIVE'),
	(103, 1, 1, 31, 1, 'ACTIVE'),
	(104, 1, 1, 28, 1, 'ACTIVE'),
	(105, 1, 1, 29, 1, 'ACTIVE'),
	(106, 1, 1, 196, 1, 'ACTIVE'),
	(107, 1, 1, 195, 1, 'ACTIVE'),
	(108, 1, 1, 20, 1, 'ACTIVE'),
	(109, 1, 1, 206, 1, 'ACTIVE'),
	(110, 1, 1, 209, 1, 'ACTIVE'),
	(111, 1, 1, 203, 1, 'ACTIVE'),
	(112, 1, 1, 207, 1, 'ACTIVE'),
	(113, 1, 1, 208, 1, 'ACTIVE'),
	(114, 1, 1, 204, 1, 'ACTIVE'),
	(115, 1, 1, 205, 1, 'ACTIVE'),
	(116, 1, 1, 210, 1, 'ACTIVE'),
	(117, 1, 1, 211, 1, 'ACTIVE'),
	(118, 1, 1, 108, 7, 'ACTIVE'),
	(119, 1, 1, 25, 1, 'ACTIVE'),
	(120, 1, 1, 60, 1, 'ACTIVE'),
	(121, 1, 1, 31, 7, 'ACTIVE'),
	(124, 1, 1, 60, 7, 'ACTIVE'),
	(128, 1, 1, 34, 1, 'ACTIVE'),
	(129, 1, 1, 36, 1, 'ACTIVE'),
	(130, 1, 1, 38, 1, 'ACTIVE'),
	(131, 1, 1, 39, 1, 'ACTIVE'),
	(132, 1, 1, 40, 1, 'ACTIVE'),
	(133, 1, 1, 45, 1, 'ACTIVE'),
	(134, 1, 1, 46, 1, 'ACTIVE'),
	(135, 1, 1, 47, 1, 'ACTIVE'),
	(136, 1, 1, 50, 1, 'ACTIVE'),
	(137, 1, 1, 51, 1, 'ACTIVE'),
	(138, 1, 1, 52, 1, 'ACTIVE'),
	(139, 1, 1, 55, 1, 'ACTIVE'),
	(140, 1, 1, 56, 1, 'ACTIVE'),
	(141, 1, 1, 57, 1, 'ACTIVE'),
	(142, 1, 1, 192, 1, 'ACTIVE'),
	(143, 1, 1, 193, 1, 'ACTIVE'),
	(144, 1, 1, 194, 1, 'ACTIVE'),
	(145, 1, 1, 61, 5, 'ACTIVE'),
	(146, 1, 1, 179, 5, 'ACTIVE'),
	(147, 1, 1, 182, 5, 'ACTIVE'),
	(148, 1, 1, 183, 5, 'ACTIVE'),
	(149, 1, 1, 40, 5, 'ACTIVE'),
	(150, 1, 1, 60, 5, 'ACTIVE'),
	(151, 1, 1, 185, 5, 'INACTIVE'),
	(152, 1, 1, 184, 5, 'ACTIVE'),
	(153, 1, 1, 47, 5, 'ACTIVE'),
	(155, 1, 1, 41, 1, 'ACTIVE'),
	(156, 1, 1, 42, 1, 'ACTIVE'),
	(157, 1, 1, 212, 1, 'ACTIVE'),
	(158, 1, 1, 63, 1, 'ACTIVE'),
	(159, 1, 1, 101, 1, 'ACTIVE'),
	(160, 1, 1, 99, 1, 'ACTIVE'),
	(161, 1, 1, 99, 3, 'ACTIVE'),
	(162, 1, 1, 99, 4, 'ACTIVE'),
	(163, 1, 1, 191, 7, 'ACTIVE'),
	(164, 1, 1, 222, 7, 'ACTIVE'),
	(165, 1, 1, 223, 7, 'ACTIVE'),
	(166, 1, 1, 224, 7, 'ACTIVE'),
	(167, 1, 1, 61, 7, 'ACTIVE'),
	(168, 1, 1, 225, 1, 'ACTIVE'),
	(169, 1, 1, 152, 1, 'ACTIVE'),
	(170, 1, 1, 153, 1, 'ACTIVE'),
	(171, 1, 1, 215, 1, 'ACTIVE'),
	(174, 1, 1, 221, 1, 'ACTIVE'),
	(175, 1, 1, 228, 1, 'ACTIVE'),
	(176, 1, 1, 229, 1, 'ACTIVE'),
	(177, 1, 1, 230, 1, 'ACTIVE'),
	(178, 1, 1, 231, 5, 'ACTIVE'),
	(179, 1, 1, 232, 5, 'ACTIVE'),
	(180, 1, 1, 233, 5, 'ACTIVE'),
	(181, 1, 1, 206, 7, 'ACTIVE'),
	(182, 1, 1, 209, 7, 'ACTIVE'),
	(183, 1, 1, 203, 7, 'ACTIVE'),
	(187, 1, 1, 213, 1, 'ACTIVE'),
	(188, 1, 1, 220, 1, 'ACTIVE'),
	(190, 1, 1, 227, 1, 'ACTIVE'),
	(191, 1, 1, 219, 1, 'ACTIVE'),
	(192, 1, 1, 223, 1, 'ACTIVE'),
	(194, 1, 1, 238, 1, 'ACTIVE'),
	(202, 1, 1, 240, 9, 'ACTIVE'),
	(208, 1, 1, 214, 3, 'ACTIVE'),
	(221, 1, 1, 12, 2, 'ACTIVE'),
	(222, 1, 1, 245, 1, 'ACTIVE'),
	(223, 1, 1, 240, 1, 'ACTIVE'),
	(225, 1, 1, 248, 7, 'ACTIVE'),
	(227, 1, 1, 247, 7, 'ACTIVE'),
	(229, 1, 1, 246, 7, 'ACTIVE'),
	(230, 1, 1, 244, 1, 'ACTIVE'),
	(231, 1, 1, 243, 1, 'ACTIVE'),
	(232, 1, 1, 242, 1, 'ACTIVE'),
	(233, 1, 1, 214, 1, 'ACTIVE'),
	(237, 1, 1, 226, 1, 'ACTIVE'),
	(238, 1, 1, 93, 1, 'ACTIVE'),
	(240, 1, 1, 248, 1, 'ACTIVE'),
	(241, 1, 1, 247, 1, 'ACTIVE'),
	(242, 1, 1, 246, 1, 'ACTIVE'),
	(243, 1, 1, 252, 1, 'ACTIVE'),
	(244, 1, 1, 183, 1, 'ACTIVE'),
	(247, 1, 1, 257, 1, 'ACTIVE'),
	(248, 1, 1, 262, 1, 'ACTIVE'),
	(249, 1, 1, 263, 1, 'ACTIVE'),
	(250, 1, 1, 264, 1, 'ACTIVE'),
	(252, 1, 1, 265, 1, 'ACTIVE'),
	(253, 1, 1, 269, 1, 'ACTIVE'),
	(255, 1, 1, 270, 1, 'ACTIVE'),
	(256, 1, 1, 275, 1, 'ACTIVE'),
	(257, 1, 1, 314, 1, 'ACTIVE'),
	(258, 1, 1, 315, 1, 'ACTIVE'),
	(259, 1, 1, 311, 1, 'ACTIVE'),
	(260, 1, 1, 165, 1, 'ACTIVE'),
	(261, 1, 1, 164, 1, 'ACTIVE'),
	(262, 1, 1, 163, 1, 'ACTIVE'),
	(263, 1, 1, 162, 1, 'ACTIVE'),
	(264, 1, 1, 332, 1, 'ACTIVE'),
	(265, 1, 1, 331, 1, 'ACTIVE'),
	(266, 1, 1, 330, 1, 'ACTIVE'),
	(267, 1, 1, 329, 1, 'ACTIVE'),
	(268, 1, 1, 320, 1, 'ACTIVE'),
	(269, 1, 1, 310, 1, 'ACTIVE'),
	(270, 1, 1, 318, 1, 'ACTIVE'),
	(271, 1, 1, 321, 1, 'ACTIVE'),
	(272, 1, 1, 322, 1, 'ACTIVE'),
	(273, 1, 1, 323, 1, 'ACTIVE'),
	(274, 1, 1, 324, 1, 'ACTIVE'),
	(275, 1, 1, 325, 1, 'ACTIVE'),
	(276, 1, 1, 326, 1, 'ACTIVE'),
	(277, 1, 1, 327, 1, 'ACTIVE'),
	(278, 1, 1, 328, 1, 'ACTIVE'),
	(279, 1, 1, 333, 1, 'ACTIVE'),
	(280, 1, 1, 334, 1, 'ACTIVE'),
	(283, 1, 1, 337, 1, 'ACTIVE'),
	(284, 1, 1, 338, 1, 'ACTIVE'),
	(286, 1, 1, 341, 1, 'ACTIVE'),
	(287, 1, 1, 342, 1, 'ACTIVE'),
	(288, 1, 1, 343, 1, 'ACTIVE'),
	(291, 1, 1, 347, 1, 'ACTIVE'),
	(292, 1, 1, 348, 1, 'ACTIVE'),
	(293, 1, 1, 61, 1, 'ACTIVE'),
	(294, 1, 1, 349, 1, 'ACTIVE'),
	(295, 1, 1, 350, 1, 'ACTIVE'),
	(296, 1, 1, 351, 1, 'ACTIVE'),
	(297, 1, 1, 352, 1, 'ACTIVE'),
	(298, 1, 1, 353, 1, 'ACTIVE'),
	(299, 1, 1, 354, 1, 'ACTIVE'),
	(300, 1, 1, 355, 1, 'ACTIVE'),
	(301, 1, 1, 356, 1, 'ACTIVE'),
	(302, 1, 1, 357, 1, 'ACTIVE'),
	(303, 1, 1, 185, 1, 'ACTIVE'),
	(304, 1, 1, 376, 1, 'ACTIVE'),
	(305, 1, 1, 377, 1, 'ACTIVE'),
	(306, 1, 1, 378, 1, 'ACTIVE'),
	(307, 1, 1, 379, 1, 'ACTIVE'),
	(308, 1, 1, 380, 1, 'ACTIVE'),
	(309, 1, 1, 381, 1, 'ACTIVE'),
	(310, 1, 1, 382, 1, 'ACTIVE'),
	(311, 1, 1, 383, 1, 'ACTIVE'),
	(312, 1, 1, 384, 1, 'ACTIVE'),
	(313, 1, 1, 385, 1, 'ACTIVE'),
	(314, 1, 1, 386, 1, 'ACTIVE'),
	(315, 1, 1, 387, 1, 'ACTIVE'),
	(316, 1, 1, 388, 1, 'ACTIVE'),
	(317, 1, 1, 389, 1, 'ACTIVE'),
	(318, 1, 1, 488, 1, 'ACTIVE'),
	(319, 1, 1, 494, 1, 'ACTIVE'),
	(320, 1, 1, 496, 1, 'ACTIVE'),
	(321, 1, 1, 492, 1, 'ACTIVE'),
	(322, 1, 1, 475, 1, 'ACTIVE'),
	(324, 1, 1, 509, 1, 'ACTIVE'),
	(325, 1, 1, 510, 1, 'ACTIVE'),
	(326, 1, 1, 511, 1, 'ACTIVE'),
	(327, 1, 1, 512, 1, 'ACTIVE'),
	(328, 1, 1, 515, 1, 'ACTIVE'),
	(329, 1, 1, 224, 1, 'ACTIVE'),
	(332, 1, 1, 293, 2, 'ACTIVE'),
	(334, 1, 1, 293, 1, 'ACTIVE'),
	(335, 1, 1, 293, 4, 'INACTIVE'),
	(336, 1, 1, 293, 5, 'ACTIVE'),
	(337, 1, 1, 293, 9, 'ACTIVE'),
	(338, 1, 1, 53, 1, 'ACTIVE'),
	(339, 1, 1, 92, 1, 'ACTIVE'),
	(340, 1, 1, 12, 1, 'ACTIVE'),
	(341, 1, 1, 32, 1, 'ACTIVE'),
	(342, 1, 1, 157, 1, 'ACTIVE'),
	(343, 1, 1, 179, 1, 'ACTIVE'),
	(344, 1, 1, 180, 1, 'ACTIVE'),
	(345, 1, 1, 258, 1, 'ACTIVE'),
	(346, 1, 1, 260, 1, 'ACTIVE'),
	(347, 1, 1, 521, 1, 'ACTIVE'),
	(348, 1, 1, 522, 1, 'ACTIVE'),
	(350, 1, 1, 364, 1, 'ACTIVE'),
	(351, 1, 1, 363, 1, 'ACTIVE'),
	(352, 1, 1, 362, 1, 'ACTIVE'),
	(353, 1, 1, 373, 1, 'ACTIVE'),
	(354, 1, 1, 372, 1, 'ACTIVE'),
	(355, 1, 1, 371, 1, 'ACTIVE'),
	(356, 1, 1, 312, 1, 'ACTIVE'),
	(357, 1, 1, 370, 9, 'ACTIVE'),
	(358, 1, 1, 33, 1, 'ACTIVE'),
	(359, 1, 1, 465, 1, 'ACTIVE');
/*!40000 ALTER TABLE `meta_data_location_mapper` ENABLE KEYS */;

-- Dumping data for table compcloud.meta_data_privilege: ~434 rows (approximately)
/*!40000 ALTER TABLE `meta_data_privilege` DISABLE KEYS */;
INSERT INTO `meta_data_privilege` (`META_DATA_PRIVILEGE_ID`, `TENANT_ID`, `ORG_ID`, `META_DATA_ID`, `VIEW_ROLES_ALLOWED`, `MANAGE_ROLES_ALLOWED`, `STATUS`, `STATUS_TLM`, `WHEN_CREATED`, `LAST_UPDATED`) VALUES
	(1, 1, 1, 1, '2,7', '2,3', 'ACTIVE', '2021-02-23 09:25:45', '2021-02-23 09:25:45', '2021-02-23 12:24:02'),
	(2, 1, 1, 2, '7,2', '7,2', 'ACTIVE', '2021-02-23 09:25:45', '2021-02-23 09:25:45', '2021-02-23 12:24:02'),
	(3, 1, 1, 3, '7,2', '7,2', 'ACTIVE', '2021-02-23 09:25:45', '2021-02-23 09:25:45', '2021-02-23 12:24:02'),
	(4, 1, 1, 4, '7,2', '7,2', 'ACTIVE', '2021-02-23 09:25:45', '2021-02-23 09:25:45', '2021-02-23 12:24:02'),
	(5, 1, 1, 5, '7,2', '7,2', 'ACTIVE', '2021-02-23 09:25:45', '2021-02-23 09:25:45', '2021-02-23 12:24:02'),
	(6, 1, 1, 6, '7,2', '7,2', 'ACTIVE', '2021-02-23 09:25:45', '2021-02-23 09:25:45', '2021-02-23 12:24:02'),
	(7, 1, 1, 7, '7,2', '7,2', 'ACTIVE', '2021-02-23 09:25:45', '2021-02-23 09:25:45', '2021-02-23 12:24:02'),
	(8, 1, 1, 8, '7,2', '7,2', 'ACTIVE', '2021-02-23 09:25:45', '2021-02-23 09:25:45', '2021-02-23 12:24:02'),
	(9, 1, 1, 9, '7,2', '7,2', 'ACTIVE', '2021-02-23 09:25:45', '2021-02-23 09:25:45', '2021-02-23 12:24:02'),
	(10, 1, 1, 10, '7,2', '7,2', 'ACTIVE', '2021-02-23 09:25:45', '2021-02-23 09:25:45', '2021-02-23 12:24:02'),
	(11, 1, 1, 11, '7,2', '7,2', 'ACTIVE', '2021-02-23 09:25:45', '2021-02-23 09:25:45', '2021-02-23 12:24:02'),
	(12, 1, 1, 12, '7,2', '7,2', 'ACTIVE', '2021-02-23 09:25:45', '2021-02-23 09:25:45', '2021-02-23 12:24:02'),
	(13, 1, 1, 13, '7,2', '7,2', 'ACTIVE', '2021-02-23 09:25:45', '2021-02-23 09:25:45', '2021-02-23 12:24:02'),
	(14, 1, 1, 14, '7,2', '7,2', 'ACTIVE', '2021-02-23 09:25:45', '2021-02-23 09:25:45', '2021-02-23 12:24:02'),
	(15, 1, 1, 16, '7,2', '7,2', 'ACTIVE', '2021-02-23 09:25:45', '2021-02-23 09:25:45', '2021-02-23 12:24:02'),
	(16, 1, 1, 17, '7,2', '7,2', 'ACTIVE', '2021-02-23 09:25:45', '2021-02-23 09:25:45', '2021-02-23 12:24:02'),
	(17, 1, 1, 18, '7,2', '7,2', 'ACTIVE', '2021-02-23 09:25:45', '2021-02-23 09:25:45', '2021-02-23 12:24:02'),
	(18, 1, 1, 19, '7,2', '7,2', 'ACTIVE', '2021-02-23 09:25:45', '2021-02-23 09:25:45', '2021-02-23 12:24:02'),
	(19, 1, 1, 20, '7,2', '7,2', 'ACTIVE', '2021-02-23 09:25:45', '2021-02-23 09:25:45', '2021-02-23 12:24:02'),
	(20, 1, 1, 22, '7,2', '7,2', 'ACTIVE', '2021-02-23 09:25:45', '2021-02-23 09:25:45', '2021-02-23 12:24:02'),
	(21, 1, 1, 23, '7,2', '7,2', 'ACTIVE', '2021-02-23 09:25:45', '2021-02-23 09:25:45', '2021-02-23 12:24:02'),
	(22, 1, 1, 25, '7,2', '7,2', 'ACTIVE', '2021-02-23 09:25:45', '2021-02-23 09:25:45', '2021-02-23 12:24:02'),
	(23, 1, 1, 26, '7,2', '7,2', 'ACTIVE', '2021-02-23 09:25:45', '2021-02-23 09:25:45', '2021-02-23 12:24:02'),
	(24, 1, 1, 27, '7,2', '7,2', 'ACTIVE', '2021-02-23 09:25:45', '2021-02-23 09:25:45', '2021-02-23 12:24:02'),
	(25, 1, 1, 28, '7,2', '7,2', 'ACTIVE', '2021-02-23 09:25:45', '2021-02-23 09:25:45', '2021-02-23 12:24:02'),
	(26, 1, 1, 29, '7,2', '7,2', 'ACTIVE', '2021-02-23 09:25:45', '2021-02-23 09:25:45', '2021-02-23 12:24:02'),
	(27, 1, 1, 30, '7,2', '7,2', 'ACTIVE', '2021-02-23 09:25:45', '2021-02-23 09:25:45', '2021-02-23 12:24:02'),
	(28, 1, 1, 31, '7,2', '7,2', 'ACTIVE', '2021-02-23 09:25:45', '2021-02-23 09:25:45', '2021-02-23 12:24:02'),
	(29, 1, 1, 33, '7,2', '7,2', 'ACTIVE', '2021-02-23 09:25:45', '2021-02-23 09:25:45', '2021-02-23 12:24:02'),
	(30, 1, 1, 34, '7,2', '7,2', 'ACTIVE', '2021-02-23 09:25:45', '2021-02-23 09:25:45', '2021-02-23 12:24:02'),
	(31, 1, 1, 35, '7,2', '7,2', 'ACTIVE', '2021-02-23 09:25:45', '2021-02-23 09:25:45', '2021-02-23 12:24:02'),
	(32, 1, 1, 36, '7,2', '7,2', 'ACTIVE', '2021-02-23 09:25:45', '2021-02-23 09:25:45', '2021-02-23 12:24:02'),
	(33, 1, 1, 37, '7,2', '7,2', 'ACTIVE', '2021-02-23 09:25:45', '2021-02-23 09:25:45', '2021-02-23 12:24:02'),
	(34, 1, 1, 38, '7,2', '7,2', 'ACTIVE', '2021-02-23 09:25:45', '2021-02-23 09:25:45', '2021-02-23 12:24:02'),
	(35, 1, 1, 39, '7,2', '7,2', 'ACTIVE', '2021-02-23 09:25:45', '2021-02-23 09:25:45', '2021-02-23 12:24:02'),
	(36, 1, 1, 40, '7,2', '7,2', 'ACTIVE', '2021-02-23 09:25:45', '2021-02-23 09:25:45', '2021-02-23 12:24:02'),
	(37, 1, 1, 41, '7,2', '7,2', 'ACTIVE', '2021-02-23 09:25:45', '2021-02-23 09:25:45', '2021-02-23 12:24:02'),
	(38, 1, 1, 42, '7,2', '7,2', 'ACTIVE', '2021-02-23 09:25:45', '2021-02-23 09:25:45', '2021-02-23 12:24:02'),
	(39, 1, 1, 44, '7,2', '7,2', 'ACTIVE', '2021-02-23 09:25:45', '2021-02-23 09:25:45', '2021-02-23 12:24:02'),
	(40, 1, 1, 45, '7,2', '7,2', 'ACTIVE', '2021-02-23 09:25:45', '2021-02-23 09:25:45', '2021-02-23 12:24:02'),
	(41, 1, 1, 46, '7,2', '7,2', 'ACTIVE', '2021-02-23 09:25:45', '2021-02-23 09:25:45', '2021-02-23 12:24:02'),
	(42, 1, 1, 47, '7,2', '7,2', 'ACTIVE', '2021-02-23 09:25:45', '2021-02-23 09:25:45', '2021-02-23 12:24:02'),
	(43, 1, 1, 48, '7,2', '7,2', 'ACTIVE', '2021-02-23 09:25:45', '2021-02-23 09:25:45', '2021-02-23 12:24:02'),
	(44, 1, 1, 49, '7,2', '7,2', 'ACTIVE', '2021-02-23 09:25:45', '2021-02-23 09:25:45', '2021-02-23 12:24:02'),
	(45, 1, 1, 50, '7,2', '7,2', 'ACTIVE', '2021-02-23 09:25:45', '2021-02-23 09:25:45', '2021-02-23 12:24:02'),
	(46, 1, 1, 51, '7,2', '7,2', 'ACTIVE', '2021-02-23 09:25:45', '2021-02-23 09:25:45', '2021-02-23 12:24:02'),
	(47, 1, 1, 52, '7,2', '7,2', 'ACTIVE', '2021-02-23 09:25:45', '2021-02-23 09:25:45', '2021-02-23 12:24:02'),
	(48, 1, 1, 53, '7,2', '7,2', 'ACTIVE', '2021-02-23 09:25:45', '2021-02-23 09:25:45', '2021-02-23 12:24:02'),
	(49, 1, 1, 54, '7,2', '7,2', 'ACTIVE', '2021-02-23 09:25:45', '2021-02-23 09:25:45', '2021-02-23 12:24:02'),
	(50, 1, 1, 55, '7,2', '7,2', 'ACTIVE', '2021-02-23 09:25:45', '2021-02-23 09:25:45', '2021-02-23 12:24:02'),
	(51, 1, 1, 56, '7,2', '7,2', 'ACTIVE', '2021-02-23 09:25:45', '2021-02-23 09:25:45', '2021-02-23 12:24:02'),
	(52, 1, 1, 57, '7,2', '7,2', 'ACTIVE', '2021-02-23 09:25:45', '2021-02-23 09:25:45', '2021-02-23 12:24:02'),
	(53, 1, 1, 58, '7,2', '7,2', 'ACTIVE', '2021-02-23 09:25:45', '2021-02-23 09:25:45', '2021-02-23 12:24:02'),
	(54, 1, 1, 59, '7,2', '7,2', 'ACTIVE', '2021-02-23 09:25:45', '2021-02-23 09:25:45', '2021-02-23 12:24:02'),
	(55, 1, 1, 60, '7,2', '7,2', 'ACTIVE', '2021-02-23 09:25:45', '2021-02-23 09:25:45', '2021-02-23 12:24:02'),
	(56, 1, 1, 61, '7,2', '7,2', 'ACTIVE', '2021-02-23 09:25:45', '2021-02-23 09:25:45', '2021-02-23 12:24:02'),
	(57, 1, 1, 62, '7,2', '7,2', 'ACTIVE', '2021-02-23 09:25:45', '2021-02-23 09:25:45', '2021-02-23 12:24:02'),
	(58, 1, 1, 63, '7,2', '7,2', 'ACTIVE', '2021-02-23 09:25:45', '2021-02-23 09:25:45', '2021-02-23 12:24:02'),
	(59, 1, 1, 64, '7,2', '7,2', 'ACTIVE', '2021-02-23 09:25:45', '2021-02-23 09:25:45', '2021-02-23 12:24:02'),
	(60, 1, 1, 65, '7,2', '7,2', 'ACTIVE', '2021-02-23 09:25:45', '2021-02-23 09:25:45', '2021-02-23 12:24:02'),
	(61, 1, 1, 66, '7,2', '7,2', 'ACTIVE', '2021-02-23 09:25:45', '2021-02-23 09:25:45', '2021-02-23 12:24:02'),
	(62, 1, 1, 67, '7,2', '7,2', 'ACTIVE', '2021-02-23 09:25:45', '2021-02-23 09:25:45', '2021-02-23 12:24:02'),
	(63, 1, 1, 68, '7,2', '7,2', 'ACTIVE', '2021-02-23 09:25:45', '2021-02-23 09:25:45', '2021-02-23 12:24:02'),
	(64, 1, 1, 69, '7,2', '7,2', 'ACTIVE', '2021-02-23 09:25:45', '2021-02-23 09:25:45', '2021-02-23 12:24:02'),
	(65, 1, 1, 70, '7,2', '7,2', 'ACTIVE', '2021-02-23 09:25:45', '2021-02-23 09:25:45', '2021-02-23 12:24:02'),
	(66, 1, 1, 71, '7,2', '7,2', 'ACTIVE', '2021-02-23 09:25:45', '2021-02-23 09:25:45', '2021-02-23 12:24:02'),
	(67, 1, 1, 72, '7,2', '7,2', 'ACTIVE', '2021-02-23 09:25:45', '2021-02-23 09:25:45', '2021-02-23 12:24:02'),
	(68, 1, 1, 73, '7,2', '7,2', 'ACTIVE', '2021-02-23 09:25:45', '2021-02-23 09:25:45', '2021-02-23 12:24:02'),
	(69, 1, 1, 74, '7,2', '7,2', 'ACTIVE', '2021-02-23 09:25:45', '2021-02-23 09:25:45', '2021-02-23 12:24:02'),
	(70, 1, 1, 75, '7,2', '7,2', 'ACTIVE', '2021-02-23 09:25:45', '2021-02-23 09:25:45', '2021-02-23 12:24:02'),
	(71, 1, 1, 76, '7,2', '7,2', 'ACTIVE', '2021-02-23 09:25:45', '2021-02-23 09:25:45', '2021-02-23 12:24:02'),
	(72, 1, 1, 77, '7,2', '7,2', 'ACTIVE', '2021-02-23 09:25:45', '2021-02-23 09:25:45', '2021-02-23 12:24:02'),
	(73, 1, 1, 78, '7,2', '7,2', 'ACTIVE', '2021-02-23 09:25:45', '2021-02-23 09:25:45', '2021-02-23 12:24:02'),
	(74, 1, 1, 79, '7,2', '7,2', 'ACTIVE', '2021-02-23 09:25:45', '2021-02-23 09:25:45', '2021-02-23 12:24:02'),
	(75, 1, 1, 80, '7,2', '7,2', 'ACTIVE', '2021-02-23 09:25:45', '2021-02-23 09:25:45', '2021-02-23 12:24:02'),
	(76, 1, 1, 81, '7,2', '7,2', 'ACTIVE', '2021-02-23 09:25:45', '2021-02-23 09:25:45', '2021-02-23 12:24:02'),
	(77, 1, 1, 82, '7,2', '7,2', 'ACTIVE', '2021-02-23 09:25:45', '2021-02-23 09:25:45', '2021-02-23 12:24:02'),
	(78, 1, 1, 83, '7,2', '7,2', 'ACTIVE', '2021-02-23 09:25:45', '2021-02-23 09:25:45', '2021-02-23 12:24:02'),
	(79, 1, 1, 84, '7,2', '7,2', 'ACTIVE', '2021-02-23 09:25:45', '2021-02-23 09:25:45', '2021-02-23 12:24:02'),
	(80, 1, 1, 85, '7,2', '7,2', 'ACTIVE', '2021-02-23 09:25:45', '2021-02-23 09:25:45', '2021-02-23 12:24:02'),
	(81, 1, 1, 86, '7,2', '7,2', 'ACTIVE', '2021-02-23 09:25:45', '2021-02-23 09:25:45', '2021-02-23 12:24:02'),
	(82, 1, 1, 87, '7,2', '7,2', 'ACTIVE', '2021-02-23 09:25:45', '2021-02-23 09:25:45', '2021-02-23 12:24:02'),
	(83, 1, 1, 88, '7,2', '7,2', 'ACTIVE', '2021-02-23 09:25:45', '2021-02-23 09:25:45', '2021-02-23 12:24:02'),
	(84, 1, 1, 89, '7,2', '7,2', 'ACTIVE', '2021-02-23 09:25:45', '2021-02-23 09:25:45', '2021-02-23 12:24:02'),
	(85, 1, 1, 90, '7,2', '7,2', 'ACTIVE', '2021-02-23 09:25:45', '2021-02-23 09:25:45', '2021-02-23 12:24:02'),
	(86, 1, 1, 91, '7,2', '7,2', 'ACTIVE', '2021-02-23 09:25:45', '2021-02-23 09:25:45', '2021-02-23 12:24:02'),
	(87, 1, 1, 92, '7,2', '7,2', 'ACTIVE', '2021-02-23 09:25:45', '2021-02-23 09:25:45', '2021-02-23 12:24:02'),
	(88, 1, 1, 93, '7,2', '7,2', 'ACTIVE', '2021-02-23 09:25:45', '2021-02-23 09:25:45', '2021-02-23 12:24:02'),
	(89, 1, 1, 94, '7,2', '7,2', 'ACTIVE', '2021-02-23 09:25:45', '2021-02-23 09:25:45', '2021-02-23 12:24:02'),
	(90, 1, 1, 95, '7,2', '7,2', 'ACTIVE', '2021-02-23 09:25:45', '2021-02-23 09:25:45', '2021-02-23 12:24:02'),
	(91, 1, 1, 96, '7,2', '7,2', 'ACTIVE', '2021-02-23 09:25:45', '2021-02-23 09:25:45', '2021-02-23 12:24:02'),
	(92, 1, 1, 97, '7,2', '7,2', 'ACTIVE', '2021-02-23 09:25:45', '2021-02-23 09:25:45', '2021-02-23 12:24:02'),
	(93, 1, 1, 98, '7,2', '7,2', 'ACTIVE', '2021-02-23 09:25:45', '2021-02-23 09:25:45', '2021-02-23 12:24:02'),
	(94, 1, 1, 99, '7,2', '7,2', 'ACTIVE', '2021-02-23 09:25:45', '2021-02-23 09:25:45', '2021-02-23 12:24:02'),
	(95, 1, 1, 100, '7,2', '7,2', 'ACTIVE', '2021-02-23 09:25:45', '2021-02-23 09:25:45', '2021-02-23 12:24:02'),
	(96, 1, 1, 101, '7,2', '7,2', 'ACTIVE', '2021-02-23 09:25:45', '2021-02-23 09:25:45', '2021-02-23 12:24:02'),
	(97, 1, 1, 102, '7,2', '7,2', 'ACTIVE', '2021-02-23 09:25:45', '2021-02-23 09:25:45', '2021-02-23 12:24:02'),
	(98, 1, 1, 103, '7,2', '7,2', 'ACTIVE', '2021-02-23 09:25:45', '2021-02-23 09:25:45', '2021-02-23 12:24:02'),
	(99, 1, 1, 104, '7,2', '7,2', 'ACTIVE', '2021-02-23 09:25:45', '2021-02-23 09:25:45', '2021-02-23 12:24:02'),
	(100, 1, 1, 105, '7,2', '7,2', 'ACTIVE', '2021-02-23 09:25:45', '2021-02-23 09:25:45', '2021-02-23 12:24:02'),
	(101, 1, 1, 106, '7,2', '7,2', 'ACTIVE', '2021-02-23 09:25:45', '2021-02-23 09:25:45', '2021-02-23 12:24:02'),
	(102, 1, 1, 107, '7,2', '7,2', 'ACTIVE', '2021-02-23 09:25:45', '2021-02-23 09:25:45', '2021-02-23 12:24:02'),
	(103, 1, 1, 108, '7,2', '7,2', 'ACTIVE', '2021-02-23 09:25:45', '2021-02-23 09:25:45', '2021-02-23 12:24:02'),
	(104, 1, 1, 109, '7,2', '7,2', 'ACTIVE', '2021-02-23 09:25:45', '2021-02-23 09:25:45', '2021-02-23 12:24:02'),
	(105, 1, 1, 110, '7,2', '7,2', 'ACTIVE', '2021-02-23 09:25:45', '2021-02-23 09:25:45', '2021-02-23 12:24:02'),
	(106, 1, 1, 111, '7,2', '7,2', 'ACTIVE', '2021-02-23 09:25:45', '2021-02-23 09:25:45', '2021-02-23 12:24:02'),
	(107, 1, 1, 112, '7,2', '7,2', 'ACTIVE', '2021-02-23 09:25:45', '2021-02-23 09:25:45', '2021-02-23 12:24:02'),
	(108, 1, 1, 113, '7,2', '7,2', 'ACTIVE', '2021-02-23 09:25:45', '2021-02-23 09:25:45', '2021-02-23 12:24:02'),
	(109, 1, 1, 114, '7,2', '7,2', 'ACTIVE', '2021-02-23 09:25:45', '2021-02-23 09:25:45', '2021-02-23 12:24:02'),
	(110, 1, 1, 115, '7,2', '7,2', 'ACTIVE', '2021-02-23 09:25:45', '2021-02-23 09:25:45', '2021-02-23 12:24:02'),
	(111, 1, 1, 116, '7,2', '7,2', 'ACTIVE', '2021-02-23 09:25:45', '2021-02-23 09:25:45', '2021-02-23 12:24:02'),
	(112, 1, 1, 117, '7,2', '7,2', 'ACTIVE', '2021-02-23 09:25:45', '2021-02-23 09:25:45', '2021-02-23 12:24:02'),
	(113, 1, 1, 118, '7,2', '7,2', 'ACTIVE', '2021-02-23 09:25:45', '2021-02-23 09:25:45', '2021-02-23 12:24:02'),
	(114, 1, 1, 119, '7,2', '7,2', 'ACTIVE', '2021-02-23 09:25:45', '2021-02-23 09:25:45', '2021-02-23 12:24:02'),
	(115, 1, 1, 120, '7,2', '7,2', 'ACTIVE', '2021-02-23 09:25:45', '2021-02-23 09:25:45', '2021-02-23 12:24:02'),
	(116, 1, 1, 121, '7,2', '7,2', 'ACTIVE', '2021-02-23 09:25:45', '2021-02-23 09:25:45', '2021-02-23 12:24:02'),
	(117, 1, 1, 122, '7,2', '7,2', 'ACTIVE', '2021-02-23 09:25:45', '2021-02-23 09:25:45', '2021-02-23 12:24:02'),
	(118, 1, 1, 123, '7,2', '7,2', 'ACTIVE', '2021-02-23 09:25:45', '2021-02-23 09:25:45', '2021-02-23 12:24:02'),
	(119, 1, 1, 124, '7,2', '7,2', 'ACTIVE', '2021-02-23 09:25:45', '2021-02-23 09:25:45', '2021-02-23 12:24:02'),
	(120, 1, 1, 125, '7,2', '7,2', 'ACTIVE', '2021-02-23 09:25:45', '2021-02-23 09:25:45', '2021-02-23 12:24:02'),
	(121, 1, 1, 126, '7,2', '7,2', 'ACTIVE', '2021-02-23 09:25:45', '2021-02-23 09:25:45', '2021-02-23 12:24:02'),
	(122, 1, 1, 127, '7,2', '7,2', 'ACTIVE', '2021-02-23 09:25:45', '2021-02-23 09:25:45', '2021-02-23 12:24:02'),
	(123, 1, 1, 128, '7,2', '7,2', 'ACTIVE', '2021-02-23 09:25:45', '2021-02-23 09:25:45', '2021-02-23 12:24:02'),
	(124, 1, 1, 129, '7,2', '7,2', 'ACTIVE', '2021-02-23 09:25:45', '2021-02-23 09:25:45', '2021-02-23 12:24:02'),
	(125, 1, 1, 130, '7,2', '7,2', 'ACTIVE', '2021-02-23 09:25:45', '2021-02-23 09:25:45', '2021-02-23 12:24:02'),
	(126, 1, 1, 152, '7,2', '7,2', 'ACTIVE', '2021-02-23 09:25:45', '2021-02-23 09:25:45', '2021-02-23 12:24:02'),
	(127, 1, 1, 153, '7,2', '7,2', 'ACTIVE', '2021-02-23 09:25:45', '2021-02-23 09:25:45', '2021-02-23 12:24:02'),
	(128, 1, 1, 154, '7,2', '7,2', 'ACTIVE', '2021-02-23 09:25:45', '2021-02-23 09:25:45', '2021-02-23 12:24:02'),
	(129, 1, 1, 156, '7,2', '7,2', 'ACTIVE', '2021-02-23 09:25:45', '2021-02-23 09:25:45', '2021-02-23 12:24:02'),
	(130, 1, 1, 157, '7,2', '7,2', 'ACTIVE', '2021-02-23 09:25:45', '2021-02-23 09:25:45', '2021-02-23 12:24:02'),
	(131, 1, 1, 158, '7,2', '7,2', 'ACTIVE', '2021-02-23 09:25:45', '2021-02-23 09:25:45', '2021-02-23 12:24:02'),
	(132, 1, 1, 159, '7,2', '7,2', 'ACTIVE', '2021-02-23 09:25:45', '2021-02-23 09:25:45', '2021-02-23 12:24:02'),
	(133, 1, 1, 162, '7,2', '7,2', 'ACTIVE', '2021-02-23 09:25:45', '2021-02-23 09:25:45', '2021-02-23 12:24:02'),
	(134, 1, 1, 163, '7,2', '7,2', 'ACTIVE', '2021-02-23 09:25:45', '2021-02-23 09:25:45', '2021-02-23 12:24:02'),
	(135, 1, 1, 164, '7,2', '7,2', 'ACTIVE', '2021-02-23 09:25:45', '2021-02-23 09:25:45', '2021-02-23 12:24:02'),
	(136, 1, 1, 165, '7,2', '7,2', 'ACTIVE', '2021-02-23 09:25:45', '2021-02-23 09:25:45', '2021-02-23 12:24:02'),
	(137, 1, 1, 166, '7,2', '7,2', 'ACTIVE', '2021-02-23 09:25:45', '2021-02-23 09:25:45', '2021-02-23 12:24:02'),
	(138, 1, 1, 167, '7,2', '7,2', 'ACTIVE', '2021-02-23 09:25:45', '2021-02-23 09:25:45', '2021-02-23 12:24:02'),
	(139, 1, 1, 168, '7,2', '7,2', 'ACTIVE', '2021-02-23 09:25:45', '2021-02-23 09:25:45', '2021-02-23 12:24:02'),
	(140, 1, 1, 169, '7,2', '7,2', 'ACTIVE', '2021-02-23 09:25:45', '2021-02-23 09:25:45', '2021-02-23 12:24:02'),
	(141, 1, 1, 170, '7,2', '7,2', 'ACTIVE', '2021-02-23 09:25:45', '2021-02-23 09:25:45', '2021-02-23 12:24:02'),
	(142, 1, 1, 172, '7,2', '7,2', 'ACTIVE', '2021-02-23 09:25:45', '2021-02-23 09:25:45', '2021-02-23 12:24:02'),
	(143, 1, 1, 173, '7,2', '7,2', 'ACTIVE', '2021-02-23 09:25:45', '2021-02-23 09:25:45', '2021-02-23 12:24:02'),
	(144, 1, 1, 174, '7,2', '7,2', 'ACTIVE', '2021-02-23 09:25:45', '2021-02-23 09:25:45', '2021-02-23 12:24:02'),
	(145, 1, 1, 175, '7,2', '7,2', 'ACTIVE', '2021-02-23 09:25:45', '2021-02-23 09:25:45', '2021-02-23 12:24:02'),
	(146, 1, 1, 176, '7,2', '7,2', 'ACTIVE', '2021-02-23 09:25:45', '2021-02-23 09:25:45', '2021-02-23 12:24:02'),
	(147, 1, 1, 177, '7,2', '7,2', 'ACTIVE', '2021-02-23 09:25:45', '2021-02-23 09:25:45', '2021-02-23 12:24:02'),
	(148, 1, 1, 179, '7,2', '7,2', 'ACTIVE', '2021-02-23 09:25:45', '2021-02-23 09:25:45', '2021-02-23 12:24:02'),
	(149, 1, 1, 180, '7,2', '7,2', 'ACTIVE', '2021-02-23 09:25:45', '2021-02-23 09:25:45', '2021-02-23 12:24:02'),
	(150, 1, 1, 181, '7,2', '7,2', 'ACTIVE', '2021-02-23 09:25:45', '2021-02-23 09:25:45', '2021-02-23 12:24:02'),
	(151, 1, 1, 182, '7,2', '7,2', 'ACTIVE', '2021-02-23 09:25:45', '2021-02-23 09:25:45', '2021-02-23 12:24:02'),
	(152, 1, 1, 183, '7,2', '7,2', 'ACTIVE', '2021-02-23 09:25:45', '2021-02-23 09:25:45', '2021-02-23 12:24:02'),
	(153, 1, 1, 184, '7,2', '7,2', 'ACTIVE', '2021-02-23 09:25:45', '2021-02-23 09:25:45', '2021-02-23 12:24:02'),
	(154, 1, 1, 185, '7,2', '7,2', 'ACTIVE', '2021-02-23 09:25:45', '2021-02-23 09:25:45', '2021-02-23 12:24:02'),
	(155, 1, 1, 191, '7,2', '7,2', 'ACTIVE', '2021-02-23 09:25:45', '2021-02-23 09:25:45', '2021-02-23 12:24:02'),
	(156, 1, 1, 192, '7,2', '7,2', 'ACTIVE', '2021-02-23 09:25:45', '2021-02-23 09:25:45', '2021-02-23 12:24:02'),
	(157, 1, 1, 193, '7,2', '7,2', 'ACTIVE', '2021-02-23 09:25:45', '2021-02-23 09:25:45', '2021-02-23 12:24:02'),
	(158, 1, 1, 194, '7,2', '7,2', 'ACTIVE', '2021-02-23 09:25:45', '2021-02-23 09:25:45', '2021-02-23 12:24:02'),
	(159, 1, 1, 195, '7,2', '7,2', 'ACTIVE', '2021-02-23 09:25:45', '2021-02-23 09:25:45', '2021-02-23 12:24:02'),
	(160, 1, 1, 196, '7,2', '7,2', 'ACTIVE', '2021-02-23 09:25:45', '2021-02-23 09:25:45', '2021-02-23 12:24:02'),
	(161, 1, 1, 197, '7,2', '7,2', 'ACTIVE', '2021-02-23 09:25:45', '2021-02-23 09:25:45', '2021-02-23 12:24:02'),
	(162, 1, 1, 199, '7,2', '7,2', 'ACTIVE', '2021-02-23 09:25:45', '2021-02-23 09:25:45', '2021-02-23 12:24:02'),
	(163, 1, 1, 203, '7,2', '7,2', 'ACTIVE', '2021-02-23 09:25:45', '2021-02-23 09:25:45', '2021-02-23 12:24:02'),
	(164, 1, 1, 204, '7,2', '7,2', 'ACTIVE', '2021-02-23 09:25:45', '2021-02-23 09:25:45', '2021-02-23 12:24:02'),
	(165, 1, 1, 205, '7,2', '7,2', 'ACTIVE', '2021-02-23 09:25:45', '2021-02-23 09:25:45', '2021-02-23 12:24:02'),
	(166, 1, 1, 206, '7,2', '7,2', 'ACTIVE', '2021-02-23 09:25:45', '2021-02-23 09:25:45', '2021-02-23 12:24:02'),
	(167, 1, 1, 207, '7,2', '7,2', 'ACTIVE', '2021-02-23 09:25:45', '2021-02-23 09:25:45', '2021-02-23 12:24:02'),
	(168, 1, 1, 208, '7,2', '7,2', 'ACTIVE', '2021-02-23 09:25:45', '2021-02-23 09:25:45', '2021-02-23 12:24:02'),
	(169, 1, 1, 209, '7,2', '7,2', 'ACTIVE', '2021-02-23 09:25:45', '2021-02-23 09:25:45', '2021-02-23 12:24:02'),
	(170, 1, 1, 210, '7,2', '7,2', 'ACTIVE', '2021-02-23 09:25:45', '2021-02-23 09:25:45', '2021-02-23 12:24:02'),
	(171, 1, 1, 211, '7,2', '7,2', 'ACTIVE', '2021-02-23 09:25:45', '2021-02-23 09:25:45', '2021-02-23 12:24:02'),
	(172, 1, 1, 212, '7,2', '7,2', 'ACTIVE', '2021-02-23 09:25:45', '2021-02-23 09:25:45', '2021-02-23 12:24:02'),
	(173, 1, 1, 213, '7,2', '7,2', 'ACTIVE', '2021-02-23 09:25:45', '2021-02-23 09:25:45', '2021-02-23 12:24:02'),
	(174, 1, 1, 214, '7,2', '7,2', 'ACTIVE', '2021-02-23 09:25:45', '2021-02-23 09:25:45', '2021-02-23 12:24:02'),
	(175, 1, 1, 215, '7,2', '7,2', 'ACTIVE', '2021-02-23 09:25:45', '2021-02-23 09:25:45', '2021-02-23 12:24:02'),
	(176, 1, 1, 219, '7,2', '7,2', 'ACTIVE', '2021-02-23 09:25:45', '2021-02-23 09:25:45', '2021-02-23 12:24:02'),
	(177, 1, 1, 220, '7,2', '7,2', 'ACTIVE', '2021-02-23 09:25:45', '2021-02-23 09:25:45', '2021-02-23 12:24:02'),
	(178, 1, 1, 221, '7,2', '7,2', 'ACTIVE', '2021-02-23 09:25:45', '2021-02-23 09:25:45', '2021-02-23 12:24:02'),
	(179, 1, 1, 222, '7,2', '7,2', 'ACTIVE', '2021-02-23 09:25:45', '2021-02-23 09:25:45', '2021-02-23 12:24:02'),
	(180, 1, 1, 223, '7,2', '7,2', 'ACTIVE', '2021-02-23 09:25:45', '2021-02-23 09:25:45', '2021-02-23 12:24:02'),
	(181, 1, 1, 224, '7,2', '7,2', 'ACTIVE', '2021-02-23 09:25:45', '2021-02-23 09:25:45', '2021-02-23 12:24:02'),
	(182, 1, 1, 225, '7,2', '7,2', 'ACTIVE', '2021-02-23 09:25:45', '2021-02-23 09:25:45', '2021-02-23 12:24:02'),
	(183, 1, 1, 226, '7,2', '7,2', 'ACTIVE', '2021-02-23 09:25:45', '2021-02-23 09:25:45', '2021-02-23 12:24:02'),
	(184, 1, 1, 227, '7,2', '7,2', 'ACTIVE', '2021-02-23 09:25:45', '2021-02-23 09:25:45', '2021-02-23 12:24:02'),
	(185, 1, 1, 228, '7,2', '7,2', 'ACTIVE', '2021-02-23 09:25:45', '2021-02-23 09:25:45', '2021-02-23 12:24:02'),
	(186, 1, 1, 229, '7,2', '7,2', 'ACTIVE', '2021-02-23 09:25:45', '2021-02-23 09:25:45', '2021-02-23 12:24:02'),
	(187, 1, 1, 230, '7,2', '7,2', 'ACTIVE', '2021-02-23 09:25:45', '2021-02-23 09:25:45', '2021-02-23 12:24:02'),
	(188, 1, 1, 231, '7,2', '7,2', 'ACTIVE', '2021-02-23 09:25:45', '2021-02-23 09:25:45', '2021-02-23 12:24:02'),
	(189, 1, 1, 232, '7,2', '7,2', 'ACTIVE', '2021-02-23 09:25:45', '2021-02-23 09:25:45', '2021-02-23 12:24:02'),
	(190, 1, 1, 233, '7,2', '7,2', 'ACTIVE', '2021-02-23 09:25:45', '2021-02-23 09:25:45', '2021-02-23 12:24:02'),
	(191, 1, 1, 238, '7,2', '7,2', 'ACTIVE', '2021-02-23 09:25:45', '2021-02-23 09:25:45', '2021-02-23 12:24:02'),
	(192, 1, 1, 240, '7,2', '7,2', 'ACTIVE', '2021-02-23 09:25:45', '2021-02-23 09:25:45', '2021-02-23 12:24:02'),
	(193, 1, 1, 242, '7,2', '7,2', 'ACTIVE', '2021-02-23 09:25:45', '2021-02-23 09:25:45', '2021-02-23 12:24:02'),
	(194, 1, 1, 243, '7,2', '7,2', 'ACTIVE', '2021-02-23 09:25:45', '2021-02-23 09:25:45', '2021-02-23 12:24:02'),
	(195, 1, 1, 244, '7,2', '7,2', 'ACTIVE', '2021-02-23 09:25:45', '2021-02-23 09:25:45', '2021-02-23 12:24:02'),
	(196, 1, 1, 245, '7,2', '7,2', 'ACTIVE', '2021-02-23 09:25:45', '2021-02-23 09:25:45', '2021-02-23 12:24:02'),
	(197, 1, 1, 246, '7,2', '7,2', 'ACTIVE', '2021-02-23 09:25:45', '2021-02-23 09:25:45', '2021-02-23 12:24:02'),
	(198, 1, 1, 247, '7,2', '7,2', 'ACTIVE', '2021-02-23 09:25:45', '2021-02-23 09:25:45', '2021-02-23 12:24:02'),
	(199, 1, 1, 248, '7,2', '7,2', 'ACTIVE', '2021-02-23 09:25:45', '2021-02-23 09:25:45', '2021-02-23 12:24:02'),
	(200, 1, 1, 252, '7,2', '7,2', 'ACTIVE', '2021-02-23 09:25:45', '2021-02-23 09:25:45', '2021-02-23 12:24:02'),
	(201, 1, 1, 257, '7,2', '7,2', 'ACTIVE', '2021-02-23 09:25:45', '2021-02-23 09:25:45', '2021-02-23 12:24:02'),
	(202, 1, 1, 258, '7,2', '7,2', 'ACTIVE', '2021-02-23 09:25:45', '2021-02-23 09:25:45', '2021-02-23 12:24:02'),
	(203, 1, 1, 260, '7,2', '7,2', 'ACTIVE', '2021-02-23 09:25:45', '2021-02-23 09:25:45', '2021-02-23 12:24:02'),
	(204, 1, 1, 261, '7,2', '7,2', 'ACTIVE', '2021-02-23 09:25:45', '2021-02-23 09:25:45', '2021-02-23 12:24:02'),
	(205, 1, 1, 262, '7,2', '7,2', 'ACTIVE', '2021-02-23 09:25:45', '2021-02-23 09:25:45', '2021-02-23 12:24:02'),
	(206, 1, 1, 263, '7,2', '7,2', 'ACTIVE', '2021-02-23 09:25:45', '2021-02-23 09:25:45', '2021-02-23 12:24:02'),
	(207, 1, 1, 264, '7,2', '7,2', 'ACTIVE', '2021-02-23 09:25:45', '2021-02-23 09:25:45', '2021-02-23 12:24:02'),
	(208, 1, 1, 265, '7,2', '7,2', 'ACTIVE', '2021-02-23 09:25:45', '2021-02-23 09:25:45', '2021-02-23 12:24:02'),
	(209, 1, 1, 269, '7,2', '7,2', 'ACTIVE', '2021-02-23 09:25:45', '2021-02-23 09:25:45', '2021-02-23 12:24:02'),
	(210, 1, 1, 270, '7,2', '7,2', 'ACTIVE', '2021-02-23 09:25:45', '2021-02-23 09:25:45', '2021-02-23 12:24:02'),
	(211, 1, 1, 275, '7,2', '7,2', 'ACTIVE', '2021-02-23 09:25:45', '2021-02-23 09:25:45', '2021-02-23 12:24:02'),
	(212, 1, 1, 276, '7,2', '7,2', 'ACTIVE', '2021-02-23 09:25:45', '2021-02-23 09:25:45', '2021-02-23 12:24:02'),
	(213, 1, 1, 277, '7,2', '7,2', 'ACTIVE', '2021-02-23 09:25:45', '2021-02-23 09:25:45', '2021-02-23 12:24:02'),
	(214, 1, 1, 278, '7,2', '7,2', 'ACTIVE', '2021-02-23 09:25:45', '2021-02-23 09:25:45', '2021-02-23 12:24:02'),
	(215, 1, 1, 279, '7,2', '7,2', 'ACTIVE', '2021-02-23 09:25:45', '2021-02-23 09:25:45', '2021-02-23 12:24:02'),
	(216, 1, 1, 280, '7,2', '7,2', 'ACTIVE', '2021-02-23 09:25:45', '2021-02-23 09:25:45', '2021-02-23 12:24:02'),
	(217, 1, 1, 281, '7,2', '7,2', 'ACTIVE', '2021-02-23 09:25:45', '2021-02-23 09:25:45', '2021-02-23 12:24:02'),
	(218, 1, 1, 282, '7,2', '7,2', 'ACTIVE', '2021-02-23 09:25:45', '2021-02-23 09:25:45', '2021-02-23 12:24:02'),
	(219, 1, 1, 283, '7,2', '7,2', 'ACTIVE', '2021-02-23 09:25:45', '2021-02-23 09:25:45', '2021-02-23 12:24:02'),
	(220, 1, 1, 284, '7,2', '7,2', 'ACTIVE', '2021-02-23 09:25:45', '2021-02-23 09:25:45', '2021-02-23 12:24:02'),
	(221, 1, 1, 285, '7,2', '7,2', 'ACTIVE', '2021-02-23 09:25:45', '2021-02-23 09:25:45', '2021-02-23 12:24:02'),
	(222, 1, 1, 286, '7,2', '7,2', 'ACTIVE', '2021-02-23 09:25:45', '2021-02-23 09:25:45', '2021-02-23 12:24:02'),
	(223, 1, 1, 287, '7,2', '7,2', 'ACTIVE', '2021-02-23 09:25:45', '2021-02-23 09:25:45', '2021-02-23 12:24:02'),
	(224, 1, 1, 288, '7,2', '7,2', 'ACTIVE', '2021-02-23 09:25:45', '2021-02-23 09:25:45', '2021-02-23 12:24:02'),
	(225, 1, 1, 289, '7,2', '7,2', 'ACTIVE', '2021-02-23 09:25:45', '2021-02-23 09:25:45', '2021-02-23 12:24:02'),
	(226, 1, 1, 290, '7,2', '7,2', 'ACTIVE', '2021-02-23 09:25:45', '2021-02-23 09:25:45', '2021-02-23 12:24:02'),
	(227, 1, 1, 291, '7,2', '7,2', 'ACTIVE', '2021-02-23 09:25:45', '2021-02-23 09:25:45', '2021-02-23 12:24:02'),
	(228, 1, 1, 292, '7,2', '7,2', 'ACTIVE', '2021-02-23 09:25:45', '2021-02-23 09:25:45', '2021-02-23 12:24:02'),
	(229, 1, 1, 293, '7,2', '7,2', 'ACTIVE', '2021-02-23 09:25:45', '2021-02-23 09:25:45', '2021-02-23 12:24:02'),
	(230, 1, 1, 294, '7,2', '7,2', 'ACTIVE', '2021-02-23 09:25:45', '2021-02-23 09:25:45', '2021-02-23 12:24:02'),
	(231, 1, 1, 295, '7,2', '7,2', 'ACTIVE', '2021-02-23 09:25:45', '2021-02-23 09:25:45', '2021-02-23 12:24:02'),
	(232, 1, 1, 296, '7,2', '7,2', 'ACTIVE', '2021-02-23 09:25:45', '2021-02-23 09:25:45', '2021-02-23 12:24:02'),
	(233, 1, 1, 297, '7,2', '7,2', 'ACTIVE', '2021-02-23 09:25:45', '2021-02-23 09:25:45', '2021-02-23 12:24:02'),
	(234, 1, 1, 298, '7,2', '7,2', 'ACTIVE', '2021-02-23 09:25:45', '2021-02-23 09:25:45', '2021-02-23 12:24:02'),
	(235, 1, 1, 299, '7,2', '7,2', 'ACTIVE', '2021-02-23 09:25:45', '2021-02-23 09:25:45', '2021-02-23 12:24:02'),
	(236, 1, 1, 300, '7,2', '7,2', 'ACTIVE', '2021-02-23 09:25:45', '2021-02-23 09:25:45', '2021-02-23 12:24:02'),
	(237, 1, 1, 301, '7,2', '7,2', 'ACTIVE', '2021-02-23 09:25:45', '2021-02-23 09:25:45', '2021-02-23 12:24:02'),
	(238, 1, 1, 302, '7,2', '7,2', 'ACTIVE', '2021-02-23 09:25:45', '2021-02-23 09:25:45', '2021-02-23 12:24:02'),
	(239, 1, 1, 303, '7,2', '7,2', 'ACTIVE', '2021-02-23 09:25:45', '2021-02-23 09:25:45', '2021-02-23 12:24:02'),
	(240, 1, 1, 304, '7,2', '7,2', 'ACTIVE', '2021-02-23 09:25:45', '2021-02-23 09:25:45', '2021-02-23 12:24:02'),
	(241, 1, 1, 305, '7,2', '7,2', 'ACTIVE', '2021-02-23 09:25:45', '2021-02-23 09:25:45', '2021-02-23 12:24:02'),
	(242, 1, 1, 306, '7,2', '7,2', 'ACTIVE', '2021-02-23 09:25:45', '2021-02-23 09:25:45', '2021-02-23 12:24:02'),
	(243, 1, 1, 307, '7,2', '7,2', 'ACTIVE', '2021-02-23 09:25:45', '2021-02-23 09:25:45', '2021-02-23 12:24:02'),
	(244, 1, 1, 308, '7,2', '7,2', 'ACTIVE', '2021-02-23 09:25:45', '2021-02-23 09:25:45', '2021-02-23 12:24:02'),
	(245, 1, 1, 310, '7,2', '7,2', 'ACTIVE', '2021-02-23 09:25:45', '2021-02-23 09:25:45', '2021-02-23 12:24:02'),
	(246, 1, 1, 311, '7,2', '7,2', 'ACTIVE', '2021-02-23 09:25:45', '2021-02-23 09:25:45', '2021-02-23 12:24:02'),
	(247, 1, 1, 312, '7,2', '7,2', 'ACTIVE', '2021-02-23 09:25:45', '2021-02-23 09:25:45', '2021-02-23 12:24:02'),
	(248, 1, 1, 313, '7,2', '7,2', 'ACTIVE', '2021-02-23 09:25:45', '2021-02-23 09:25:45', '2021-02-23 12:24:02'),
	(249, 1, 1, 314, '7,2', '7,2', 'ACTIVE', '2021-02-23 09:25:45', '2021-02-23 09:25:45', '2021-02-23 12:24:02'),
	(250, 1, 1, 315, '7,2', '7,2', 'ACTIVE', '2021-02-23 09:25:45', '2021-02-23 09:25:45', '2021-02-23 12:24:02'),
	(251, 1, 1, 316, '7,2', '7,2', 'ACTIVE', '2021-02-23 09:25:45', '2021-02-23 09:25:45', '2021-02-23 12:24:02'),
	(252, 1, 1, 318, '7,2', '7,2', 'ACTIVE', '2021-02-23 09:25:45', '2021-02-23 09:25:45', '2021-02-23 12:24:02'),
	(253, 1, 1, 320, '7,2', '7,2', 'ACTIVE', '2021-02-23 09:25:45', '2021-02-23 09:25:45', '2021-02-23 12:24:02'),
	(254, 1, 1, 321, '7,2', '7,2', 'ACTIVE', '2021-02-23 09:25:45', '2021-02-23 09:25:45', '2021-02-23 12:24:02'),
	(255, 1, 1, 322, '7,2', '7,2', 'ACTIVE', '2021-02-23 09:25:45', '2021-02-23 09:25:45', '2021-02-23 12:24:02'),
	(256, 1, 1, 323, '7,2', '7,2', 'ACTIVE', '2021-02-23 09:25:45', '2021-02-23 09:25:45', '2021-02-23 12:24:02'),
	(257, 1, 1, 324, '7,2', '7,2', 'ACTIVE', '2021-02-23 09:25:45', '2021-02-23 09:25:45', '2021-02-23 12:24:02'),
	(258, 1, 1, 325, '7,2', '7,2', 'ACTIVE', '2021-02-23 09:25:45', '2021-02-23 09:25:45', '2021-02-23 12:24:02'),
	(259, 1, 1, 326, '7,2', '7,2', 'ACTIVE', '2021-02-23 09:25:45', '2021-02-23 09:25:45', '2021-02-23 12:24:02'),
	(260, 1, 1, 327, '7,2', '7,2', 'ACTIVE', '2021-02-23 09:25:45', '2021-02-23 09:25:45', '2021-02-23 12:24:02'),
	(261, 1, 1, 328, '7,2', '7,2', 'ACTIVE', '2021-02-23 09:25:45', '2021-02-23 09:25:45', '2021-02-23 12:24:02'),
	(262, 1, 1, 329, '7,2', '7,2', 'ACTIVE', '2021-02-23 09:25:45', '2021-02-23 09:25:45', '2021-02-23 12:24:02'),
	(263, 1, 1, 330, '7,2', '7,2', 'ACTIVE', '2021-02-23 09:25:45', '2021-02-23 09:25:45', '2021-02-23 12:24:02'),
	(264, 1, 1, 331, '7,2', '7,2', 'ACTIVE', '2021-02-23 09:25:45', '2021-02-23 09:25:45', '2021-02-23 12:24:02'),
	(265, 1, 1, 332, '7,2', '7,2', 'ACTIVE', '2021-02-23 09:25:45', '2021-02-23 09:25:45', '2021-02-23 12:24:02'),
	(266, 1, 1, 333, '7,2', '7,2', 'ACTIVE', '2021-02-23 09:25:45', '2021-02-23 09:25:45', '2021-02-23 12:24:02'),
	(267, 1, 1, 334, '7,2', '7,2', 'ACTIVE', '2021-02-23 09:25:45', '2021-02-23 09:25:45', '2021-02-23 12:24:02'),
	(268, 1, 1, 337, '7,2', '7,2', 'ACTIVE', '2021-02-23 09:25:45', '2021-02-23 09:25:45', '2021-02-23 12:24:02'),
	(269, 1, 1, 338, '7,2', '7,2', 'ACTIVE', '2021-02-23 09:25:45', '2021-02-23 09:25:45', '2021-02-23 12:24:02'),
	(270, 1, 1, 339, '7,2', '7,2', 'ACTIVE', '2021-02-23 09:25:45', '2021-02-23 09:25:45', '2021-02-23 12:24:02'),
	(271, 1, 1, 340, '7,2', '7,2', 'ACTIVE', '2021-02-23 09:25:45', '2021-02-23 09:25:45', '2021-02-23 12:24:02'),
	(272, 1, 1, 341, '7,2', '7,2', 'ACTIVE', '2021-02-23 09:25:45', '2021-02-23 09:25:45', '2021-02-23 12:24:02'),
	(273, 1, 1, 342, '7,2', '7,2', 'ACTIVE', '2021-02-23 09:25:45', '2021-02-23 09:25:45', '2021-02-23 12:24:02'),
	(274, 1, 1, 343, '7,2', '7,2', 'ACTIVE', '2021-02-23 09:25:45', '2021-02-23 09:25:45', '2021-02-23 12:24:02'),
	(275, 1, 1, 344, '7,2', '7,2', 'ACTIVE', '2021-02-23 09:25:45', '2021-02-23 09:25:45', '2021-02-23 12:24:02'),
	(276, 1, 1, 347, '7,2', '7,2', 'ACTIVE', '2021-02-23 09:25:45', '2021-02-23 09:25:45', '2021-02-23 12:24:02'),
	(277, 1, 1, 348, '7,2', '7,2', 'ACTIVE', '2021-02-23 09:25:45', '2021-02-23 09:25:45', '2021-02-23 12:24:02'),
	(278, 1, 1, 349, '7,2', '7,2', 'ACTIVE', '2021-02-23 09:25:45', '2021-02-23 09:25:45', '2021-02-23 12:24:02'),
	(279, 1, 1, 350, '7,2', '7,2', 'ACTIVE', '2021-02-23 09:25:45', '2021-02-23 09:25:45', '2021-02-23 12:24:02'),
	(280, 1, 1, 351, '7,2', '7,2', 'ACTIVE', '2021-02-23 09:25:45', '2021-02-23 09:25:45', '2021-02-23 12:24:02'),
	(281, 1, 1, 352, '7,2', '7,2', 'ACTIVE', '2021-02-23 09:25:45', '2021-02-23 09:25:45', '2021-02-23 12:24:02'),
	(282, 1, 1, 353, '7,2', '7,2', 'ACTIVE', '2021-02-23 09:25:45', '2021-02-23 09:25:45', '2021-02-23 12:24:02'),
	(283, 1, 1, 354, '7,2', '7,2', 'ACTIVE', '2021-02-23 09:25:45', '2021-02-23 09:25:45', '2021-02-23 12:24:02'),
	(284, 1, 1, 355, '7,2', '7,2', 'ACTIVE', '2021-02-23 09:25:45', '2021-02-23 09:25:45', '2021-02-23 12:24:02'),
	(285, 1, 1, 356, '7,2', '7,2', 'ACTIVE', '2021-02-23 09:25:45', '2021-02-23 09:25:45', '2021-02-23 12:24:02'),
	(286, 1, 1, 357, '7,2', '7,2', 'ACTIVE', '2021-02-23 09:25:45', '2021-02-23 09:25:45', '2021-02-23 12:24:02'),
	(287, 1, 1, 358, '7,2', '7,2', 'ACTIVE', '2021-02-23 09:25:45', '2021-02-23 09:25:45', '2021-02-23 12:24:02'),
	(288, 1, 1, 359, '7,2', '7,2', 'ACTIVE', '2021-02-23 09:25:45', '2021-02-23 09:25:45', '2021-02-23 12:24:02'),
	(289, 1, 1, 360, '7,2', '7,2', 'ACTIVE', '2021-02-23 09:25:45', '2021-02-23 09:25:45', '2021-02-23 12:24:02'),
	(290, 1, 1, 361, '7,2', '7,2', 'ACTIVE', '2021-02-23 09:25:45', '2021-02-23 09:25:45', '2021-02-23 12:24:02'),
	(291, 1, 1, 362, '7,2', '7,2', 'ACTIVE', '2021-02-23 09:25:45', '2021-02-23 09:25:45', '2021-02-23 12:24:02'),
	(292, 1, 1, 363, '7,2', '7,2', 'ACTIVE', '2021-02-23 09:25:45', '2021-02-23 09:25:45', '2021-02-23 12:24:02'),
	(293, 1, 1, 364, '7,2', '7,2', 'ACTIVE', '2021-02-23 09:25:45', '2021-02-23 09:25:45', '2021-02-23 12:24:02'),
	(294, 1, 1, 365, '7,2', '7,2', 'ACTIVE', '2021-02-23 09:25:45', '2021-02-23 09:25:45', '2021-02-23 12:24:02'),
	(295, 1, 1, 366, '7,2', '7,2', 'ACTIVE', '2021-02-23 09:25:45', '2021-02-23 09:25:45', '2021-02-23 12:24:02'),
	(296, 1, 1, 367, '7,2', '7,2', 'ACTIVE', '2021-02-23 09:25:45', '2021-02-23 09:25:45', '2021-02-23 12:24:02'),
	(297, 1, 1, 368, '7,2', '7,2', 'ACTIVE', '2021-02-23 09:25:45', '2021-02-23 09:25:45', '2021-02-23 12:24:02'),
	(298, 1, 1, 369, '7,2', '7,2', 'ACTIVE', '2021-02-23 09:25:45', '2021-02-23 09:25:45', '2021-02-23 12:24:02'),
	(299, 1, 1, 370, '7,2', '7,2', 'ACTIVE', '2021-02-23 09:25:45', '2021-02-23 09:25:45', '2021-02-23 12:24:02'),
	(300, 1, 1, 371, '7,2', '7,2', 'ACTIVE', '2021-02-23 09:25:45', '2021-02-23 09:25:45', '2021-02-23 12:24:02'),
	(301, 1, 1, 372, '7,2', '7,2', 'ACTIVE', '2021-02-23 09:25:45', '2021-02-23 09:25:45', '2021-02-23 12:24:02'),
	(302, 1, 1, 373, '7,2', '7,2', 'ACTIVE', '2021-02-23 09:25:45', '2021-02-23 09:25:45', '2021-02-23 12:24:02'),
	(303, 1, 1, 374, '7,2', '7,2', 'ACTIVE', '2021-02-23 09:25:45', '2021-02-23 09:25:45', '2021-02-23 12:24:02'),
	(304, 1, 1, 375, '7,2', '7,2', 'ACTIVE', '2021-02-23 09:25:45', '2021-02-23 09:25:45', '2021-02-23 12:24:02'),
	(305, 1, 1, 376, '7,2', '7,2', 'ACTIVE', '2021-02-23 09:25:45', '2021-02-23 09:25:45', '2021-02-23 12:24:02'),
	(306, 1, 1, 377, '7,2', '7,2', 'ACTIVE', '2021-02-23 09:25:45', '2021-02-23 09:25:45', '2021-02-23 12:24:02'),
	(307, 1, 1, 378, '7,2', '7,2', 'ACTIVE', '2021-02-23 09:25:45', '2021-02-23 09:25:45', '2021-02-23 12:24:02'),
	(308, 1, 1, 379, '7,2', '7,2', 'ACTIVE', '2021-02-23 09:25:45', '2021-02-23 09:25:45', '2021-02-23 12:24:02'),
	(309, 1, 1, 380, '7,2', '7,2', 'ACTIVE', '2021-02-23 09:25:45', '2021-02-23 09:25:45', '2021-02-23 12:24:02'),
	(310, 1, 1, 381, '7,2', '7,2', 'ACTIVE', '2021-02-23 09:25:45', '2021-02-23 09:25:45', '2021-02-23 12:24:02'),
	(311, 1, 1, 382, '7,2', '7,2', 'ACTIVE', '2021-02-23 09:25:45', '2021-02-23 09:25:45', '2021-02-23 12:24:02'),
	(312, 1, 1, 383, '7,2', '7,2', 'ACTIVE', '2021-02-23 09:25:45', '2021-02-23 09:25:45', '2021-02-23 12:24:02'),
	(313, 1, 1, 384, '7,2', '7,2', 'ACTIVE', '2021-02-23 09:25:45', '2021-02-23 09:25:45', '2021-02-23 12:24:02'),
	(314, 1, 1, 385, '7,2', '7,2', 'ACTIVE', '2021-02-23 09:25:45', '2021-02-23 09:25:45', '2021-02-23 12:24:02'),
	(315, 1, 1, 386, '7,2', '7,2', 'ACTIVE', '2021-02-23 09:25:45', '2021-02-23 09:25:45', '2021-02-23 12:24:02'),
	(316, 1, 1, 387, '7,2', '7,2', 'ACTIVE', '2021-02-23 09:25:45', '2021-02-23 09:25:45', '2021-02-23 12:24:02'),
	(317, 1, 1, 388, '7,2', '7,2', 'ACTIVE', '2021-02-23 09:25:45', '2021-02-23 09:25:45', '2021-02-23 12:24:02'),
	(318, 1, 1, 389, '7,2', '7,2', 'ACTIVE', '2021-02-23 09:25:45', '2021-02-23 09:25:45', '2021-02-23 12:24:02'),
	(319, 1, 1, 390, '7,2', '7,2', 'ACTIVE', '2021-02-23 09:25:45', '2021-02-23 09:25:45', '2021-02-23 12:24:02'),
	(320, 1, 1, 394, '7,2', '7,2', 'ACTIVE', '2021-02-23 09:25:45', '2021-02-23 09:25:45', '2021-02-23 12:24:02'),
	(321, 1, 1, 395, '7,2', '7,2', 'ACTIVE', '2021-02-23 09:25:45', '2021-02-23 09:25:45', '2021-02-23 12:24:02'),
	(322, 1, 1, 396, '7,2', '7,2', 'ACTIVE', '2021-02-23 09:25:45', '2021-02-23 09:25:45', '2021-02-23 12:24:02'),
	(323, 1, 1, 400, '7,2', '7,2', 'ACTIVE', '2021-02-23 09:25:45', '2021-02-23 09:25:45', '2021-02-23 12:24:02'),
	(324, 1, 1, 401, '7,2', '7,2', 'ACTIVE', '2021-02-23 09:25:45', '2021-02-23 09:25:45', '2021-02-23 12:24:02'),
	(325, 1, 1, 402, '7,2', '7,2', 'ACTIVE', '2021-02-23 09:25:45', '2021-02-23 09:25:45', '2021-02-23 12:24:02'),
	(326, 1, 1, 403, '2,7', '2,7', 'ACTIVE', '2021-02-23 09:25:45', '2021-02-23 09:25:45', '2021-02-23 12:24:02'),
	(327, 1, 1, 404, '7,2', '7,2', 'ACTIVE', '2021-02-23 09:25:45', '2021-02-23 09:25:45', '2021-02-23 12:24:02'),
	(328, 1, 1, 405, '7,2', '7,2', 'ACTIVE', '2021-02-23 09:25:45', '2021-02-23 09:25:45', '2021-02-23 12:24:02'),
	(329, 1, 1, 406, '7,2', '7,2', 'ACTIVE', '2021-02-23 09:25:45', '2021-02-23 09:25:45', '2021-02-23 12:24:02'),
	(330, 1, 1, 408, '7,2', '7,2', 'ACTIVE', '2021-02-23 09:25:45', '2021-02-23 09:25:45', '2021-02-23 12:24:02'),
	(331, 1, 1, 409, '7,2', '7,2', 'ACTIVE', '2021-02-23 09:25:45', '2021-02-23 09:25:45', '2021-02-23 12:24:02'),
	(332, 1, 1, 410, '7,2', '7,2', 'ACTIVE', '2021-02-23 09:25:45', '2021-02-23 09:25:45', '2021-02-23 12:24:02'),
	(333, 1, 1, 411, '7,2', '7,2', 'ACTIVE', '2021-02-23 09:25:45', '2021-02-23 09:25:45', '2021-02-23 12:24:02'),
	(334, 1, 1, 413, '7,2', '7,2', 'ACTIVE', '2021-02-23 09:25:45', '2021-02-23 09:25:45', '2021-02-23 12:24:02'),
	(335, 1, 1, 414, '7,2', '7,2', 'ACTIVE', '2021-02-23 09:25:45', '2021-02-23 09:25:45', '2021-02-23 12:24:02'),
	(336, 1, 1, 415, '7,2', '7,2', 'ACTIVE', '2021-02-23 09:25:45', '2021-02-23 09:25:45', '2021-02-23 12:24:02'),
	(337, 1, 1, 416, '7,2', '7,2', 'ACTIVE', '2021-02-23 09:25:45', '2021-02-23 09:25:45', '2021-02-23 12:24:02'),
	(338, 1, 1, 417, '7,2', '7,2', 'ACTIVE', '2021-02-23 09:25:45', '2021-02-23 09:25:45', '2021-02-23 12:24:02'),
	(339, 1, 1, 418, '7,2', '7,2', 'ACTIVE', '2021-02-23 09:25:45', '2021-02-23 09:25:45', '2021-02-23 12:24:02'),
	(340, 1, 1, 419, '7,2', '7,2', 'ACTIVE', '2021-02-23 09:25:45', '2021-02-23 09:25:45', '2021-02-23 12:24:02'),
	(341, 1, 1, 420, '7,2', '7,2', 'ACTIVE', '2021-02-23 09:25:45', '2021-02-23 09:25:45', '2021-02-23 12:24:02'),
	(342, 1, 1, 422, '7,2', '7,2', 'ACTIVE', '2021-02-23 09:25:45', '2021-02-23 09:25:45', '2021-02-23 12:24:02'),
	(343, 1, 1, 423, '7,2', '7,2', 'ACTIVE', '2021-02-23 09:25:45', '2021-02-23 09:25:45', '2021-02-23 12:24:02'),
	(344, 1, 1, 424, '7,2', '7,2', 'ACTIVE', '2021-02-23 09:25:45', '2021-02-23 09:25:45', '2021-02-23 12:24:02'),
	(345, 1, 1, 425, '7,2', '7,2', 'ACTIVE', '2021-02-23 09:25:45', '2021-02-23 09:25:45', '2021-02-23 12:24:02'),
	(346, 1, 1, 426, '7,2', '7,2', 'ACTIVE', '2021-02-23 09:25:45', '2021-02-23 09:25:45', '2021-02-23 12:24:02'),
	(347, 1, 1, 427, '7,2', '7,2', 'ACTIVE', '2021-02-23 09:25:45', '2021-02-23 09:25:45', '2021-02-23 12:24:02'),
	(348, 1, 1, 428, '7,2', '7,2', 'ACTIVE', '2021-02-23 09:25:45', '2021-02-23 09:25:45', '2021-02-23 12:24:02'),
	(349, 1, 1, 429, '7,2', '7,2', 'ACTIVE', '2021-02-23 09:25:45', '2021-02-23 09:25:45', '2021-02-23 12:24:02'),
	(350, 1, 1, 430, '7,2', '7,2', 'ACTIVE', '2021-02-23 09:25:45', '2021-02-23 09:25:45', '2021-02-23 12:24:02'),
	(351, 1, 1, 431, '7,2', '7,2', 'ACTIVE', '2021-02-23 09:25:45', '2021-02-23 09:25:45', '2021-02-23 12:24:02'),
	(352, 1, 1, 432, '7,2', '7,2', 'ACTIVE', '2021-02-23 09:25:45', '2021-02-23 09:25:45', '2021-02-23 12:24:02'),
	(353, 1, 1, 433, '7,2', '7,2', 'ACTIVE', '2021-02-23 09:25:45', '2021-02-23 09:25:45', '2021-02-23 12:24:02'),
	(354, 1, 1, 434, '7,2', '7,2', 'ACTIVE', '2021-02-23 09:25:45', '2021-02-23 09:25:45', '2021-02-23 12:24:02'),
	(355, 1, 1, 435, '7,2', '7,2', 'ACTIVE', '2021-02-23 09:25:45', '2021-02-23 09:25:45', '2021-02-23 12:24:02'),
	(356, 1, 1, 436, '7,2', '7,2', 'ACTIVE', '2021-02-23 09:25:45', '2021-02-23 09:25:45', '2021-02-23 12:24:02'),
	(357, 1, 1, 437, '7,2', '7,2', 'ACTIVE', '2021-02-23 09:25:45', '2021-02-23 09:25:45', '2021-02-23 12:24:02'),
	(358, 1, 1, 438, '7,2', '7,2', 'ACTIVE', '2021-02-23 09:25:45', '2021-02-23 09:25:45', '2021-02-23 12:24:02'),
	(359, 1, 1, 439, '7,2', '7,2', 'ACTIVE', '2021-02-23 09:25:45', '2021-02-23 09:25:45', '2021-02-23 12:24:02'),
	(360, 1, 1, 443, '7,2', '7,2', 'ACTIVE', '2021-02-23 09:25:45', '2021-02-23 09:25:45', '2021-02-23 12:24:02'),
	(361, 1, 1, 444, '7,2', '7,2', 'ACTIVE', '2021-02-23 09:25:45', '2021-02-23 09:25:45', '2021-02-23 12:24:02'),
	(362, 1, 1, 445, '7,2', '7,2', 'ACTIVE', '2021-02-23 09:25:45', '2021-02-23 09:25:45', '2021-02-23 12:24:02'),
	(363, 1, 1, 446, '7,2', '7,2', 'ACTIVE', '2021-02-23 09:25:45', '2021-02-23 09:25:45', '2021-02-23 12:24:02'),
	(364, 1, 1, 447, '7,2', '7,2', 'ACTIVE', '2021-02-23 09:25:45', '2021-02-23 09:25:45', '2021-02-23 12:24:02'),
	(365, 1, 1, 448, '7,2', '7,2', 'ACTIVE', '2021-02-23 09:25:45', '2021-02-23 09:25:45', '2021-02-23 12:24:02'),
	(366, 1, 1, 449, '7,2', '7,2', 'ACTIVE', '2021-02-23 09:25:45', '2021-02-23 09:25:45', '2021-02-23 12:24:02'),
	(367, 1, 1, 450, '7,2', '7,2', 'ACTIVE', '2021-02-23 09:25:45', '2021-02-23 09:25:45', '2021-02-23 12:24:02'),
	(368, 1, 1, 451, '7,2', '7,2', 'ACTIVE', '2021-02-23 09:25:45', '2021-02-23 09:25:45', '2021-02-23 12:24:02'),
	(369, 1, 1, 452, '7,2', '7,2', 'ACTIVE', '2021-02-23 09:25:45', '2021-02-23 09:25:45', '2021-02-23 12:24:02'),
	(370, 1, 1, 453, '7,2', '7,2', 'ACTIVE', '2021-02-23 09:25:45', '2021-02-23 09:25:45', '2021-02-23 12:24:02'),
	(371, 1, 1, 454, '7,2', '7,2', 'ACTIVE', '2021-02-23 09:25:45', '2021-02-23 09:25:45', '2021-02-23 12:24:02'),
	(372, 1, 1, 455, '7,2', '7,2', 'ACTIVE', '2021-02-23 09:25:45', '2021-02-23 09:25:45', '2021-02-23 12:24:02'),
	(373, 1, 1, 456, '7,2', '7,2', 'ACTIVE', '2021-02-23 09:25:45', '2021-02-23 09:25:45', '2021-02-23 12:24:02'),
	(374, 1, 1, 457, '7,2', '7,2', 'ACTIVE', '2021-02-23 09:25:45', '2021-02-23 09:25:45', '2021-02-23 12:24:02'),
	(375, 1, 1, 458, '7,2', '7,2', 'ACTIVE', '2021-02-23 09:25:45', '2021-02-23 09:25:45', '2021-02-23 12:24:02'),
	(376, 1, 1, 459, '7,2', '7,2', 'ACTIVE', '2021-02-23 09:25:45', '2021-02-23 09:25:45', '2021-02-23 12:24:02'),
	(377, 1, 1, 460, '7,2', '7,2', 'ACTIVE', '2021-02-23 09:25:45', '2021-02-23 09:25:45', '2021-02-23 12:24:02'),
	(378, 1, 1, 461, '7,2', '7,2', 'ACTIVE', '2021-02-23 09:25:45', '2021-02-23 09:25:45', '2021-02-23 12:24:02'),
	(379, 1, 1, 462, '7,2', '7,2', 'ACTIVE', '2021-02-23 09:25:45', '2021-02-23 09:25:45', '2021-02-23 12:24:02'),
	(380, 1, 1, 463, '7,2', '7,2', 'ACTIVE', '2021-02-23 09:25:45', '2021-02-23 09:25:45', '2021-02-23 12:24:02'),
	(381, 1, 1, 464, '7,2', '7,2', 'ACTIVE', '2021-02-23 09:25:45', '2021-02-23 09:25:45', '2021-02-23 12:24:02'),
	(382, 1, 1, 465, '7,2', '7,2', 'ACTIVE', '2021-02-23 09:25:45', '2021-02-23 09:25:45', '2021-02-23 12:24:02'),
	(383, 1, 1, 466, '7,2', '7,2', 'ACTIVE', '2021-02-23 09:25:45', '2021-02-23 09:25:45', '2021-02-23 12:24:02'),
	(384, 1, 1, 467, '7,2', '7,2', 'ACTIVE', '2021-02-23 09:25:45', '2021-02-23 09:25:45', '2021-02-23 12:24:02'),
	(385, 1, 1, 468, '7,2', '7,2', 'ACTIVE', '2021-02-23 09:25:45', '2021-02-23 09:25:45', '2021-02-23 12:24:02'),
	(386, 1, 1, 469, '7,2', '7,2', 'ACTIVE', '2021-02-23 09:25:45', '2021-02-23 09:25:45', '2021-02-23 12:24:02'),
	(387, 1, 1, 470, '7,2', '7,2', 'ACTIVE', '2021-02-23 09:25:45', '2021-02-23 09:25:45', '2021-02-23 12:24:02'),
	(388, 1, 1, 471, '7,2', '7,2', 'ACTIVE', '2021-02-23 09:25:45', '2021-02-23 09:25:45', '2021-02-23 12:24:02'),
	(389, 1, 1, 472, '7,2', '7,2', 'ACTIVE', '2021-02-23 09:25:45', '2021-02-23 09:25:45', '2021-02-23 12:24:02'),
	(390, 1, 1, 473, '7,2', '7,2', 'ACTIVE', '2021-02-23 09:25:45', '2021-02-23 09:25:45', '2021-02-23 12:24:02'),
	(391, 1, 1, 474, '7,2', '7,2', 'ACTIVE', '2021-02-23 09:25:45', '2021-02-23 09:25:45', '2021-02-23 12:24:02'),
	(392, 1, 1, 475, '7,2', '7,2', 'ACTIVE', '2021-02-23 09:25:45', '2021-02-23 09:25:45', '2021-02-23 12:24:02'),
	(393, 1, 1, 476, '7,2', '7,2', 'ACTIVE', '2021-02-23 09:25:45', '2021-02-23 09:25:45', '2021-02-23 12:24:02'),
	(394, 1, 1, 477, '7,2', '7,2', 'ACTIVE', '2021-02-23 09:25:45', '2021-02-23 09:25:45', '2021-02-23 12:24:02'),
	(395, 1, 1, 478, '7,2', '7,2', 'ACTIVE', '2021-02-23 09:25:45', '2021-02-23 09:25:45', '2021-02-23 12:24:02'),
	(396, 1, 1, 480, '7,2', '7,2', 'ACTIVE', '2021-02-23 09:25:45', '2021-02-23 09:25:45', '2021-02-23 12:24:02'),
	(397, 1, 1, 481, '7,2', '7,2', 'ACTIVE', '2021-02-23 09:25:45', '2021-02-23 09:25:45', '2021-02-23 12:24:02'),
	(398, 1, 1, 482, '7,2', '7,2', 'ACTIVE', '2021-02-23 09:25:45', '2021-02-23 09:25:45', '2021-02-23 12:24:02'),
	(399, 1, 1, 483, '7,2', '7,2', 'ACTIVE', '2021-02-23 09:25:45', '2021-02-23 09:25:45', '2021-02-23 12:24:02'),
	(400, 1, 1, 484, '7,2', '7,2', 'ACTIVE', '2021-02-23 09:25:45', '2021-02-23 09:25:45', '2021-02-23 12:24:02'),
	(401, 1, 1, 485, '7,2', '7,2', 'ACTIVE', '2021-02-23 09:25:45', '2021-02-23 09:25:45', '2021-02-23 12:24:02'),
	(402, 1, 1, 486, '7,2', '7,2', 'ACTIVE', '2021-02-23 09:25:45', '2021-02-23 09:25:45', '2021-02-23 12:24:02'),
	(403, 1, 1, 487, '7,2', '7,2', 'ACTIVE', '2021-02-23 09:25:45', '2021-02-23 09:25:45', '2021-02-23 12:24:02'),
	(404, 1, 1, 488, '7,2', '7,2', 'ACTIVE', '2021-02-23 09:25:45', '2021-02-23 09:25:45', '2021-02-23 12:24:02'),
	(405, 1, 1, 490, '7,2', '7,2', 'ACTIVE', '2021-02-23 09:25:45', '2021-02-23 09:25:45', '2021-02-23 12:24:02'),
	(406, 1, 1, 491, '7,2', '7,2', 'ACTIVE', '2021-02-23 09:25:45', '2021-02-23 09:25:45', '2021-02-23 12:24:02'),
	(407, 1, 1, 492, '7,2', '7,2', 'ACTIVE', '2021-02-23 09:25:45', '2021-02-23 09:25:45', '2021-02-23 12:24:02'),
	(408, 1, 1, 493, '7,2', '7,2', 'ACTIVE', '2021-02-23 09:25:45', '2021-02-23 09:25:45', '2021-02-23 12:24:02'),
	(409, 1, 1, 494, '7,2', '7,2', 'ACTIVE', '2021-02-23 09:25:45', '2021-02-23 09:25:45', '2021-02-23 12:24:02'),
	(410, 1, 1, 495, '7,2', '7,2', 'ACTIVE', '2021-02-23 09:25:45', '2021-02-23 09:25:45', '2021-02-23 12:24:02'),
	(411, 1, 1, 496, '7,2', '7,2', 'ACTIVE', '2021-02-23 09:25:45', '2021-02-23 09:25:45', '2021-02-23 12:24:02'),
	(412, 1, 1, 497, '7,2', '7,2', 'ACTIVE', '2021-02-23 09:25:45', '2021-02-23 09:25:45', '2021-02-23 12:24:02'),
	(413, 1, 1, 498, '7,2', '7,2', 'ACTIVE', '2021-02-23 09:25:45', '2021-02-23 09:25:45', '2021-02-23 12:24:02'),
	(414, 1, 1, 499, '7,2', '7,2', 'ACTIVE', '2021-02-23 09:25:45', '2021-02-23 09:25:45', '2021-02-23 12:24:02'),
	(415, 1, 1, 500, '7,2', '7,2', 'ACTIVE', '2021-02-23 09:25:45', '2021-02-23 09:25:45', '2021-02-23 12:24:02'),
	(416, 1, 1, 501, '7,2', '7,2', 'ACTIVE', '2021-02-23 09:25:45', '2021-02-23 09:25:45', '2021-02-23 12:24:02'),
	(417, 1, 1, 502, '7,2', '7,2', 'ACTIVE', '2021-02-23 09:25:45', '2021-02-23 09:25:45', '2021-02-23 12:24:02'),
	(418, 1, 1, 503, '7,2', '7,2', 'ACTIVE', '2021-02-23 09:25:45', '2021-02-23 09:25:45', '2021-02-23 12:24:02'),
	(419, 1, 1, 504, '7,2', '7,2', 'ACTIVE', '2021-02-23 09:25:45', '2021-02-23 09:25:45', '2021-02-23 12:24:02'),
	(420, 1, 1, 506, '7,2', '7,2', 'ACTIVE', '2021-02-23 09:25:45', '2021-02-23 09:25:45', '2021-02-23 12:24:02'),
	(421, 1, 1, 507, '7,2', '7,2', 'ACTIVE', '2021-02-23 09:25:45', '2021-02-23 09:25:45', '2021-02-23 12:24:02'),
	(422, 1, 1, 508, '7,2', '7,2', 'ACTIVE', '2021-02-23 09:25:45', '2021-02-23 09:25:45', '2021-02-23 12:24:02'),
	(423, 1, 1, 509, '7,2', '7,2', 'ACTIVE', '2021-02-23 09:25:45', '2021-02-23 09:25:45', '2021-02-23 12:24:02'),
	(424, 1, 1, 510, '7,2', '7,2', 'ACTIVE', '2021-02-23 09:25:45', '2021-02-23 09:25:45', '2021-02-23 12:24:02'),
	(425, 1, 1, 511, '7,2', '7,2', 'ACTIVE', '2021-02-23 09:25:45', '2021-02-23 09:25:45', '2021-02-23 12:24:02'),
	(426, 1, 1, 512, '7,2', '7,2', 'ACTIVE', '2021-02-23 09:25:45', '2021-02-23 09:25:45', '2021-02-23 12:24:02'),
	(427, 1, 1, 515, '7,2', '7,2', 'ACTIVE', '2021-02-23 09:25:45', '2021-02-23 09:25:45', '2021-02-23 12:24:02'),
	(428, 1, 1, 517, '7,2', '7,2', 'ACTIVE', '2021-02-23 09:25:45', '2021-02-23 09:25:45', '2021-02-23 12:24:02'),
	(429, 1, 1, 518, '7,2', '7,2', 'ACTIVE', '2021-02-23 09:25:45', '2021-02-23 09:25:45', '2021-02-23 12:24:02'),
	(430, 1, 1, 519, '7,2', '7,2', 'ACTIVE', '2021-02-23 09:25:45', '2021-02-23 09:25:45', '2021-02-23 12:24:02'),
	(431, 1, 1, 520, '7,2', '7,2', 'ACTIVE', '2021-02-23 09:25:45', '2021-02-23 09:25:45', '2021-02-23 12:24:02'),
	(432, 1, 1, 521, '7,2', '7,2', 'ACTIVE', '2021-02-23 09:25:45', '2021-02-23 09:25:45', '2021-02-23 12:24:02'),
	(433, 1, 1, 522, '7,2', '7,2', 'ACTIVE', '2021-02-23 09:25:45', '2021-02-23 09:25:45', '2021-02-23 12:24:02'),
	(513, 1, 1, 32, '7,2', '7,2', 'ACTIVE', '2021-02-23 09:25:45', '2021-02-23 09:25:45', '2021-02-23 12:24:02');
/*!40000 ALTER TABLE `meta_data_privilege` ENABLE KEYS */;

-- Dumping data for table compcloud.meta_data_rule: ~16 rows (approximately)
/*!40000 ALTER TABLE `meta_data_rule` DISABLE KEYS */;
INSERT INTO `meta_data_rule` (`META_DATA_RULE_ID`, `ORG_ID`, `TENANT_ID`, `RULE_NAME`, `TEMPLATE`, `DESCRIPTION`, `RULE_STATUS`, `CREATED_BY`, `MODIFIED_BY`, `CREATED_ON`, `LAST_UPDATED`, `display_message`) VALUES
	(27, 1, 1, 'Maximum Compensation Increase', '{\r\n  "ifRows" : [ {\r\n    "id" : 0,\r\n    "fields" : [ {\r\n      "id" : "0"\r\n    }, {\r\n      "id" : "70",\r\n      "type" : "metadata"\r\n    }, {\r\n      "id" : "7003",\r\n      "type" : "operator"\r\n    }, {\r\n      "id" : "8002",\r\n      "type" : "operator",\r\n      "value" : "FTE"\r\n    } ]\r\n  }, {\r\n    "id" : 1,\r\n    "fields" : [ {\r\n      "id" : "5001",\r\n      "type" : "operator"\r\n    }, {\r\n      "id" : "25",\r\n      "type" : "metadata"\r\n    }, {\r\n      "id" : "7001",\r\n      "type" : "operator"\r\n    }, {\r\n      "id" : "8001",\r\n      "type" : "operator",\r\n      "value" : "20000"\r\n    } ]\r\n  } ],\r\n  "thenRows" : [ ],\r\n  "elseRows" : [ ]\r\n}', 'Compensation Increase max at USD 20000', 'ACTIVE', 13, 13, '2019-05-01 01:51:49', '2019-05-01 01:51:49', NULL),
	(28, 1, 1, 'Hire Date', '{\r\n  "ifRows" : [ {\r\n    "id" : 0,\r\n    "fields" : [ {\r\n      "id" : "0"\r\n    }, {\r\n      "id" : "18",\r\n       "type" : "metadata"\r\n    }, {\r\n      "id" : "7001",\r\n       "type" : "operator"\r\n    }, {\r\n      "id" : "8003",\r\n	  "type" : "operator",\r\n      "value" : "2016-08-04T18:30:00.000Z"\r\n    } ]\r\n  } ],\r\n  "thenRows" : [ ],\r\n  "elseRows" : [ ]\r\n}', 'Employee Hire Date', 'ACTIVE', 13, 13, '2019-05-01 01:51:29', '2019-05-01 01:51:29', NULL),
	(29, 1, 1, 'FTE exempt Wage Violation', '{\r\n  "ifRows" : [ {\r\n    "id" : 0,\r\n    "fields" : [ {\r\n      "id" : "0"\r\n    }, {\r\n      "id" : "20",\r\n      "type" : "metadata"\r\n    }, {\r\n      "id" : "7003",\r\n      "type" : "operator"\r\n    }, {\r\n      "id" : "8002",\r\n	   "type" : "operator",\r\n      "value" : "FTE"\r\n    } ]\r\n  }, {\r\n    "id" : 1,\r\n    "fields" : [ {\r\n      "id" : "5001",\r\n   "type" : "operator"\r\n    }, {\r\n      "id" : "195",\r\n	  "type" : "metadata"\r\n    }, {\r\n      "id" : "7002",\r\n      "type" : "operator"\r\n    }, {\r\n      "id" : "8001",\r\n	   "type" : "operator",\r\n      "value" : "50000"\r\n    } ]\r\n  } ],\r\n  "thenRows" : [ ],\r\n  "elseRows" : [ ]\r\n}', 'FTE exempt Wage Violation', 'ACTIVE', 13, 13, '2019-05-01 02:11:17', '2019-05-01 02:11:17', NULL),
	(30, 1, 1, 'Gender Inequality Pay', '{\r\n  "ifRows" : [ {\r\n    "id" : 0,\r\n    "fields" : [ {\r\n      "id" : "0"\r\n    }, {\r\n      "id" : "10",\r\n   "type" : "metadata"\r\n    }, {\r\n      "id" : "7003",\r\n       "type" : "operator"\r\n    }, {\r\n      "id" : "8002",\r\n	   "type" : "operator",\r\n      "value" : "FEMALE"\r\n    } ]\r\n  }, {\r\n    "id" : 1,\r\n    "fields" : [ {\r\n      "id" : "5001",\r\n      "type" : "operator"\r\n    }, {\r\n      "id" : "32",\r\n     "type" : "metadata"\r\n    }, {\r\n      "id" : "7002",\r\n       "type" : "operator"\r\n    }, {\r\n      "id" : "191",\r\n"type" : "metadata"\r\n    } ]\r\n  } ],\r\n  "thenRows" : [ ],\r\n  "elseRows" : [ ]\r\n}', 'Female employee less than min male average in same job role', 'ACTIVE', 13, 13, '2019-05-01 01:54:03', '2019-05-01 01:54:03', NULL),
	(31, 1, 1, 'CA Min wage', '{\r\n  "ifRows" : [ {\r\n    "id" : 0,\r\n    "fields" : [ {\r\n      "id" : "0"\r\n    }, {\r\n      "id" : "13",\r\n       "type" : "metadata"\r\n    }, {\r\n      "id" : "7003",\r\n      "type" : "operator"\r\n    }, {\r\n      "id" : "8002",\r\n	  "type" : "operator",\r\n      "value" : "CA"\r\n    } ]\r\n  }, {\r\n    "id" : 1,\r\n    "fields" : [ {\r\n      "id" : "5001",\r\n      "type" : "operator"\r\n    }, {\r\n      "id" : "224",\r\n       "type" : "metadata"\r\n    }, {\r\n      "id" : "7002",\r\n      "type" : "operator"\r\n    }, {\r\n      "id" : "8001",\r\n	  "type" : "operator",\r\n      "value" : "15"\r\n    } ]\r\n  } ],\r\n  "thenRows" : [ ],\r\n  "elseRows" : [ ]\r\n}', 'CA minimum wage', 'ACTIVE', 13, 13, '2019-05-01 01:56:02', '2019-05-01 01:56:02', NULL),
	(32, 1, 1, 'FTE', '{\r\n  "ifRows" : [ {\r\n    "id" : 0,\r\n    "fields" : [ {\r\n      "id" : "0"\r\n    }, {\r\n      "id" : "70",\r\n	    "type" : "metadata"\r\n    }, {\r\n      "id" : "7003",\r\n       "type" : "operator"\r\n    }, {\r\n      "id" : "8002",\r\n	    "type" : "operator",\r\n      "value" : "FTE"\r\n    } ]\r\n  } ],\r\n  "thenRows" : [ ],\r\n  "elseRows" : [ ]\r\n}', 'FTE employees', 'ACTIVE', 13, 13, '2019-05-01 01:57:19', '2019-05-01 01:57:19', NULL),
	(33, 1, 1, 'Merit Min guideline', '{\r\n  "ifRows" : [ {\r\n    "id" : 0,\r\n    "fields" : [ {\r\n      "id" : "0"\r\n    }, {\r\n      "id" : "61",\r\n      "type" : "metadata"\r\n    }, {\r\n      "id" : "7002",\r\n  "type" : "operator"\r\n    }, {\r\n      "id" : "222",\r\n     "type" : "metadata"\r\n    } ]\r\n  } ],\r\n  "thenRows" : [ ],\r\n  "elseRows" : [ ]\r\n}', 'Merit Min guideline', 'ACTIVE', 13, 13, '2019-05-01 01:58:48', '2019-05-01 01:58:48', NULL),
	(34, 1, 1, 'Merit Max guideline', '{\r\n  "ifRows" : [ {\r\n    "id" : 0,\r\n    "fields" : [ {\r\n      "id" : "0"\r\n    }, {\r\n      "id" : "61",\r\n	  "type" : "metadata"\r\n    }, {\r\n      "id" : "7001",\r\n       "type" : "operator"\r\n    }, {\r\n      "id" : "223",\r\n	  "type" : "metadata"\r\n    } ]\r\n  } ],\r\n  "thenRows" : [ ],\r\n  "elseRows" : [ ]\r\n}', 'Merit Max guideline', 'ACTIVE', 13, 13, '2019-05-01 02:00:11', '2019-05-01 02:00:11', NULL),
	(35, 1, 1, 'Hire Date 1 yr', '{\r\n  "ifRows" : [ {\r\n    "id" : 0,\r\n    "fields" : [ {\r\n      "id" : "0"\r\n    }, {\r\n      "id" : "18",\r\n      "type" : "metadata"\r\n    }, {\r\n      "id" : "7002",\r\n      "type" : "operator"\r\n    }, {\r\n      "id" : "8003",\r\n      "type" : "operator",\r\n      "value" : "2018-07-01T07:00:00.000Z"\r\n    } ]\r\n  } ],\r\n  "thenRows" : [ ],\r\n  "elseRows" : [ ]\r\n}', 'hire date more than 07 01 2018', 'ACTIVE', 13, 13, '2019-05-01 02:10:55', '2019-05-01 02:10:55', NULL),
	(36, 1, 1, 'Total Basepay Max guideline', '{\r\n  "ifRows" : [ {\r\n    "id" : 0,\r\n    "fields" : [ {\r\n      "id" : "0"\r\n    }, {\r\n      "id" : "183",\r\n	   "type" : "metadata"\r\n    }, {\r\n      "id" : "7001",\r\n     "type" : "operator"\r\n    }, {\r\n      "id" : "223",\r\n	   "type" : "metadata"\r\n    } ]\r\n  } ],\r\n  "thenRows" : [ ],\r\n  "elseRows" : [ ]\r\n}', 'Combine total basepay Max guideline', 'ACTIVE', 13, 13, '2021-03-04 11:52:49', '2021-03-04 11:52:49', NULL),
	(37, 1, 1, 'Spot Bonus Max guideline', '{\r\n  "ifRows" : [ {\r\n    "id" : 0,\r\n    "fields" : [ {\r\n      "id" : "0"\r\n    }, {\r\n      "id" : "226",\r\n	  "type" : "metadata"\r\n    }, {\r\n      "id" : "7001",\r\n      "type" : "operator"\r\n    }, {\r\n      "id" : "257",\r\n	  "type" : "metadata"\r\n    } ]\r\n  } ],\r\n  "thenRows" : [ ],\r\n  "elseRows" : [ ]\r\n}', 'Spot Bonus Max guideline', 'ACTIVE', 13, 13, '2019-05-01 02:07:12', '2019-05-01 02:07:12', NULL),
	(38, 1, 1, 'Merit Over budget', '{\r\n  "ifRows" : [ {\r\n    "id" : 0,\r\n    "fields" : [ {\r\n      "id" : "0"\r\n    }, {\r\n      "id" : "209",\r\n      "type" : "metadata"\r\n    }, {\r\n      "id" : "7002",\r\n      "type" : "operator"\r\n    }, {\r\n      "id" : "8001",\r\n      "type" : "operator",\r\n      "value" : "0"\r\n    } ]\r\n  } ],\r\n  "thenRows" : [ ],\r\n  "elseRows" : [ ]\r\n}', 'Merit Over budget', 'ACTIVE', 13, 13, '2020-08-22 22:24:05', '2020-08-22 22:24:05', NULL),
	(39, 1, 1, 'Big Merit Inc', '{\r\n  "ifRows" : [ {\r\n    "id" : 0,\r\n    "fields" : [ {\r\n      "id" : "0"\r\n    }, {\r\n      "id" : "25",\r\n      "type" : "metadata"\r\n    }, {\r\n      "id" : "7001",\r\n      "type" : "operator"\r\n    }, {\r\n      "id" : "8001",\r\n      "type" : "operator",\r\n      "value" : "3500"\r\n    } ]\r\n  } ],\r\n  "thenRows" : [ ],\r\n  "elseRows" : [ ]\r\n}', 'Big Merit Inc', 'ACTIVE', 13, 13, '2020-09-26 22:37:59', '2020-09-26 22:37:59', NULL),
	(40, 1, 1, 'merit eligible', '{\r\n  "ifRows" : [ {\r\n    "id" : 0,\r\n    "fields" : [ {\r\n      "id" : "0"\r\n    }, {\r\n      "id" : "429",\r\n      "type" : "metadata"\r\n    }, {\r\n      "id" : "7003",\r\n      "type" : "operator"\r\n    }, {\r\n      "id" : "8002",\r\n      "type" : "operator",\r\n      "value" : "Y"\r\n    } ]\r\n  } ],\r\n  "thenRows" : [ ],\r\n  "elseRows" : [ ]\r\n}', 'merit eligible', 'ACTIVE', 13, 13, '2020-12-18 11:03:49', '2020-12-18 11:03:49', NULL),
	(41, 1, 1, 'hr visible', '{\r\n  "ifRows" : [ {\r\n    "id" : 0,\r\n    "fields" : [ {\r\n      "id" : "0"\r\n    }, {\r\n      "id" : "70",\r\n      "type" : "metadata"\r\n    }, {\r\n      "id" : "7003",\r\n      "type" : "operator"\r\n    }, {\r\n      "id" : "8002",\r\n      "type" : "operator",\r\n      "value" : "test"\r\n    } ]\r\n  } ],\r\n  "thenRows" : [ ],\r\n  "elseRows" : [ ]\r\n}', 'hr visible', 'ACTIVE', 13, 13, '2020-12-23 10:45:31', '2020-12-23 10:45:31', 'hr visible'),
	(42, 1, 1, 'Performance - invalid', '{\r\n  "ifRows" : [ {\r\n    "id" : 0,\r\n    "fields" : [ {\r\n      "id" : "0"\r\n    }, {\r\n      "id" : "387",\r\n      "type" : "metadata"\r\n    }, {\r\n      "id" : "7001",\r\n      "type" : "operator"\r\n    }, {\r\n      "id" : "8001",\r\n      "type" : "operator",\r\n      "value" : "8"\r\n    } ]\r\n  } ],\r\n  "thenRows" : [ ],\r\n  "elseRows" : [ ]\r\n}', 'Performance - invalid', 'ACTIVE', 13, 13, '2021-01-20 21:18:50', '2021-01-20 21:18:50', 'Performance - invalid');
/*!40000 ALTER TABLE `meta_data_rule` ENABLE KEYS */;

-- Dumping data for table compcloud.meta_data_rule_mapper: ~41 rows (approximately)
/*!40000 ALTER TABLE `meta_data_rule_mapper` DISABLE KEYS */;
INSERT INTO `meta_data_rule_mapper` (`META_DATA_RULE_MAPPER_ID`, `ORG_ID`, `TENANT_ID`, `META_DATA_ID`, `META_DATA_RULE_ID`, `META_DATA_RULE_MAPPER_STATUS`) VALUES
	(2, 1, 1, 25, 27, 'INACTIVE'),
	(3, 1, 1, 61, 27, 'INACTIVE'),
	(4, 1, 1, 60, 27, 'INACTIVE'),
	(5, 1, 1, 185, 27, 'INACTIVE'),
	(6, 1, 1, 31, 27, 'ACTIVE'),
	(7, 1, 1, 25, 27, 'INACTIVE'),
	(8, 1, 1, 25, 32, 'INACTIVE'),
	(9, 1, 1, 61, 32, 'INACTIVE'),
	(10, 1, 1, 60, 32, 'INACTIVE'),
	(11, 1, 1, 185, 32, 'INACTIVE'),
	(12, 1, 1, 227, 32, 'INACTIVE'),
	(13, 1, 1, 229, 32, 'INACTIVE'),
	(14, 1, 1, 25, 32, 'INACTIVE'),
	(15, 1, 1, 61, 32, 'INACTIVE'),
	(16, 1, 1, 60, 32, 'ACTIVE'),
	(17, 1, 1, 185, 32, 'ACTIVE'),
	(19, 1, 1, 229, 32, 'ACTIVE'),
	(20, 1, 1, 245, 32, 'ACTIVE'),
	(21, 1, 1, 240, 32, 'ACTIVE'),
	(22, 1, 1, 226, 32, 'ACTIVE'),
	(23, 1, 1, 27, 32, 'ACTIVE'),
	(24, 1, 1, 34, 32, 'INACTIVE'),
	(25, 1, 1, 310, 32, 'ACTIVE'),
	(26, 1, 1, 25, 32, 'INACTIVE'),
	(27, 1, 1, 61, 32, 'ACTIVE'),
	(28, 1, 1, 227, 32, 'INACTIVE'),
	(29, 1, 1, 387, 32, 'ACTIVE'),
	(30, 1, 1, 320, 32, 'ACTIVE'),
	(31, 1, 1, 388, 32, 'ACTIVE'),
	(32, 1, 1, 492, 32, 'ACTIVE'),
	(33, 1, 1, 475, 32, 'ACTIVE'),
	(34, 1, 1, 25, 40, 'INACTIVE'),
	(35, 1, 1, 429, 32, 'ACTIVE'),
	(36, 1, 1, 29, 32, 'ACTIVE'),
	(37, 1, 1, 395, 32, 'ACTIVE'),
	(38, 1, 1, 25, 32, 'ACTIVE'),
	(39, 1, 1, 153, 32, 'ACTIVE'),
	(40, 1, 1, 257, 32, 'ACTIVE'),
	(41, 1, 1, 34, 32, 'ACTIVE'),
	(42, 1, 1, 26, 32, 'ACTIVE'),
	(43, 1, 1, 18, 32, 'ACTIVE');
/*!40000 ALTER TABLE `meta_data_rule_mapper` ENABLE KEYS */;

-- Dumping data for table compcloud.meta_data_visibility_rule: ~2 rows (approximately)
/*!40000 ALTER TABLE `meta_data_visibility_rule` DISABLE KEYS */;
INSERT INTO `meta_data_visibility_rule` (`META_DATA_VISIBILITY_RULE_ID`, `ORG_ID`, `TENANT_ID`, `VISIBILITY_RULE_NAME`, `VISIBILITY_RULE_DESC`, `VISIBILITY_RULE_STRING`, `VISIBILITY_RULE_STATUS`, `CREATED_BY`, `CREATED_TIME`, `LAST_UPDATED`) VALUES
	(1, 1, 1, 'Hide', 'Hide', 'visibility1 test', 'ACTIVE', '1', '2017-10-28 02:09:09', '2018-09-02 12:53:50'),
	(2, 1, 1, 'Show', 'Show', 'visibility2 test', 'ACTIVE', '1', '2017-10-28 02:09:35', '2018-09-02 12:53:51');
/*!40000 ALTER TABLE `meta_data_visibility_rule` ENABLE KEYS */;

-- Dumping data for table compcloud.meta_data_visibility_rule_mapper: ~8 rows (approximately)
/*!40000 ALTER TABLE `meta_data_visibility_rule_mapper` DISABLE KEYS */;
INSERT INTO `meta_data_visibility_rule_mapper` (`META_DATA_VISIBILITY_RULE_MAPPER_ID`, `ORG_ID`, `TENANT_ID`, `META_DATA_ID`, `META_DATA_RULE_ID`, `META_DATA_RULE_MAPPER_STATUS`) VALUES
	(1, 1, 1, 179, 32, 'INACTIVE'),
	(2, 1, 1, 206, 32, 'INACTIVE'),
	(3, 1, 1, 257, 28, 'INACTIVE'),
	(4, 1, 1, 257, 32, 'ACTIVE'),
	(5, 1, 1, 22, 32, 'INACTIVE'),
	(6, 1, 1, 22, 32, 'ACTIVE'),
	(7, 1, 1, 403, 41, 'INACTIVE'),
	(8, 1, 1, 1, 41, 'INACTIVE');
/*!40000 ALTER TABLE `meta_data_visibility_rule_mapper` ENABLE KEYS */;

-- Dumping data for table compcloud.notification: ~9 rows (approximately)
/*!40000 ALTER TABLE `notification` DISABLE KEYS */;
INSERT INTO `notification` (`NOTIFICATION_ID`, `ORG_ID`, `NOTIFICATION_VIEW_ID`, `TENANT_ID`, `NOTIFICATION_NAME`, `DESCRIPTION`, `VIOLATION_MESSAGE`, `IS_MANDATORY`, `STATUS`, `STATUS_TLM`, `LAST_UPDATED`) VALUES
	(34, 1, 28, 1, 'FTE Violation', 'Employee type should be FTE', 'fte violation', 0, 'ACTIVE', '2018-09-02 23:37:35', '2019-04-02 00:13:38'),
	(35, 1, 28, 1, 'Merit Min guideline', 'minimum guideline', 'Merit increase should be more than minimum guideline', 0, 'ACTIVE', '2018-09-02 23:37:35', '2018-09-02 23:37:35'),
	(36, 1, 28, 1, 'Yearly Wage Violation', 'Yearly wage should be greater than $50000', 'wage violation', 0, 'ACTIVE', '2018-09-02 23:37:35', '2019-04-02 00:13:35'),
	(37, 1, 28, 1, 'Merit Max guideline', 'Merit Max guideline', 'Total Basepay Increase Exceed Guideline', 0, 'ACTIVE', '2018-11-12 23:29:37', '2019-04-01 21:43:35'),
	(38, 1, 28, 1, 'Spot Bonus Max guideline', 'Spot Bonus Max guideline', 'Total Spot Bonus Increase Exceed Guideline', 0, 'ACTIVE', '2018-11-12 23:29:37', '2019-04-01 21:43:35'),
	(39, 1, 31, 1, 'MF guideline alert', 'MF guideline alert', 'Max guidline amount violation', 0, 'ACTIVE', '2019-04-20 23:42:03', '2019-04-20 23:42:03'),
	(40, 1, 31, 1, 'Merit Over budget', 'Merit Over budget', 'Exceed total merit budget', 0, 'ACTIVE', '2020-08-22 22:25:29', '2020-08-22 22:25:29'),
	(41, 1, 31, 1, 'Big Merit Inc', 'Big Merit Inc', 'Big Merit Inc', NULL, 'INACTIVE', '2020-09-26 22:38:31', '2020-09-26 22:38:31'),
	(42, 1, 32, 1, 'Performance invalid', 'Performance invalid', 'Performance invalid', 1, 'ACTIVE', '2021-01-20 21:19:35', '2021-01-20 21:19:35');
/*!40000 ALTER TABLE `notification` ENABLE KEYS */;

-- Dumping data for table compcloud.notification_rule_mapper: ~9 rows (approximately)
/*!40000 ALTER TABLE `notification_rule_mapper` DISABLE KEYS */;
INSERT INTO `notification_rule_mapper` (`NOTIFICATION_ID`, `RULE_ID`) VALUES
	(34, 27),
	(35, 33),
	(36, 29),
	(37, 36),
	(38, 37),
	(39, 34),
	(40, 38),
	(41, 39),
	(42, 42);
/*!40000 ALTER TABLE `notification_rule_mapper` ENABLE KEYS */;

-- Dumping data for table compcloud.notification_view: ~5 rows (approximately)
/*!40000 ALTER TABLE `notification_view` DISABLE KEYS */;
INSERT INTO `notification_view` (`NOTIFICATION_VIEW_ID`, `ORG_ID`, `TENANT_ID`, `LOADED`, `NAME`, `DESCRIPTION`, `STATUS`, `STATUS_TLM`, `WHEN_CREATED`, `MODIFIED_BY`, `CREATED_BY`, `LAST_UPDATED`) VALUES
	(28, 1, 1, b'1', 'Employee alert group', 'Employee alerts', 'ACTIVE', '2018-09-02 23:37:35', '2018-09-02 23:37:35', 13, 7, '2018-09-17 18:08:51'),
	(29, 1, 1, b'0', 'Spot bonus alert group', 'Spot bonus alert group', 'ACTIVE', '2019-04-01 23:43:07', '2019-04-01 23:43:07', 13, 13, '2019-04-01 23:43:07'),
	(30, 1, 1, b'0', 'MF_Alert', 'MF alerts', 'ACTIVE', '2019-04-12 20:34:45', '2019-04-12 20:34:45', 13, 13, '2019-04-12 20:34:45'),
	(31, 1, 1, b'0', 'Demo guideline alert', 'Demo guideline alert', 'ACTIVE', '2019-04-20 23:42:03', '2019-04-20 23:42:03', 13, 13, '2019-04-20 23:42:03'),
	(32, 1, 1, b'0', 'IPF alert', 'IPF alert', 'ACTIVE', '2021-01-20 21:19:08', '2021-01-20 21:19:08', 13, 13, '2021-01-20 21:19:08');
/*!40000 ALTER TABLE `notification_view` ENABLE KEYS */;

-- Dumping data for table compcloud.organization: ~0 rows (approximately)
/*!40000 ALTER TABLE `organization` DISABLE KEYS */;
INSERT INTO `organization` (`ORG_ID`, `TENANT_ID`, `ORG_NAME`, `DISPLAY_NAME`, `ORG_DESC`, `ORG_ADDRESS`, `ORG_PHONE`, `ORG_EMAIL`, `IDENTIFICATION_NO`, `ORG_CODE`, `LOGO`, `ACTUAL_REVENUE`, `ACTUAL_SALES`, `ACTUAL_PROFIT`, `FREQUENCY`, `PERIOD_START_DATE`, `PERIOD_END_DATE`, `TARGET_REVENUE`, `TARGET_SALES`, `TARGET_PROFIT`, `REVENUE_MULTIPLIER`, `SALES_MULTIPLIER`, `PROFIT_MULTIPLIER`, `WHEN_CREATED`, `STATUS`, `STATUS_TLM`, `LAST_UPDATED`) VALUES
	(1, 1, 'demo', 'demo', 'demo', NULL, NULL, NULL, NULL, NULL, 'https://uploads-439094271088-us-west-2.s3-us-west-2.amazonaws.com/local-logos/demo_1614270402589', NULL, NULL, NULL, NULL, NULL, NULL, NULL, NULL, NULL, NULL, NULL, NULL, '2016-08-06 12:52:25', 'ACTIVE', '2018-09-02 23:39:58', '2019-07-17 11:45:31');
/*!40000 ALTER TABLE `organization` ENABLE KEYS */;

-- Dumping data for table compcloud.password_policy: ~0 rows (approximately)
/*!40000 ALTER TABLE `password_policy` DISABLE KEYS */;
INSERT INTO `password_policy` (`PASSWORD_POLICY_ID`, `ORG_ID`, `TENANT_ID`, `CONFIGURATION`, `STATUS`, `STATUS_TLM`, `WHEN_CREATED`, `TLM`) VALUES
	(1, 1, 1, '{"expiryPeriod":90,"minimumLength":5,"upperCaseLetter":true,"lowerCaseLetter":true,"containsNumber":true,"containsSpecialCharacter":false}', 'ACTIVE', '2019-05-21 09:54:37', '2019-05-21 09:54:38', '2019-05-21 23:46:04');
/*!40000 ALTER TABLE `password_policy` ENABLE KEYS */;

-- Dumping data for table compcloud.performance_rating: ~5 rows (approximately)
/*!40000 ALTER TABLE `performance_rating` DISABLE KEYS */;
INSERT INTO `performance_rating` (`PERF_RATING_ID`, `TENANT_ID`, `ORG_ID`, `PERF_RATING_NAME`, `PERF_RATING_CODE`, `PERF_MULTIFLIER`, `PERF_RATING_STATUS`, `STATUS_TLM`, `WHEN_CREATED`, `LAST_UPDATED`) VALUES
	(1, 1, 1, 'Exceptional/Solid', '3', 0.5, 'ACTIVE', '2016-07-22 13:32:58', '2017-11-22 09:46:43', '2019-08-01 22:24:28'),
	(2, 1, 1, 'Strong/Exceptional', '2', 0.2, 'ACTIVE', '2017-11-22 09:47:15', '2017-11-22 09:46:43', '2019-08-01 22:24:31'),
	(3, 1, 1, 'Strong/Strong', '1', 0, 'ACTIVE', '2018-02-24 01:37:26', '2017-11-22 09:46:43', '2019-08-01 22:24:48'),
	(4, 1, 1, 'Solid/New or Needs Improvement', '5', 1, 'ACTIVE', '2018-02-24 01:37:26', '2017-11-22 09:46:43', '2019-08-01 22:25:32'),
	(5, 1, 1, 'Strong/Solid', '4', 0.8, 'ACTIVE', '2018-02-24 01:37:26', '2017-11-22 09:46:43', '2019-08-01 22:25:49');
/*!40000 ALTER TABLE `performance_rating` ENABLE KEYS */;

-- Dumping data for table compcloud.performance_rating_extra: ~0 rows (approximately)
/*!40000 ALTER TABLE `performance_rating_extra` DISABLE KEYS */;
/*!40000 ALTER TABLE `performance_rating_extra` ENABLE KEYS */;

-- Dumping data for table compcloud.performance_review: ~7 rows (approximately)
/*!40000 ALTER TABLE `performance_review` DISABLE KEYS */;
INSERT INTO `performance_review` (`PERFORMANCE_REVIEW_ID`, `TENANT_ID`, `ORG_ID`, `EMPLOYEE_MASTER_ID`, `SUPERVISOR_ID`, `PERF_RATING_ID`, `MANAGER_VISIBLE_COMMENT`, `MANAGER_PRIVATE_COMMENT`, `EMPLOYEE_VISIBLE_COMMENT`, `STATUS`, `STATUS_TLM`, `LAST_UPDATED`) VALUES
	(2, 1, 1, 1, 13, 2, '<span class=\'questions\' style=\'font-size: 14px;font-family: "Source Sans Pro", sans-serif;font-weight: bold;\'>What are Jennifer Lewis\'s top three strengths and how did they apply them to their work since the last review?</span><br/>   - <span class=\'answer\'>Great team player</span><br/>   - <span class=\'answer\'>Passionate and dedicated towards work</span><br/>   - <span class=\'answer\'>Quick Learner</span><br/><br/><br/><span class=\'questions\' style=\'font-size: 14px;font-family: "Source Sans Pro", sans-serif;font-weight: bold;\'>What are up to three wins you want to celebrate with Jennifer Lewis since their last review? What led to those wins?</span><br/>   - <span class=\'answer\'>Customer engagement</span><br/>   - <span class=\'answer\'>Owning things end to end</span><br/>   - <span class=\'answer\'>Approachable</span><br/><br/><br/><span class=\'questions\' style=\'font-size: 14px;font-family: "Source Sans Pro", sans-serif;font-weight: bold;\'>Where would you like Jennifer Lewis to improve? What are up to three opportunities for growth you want Jennifer Lewis to focus on before the next review? What next steps do you want them to take?</span><br/>   - <span class=\'answer\'>Close more deals</span><br/>   - <span class=\'answer\'>Market research</span><br/>   - <span class=\'answer\'>Peer support</span><br/><br/><br/><span class=\'questions\' style=\'font-size: 14px;font-family: "Source Sans Pro", sans-serif;font-weight: bold;\'>What impact do you want Jennifer Lewis to have on the company\'s next quarter? What next steps do they need to take?</span><br/>   - <span class=\'answer\'>Additional customer integration</span><br/>', '<span class=\'questions\' style=\'font-size: 14px;font-family: "Source Sans Pro", sans-serif;font-weight: bold;\'>Jennifer Lewis is ready for a promotion today</span><br/>   - <span class=\'answer\'>Yes</span><br/><br/><br/><span class=\'questions\' style=\'font-size: 14px;font-family: "Source Sans Pro", sans-serif;font-weight: bold;\'>Jennifer Lewis is at risk for low performance</span><br/>   - <span class=\'answer\'>Yes</span><br/><br/><br/><span class=\'questions\' style=\'font-size: 14px;font-family: "Source Sans Pro", sans-serif;font-weight: bold;\'>Given what I know of Jennifer Lewiss current performance, and if it were my money, I would award them the highest possible increase and bonus</span><br/>   - <span class=\'answer\'>Agree</span><br/><br/><br/><span class=\'questions\' style=\'font-size: 14px;font-family: "Source Sans Pro", sans-serif;font-weight: bold;\'>Given how well I know Jennifer Lewis works with others, I would always want them on my team:</span><br/>   - <span class=\'answer\'>Agree</span><br/><br/><br/><span class=\'questions\' style=\'font-size: 14px;font-family: "Source Sans Pro", sans-serif;font-weight: bold;\'>Given what I know of Jennifer Lewiss performance, if Jennifer Lewis got a job offer somewhere else, I would feel</span><br/>   - <span class=\'answer\'>**Relieved.**<br>[First Name] could do their best work elsewhere</span><br/>', '<span class=\'questions\' style=\'font-size: 14px;font-family: "Source Sans Pro", sans-serif;font-weight: bold;\'>What are your top three strengths and how did you apply them to your work since your last review?</span><br/>   - <span class=\'answer\'>Through</span><br/>   - <span class=\'answer\'>Quick learner</span><br/>   - <span class=\'answer\'>Detailed</span><br/><br/><br/><span class=\'questions\' style=\'font-size: 14px;font-family: "Source Sans Pro", sans-serif;font-weight: bold;\'>What are up to three wins you want to celebrate since your last review? What led to those wins?</span><br/>   - <span class=\'answer\'>Created demo sessions videos</span><br/>   - <span class=\'answer\'>Adopted customers feedback</span><br/>   - <span class=\'answer\'>Build customer engagement jolt form</span><br/><br/><br/><span class=\'questions\' style=\'font-size: 14px;font-family: "Source Sans Pro", sans-serif;font-weight: bold;\'>Where would you like to improve? What are up to three opportunities for growth to focus on before your next review? What next steps do you want to take? </span><br/>   - <span class=\'answer\'>Competitive analysis and research</span><br/><br/><br/><span class=\'questions\' style=\'font-size: 14px;font-family: "Source Sans Pro", sans-serif;font-weight: bold;\'>What impact do you want to have on the company before your next review? What next steps do you want to take?</span><br/>   - <span class=\'answer\'>Process simplification</span><br/>', 'ACTIVE', '2021-02-25 21:15:20', '2021-02-25 21:15:20'),
	(3, 1, 1, 8, 13, NULL, '<span class=\'questions\' style=\'font-size: 14px;font-family: "Source Sans Pro", sans-serif;font-weight: bold;\'>What are Ravi Kapoor\'s top three strengths and how did they apply them to their work since the last review?</span><br/><br/><br/><span class=\'questions\' style=\'font-size: 14px;font-family: "Source Sans Pro", sans-serif;font-weight: bold;\'>What are up to three wins you want to celebrate with Ravi Kapoor since their last review? What led to those wins?</span><br/><br/><br/><span class=\'questions\' style=\'font-size: 14px;font-family: "Source Sans Pro", sans-serif;font-weight: bold;\'>Where would you like Ravi Kapoor to improve? What are up to three opportunities for growth you want Ravi Kapoor to focus on before the next review? What next steps do you want them to take?</span><br/><br/><br/><span class=\'questions\' style=\'font-size: 14px;font-family: "Source Sans Pro", sans-serif;font-weight: bold;\'>What impact do you want Ravi Kapoor to have on the company\'s next quarter? What next steps do they need to take?</span><br/>', '<span class=\'questions\' style=\'font-size: 14px;font-family: "Source Sans Pro", sans-serif;font-weight: bold;\'>Ravi Kapoor is ready for a promotion today</span><br/><br/><br/><span class=\'questions\' style=\'font-size: 14px;font-family: "Source Sans Pro", sans-serif;font-weight: bold;\'>Ravi Kapoor is at risk for low performance</span><br/><br/><br/><span class=\'questions\' style=\'font-size: 14px;font-family: "Source Sans Pro", sans-serif;font-weight: bold;\'>Given what I know of Ravi Kapoors current performance, and if it were my money, I would award them the highest possible increase and bonus</span><br/><br/><br/><span class=\'questions\' style=\'font-size: 14px;font-family: "Source Sans Pro", sans-serif;font-weight: bold;\'>Given how well I know Ravi Kapoor works with others, I would always want them on my team:</span><br/><br/><br/><span class=\'questions\' style=\'font-size: 14px;font-family: "Source Sans Pro", sans-serif;font-weight: bold;\'>Given what I know of Ravi Kapoors performance, if Ravi Kapoor got a job offer somewhere else, I would feel</span><br/>', '<span class=\'questions\' style=\'font-size: 14px;font-family: "Source Sans Pro", sans-serif;font-weight: bold;\'>What are your top three strengths and how did you apply them to your work since your last review?</span><br/><br/><br/><span class=\'questions\' style=\'font-size: 14px;font-family: "Source Sans Pro", sans-serif;font-weight: bold;\'>What are up to three wins you want to celebrate since your last review? What led to those wins?</span><br/><br/><br/><span class=\'questions\' style=\'font-size: 14px;font-family: "Source Sans Pro", sans-serif;font-weight: bold;\'>Where would you like to improve? What are up to three opportunities for growth to focus on before your next review? What next steps do you want to take? </span><br/><br/><br/><span class=\'questions\' style=\'font-size: 14px;font-family: "Source Sans Pro", sans-serif;font-weight: bold;\'>What impact do you want to have on the company before your next review? What next steps do you want to take?</span><br/>', 'ACTIVE', '2020-11-18 19:50:26', '2020-11-18 19:50:26'),
	(4, 1, 1, 19, 18, NULL, '<span class=\'questions\' style=\'font-size: 14px;font-family: "Source Sans Pro", sans-serif;font-weight: bold;\'>What are Shelly Kapoor\'s top three strengths and how did they apply them to their work since the last review?</span><br/><br/><br/><span class=\'questions\' style=\'font-size: 14px;font-family: "Source Sans Pro", sans-serif;font-weight: bold;\'>What are up to three wins you want to celebrate with Shelly Kapoor since their last review? What led to those wins?</span><br/><br/><br/><span class=\'questions\' style=\'font-size: 14px;font-family: "Source Sans Pro", sans-serif;font-weight: bold;\'>Where would you like Shelly Kapoor to improve? What are up to three opportunities for growth you want Shelly Kapoor to focus on before the next review? What next steps do you want them to take?</span><br/><br/><br/><span class=\'questions\' style=\'font-size: 14px;font-family: "Source Sans Pro", sans-serif;font-weight: bold;\'>What impact do you want Shelly Kapoor to have on the company\'s next quarter? What next steps do they need to take?</span><br/>', '<span class=\'questions\' style=\'font-size: 14px;font-family: "Source Sans Pro", sans-serif;font-weight: bold;\'>Shelly Kapoor is ready for a promotion today</span><br/><br/><br/><span class=\'questions\' style=\'font-size: 14px;font-family: "Source Sans Pro", sans-serif;font-weight: bold;\'>Shelly Kapoor is at risk for low performance</span><br/><br/><br/><span class=\'questions\' style=\'font-size: 14px;font-family: "Source Sans Pro", sans-serif;font-weight: bold;\'>Given what I know of Shelly Kapoors current performance, and if it were my money, I would award them the highest possible increase and bonus</span><br/><br/><br/><span class=\'questions\' style=\'font-size: 14px;font-family: "Source Sans Pro", sans-serif;font-weight: bold;\'>Given how well I know Shelly Kapoor works with others, I would always want them on my team:</span><br/><br/><br/><span class=\'questions\' style=\'font-size: 14px;font-family: "Source Sans Pro", sans-serif;font-weight: bold;\'>Given what I know of Shelly Kapoors performance, if Shelly Kapoor got a job offer somewhere else, I would feel</span><br/>', '<span class=\'questions\' style=\'font-size: 14px;font-family: "Source Sans Pro", sans-serif;font-weight: bold;\'>What are your top three strengths and how did you apply them to your work since your last review?</span><br/><br/><br/><span class=\'questions\' style=\'font-size: 14px;font-family: "Source Sans Pro", sans-serif;font-weight: bold;\'>What are up to three wins you want to celebrate since your last review? What led to those wins?</span><br/><br/><br/><span class=\'questions\' style=\'font-size: 14px;font-family: "Source Sans Pro", sans-serif;font-weight: bold;\'>Where would you like to improve? What are up to three opportunities for growth to focus on before your next review? What next steps do you want to take? </span><br/><br/><br/><span class=\'questions\' style=\'font-size: 14px;font-family: "Source Sans Pro", sans-serif;font-weight: bold;\'>What impact do you want to have on the company before your next review? What next steps do you want to take?</span><br/>', 'ACTIVE', '2020-11-18 19:50:27', '2020-11-18 19:50:27'),
	(5, 1, 1, 5, 13, NULL, '<span class=\'questions\' style=\'font-size: 14px;font-family: "Source Sans Pro", sans-serif;font-weight: bold;\'>What are Mike Hudson\'s top three strengths and how did they apply them to their work since the last review?</span><br/><br/><br/><span class=\'questions\' style=\'font-size: 14px;font-family: "Source Sans Pro", sans-serif;font-weight: bold;\'>What are up to three wins you want to celebrate with Mike Hudson since their last review? What led to those wins?</span><br/><br/><br/><span class=\'questions\' style=\'font-size: 14px;font-family: "Source Sans Pro", sans-serif;font-weight: bold;\'>Where would you like Mike Hudson to improve? What are up to three opportunities for growth you want Mike Hudson to focus on before the next review? What next steps do you want them to take?</span><br/><br/><br/><span class=\'questions\' style=\'font-size: 14px;font-family: "Source Sans Pro", sans-serif;font-weight: bold;\'>What impact do you want Mike Hudson to have on the company\'s next quarter? What next steps do they need to take?</span><br/>', '<span class=\'questions\' style=\'font-size: 14px;font-family: "Source Sans Pro", sans-serif;font-weight: bold;\'>Mike Hudson is ready for a promotion today</span><br/><br/><br/><span class=\'questions\' style=\'font-size: 14px;font-family: "Source Sans Pro", sans-serif;font-weight: bold;\'>Mike Hudson is at risk for low performance</span><br/><br/><br/><span class=\'questions\' style=\'font-size: 14px;font-family: "Source Sans Pro", sans-serif;font-weight: bold;\'>Given what I know of Mike Hudsons current performance, and if it were my money, I would award them the highest possible increase and bonus</span><br/><br/><br/><span class=\'questions\' style=\'font-size: 14px;font-family: "Source Sans Pro", sans-serif;font-weight: bold;\'>Given how well I know Mike Hudson works with others, I would always want them on my team:</span><br/><br/><br/><span class=\'questions\' style=\'font-size: 14px;font-family: "Source Sans Pro", sans-serif;font-weight: bold;\'>Given what I know of Mike Hudsons performance, if Mike Hudson got a job offer somewhere else, I would feel</span><br/>', '<span class=\'questions\' style=\'font-size: 14px;font-family: "Source Sans Pro", sans-serif;font-weight: bold;\'>What are your top three strengths and how did you apply them to your work since your last review?</span><br/><br/><br/><span class=\'questions\' style=\'font-size: 14px;font-family: "Source Sans Pro", sans-serif;font-weight: bold;\'>What are up to three wins you want to celebrate since your last review? What led to those wins?</span><br/><br/><br/><span class=\'questions\' style=\'font-size: 14px;font-family: "Source Sans Pro", sans-serif;font-weight: bold;\'>Where would you like to improve? What are up to three opportunities for growth to focus on before your next review? What next steps do you want to take? </span><br/><br/><br/><span class=\'questions\' style=\'font-size: 14px;font-family: "Source Sans Pro", sans-serif;font-weight: bold;\'>What impact do you want to have on the company before your next review? What next steps do you want to take?</span><br/>', 'ACTIVE', '2020-11-18 19:50:28', '2020-11-18 19:50:28'),
	(6, 1, 1, 7, 13, NULL, '<span class=\'questions\' style=\'font-size: 14px;font-family: "Source Sans Pro", sans-serif;font-weight: bold;\'>What are Milanda Hages\'s top three strengths and how did they apply them to their work since the last review?</span><br/><br/><br/><span class=\'questions\' style=\'font-size: 14px;font-family: "Source Sans Pro", sans-serif;font-weight: bold;\'>What are up to three wins you want to celebrate with Milanda Hages since their last review? What led to those wins?</span><br/><br/><br/><span class=\'questions\' style=\'font-size: 14px;font-family: "Source Sans Pro", sans-serif;font-weight: bold;\'>Where would you like Milanda Hages to improve? What are up to three opportunities for growth you want Milanda Hages to focus on before the next review? What next steps do you want them to take?</span><br/><br/><br/><span class=\'questions\' style=\'font-size: 14px;font-family: "Source Sans Pro", sans-serif;font-weight: bold;\'>What impact do you want Milanda Hages to have on the company\'s next quarter? What next steps do they need to take?</span><br/>', '<span class=\'questions\' style=\'font-size: 14px;font-family: "Source Sans Pro", sans-serif;font-weight: bold;\'>Milanda Hages is ready for a promotion today</span><br/><br/><br/><span class=\'questions\' style=\'font-size: 14px;font-family: "Source Sans Pro", sans-serif;font-weight: bold;\'>Milanda Hages is at risk for low performance</span><br/><br/><br/><span class=\'questions\' style=\'font-size: 14px;font-family: "Source Sans Pro", sans-serif;font-weight: bold;\'>Given what I know of Milanda Hagess current performance, and if it were my money, I would award them the highest possible increase and bonus</span><br/><br/><br/><span class=\'questions\' style=\'font-size: 14px;font-family: "Source Sans Pro", sans-serif;font-weight: bold;\'>Given how well I know Milanda Hages works with others, I would always want them on my team:</span><br/><br/><br/><span class=\'questions\' style=\'font-size: 14px;font-family: "Source Sans Pro", sans-serif;font-weight: bold;\'>Given what I know of Milanda Hagess performance, if Milanda Hages got a job offer somewhere else, I would feel</span><br/>', '<span class=\'questions\' style=\'font-size: 14px;font-family: "Source Sans Pro", sans-serif;font-weight: bold;\'>What are your top three strengths and how did you apply them to your work since your last review?</span><br/><br/><br/><span class=\'questions\' style=\'font-size: 14px;font-family: "Source Sans Pro", sans-serif;font-weight: bold;\'>What are up to three wins you want to celebrate since your last review? What led to those wins?</span><br/><br/><br/><span class=\'questions\' style=\'font-size: 14px;font-family: "Source Sans Pro", sans-serif;font-weight: bold;\'>Where would you like to improve? What are up to three opportunities for growth to focus on before your next review? What next steps do you want to take? </span><br/><br/><br/><span class=\'questions\' style=\'font-size: 14px;font-family: "Source Sans Pro", sans-serif;font-weight: bold;\'>What impact do you want to have on the company before your next review? What next steps do you want to take?</span><br/>', 'ACTIVE', '2020-11-18 19:50:29', '2020-11-18 19:50:29'),
	(7, 1, 1, 18, 17, NULL, '<span class=\'questions\' style=\'font-size: 14px;font-family: "Source Sans Pro", sans-serif;font-weight: bold;\'>What are Jesica Horton\'s top three strengths and how did they apply them to their work since the last review?</span><br/><br/><br/><span class=\'questions\' style=\'font-size: 14px;font-family: "Source Sans Pro", sans-serif;font-weight: bold;\'>What are up to three wins you want to celebrate with Jesica Horton since their last review? What led to those wins?</span><br/><br/><br/><span class=\'questions\' style=\'font-size: 14px;font-family: "Source Sans Pro", sans-serif;font-weight: bold;\'>Where would you like Jesica Horton to improve? What are up to three opportunities for growth you want Jesica Horton to focus on before the next review? What next steps do you want them to take?</span><br/><br/><br/><span class=\'questions\' style=\'font-size: 14px;font-family: "Source Sans Pro", sans-serif;font-weight: bold;\'>What impact do you want Jesica Horton to have on the company\'s next quarter? What next steps do they need to take?</span><br/>', '<span class=\'questions\' style=\'font-size: 14px;font-family: "Source Sans Pro", sans-serif;font-weight: bold;\'>Jesica Horton is ready for a promotion today</span><br/><br/><br/><span class=\'questions\' style=\'font-size: 14px;font-family: "Source Sans Pro", sans-serif;font-weight: bold;\'>Jesica Horton is at risk for low performance</span><br/><br/><br/><span class=\'questions\' style=\'font-size: 14px;font-family: "Source Sans Pro", sans-serif;font-weight: bold;\'>Given what I know of Jesica Hortons current performance, and if it were my money, I would award them the highest possible increase and bonus</span><br/><br/><br/><span class=\'questions\' style=\'font-size: 14px;font-family: "Source Sans Pro", sans-serif;font-weight: bold;\'>Given how well I know Jesica Horton works with others, I would always want them on my team:</span><br/><br/><br/><span class=\'questions\' style=\'font-size: 14px;font-family: "Source Sans Pro", sans-serif;font-weight: bold;\'>Given what I know of Jesica Hortons performance, if Jesica Horton got a job offer somewhere else, I would feel</span><br/>', '<span class=\'questions\' style=\'font-size: 14px;font-family: "Source Sans Pro", sans-serif;font-weight: bold;\'>What are your top three strengths and how did you apply them to your work since your last review?</span><br/><br/><br/><span class=\'questions\' style=\'font-size: 14px;font-family: "Source Sans Pro", sans-serif;font-weight: bold;\'>What are up to three wins you want to celebrate since your last review? What led to those wins?</span><br/><br/><br/><span class=\'questions\' style=\'font-size: 14px;font-family: "Source Sans Pro", sans-serif;font-weight: bold;\'>Where would you like to improve? What are up to three opportunities for growth to focus on before your next review? What next steps do you want to take? </span><br/><br/><br/><span class=\'questions\' style=\'font-size: 14px;font-family: "Source Sans Pro", sans-serif;font-weight: bold;\'>What impact do you want to have on the company before your next review? What next steps do you want to take?</span><br/>', 'ACTIVE', '2020-11-18 19:50:30', '2020-11-18 19:50:30'),
	(8, 1, 1, 13, 14, NULL, '<span class=\'questions\' style=\'font-size: 14px;font-family: "Source Sans Pro", sans-serif;font-weight: bold;\'>What are John Doe\'s top three strengths and how did they apply them to their work since the last review?</span><br/><br/><br/><span class=\'questions\' style=\'font-size: 14px;font-family: "Source Sans Pro", sans-serif;font-weight: bold;\'>What are up to three wins you want to celebrate with John Doe since their last review? What led to those wins?</span><br/><br/><br/><span class=\'questions\' style=\'font-size: 14px;font-family: "Source Sans Pro", sans-serif;font-weight: bold;\'>Where would you like John Doe to improve? What are up to three opportunities for growth you want John Doe to focus on before the next review? What next steps do you want them to take?</span><br/><br/><br/><span class=\'questions\' style=\'font-size: 14px;font-family: "Source Sans Pro", sans-serif;font-weight: bold;\'>What impact do you want John Doe to have on the company\'s next quarter? What next steps do they need to take?</span><br/>', '<span class=\'questions\' style=\'font-size: 14px;font-family: "Source Sans Pro", sans-serif;font-weight: bold;\'>John Doe is ready for a promotion today</span><br/><br/><br/><span class=\'questions\' style=\'font-size: 14px;font-family: "Source Sans Pro", sans-serif;font-weight: bold;\'>John Doe is at risk for low performance</span><br/><br/><br/><span class=\'questions\' style=\'font-size: 14px;font-family: "Source Sans Pro", sans-serif;font-weight: bold;\'>Given what I know of John Does current performance, and if it were my money, I would award them the highest possible increase and bonus</span><br/><br/><br/><span class=\'questions\' style=\'font-size: 14px;font-family: "Source Sans Pro", sans-serif;font-weight: bold;\'>Given how well I know John Doe works with others, I would always want them on my team:</span><br/><br/><br/><span class=\'questions\' style=\'font-size: 14px;font-family: "Source Sans Pro", sans-serif;font-weight: bold;\'>Given what I know of John Does performance, if John Doe got a job offer somewhere else, I would feel</span><br/>', '<span class=\'questions\' style=\'font-size: 14px;font-family: "Source Sans Pro", sans-serif;font-weight: bold;\'>What are your top three strengths and how did you apply them to your work since your last review?</span><br/><br/><br/><span class=\'questions\' style=\'font-size: 14px;font-family: "Source Sans Pro", sans-serif;font-weight: bold;\'>What are up to three wins you want to celebrate since your last review? What led to those wins?</span><br/><br/><br/><span class=\'questions\' style=\'font-size: 14px;font-family: "Source Sans Pro", sans-serif;font-weight: bold;\'>Where would you like to improve? What are up to three opportunities for growth to focus on before your next review? What next steps do you want to take? </span><br/><br/><br/><span class=\'questions\' style=\'font-size: 14px;font-family: "Source Sans Pro", sans-serif;font-weight: bold;\'>What impact do you want to have on the company before your next review? What next steps do you want to take?</span><br/>', 'ACTIVE', '2020-11-18 19:50:32', '2020-11-18 19:50:32');
/*!40000 ALTER TABLE `performance_review` ENABLE KEYS */;

-- Dumping data for table compcloud.plan: ~2 rows (approximately)
/*!40000 ALTER TABLE `plan` DISABLE KEYS */;
INSERT INTO `plan` (`PLAN_ID`, `ORG_ID`, `TENANT_ID`, `PLAN_NAME`, `PLAN_DESC`, `START_DATE`, `END_DATE`, `PLAN_STATUS`, `CYCLE`, `STATUS_TLM`, `CREATED_BY`, `MODIFIED_BY`, `CREATED_TIME`, `LAST_UPDATED`) VALUES
	(1, 1, 1, 'Semi Annual Plan1', 'Semi Annual Plan33', '2020-01-01 00:00:00', '2020-12-31 00:00:00', 'ACTIVE', 'MONTHLY', '2016-08-25 09:49:22', 4, 17, '2018-05-01 18:09:47', '2020-05-31 20:10:21'),
	(2, 1, 1, 'Copy Of Semi Annual Plan1', 'Semi Annual Plan33', '2020-01-01 00:00:00', '2020-12-31 00:00:00', 'INACTIVE', 'MONTHLY', '2021-01-22 11:45:36', 17, 17, '2021-01-22 11:45:25', '2021-01-22 11:45:36');
/*!40000 ALTER TABLE `plan` ENABLE KEYS */;

-- Dumping data for table compcloud.profile_view: ~0 rows (approximately)
/*!40000 ALTER TABLE `profile_view` DISABLE KEYS */;
INSERT INTO `profile_view` (`PROFILE_VIEW_ID`, `ORG_ID`, `TENANT_ID`, `LOADED`, `NAME`, `DESCRIPTION`, `TEMPLATE`, `STATUS`, `STATUS_TLM`, `WHEN_CREATED`, `CREATED_BY`, `MODIFIED_BY`, `LAST_UPDATED`) VALUES
	(38, 1, 1, b'1', 'Planning Profile', 'Planning Profile', '[ {\r\n  "id" : 0,\r\n  "fields" : [ {\r\n    "id" : "26",\r\n    "type" : "metadata"\r\n  } ]\r\n}, {\r\n  "id" : 1,\r\n  "fields" : [ {\r\n    "id" : "12",\r\n    "type" : "metadata"\r\n  } ]\r\n}, {\r\n  "id" : 2,\r\n  "fields" : [ ]\r\n}, {\r\n  "id" : 3,\r\n  "fields" : [ ]\r\n}, {\r\n  "id" : 4,\r\n  "fields" : [ ]\r\n} ]', 'ACTIVE', '2018-09-02 23:20:14', '2018-09-02 23:20:14', 3, 13, '2021-02-25 20:57:17');
/*!40000 ALTER TABLE `profile_view` ENABLE KEYS */;

-- Dumping data for table compcloud.propercase: 0 rows
/*!40000 ALTER TABLE `propercase` DISABLE KEYS */;
/*!40000 ALTER TABLE `propercase` ENABLE KEYS */;

-- Dumping data for table compcloud.report: ~4 rows (approximately)
/*!40000 ALTER TABLE `report` DISABLE KEYS */;
INSERT INTO `report` (`REPORT_ID`, `ORG_ID`, `TENANT_ID`, `REPORT_NAME`, `REPORT_DESCRIPTION`, `REPORT_SHARE`, `REPORT_STATUS`, `REPORT_TEMPLATE`, `REPORT_WHEN_CREATED`, `SAVE_COUNT`, `STATUS_TLM`, `TEMPLATE_TYPE`, `CREATED_BY`, `MODIFIED_BY`, `X_AXIS_FIELD`, `Y_AXIS_FIELD`, `PAGE_AT_FOOTER`, `DATE_AT_FOOTER`, `LAST_UPDATED`, `REPORT_TYPE`, `logo_path`) VALUES
	(56, 1, 1, 'Employee Statement 2020', 'Sample of Employee Increment1', 'DEVELOPER', 'ACTIVE', 'Emp_letter.rptdesign', '2018-10-30 14:55:32', 1, '2018-10-30 14:55:32', 'CUSTOM', 13, 13, NULL, NULL, b'0', b'0', '2020-06-10 11:09:45', 'EMPLOYEE', NULL),
	(58, 1, 1, 'All Employee Merit Increase', 'All Employee Merit Increase 2018', 'MANAGER', 'ACTIVE', '{\r\n  "dataRows" : [ {\r\n    "id" : 0,\r\n    "fields" : [ {\r\n      "id" : "5",\r\n      "type" : "metadata"\r\n    }, {\r\n      "id" : "31",\r\n      "type" : "metadata"\r\n    }, {\r\n      "id" : "25",\r\n      "type" : "metadata"\r\n    } ]\r\n  } ],\r\n  "filterRows" : [ {\r\n    "id" : 0,\r\n    "fields" : [ ]\r\n  } ]\r\n}', '2018-11-12 10:23:02', 1, '2018-11-12 10:23:02', 'SIMPLE', 13, 13, NULL, NULL, b'0', b'0', '2019-05-01 11:44:36', 'EMPLOYEE', NULL),
	(59, 1, 1, 'Total Rewards Statement', 'Total Rewards letter sample', 'DEVELOPER', 'ACTIVE', 'Total_Reward.rptdesign', '2018-11-13 00:01:56', 1, '2018-11-13 00:01:56', 'CUSTOM', 13, 13, NULL, NULL, b'0', b'0', '2018-11-13 00:01:56', 'EMPLOYEE', NULL),
	(71, 1, 1, 'Total Rewards', 'Total Rewards', 'DEVELOPER', 'ACTIVE', '{\r\n  "row1" : {\r\n    "dataRows" : [ {\r\n      "id" : 0,\r\n      "fields" : [ {\r\n        "id" : "31",\r\n        "type" : "metadata"\r\n      } ]\r\n    } ],\r\n    "filterRows" : [ ]\r\n  },\r\n  "fullNameMetaDataId" : "37",\r\n  "row1Name" : "Basepay 2020",\r\n  "row4Name" : "Bonus",\r\n  "message" : "We want to thank you for everything that you do for Healthgrades and for your commitment to serving our consumers and clients. Your dedication will allow us to continue to disrupt the digital health sector while helping patients and providers make meaningful connections.\\n\\nBelow is a summary of your 2020 total rewards (compensation and benefits) as well as what you can expect in 2021. Please see your manager with any questions",\r\n  "row2Name" : "Basepay Increase",\r\n  "row3" : {\r\n    "dataRows" : [ {\r\n      "id" : 0,\r\n      "fields" : [ {\r\n        "id" : "33",\r\n        "type" : "metadata"\r\n      }, {\r\n        "id" : "510",\r\n        "type" : "metadata"\r\n      } ]\r\n    } ],\r\n    "filterRows" : [ ]\r\n  },\r\n  "row2" : {\r\n    "dataRows" : [ {\r\n      "id" : 0,\r\n      "fields" : [ ]\r\n    } ],\r\n    "filterRows" : [ ]\r\n  },\r\n  "row5" : {\r\n    "dataRows" : [ {\r\n      "id" : 0,\r\n      "fields" : [ ]\r\n    } ],\r\n    "filterRows" : [ ]\r\n  },\r\n  "row4" : {\r\n    "dataRows" : [ {\r\n      "id" : 0,\r\n      "fields" : [ {\r\n        "id" : "34",\r\n        "type" : "metadata"\r\n      } ]\r\n    } ],\r\n    "filterRows" : [ ]\r\n  },\r\n  "closing" : "Total value of compensation & benefits",\r\n  "header" : "Total rewards statement",\r\n  "row3Name" : "Benefit",\r\n  "salutation" : "Hi",\r\n  "row5Name" : "Stock allocated",\r\n  "startDate" : "2021/03/25"\r\n}', '2021-03-06 14:45:38', 1, '2021-03-06 14:45:38', 'TotalRewards', 13, 13, NULL, NULL, b'1', b'1', '2021-03-06 14:45:38', 'EMPLOYEE', 'https://uploads-439094271088-us-west-2.s3-us-west-2.amazonaws.com/null/demo/15five.png');
/*!40000 ALTER TABLE `report` ENABLE KEYS */;

-- Dumping data for table compcloud.report_attribute: ~0 rows (approximately)
/*!40000 ALTER TABLE `report_attribute` DISABLE KEYS */;
/*!40000 ALTER TABLE `report_attribute` ENABLE KEYS */;

-- Dumping data for table compcloud.report_email_tracker: ~0 rows (approximately)
/*!40000 ALTER TABLE `report_email_tracker` DISABLE KEYS */;
/*!40000 ALTER TABLE `report_email_tracker` ENABLE KEYS */;

-- Dumping data for table compcloud.report_execution: ~0 rows (approximately)
/*!40000 ALTER TABLE `report_execution` DISABLE KEYS */;
/*!40000 ALTER TABLE `report_execution` ENABLE KEYS */;

-- Dumping data for table compcloud.report_rule: ~4 rows (approximately)
/*!40000 ALTER TABLE `report_rule` DISABLE KEYS */;
INSERT INTO `report_rule` (`REPORT_RULE_ID`, `REPORT_ID`, `RULE_ID`, `REPORT_RULE_STATUS`, `STATUS_TLM`, `LAST_UPDATED`) VALUES
	(17, 56, 28, 'ACTIVE', '2020-12-27 16:05:03', '2020-12-27 16:05:03'),
	(18, 56, 29, 'INACTIVE', '2020-12-27 16:05:29', '2020-12-27 16:05:29'),
	(21, 59, 31, 'INACTIVE', '2020-12-27 17:08:35', '2020-12-27 17:08:35'),
	(22, 56, 29, 'INACTIVE', '2020-12-27 17:13:15', '2020-12-27 17:13:15');
/*!40000 ALTER TABLE `report_rule` ENABLE KEYS */;

-- Dumping data for table compcloud.role: ~10 rows (approximately)
/*!40000 ALTER TABLE `role` DISABLE KEYS */;
INSERT INTO `role` (`ROLE_ID`, `ORG_ID`, `TENANT_ID`, `ROLE_NAME`, `ROLE_DESC`, `ROLE_TYPE`, `STATUS`, `STATUS_TLM`, `WHEN_CREATED`, `TLM`) VALUES
	(1, 1, 1, 'EMPLOYEE', 'Access to employee section', 'GENERAL', 'ACTIVE', '2016-12-24 17:47:43', '2016-12-24 17:49:42', '2018-05-09 20:10:06'),
	(2, 1, 1, 'MANAGER', 'Access to manager section', 'GENERAL', 'ACTIVE', '2016-12-24 17:47:43', '2016-12-24 17:49:42', '2018-05-09 20:10:07'),
	(3, 1, 1, 'HR_ADMIN', 'Access to all admin and manager section', 'GENERAL', 'ACTIVE', '2016-12-24 17:47:43', '2016-12-24 17:49:42', '2018-05-09 20:10:08'),
	(4, 1, 1, 'COMPANY_MANAGER', 'Access to all admin section', 'GENERAL', 'ACTIVE', '2016-12-24 17:47:43', '2016-12-24 17:49:42', '2018-05-09 20:10:08'),
	(5, 1, 1, 'COMPANY_ADMIN', 'Access to all admin and integration section', 'GENERAL', 'ACTIVE', '2016-12-24 17:47:43', '2016-12-24 17:49:42', '2018-05-09 20:10:09'),
	(6, 1, 1, 'EXECUTIVE', 'Access to manager section', 'GENERAL', 'ACTIVE', '2016-12-24 17:47:43', '2016-12-24 17:49:42', '2018-05-09 20:10:10'),
	(7, 1, 1, 'SYSTEM_ADMIN', 'Access to all section', 'SYSTEM_ADMIN', 'ACTIVE', '2016-12-24 17:47:43', '2016-12-24 17:49:42', '2021-02-12 10:11:25'),
	(8, 1, 1, 'COMPENSATION_ADMIN', 'employee managing compensation process', 'GENERAL', 'ACTIVE', '2020-04-12 22:24:34', '2020-04-12 22:24:34', '2020-04-12 22:24:34'),
	(9, 1, 1, 'Manager-ReadOnly', 'Level 1 manager', 'GENERAL', 'ACTIVE', '2020-05-30 23:59:12', '2020-05-30 23:59:12', '2020-05-30 23:59:12'),
	(10, 1, 1, 'RandomGroup', 'Random Group', 'GENERAL', 'ACTIVE', '2021-01-18 16:19:37', '2021-01-18 16:19:37', '2021-01-18 16:19:37');
/*!40000 ALTER TABLE `role` ENABLE KEYS */;

-- Dumping data for table compcloud.salary_grade: ~0 rows (approximately)
/*!40000 ALTER TABLE `salary_grade` DISABLE KEYS */;
/*!40000 ALTER TABLE `salary_grade` ENABLE KEYS */;

-- Dumping data for table compcloud.schema_version: ~1 rows (approximately)
/*!40000 ALTER TABLE `schema_version` DISABLE KEYS */;
/*!40000 ALTER TABLE `schema_version` ENABLE KEYS */;

-- Dumping data for table compcloud.setting: ~31 rows (approximately)
/*!40000 ALTER TABLE `setting` DISABLE KEYS */;
INSERT INTO `setting` (`SETTING_ID`, `SETTING_FIELD_NAME`, `SETTING_FIELD_VALUE`, `SECTION`, `SETTING_STATUS`, `STATUS_TLM`, `LAST_UPDATED`) VALUES
	(1, 'Allocate Compensation', 'All Employees', 'Application', 'ACTIVE', '2017-08-27 10:59:28', '2020-07-21 10:46:15'),
	(2, 'Compensation Within Guidelines', 'Yes', 'Application', 'ACTIVE', '2017-08-27 10:59:28', '2020-07-21 10:46:18'),
	(3, 'Include Performance Rating', 'Yes', 'Application', 'ACTIVE', '2017-08-27 10:59:28', '2020-07-21 10:46:19'),
	(4, 'Direct Report Chart', 'Individual', 'Application', 'ACTIVE', '2017-08-27 10:59:28', '2020-07-21 10:46:21'),
	(5, 'Show Performance Rating', 'Yes', 'Application', 'ACTIVE', '2019-04-23 16:16:25', '2020-07-21 10:46:22'),
	(6, 'Accumulative Budget', 'Yes', 'Application', 'ACTIVE', '2019-04-23 16:16:25', '2020-07-21 10:46:24'),
	(7, 'Show Analytics Compa Ratio', 'Yes', 'Analytics', 'ACTIVE', '2019-04-23 16:16:25', '2020-07-21 11:44:31'),
	(8, 'Show Analytics Payscale Range', 'Yes', 'Analytics', 'ACTIVE', '2019-04-23 16:16:25', '2020-07-21 11:44:36'),
	(9, 'Show Analytics Market Data', 'Yes', 'Analytics', 'ACTIVE', '2019-04-23 16:16:25', '2020-07-21 11:44:40'),
	(10, 'Show Analytics Quit Risk', 'Yes', 'Analytics', 'ACTIVE', '2019-04-23 16:16:25', '2020-07-21 11:44:45'),
	(11, 'Show Analytics Compliance', 'Yes', 'Analytics', 'ACTIVE', '2019-04-23 16:16:25', '2020-07-21 11:44:51'),
	(12, 'Show Analytics Statistics', 'Yes', 'Analytics', 'ACTIVE', '2019-04-23 16:16:25', '2020-07-21 11:44:56'),
	(13, 'Show Prehire Compa Ratio', 'Yes', 'Prehire', 'ACTIVE', '2019-04-23 16:16:25', '2020-07-21 11:44:01'),
	(14, 'Show Prehire Payscale Range', 'Yes', 'Prehire', 'ACTIVE', '2019-04-23 16:16:25', '2020-07-21 11:44:06'),
	(15, 'Show Prehire Market Data', 'Yes', 'Prehire', 'ACTIVE', '2019-04-23 16:16:25', '2020-07-21 11:44:12'),
	(16, 'Show Prehire Quit Risk', 'Yes', 'Prehire', 'ACTIVE', '2019-04-23 16:16:25', '2020-07-21 11:44:17'),
	(17, 'Show Prehire Statistics', 'Yes', 'Prehire', 'ACTIVE', '2019-04-23 16:16:25', '2020-07-21 11:44:23'),
	(18, 'Show Planning History', 'Yes', 'Planning', 'ACTIVE', '2019-04-23 16:16:25', '2020-07-21 10:45:50'),
	(19, 'Show Budget Approval', 'Yes', 'Planning', 'ACTIVE', '2019-04-23 16:16:25', '2020-07-21 10:45:51'),
	(20, 'Show Run Report', 'Yes', 'Report', 'ACTIVE', '2019-04-23 16:16:25', '2020-07-21 10:45:51'),
	(21, 'Show Email Report', 'Yes', 'Report', 'ACTIVE', '2019-04-23 16:16:25', '2020-07-21 10:45:51'),
	(22, 'Show Currency', 'Yes', 'Application', 'ACTIVE', '2019-04-23 16:16:25', '2020-07-21 10:46:24'),
	(23, 'Show Counter', 'Yes', 'Planning', 'ACTIVE', '2019-04-23 16:16:25', '2020-07-21 10:45:51'),
	(24, 'Show Analytics', 'Yes', 'Planning', 'ACTIVE', '2019-04-23 16:16:25', '2020-07-21 10:45:51'),
	(25, 'Show Compliance', 'Yes', 'Planning', 'ACTIVE', '2019-04-23 16:16:25', '2020-07-21 10:45:51'),
	(26, 'Show Notification', 'Yes', 'Application', 'ACTIVE', '2019-04-23 16:16:25', '2020-07-21 10:46:24'),
	(27, 'Enable Maintenance Window', 'No', 'Application', 'ACTIVE', '2019-04-23 16:16:25', '2021-01-22 14:04:58'),
	(28, 'Password Required', 'No', 'Report', 'ACTIVE', '2019-04-23 16:16:25', '2020-07-21 10:45:51'),
	(29, 'Password Format', 'First Letter - SSO Id', 'Report', 'ACTIVE', '2019-04-23 16:16:25', '2020-07-21 10:45:51'),
	(30, 'Show Notification', 'Yes', 'Application', 'ACTIVE', '2019-04-23 16:16:25', '2020-07-21 10:46:24'),
	(31, 'Enable Maintenance Window', 'No', 'Application', 'ACTIVE', '2019-04-23 16:16:25', '2020-07-21 10:46:24');
/*!40000 ALTER TABLE `setting` ENABLE KEYS */;

-- Dumping data for table compcloud.stock_budget: ~0 rows (approximately)
/*!40000 ALTER TABLE `stock_budget` DISABLE KEYS */;
INSERT INTO `stock_budget` (`STOCK_BUDGET_ID`, `TENANT_ID`, `ORG_ID`, `STOCK_BUDGET_NAME`, `STOCK_BUDGET_DESCRIPTION`, `STOCK_BUDGET_TYPE`, `STOCK_BUDGET_BUILDER_TYPE`, `COMMENT`, `STOCK_BUDGET_STATUS`, `WHEN_CREATED`, `MODIFIED_BY`, `CREATED_BY`, `STATUS_TLM`, `LAST_UPDATED`) VALUES
	(4, 1, 1, 'Annual Stock Budget', 'Annual Stock Budget', 'BOTTOM_UP', 'GUIDELINE', 'Annual Stock Budget', 'ACTIVE', '2018-09-02 22:52:55', 13, 13, '2019-04-23 21:14:36', '2019-04-23 21:14:36');
/*!40000 ALTER TABLE `stock_budget` ENABLE KEYS */;

-- Dumping data for table compcloud.stock_budget_allocated_details: ~6 rows (approximately)
/*!40000 ALTER TABLE `stock_budget_allocated_details` DISABLE KEYS */;
INSERT INTO `stock_budget_allocated_details` (`id`, `budget_name`, `current_salary_amount`, `budget_amount`, `percent_increase`, `budget_builder_type`, `total_employee`, `total_eligible_employee`, `budget_type`, `when_created`, `TLM`) VALUES
	(42, 'Annual Stock Budget', 4000, 2000, 1, 'FIXED_AMOUNT', 10, 2, 'TOP_DOWN', '2019-04-23 20:13:09', '2019-04-23 20:13:09'),
	(43, 'Annual Stock Budget', 1336000, 26720, 2, 'FIXED_AMOUNT', 15, 0, 'TOP_DOWN', '2019-04-23 20:24:06', '2019-04-23 20:24:06'),
	(44, 'Annual Stock Budget', 1336000, 13360, 1, 'FIXED_AMOUNT', 15, 0, 'TOP_DOWN', '2019-04-23 20:32:43', '2019-04-23 20:32:42'),
	(45, 'Annual Stock Budget', 1336000, 13360, 1, 'FIXED_AMOUNT', 15, 0, 'TOP_DOWN', '2019-04-23 20:46:59', '2019-04-23 20:46:59'),
	(46, 'Annual Stock Budget', 0, 0, 0, 'GUIDELINE', 0, 0, 'BOTTOM_UP', '2019-04-23 21:12:27', '2019-04-23 21:12:27'),
	(47, 'Annual Stock Budget', 0, 0, 0, 'GUIDELINE', 0, 0, 'BOTTOM_UP', '2019-04-23 21:14:36', '2019-04-23 21:14:36');
/*!40000 ALTER TABLE `stock_budget_allocated_details` ENABLE KEYS */;

-- Dumping data for table compcloud.stock_budget_master: ~28 rows (approximately)
/*!40000 ALTER TABLE `stock_budget_master` DISABLE KEYS */;
INSERT INTO `stock_budget_master` (`STOCK_BUDGET_MASTER_ID`, `ORG_ID`, `TENANT_ID`, `EMPLOYEE_MASTER_ID`, `COMPENSATION_INCREASE_TYPE_ID`, `DIRECT_REPORTS_BUDGET_TOTAL`, `DIRECT_REPORTS_BUDGET_ALLOCATED`, `DIRECT_REPORTS_BUDGET_REMAINING`, `ALL_REPORTS_BUDGET_TOTAL`, `ALL_REPORTS_BUDGET_ALLOCATED`, `ALL_REPORTS_BUDGET_REMAINING`, `BUDGET_TOTAL_UNITS`, `BUDGET_ALLOCATED_UNITS`, `BUDGET_REMAINING_UNITS`, `STATUS`, `ACTION_STATUS`, `NOS_ELIGIBLE_EMPLOYEES`, `NOS_INELIGIBLE_EMPLOYEES`, `APPROVAL_MANAGER`, `FINAL_APPROVAL_MANAGER`, `FINAL_APPROVAL_HR`, `LAST_UPDATED_BY`, `LAST_UPDATED`) VALUES
	(1, 1, 1, 1, 5, 16000, 0, 16000, NULL, NULL, NULL, NULL, NULL, NULL, 'ACTIVE', 'NOT_STARTED', 3, 0, NULL, NULL, NULL, 1, '2016-09-17 15:57:07'),
	(2, 1, 1, 1, 6, 8000, 0, 8000, NULL, NULL, NULL, NULL, NULL, NULL, 'ACTIVE', 'NOT_STARTED', 3, 0, NULL, NULL, NULL, 1, '2016-09-17 15:57:07'),
	(3, 1, 1, 2, 5, 7000, 0, 7000, NULL, NULL, NULL, NULL, NULL, NULL, 'ACTIVE', 'NOT_STARTED', 3, 0, NULL, NULL, NULL, 1, '2016-09-17 15:57:07'),
	(4, 1, 1, 3, 5, 2000, 0, 2000, NULL, NULL, NULL, NULL, NULL, NULL, 'ACTIVE', 'NOT_STARTED', 1, 0, NULL, NULL, NULL, 1, '2016-09-17 15:57:07'),
	(5, 1, 1, 5, 5, 2000, 0, 2000, NULL, NULL, NULL, NULL, NULL, NULL, 'ACTIVE', 'IN_PROGRESS', 1, 0, NULL, NULL, NULL, 1, '2016-09-17 15:57:07'),
	(6, 1, 1, 8, 5, 10000, 0, 10000, NULL, NULL, NULL, NULL, NULL, NULL, 'ACTIVE', 'NOT_STARTED', 2, 0, NULL, NULL, NULL, 1, '2016-09-17 15:57:07'),
	(7, 1, 1, 8, 6, 5000, 0, 5000, NULL, NULL, NULL, NULL, NULL, NULL, 'ACTIVE', 'NOT_STARTED', 1, 0, NULL, NULL, NULL, 1, '2016-09-17 15:57:07'),
	(8, 1, 1, 10, 5, 5000, 0, 5000, NULL, NULL, NULL, NULL, NULL, NULL, 'ACTIVE', 'NOT_STARTED', 1, 0, NULL, NULL, NULL, 1, '2016-09-17 15:57:07'),
	(9, 1, 1, 11, 5, 3000, 0, 3000, NULL, NULL, NULL, NULL, NULL, NULL, 'ACTIVE', 'NOT_STARTED', 1, 0, NULL, NULL, NULL, 1, '2016-09-17 15:57:07'),
	(10, 1, 1, 12, 5, 3000, 0, 3000, NULL, NULL, NULL, NULL, NULL, NULL, 'ACTIVE', 'IN_PROGRESS', 1, 0, NULL, NULL, NULL, 1, '2016-09-17 15:57:07'),
	(11, 1, 1, 12, 6, 9000, 0, 9000, NULL, NULL, NULL, NULL, NULL, NULL, 'ACTIVE', 'IN_PROGRESS', 1, 0, NULL, NULL, NULL, 1, '2016-09-17 15:57:07'),
	(12, 1, 1, 13, 5, 8000, 0, 8000, NULL, NULL, NULL, NULL, NULL, NULL, 'ACTIVE', 'NOT_STARTED', 1, 0, NULL, NULL, NULL, 1, '2016-09-17 15:57:07'),
	(13, 1, 1, 13, 6, 8000, 0, 8000, NULL, NULL, NULL, NULL, NULL, NULL, 'ACTIVE', 'NOT_STARTED', 1, 0, NULL, NULL, NULL, 1, '2016-09-17 15:57:07'),
	(14, 1, 1, 14, 5, 9000, 0, 9000, NULL, NULL, NULL, NULL, NULL, NULL, 'ACTIVE', 'NOT_STARTED', 1, 0, NULL, NULL, NULL, 1, '2016-09-17 15:57:07'),
	(15, 1, 1, 14, 6, 10000, 0, 10000, NULL, NULL, NULL, NULL, NULL, NULL, 'ACTIVE', 'NOT_STARTED', 1, 0, NULL, NULL, NULL, 1, '2016-09-17 15:57:07'),
	(18, 1, 1, 2, 6, 7000, 0, 7000, NULL, NULL, NULL, NULL, NULL, NULL, 'ACTIVE', 'NOT_STARTED', 3, 0, NULL, NULL, NULL, 1, '2016-09-17 15:57:07'),
	(19, 1, 1, 3, 6, 2000, 0, 2000, NULL, NULL, NULL, NULL, NULL, NULL, 'ACTIVE', 'NOT_STARTED', 1, 0, NULL, NULL, NULL, 1, '2016-09-17 15:57:07'),
	(20, 1, 1, 4, 6, 2000, 0, 2000, NULL, NULL, NULL, NULL, NULL, NULL, 'ACTIVE', 'NOT_STARTED', 1, 0, NULL, NULL, NULL, 1, '2016-09-17 15:57:07'),
	(21, 1, 1, 4, 5, 2000, 0, 2000, NULL, NULL, NULL, NULL, NULL, NULL, 'ACTIVE', 'NOT_STARTED', 1, 0, NULL, NULL, NULL, 1, '2016-09-17 15:57:07'),
	(22, 1, 1, 5, 6, 2000, 0, 2000, NULL, NULL, NULL, NULL, NULL, NULL, 'ACTIVE', 'IN_PROGRESS', 1, 0, NULL, NULL, NULL, 1, '2016-09-17 15:57:07'),
	(29, 1, 1, 10, 6, 5000, 0, 5000, NULL, NULL, NULL, NULL, NULL, NULL, 'ACTIVE', 'NOT_STARTED', 1, 0, NULL, NULL, NULL, 1, '2016-09-17 15:57:07'),
	(30, 1, 1, 11, 6, 3000, 0, 3000, NULL, NULL, NULL, NULL, NULL, NULL, 'ACTIVE', 'NOT_STARTED', 1, 0, NULL, NULL, NULL, 1, '2016-09-17 15:57:07'),
	(31, 1, 1, 16, 6, 3000, 0, 3000, NULL, NULL, NULL, NULL, NULL, NULL, 'ACTIVE', 'NOT_STARTED', 1, 0, NULL, NULL, NULL, 1, '2016-09-17 15:57:07'),
	(32, 1, 1, 16, 5, 3000, 0, 3000, NULL, NULL, NULL, NULL, NULL, NULL, 'ACTIVE', 'NOT_STARTED', 1, 0, NULL, NULL, NULL, 1, '2016-09-17 15:57:07'),
	(33, 1, 1, 17, 5, 3000, 0, 3000, NULL, NULL, NULL, NULL, NULL, NULL, 'ACTIVE', 'NOT_STARTED', 1, 0, NULL, NULL, NULL, 1, '2016-09-17 15:57:07'),
	(34, 1, 1, 17, 6, 3000, 0, 3000, NULL, NULL, NULL, NULL, NULL, NULL, 'ACTIVE', 'NOT_STARTED', 1, 0, NULL, NULL, NULL, 1, '2016-09-17 15:57:07'),
	(35, 1, 1, 18, 6, 3000, 0, 3000, NULL, NULL, NULL, NULL, NULL, NULL, 'ACTIVE', 'IN_PROGRESS', 1, 0, NULL, NULL, NULL, 1, '2016-09-17 15:57:07'),
	(36, 1, 1, 18, 5, 3000, 0, 3000, NULL, NULL, NULL, NULL, NULL, NULL, 'ACTIVE', 'IN_PROGRESS', 1, 0, NULL, NULL, NULL, 1, '2016-09-17 15:57:07');
/*!40000 ALTER TABLE `stock_budget_master` ENABLE KEYS */;

-- Dumping data for table compcloud.stock_budget_rule_mapper: ~0 rows (approximately)
/*!40000 ALTER TABLE `stock_budget_rule_mapper` DISABLE KEYS */;
INSERT INTO `stock_budget_rule_mapper` (`STOCK_BUDGET_RULE_MAPPER_ID`, `ORG_ID`, `TENANT_ID`, `STOCK_BUDGET_ID`, `RULE_ID`, `STOCK_BUDGET_RULE_MAPPER_STATUS`) VALUES
	(43, 1, 1, 4, 35, 'ACTIVE');
/*!40000 ALTER TABLE `stock_budget_rule_mapper` ENABLE KEYS */;

-- Dumping data for table compcloud.stock_fixed_amount_budget_builder_type: ~6 rows (approximately)
/*!40000 ALTER TABLE `stock_fixed_amount_budget_builder_type` DISABLE KEYS */;
INSERT INTO `stock_fixed_amount_budget_builder_type` (`id`, `STOCK_BUDGET_ID`, `COMPENSATION_INCREASE_TYPE_ID`, `percent`, `final_budget`, `STATUS`, `STATUS_TLM`, `WHEN_CREATED`) VALUES
	(87, 4, 10, 2, 2000, 'ACTIVE', '2019-04-23 20:08:14', '2019-04-23 20:08:15'),
	(88, 4, 10, 2, 2000, 'ACTIVE', '2019-04-23 20:24:06', '2019-04-23 20:24:06'),
	(89, 4, 10, 2, 2000, 'INACTIVE', '2019-04-23 20:24:06', '2019-04-23 20:24:06'),
	(90, 4, 10, 1, 13360, 'ACTIVE', '2019-04-23 20:32:43', '2019-04-23 20:32:43'),
	(91, 4, 10, 1, 13360, 'INACTIVE', '2019-04-23 20:32:43', '2019-04-23 20:32:43'),
	(92, 4, 10, 1, 13360, 'ACTIVE', '2019-04-23 20:46:59', '2019-04-23 20:46:59');
/*!40000 ALTER TABLE `stock_fixed_amount_budget_builder_type` ENABLE KEYS */;

-- Dumping data for table compcloud.stock_guideline: ~0 rows (approximately)
/*!40000 ALTER TABLE `stock_guideline` DISABLE KEYS */;
INSERT INTO `stock_guideline` (`STOCK_GUIDELINE_ID`, `ORG_ID`, `TENANT_ID`, `LOADED`, `STATUS`, `STATUS_TLM`, `NAME`, `DESCRIPTION`, `TEMPLATE`, `APPLY_RULES`, `INCREASE_TYPE_ID`, `WHEN_CREATED`, `MODIFIED_BY`, `CREATED_BY`, `LAST_UPDATED`) VALUES
	(20, 1, 1, b'1', 'ACTIVE', '2018-09-02 22:51:45', 'Annual Stock Guideline', 'Annual Stock Guideline', '[ {\r\n  "id" : 0,\r\n  "fields" : [ {\r\n    "id" : "22",\r\n    "type" : "metadata"\r\n  }, {\r\n    "id" : "179",\r\n    "type" : "metadata"\r\n  } ]\r\n} ]', b'0', 6, '2018-09-02 22:51:45', 13, 3, '2019-04-29 18:17:41');
/*!40000 ALTER TABLE `stock_guideline` ENABLE KEYS */;

-- Dumping data for table compcloud.stock_guideline_budget_builder_type: ~31 rows (approximately)
/*!40000 ALTER TABLE `stock_guideline_budget_builder_type` DISABLE KEYS */;
INSERT INTO `stock_guideline_budget_builder_type` (`id`, `STOCK_BUDGET_ID`, `STOCK_GUIDELINE_ID`, `guideline_group`, `STATUS`, `STATUS_TLM`, `WHEN_CREATED`) VALUES
	(18, 4, 20, 'MIN', 'INACTIVE', '2019-04-23 20:25:46', '2019-04-23 20:25:46'),
	(19, 4, 20, 'MIN', 'INACTIVE', '2019-04-23 20:29:45', '2019-04-23 20:29:45'),
	(20, 4, 20, 'MIN', 'INACTIVE', '2019-04-23 20:25:46', '2019-04-23 20:25:46'),
	(21, 4, 20, 'MIN', 'INACTIVE', '2019-04-23 20:29:45', '2019-04-23 20:29:45'),
	(22, 4, 20, 'MIN', 'INACTIVE', '2019-04-23 20:25:46', '2019-04-23 20:25:46'),
	(23, 4, 20, 'MIN', 'INACTIVE', '2019-04-23 20:30:29', '2019-04-23 20:30:29'),
	(24, 4, 20, 'MIN', 'INACTIVE', '2019-04-23 20:29:45', '2019-04-23 20:29:45'),
	(25, 4, 20, 'MIN', 'INACTIVE', '2019-04-23 20:25:46', '2019-04-23 20:25:46'),
	(26, 4, 20, 'MIN', 'INACTIVE', '2019-04-23 20:30:29', '2019-04-23 20:30:29'),
	(27, 4, 20, 'MIN', 'INACTIVE', '2019-04-23 20:33:00', '2019-04-23 20:33:00'),
	(28, 4, 20, 'MIN', 'INACTIVE', '2019-04-23 20:34:26', '2019-04-23 20:34:26'),
	(29, 4, 20, 'MIN', 'INACTIVE', '2019-04-23 20:33:00', '2019-04-23 20:33:00'),
	(30, 4, 20, 'MIN', 'INACTIVE', '2019-04-23 20:34:26', '2019-04-23 20:34:26'),
	(31, 4, 20, 'MIN', 'INACTIVE', '2019-04-23 20:33:00', '2019-04-23 20:33:00'),
	(32, 4, 20, 'MIN', 'INACTIVE', '2019-04-23 20:35:16', '2019-04-23 20:35:16'),
	(33, 4, 20, 'MIN', 'INACTIVE', '2019-04-23 20:34:26', '2019-04-23 20:34:26'),
	(34, 4, 20, 'MIN', 'INACTIVE', '2019-04-23 20:36:32', '2019-04-23 20:36:32'),
	(35, 4, 20, 'MIN', 'INACTIVE', '2019-04-23 20:33:00', '2019-04-23 20:33:00'),
	(36, 4, 20, 'MIN', 'INACTIVE', '2019-04-23 20:35:16', '2019-04-23 20:35:16'),
	(37, 4, 20, 'MIN', 'INACTIVE', '2019-04-23 20:34:26', '2019-04-23 20:34:26'),
	(38, 4, 20, 'MIN', 'INACTIVE', '2019-04-23 20:36:43', '2019-04-23 20:36:43'),
	(39, 4, 20, 'MIN', 'INACTIVE', '2019-04-23 20:36:32', '2019-04-23 20:36:32'),
	(40, 4, 20, 'MIN', 'INACTIVE', '2019-04-23 20:33:00', '2019-04-23 20:33:00'),
	(41, 4, 20, 'MIN', 'INACTIVE', '2019-04-23 20:35:16', '2019-04-23 20:35:16'),
	(42, 4, 20, 'MIN', 'INACTIVE', '2019-04-23 20:46:33', '2019-04-23 20:46:33'),
	(43, 4, 20, 'MIN', 'INACTIVE', '2019-04-23 20:46:33', '2019-04-23 20:46:33'),
	(44, 4, 20, 'MIN', 'INACTIVE', '2019-04-23 21:04:09', '2019-04-23 21:04:09'),
	(45, 4, 20, 'MIN', 'INACTIVE', '2019-04-23 21:07:03', '2019-04-23 21:07:03'),
	(46, 4, 20, 'MIN', 'ACTIVE', '2019-04-23 21:12:27', '2019-04-23 21:12:27'),
	(47, 4, 20, 'MIN', 'INACTIVE', '2019-04-23 21:12:27', '2019-04-23 21:12:27'),
	(48, 4, 20, 'MIN', 'ACTIVE', '2019-04-23 21:14:36', '2019-04-23 21:14:36');
/*!40000 ALTER TABLE `stock_guideline_budget_builder_type` ENABLE KEYS */;

-- Dumping data for table compcloud.stock_guideline_details: ~0 rows (approximately)
/*!40000 ALTER TABLE `stock_guideline_details` DISABLE KEYS */;
/*!40000 ALTER TABLE `stock_guideline_details` ENABLE KEYS */;

-- Dumping data for table compcloud.stock_guideline_rule_mapper: ~2 rows (approximately)
/*!40000 ALTER TABLE `stock_guideline_rule_mapper` DISABLE KEYS */;
INSERT INTO `stock_guideline_rule_mapper` (`STOCK_GUIDELINE_RULE_MAPPER_ID`, `ORG_ID`, `TENANT_ID`, `STOCK_GUIDELINE_ID`, `RULE_ID`, `STOCK_GUIDELINE_RULE_MAPPER_STATUS`) VALUES
	(14, 1, 1, 20, 28, 'INACTIVE'),
	(15, 1, 1, 20, 32, 'ACTIVE');
/*!40000 ALTER TABLE `stock_guideline_rule_mapper` ENABLE KEYS */;

-- Dumping data for table compcloud.stock_master: ~38 rows (approximately)
/*!40000 ALTER TABLE `stock_master` DISABLE KEYS */;
INSERT INTO `stock_master` (`STOCK_MASTER_ID`, `ORG_ID`, `TENANT_ID`, `EMPLOYEE_MASTER_ID`, `STOCK_TYPE`, `CATEGORY`, `STRICK_PRICE`, `UNITS_AMOUNT_INCREASE`, `LAST_UNITS_INCREASE`, `PRICE_AMOUNT_INCREASE`, `STOCK_INCREASE_ELIGIBLE`, `UNITS_PERCENT_INCREASE`, `PRICE_PERCENT_INCREASE`, `STOCK_PRORATION_FACTOR`, `COMPANY_EMPLOYEE_ID`, `CURRENT_ANNUAL_PRICE`, `CURRENT_ANNUAL_UNIT`, `GRANT_AMOUNT`, `VESTED`, `UNVESTED`, `EFFECTIVE_DATE`, `ALLOCATION_DATE`, `EXPIRE_DATE`, `LOCKED_IN_MONTH`, `VESTING_IN_MONTH`, `VESTING_PERCENT_IN_MONTH`, `NEW_ANNUAL_PRICE`, `NEW_ANNUAL_UNITS`, `BUDGET_BASIS`, `GUIDELINE_MIN`, `GUIDELINE_MAX`, `GUIDELINE_STR`, `INCREASE_NAME`, `GUIDELINE_MIN_AMT`, `GUIDELINE_MAX_AMT`, `GUIDELINE_STR_AMT`, `PLAN_NAME`, `NOTE`, `PLANNING_DATE`, `DECIMAL_FIELD1`, `DECIMAL_FIELD2`, `STRING_FIELD1`, `STRING_FIELD2`, `INTEGER_FIELD1`, `STATUS`, `STATUS_TLM`, `COMPENSATION_INCREASE_TYPE_ID`, `PLANNED_BY`, `LAST_UPDATED_BY`, `LAST_UPDATED`) VALUES
	(1, 1, 1, 1, 'RSU', 'RSU', 25, 0, 0, NULL, 'Y', 0, NULL, 1, NULL, 0, 0, NULL, 1000, 500, '2019-01-01', '2018-11-01', NULL, 12, 48, NULL, 50000, NULL, 10000, 0, 2000, '0.0%-2.0%', NULL, NULL, NULL, NULL, NULL, NULL, NULL, NULL, NULL, NULL, NULL, NULL, 'ACTIVE', '2016-08-26 22:15:54', 5, 1, 1, '2016-08-26 22:15:43'),
	(2, 1, 1, 5, 'RSU', 'RSU', 25, 0, 0, NULL, 'Y', 0, NULL, 1, NULL, 0, 0, NULL, 1000, 500, '2019-01-01', '2018-11-01', NULL, 12, 48, NULL, 50000, NULL, 10000, 0, 2000, '0.0%-2.0%', NULL, NULL, NULL, NULL, NULL, NULL, NULL, NULL, NULL, NULL, NULL, NULL, 'ACTIVE', '2016-09-15 21:25:40', 5, 1, 1, '2016-09-15 21:26:20'),
	(4, 1, 1, 8, 'RSU', 'RSU', 25, 0, 0, NULL, 'Y', 0, NULL, 1, NULL, 0, 0, NULL, 1000, 500, '2019-01-01', '2018-11-01', NULL, 12, 48, NULL, 50000, NULL, 10000, 0, 2000, '0.0%-2.0%', NULL, NULL, NULL, NULL, NULL, NULL, NULL, NULL, NULL, NULL, NULL, NULL, 'ACTIVE', '2016-09-15 21:31:06', 5, 1, 1, '2016-09-15 21:31:40'),
	(5, 1, 1, 2, 'RSU', 'RSU', 25, 0, 0, NULL, 'Y', 0, NULL, 1, NULL, 0, 0, NULL, 1000, 500, '2019-01-01', '2018-11-01', NULL, 12, 48, NULL, 50000, NULL, 10000, 0, 2000, '0.0%-2.0%', NULL, NULL, NULL, NULL, NULL, NULL, NULL, NULL, NULL, NULL, NULL, NULL, 'ACTIVE', '2016-09-15 21:31:06', 5, 1, 1, '2016-09-15 21:31:40'),
	(6, 1, 1, 3, 'RSU', 'RSU', 25, 0, 0, NULL, 'Y', 0, NULL, 1, NULL, 0, 0, NULL, 1000, 500, '2019-01-01', '2018-11-01', NULL, 12, 48, NULL, 50000, NULL, 10000, 0, 2000, '0.0%-2.0%', NULL, NULL, NULL, NULL, NULL, NULL, NULL, NULL, NULL, NULL, NULL, NULL, 'ACTIVE', '2016-09-15 21:31:06', 5, 1, 1, '2016-09-15 21:31:40'),
	(7, 1, 1, 4, 'RSU', 'RSU', 25, 0, 0, NULL, 'Y', 0, NULL, 1, NULL, 0, 0, NULL, 1000, 500, '2019-01-01', '2018-11-01', NULL, 12, 48, NULL, 50000, NULL, 10000, 0, 2000, '0.0%-2.0%', NULL, NULL, NULL, NULL, NULL, NULL, NULL, NULL, NULL, NULL, NULL, NULL, 'ACTIVE', '2016-09-15 21:31:06', 5, 1, 1, '2016-09-15 21:31:40'),
	(8, 1, 1, 6, 'RSU', 'RSU', 25, 0, 0, NULL, 'Y', 0, NULL, 1, NULL, 0, 0, NULL, 1000, 500, '2019-01-01', '2018-11-01', NULL, 12, 48, NULL, 50000, NULL, 10000, 0, 2000, '0.0%-2.0%', NULL, NULL, NULL, NULL, NULL, NULL, NULL, NULL, NULL, NULL, NULL, NULL, 'ACTIVE', '2016-09-15 21:31:06', 5, 1, 1, '2016-09-15 21:31:40'),
	(9, 1, 1, 9, 'RSU', 'RSU', 25, 0, 0, NULL, 'Y', 0, NULL, 1, NULL, 0, 0, NULL, 1000, 500, '2019-01-01', '2018-11-01', NULL, 12, 48, NULL, 50000, NULL, 10000, 0, 2000, '0.0%-2.0%', NULL, NULL, NULL, NULL, NULL, NULL, NULL, NULL, NULL, NULL, NULL, NULL, 'ACTIVE', '2016-09-15 21:31:06', 5, 1, 1, '2016-09-15 21:31:40'),
	(10, 1, 1, 10, 'RSU', 'RSU', 25, 0, 0, NULL, 'Y', 0, NULL, 1, NULL, 0, 0, NULL, 1000, 500, '2019-01-01', '2018-11-01', NULL, 12, 48, NULL, 50000, NULL, 10000, 0, 2000, '0.0%-2.0%', NULL, NULL, NULL, NULL, NULL, NULL, NULL, NULL, NULL, NULL, NULL, NULL, 'ACTIVE', '2016-09-15 21:31:06', 5, 1, 1, '2016-09-15 21:31:40'),
	(11, 1, 1, 11, 'RSU', 'RSU', 25, 0, 0, NULL, 'Y', 0, NULL, 1, NULL, 0, 0, NULL, 1000, 500, '2019-01-01', '2018-11-01', NULL, 12, 48, NULL, 50000, NULL, 10000, 0, 2000, '0.0%-2.0%', NULL, NULL, NULL, NULL, NULL, NULL, NULL, NULL, NULL, NULL, NULL, NULL, 'ACTIVE', '2016-09-15 21:31:06', 5, 1, 1, '2016-09-15 21:31:40'),
	(12, 1, 1, 12, 'RSU', 'RSU', 25, 0, 0, NULL, 'Y', 0, NULL, 1, NULL, 0, 0, NULL, 1000, 500, '2019-01-01', '2018-11-01', NULL, 12, 48, NULL, 50000, NULL, 10000, 0, 2000, '0.0%-2.0%', NULL, NULL, NULL, NULL, NULL, NULL, NULL, NULL, NULL, NULL, NULL, NULL, 'ACTIVE', '2016-09-15 21:31:06', 5, 1, 1, '2016-09-15 21:31:40'),
	(13, 1, 1, 13, 'RSU', 'RSU', 25, 0, 0, NULL, 'Y', 0, NULL, 1, NULL, 0, 0, NULL, 1000, 500, '2019-01-01', '2018-11-01', NULL, 12, 48, NULL, 50000, NULL, 10000, 0, 2000, '0.0%-2.0%', NULL, NULL, NULL, NULL, NULL, NULL, NULL, NULL, NULL, NULL, NULL, NULL, 'ACTIVE', '2016-09-15 21:31:06', 5, 1, 1, '2016-09-15 21:31:40'),
	(15, 1, 1, 14, 'RSU', 'RSU', 25, 0, 0, NULL, 'Y', 0, NULL, 1, NULL, 0, 0, NULL, 1000, 500, '2019-01-01', '2018-11-01', NULL, 12, 48, NULL, 50000, NULL, 10000, 0, 2000, '0.0%-2.0%', NULL, NULL, NULL, NULL, NULL, NULL, NULL, NULL, NULL, NULL, NULL, NULL, 'ACTIVE', '2016-09-15 21:31:06', 5, 1, 1, '2016-09-15 21:31:40'),
	(16, 1, 1, 15, 'RSU', 'RSU', 25, 0, 0, NULL, 'Y', 0, NULL, 1, NULL, 0, 0, NULL, 1000, 500, '2019-01-01', '2018-11-01', NULL, 12, 48, NULL, 50000, NULL, 10000, 0, 2000, '0.0%-2.0%', NULL, NULL, NULL, NULL, NULL, NULL, NULL, NULL, NULL, NULL, NULL, NULL, 'ACTIVE', '2016-09-15 21:31:06', 5, 1, 1, '2016-09-15 21:31:40'),
	(17, 1, 1, 7, 'RSU', 'RSU', 25, 0, 0, NULL, 'Y', 0, NULL, 1, NULL, 0, 0, NULL, 1000, 500, '2019-01-01', '2018-11-01', NULL, 12, 48, NULL, 50000, NULL, 10000, 0, 2000, '0.0%-2.0%', NULL, NULL, NULL, NULL, NULL, NULL, NULL, NULL, NULL, NULL, NULL, NULL, 'ACTIVE', '2016-09-15 21:31:06', 5, 1, 1, '2016-09-15 21:31:40'),
	(18, 1, 1, 1, 'RSU', 'RSU', 25, 0, 0, NULL, 'Y', 0, NULL, 1, NULL, 2500, 100, NULL, 1000, 500, '2019-01-01', '2018-11-01', NULL, 12, 48, NULL, 50000, NULL, 10000, 0, 2000, '0.0%-2.0%', NULL, NULL, NULL, NULL, NULL, NULL, NULL, NULL, NULL, NULL, NULL, NULL, 'ACTIVE', '2016-08-26 22:15:54', 6, 1, 1, '2016-08-26 22:15:43'),
	(19, 1, 1, 2, 'RSU', 'RSU', 25, 0, 0, NULL, 'Y', 0, NULL, 1, NULL, 0, 0, NULL, 1000, 500, '2019-01-01', '2018-11-01', NULL, 12, 48, NULL, 50000, NULL, 10000, 0, 2000, '0.0%-2.0%', NULL, NULL, NULL, NULL, NULL, NULL, NULL, NULL, NULL, NULL, NULL, NULL, 'ACTIVE', '2016-09-15 21:31:06', 6, 1, 1, '2016-09-15 21:31:40'),
	(20, 1, 1, 3, 'RSU', 'RSU', 25, 0, 0, NULL, 'Y', 0, NULL, 1, NULL, 0, 0, NULL, 1000, 500, '2019-01-01', '2018-11-01', NULL, 12, 48, NULL, 50000, NULL, 10000, 0, 2000, '0.0%-2.0%', NULL, NULL, NULL, NULL, NULL, NULL, NULL, NULL, NULL, NULL, NULL, NULL, 'ACTIVE', '2016-09-15 21:31:06', 6, 1, 1, '2016-09-15 21:31:40'),
	(21, 1, 1, 4, 'RSU', 'RSU', 25, 0, 0, NULL, 'Y', 0, NULL, 1, NULL, 0, 0, NULL, 1000, 500, '2019-01-01', '2018-11-01', NULL, 12, 48, NULL, 50000, NULL, 10000, 0, 2000, '0.0%-2.0%', NULL, NULL, NULL, NULL, NULL, NULL, NULL, NULL, NULL, NULL, NULL, NULL, 'ACTIVE', '2016-09-15 21:31:06', 6, 1, 1, '2016-09-15 21:31:40'),
	(22, 1, 1, 5, 'RSU', 'RSU', 25, 0, 0, NULL, 'Y', 0, NULL, 1, NULL, 250, 10, NULL, 1000, 500, '2019-01-01', '2018-11-01', NULL, 12, 48, NULL, 50000, NULL, 10000, 0, 2000, '0.0%-2.0%', NULL, NULL, NULL, NULL, NULL, NULL, NULL, NULL, NULL, NULL, NULL, NULL, 'ACTIVE', '2016-09-15 21:25:40', 6, 1, 1, '2016-09-15 21:26:20'),
	(23, 1, 1, 6, 'RSU', 'RSU', 25, 0, 0, NULL, 'Y', 0, NULL, 1, NULL, 0, 0, NULL, 1000, 500, '2019-01-01', '2018-11-01', NULL, 12, 48, NULL, 50000, NULL, 10000, 0, 2000, '0.0%-2.0%', NULL, NULL, NULL, NULL, NULL, NULL, NULL, NULL, NULL, NULL, NULL, NULL, 'ACTIVE', '2016-09-15 21:31:06', 6, 1, 1, '2016-09-15 21:31:40'),
	(24, 1, 1, 7, 'RSU', 'RSU', 25, 0, 0, NULL, 'Y', 0, NULL, 1, NULL, 0, 0, NULL, 1000, 500, '2019-01-01', '2018-11-01', NULL, 12, 48, NULL, 50000, NULL, 10000, 0, 2000, '0.0%-2.0%', NULL, NULL, NULL, NULL, NULL, NULL, NULL, NULL, NULL, NULL, NULL, NULL, 'ACTIVE', '2016-09-15 21:31:06', 6, 1, 1, '2016-09-15 21:31:40'),
	(25, 1, 1, 8, 'RSU', 'RSU', 25, 0, 0, NULL, 'Y', 0, NULL, 1, NULL, 0, 0, NULL, 1000, 500, '2019-01-01', '2018-11-01', NULL, 12, 48, NULL, 50000, NULL, 10000, 0, 2000, '0.0%-2.0%', NULL, NULL, NULL, NULL, NULL, NULL, NULL, NULL, NULL, NULL, NULL, NULL, 'ACTIVE', '2016-09-15 21:31:06', 6, 1, 1, '2016-09-15 21:31:40'),
	(26, 1, 1, 9, 'RSU', 'RSU', 25, 0, 0, NULL, 'Y', 0, NULL, 1, NULL, 0, 0, NULL, 1000, 500, '2019-01-01', '2018-11-01', NULL, 12, 48, NULL, 50000, NULL, 10000, 0, 2000, '0.0%-2.0%', NULL, NULL, NULL, NULL, NULL, NULL, NULL, NULL, NULL, NULL, NULL, NULL, 'ACTIVE', '2016-09-15 21:31:06', 6, 1, 1, '2016-09-15 21:31:40'),
	(27, 1, 1, 10, 'RSU', 'RSU', 25, 0, 0, NULL, 'Y', 0, NULL, 1, NULL, 0, 0, NULL, 1000, 500, '2019-01-01', '2018-11-01', NULL, 12, 48, NULL, 50000, NULL, 10000, 0, 2000, '0.0%-2.0%', NULL, NULL, NULL, NULL, NULL, NULL, NULL, NULL, NULL, NULL, NULL, NULL, 'ACTIVE', '2016-09-15 21:31:06', 6, 1, 1, '2016-09-15 21:31:40'),
	(28, 1, 1, 11, 'RSU', 'RSU', 25, 0, 0, NULL, 'Y', 0, NULL, 1, NULL, 0, 0, NULL, 1000, 500, '2019-01-01', '2018-11-01', NULL, 12, 48, NULL, 50000, NULL, 10000, 0, 2000, '0.0%-2.0%', NULL, NULL, NULL, NULL, NULL, NULL, NULL, NULL, NULL, NULL, NULL, NULL, 'ACTIVE', '2016-09-15 21:31:06', 6, 1, 1, '2016-09-15 21:31:40'),
	(29, 1, 1, 12, 'RSU', 'RSU', 25, 0, 0, NULL, 'Y', 0, NULL, 1, NULL, 0, 0, NULL, 1000, 500, '2019-01-01', '2018-11-01', NULL, 12, 48, NULL, 50000, NULL, 10000, 0, 2000, '0.0%-2.0%', NULL, NULL, NULL, NULL, NULL, NULL, NULL, NULL, NULL, NULL, NULL, NULL, 'ACTIVE', '2016-09-15 21:31:06', 6, 1, 1, '2016-09-15 21:31:40'),
	(30, 1, 1, 13, 'RSU', 'RSU', 25, 0, 0, NULL, 'Y', 0, NULL, 1, NULL, 0, 0, NULL, 1000, 500, '2019-01-01', '2018-11-01', NULL, 12, 48, NULL, 50000, NULL, 10000, 0, 2000, '0.0%-2.0%', NULL, NULL, NULL, NULL, NULL, NULL, NULL, NULL, NULL, NULL, NULL, NULL, 'ACTIVE', '2016-09-15 21:31:06', 6, 1, 1, '2016-09-15 21:31:40'),
	(31, 1, 1, 14, 'RSU', 'RSU', 25, 0, 0, NULL, 'Y', 0, NULL, 1, NULL, 0, 0, NULL, 1000, 500, '2019-01-01', '2018-11-01', NULL, 12, 48, NULL, 50000, NULL, 10000, 0, 2000, '0.0%-2.0%', NULL, NULL, NULL, NULL, NULL, NULL, NULL, NULL, NULL, NULL, NULL, NULL, 'ACTIVE', '2016-09-15 21:31:06', 6, 1, 1, '2016-09-15 21:31:40'),
	(32, 1, 1, 15, 'RSU', 'RSU', 25, 0, 0, NULL, 'Y', 0, NULL, 1, NULL, 0, 0, NULL, 1000, 500, '2019-01-01', '2018-11-01', NULL, 12, 48, NULL, 50000, NULL, 10000, 0, 2000, '0.0%-2.0%', NULL, NULL, NULL, NULL, NULL, NULL, NULL, NULL, NULL, NULL, NULL, NULL, 'ACTIVE', '2016-09-15 21:31:06', 6, 1, 1, '2016-09-15 21:31:40'),
	(33, 1, 1, 16, 'RSU', 'RSU', 25, 0, 0, NULL, 'Y', 0, NULL, 1, NULL, 0, 0, NULL, 1000, 500, '2019-01-01', '2018-11-01', NULL, 12, 48, NULL, 50000, NULL, 10000, 0, 2000, '0.0%-2.0%', NULL, NULL, NULL, NULL, NULL, NULL, NULL, NULL, NULL, NULL, NULL, NULL, 'ACTIVE', '2016-09-15 21:31:06', 6, 1, 1, '2016-09-15 21:31:40'),
	(34, 1, 1, 17, 'RSU', 'RSU', 25, 0, 0, NULL, 'Y', 0, NULL, 1, NULL, 0, 0, NULL, 1000, 500, '2019-01-01', '2018-11-01', NULL, 12, 48, NULL, 50000, NULL, 10000, 0, 2000, '0.0%-2.0%', NULL, NULL, NULL, NULL, NULL, NULL, NULL, NULL, NULL, NULL, NULL, NULL, 'ACTIVE', '2016-09-15 21:31:06', 6, 1, 1, '2016-09-15 21:31:40'),
	(35, 1, 1, 18, 'RSU', 'RSU', 25, 0, 0, NULL, 'Y', 0, NULL, 1, NULL, 0, 0, NULL, 1000, 500, '2019-01-01', '2018-11-01', NULL, 12, 48, NULL, 50000, NULL, 10000, 0, 2000, '0.0%-2.0%', NULL, NULL, NULL, NULL, NULL, NULL, NULL, NULL, NULL, NULL, NULL, NULL, 'ACTIVE', '2016-09-15 21:31:06', 6, 1, 1, '2016-09-15 21:31:40'),
	(36, 1, 1, 16, 'RSU', 'RSU', 25, 0, 0, NULL, 'Y', 0, NULL, 1, NULL, 0, 0, NULL, 1000, 500, '2019-01-01', '2018-11-01', NULL, 12, 48, NULL, 50000, NULL, 10000, 0, 2000, '0.0%-2.0%', NULL, NULL, NULL, NULL, NULL, NULL, NULL, NULL, NULL, NULL, NULL, NULL, 'ACTIVE', '2016-09-15 21:31:06', 5, 1, 1, '2016-09-15 21:31:40'),
	(37, 1, 1, 17, 'RSU', 'RSU', 25, 0, 0, NULL, 'Y', 0, NULL, 1, NULL, 0, 0, NULL, 1000, 500, '2019-01-01', '2018-11-01', NULL, 12, 48, NULL, 50000, NULL, 10000, 0, 2000, '0.0%-2.0%', NULL, NULL, NULL, NULL, NULL, NULL, NULL, NULL, NULL, NULL, NULL, NULL, 'ACTIVE', '2016-09-15 21:31:06', 5, 1, 1, '2016-09-15 21:31:40'),
	(38, 1, 1, 18, 'RSU', 'RSU', 25, 0, 0, NULL, 'Y', 0, NULL, 1, NULL, 0, 0, NULL, 1000, 500, '2019-01-01', '2018-11-01', NULL, 12, 48, NULL, 50000, NULL, 10000, 0, 2000, '0.0%-2.0%', NULL, NULL, NULL, NULL, NULL, NULL, NULL, NULL, NULL, NULL, NULL, NULL, 'ACTIVE', '2016-09-15 21:31:06', 5, 1, 1, '2016-09-15 21:31:40'),
	(39, 1, 1, 19, 'RSU', 'RSU', 25, 0, 0, NULL, 'Y', 0, NULL, 1, NULL, 0, 0, NULL, 1000, 500, '2019-01-01', '2018-11-01', NULL, 12, 48, NULL, 50000, NULL, 10000, 0, 2000, '0.0%-2.0%', NULL, NULL, NULL, NULL, NULL, NULL, NULL, NULL, NULL, NULL, NULL, NULL, 'ACTIVE', '2016-09-15 21:31:06', 6, 1, 1, '2016-09-15 21:31:40'),
	(40, 1, 1, 19, 'RSU', 'RSU', 25, 0, 0, NULL, 'Y', 0, NULL, 1, NULL, 0, 0, NULL, 1000, 500, '2019-01-01', '2018-11-01', NULL, 12, 48, NULL, 50000, NULL, 10000, 0, 2000, '0.0%-2.0%', NULL, NULL, NULL, NULL, NULL, NULL, NULL, NULL, NULL, NULL, NULL, NULL, 'ACTIVE', '2016-09-15 21:31:06', 5, 1, 1, '2016-09-15 21:31:40');
/*!40000 ALTER TABLE `stock_master` ENABLE KEYS */;

-- Dumping data for table compcloud.template_location: ~17 rows (approximately)
/*!40000 ALTER TABLE `template_location` DISABLE KEYS */;
INSERT INTO `template_location` (`TEMPLATE_LOCATION_ID`, `LOCATION_NAME`, `STATUS`, `STATUS_TLM`, `LAST_UPDATED`) VALUES
	(1, 'Planning Budget', 'ACTIVE', '2018-01-10 13:44:15', '2018-01-10 21:12:17'),
	(2, 'Employee Analytics', 'ACTIVE', '2018-02-04 11:16:47', '2018-02-04 11:16:48'),
	(3, 'PM Lite', 'ACTIVE', '2018-01-10 13:44:15', '2018-01-10 13:44:16'),
	(4, 'Salary Counter', 'ACTIVE', '2018-03-05 17:37:58', '2018-03-05 17:37:59'),
	(5, 'Dashboard View', 'ACTIVE', '2018-03-12 11:17:32', '2018-03-12 11:17:33'),
	(6, 'Budget Grid', 'ACTIVE', '2018-03-12 11:17:32', '2018-03-12 11:17:33'),
	(7, 'Budget Grid Footer', 'ACTIVE', '2018-03-12 11:17:32', '2019-09-23 09:24:07'),
	(8, 'Employee Analytics Filter', 'ACTIVE', '2018-03-12 11:17:32', '2019-09-23 09:24:03'),
	(9, 'Manage Comp Budget Grid', 'ACTIVE', '2018-03-12 11:17:32', '2019-09-23 09:24:03'),
	(10, 'Manage Comp Planning Grid', 'ACTIVE', '2018-03-12 11:17:32', '2019-09-23 09:24:03'),
	(11, 'Employee Prehire Filter', 'ACTIVE', '2018-03-12 11:17:32', '2019-09-23 09:24:03'),
	(12, 'Employee Group Search', 'ACTIVE', '2020-07-01 09:59:21', '2020-07-01 09:59:22'),
	(13, 'Login Access', 'ACTIVE', '2020-07-01 09:59:21', '2020-07-01 09:59:22'),
	(17, 'Change Management Employee', 'ACTIVE', '2020-07-01 09:59:21', '2020-07-01 09:59:22'),
	(18, 'Change Management Budget', 'ACTIVE', '2020-07-01 09:59:21', '2020-07-01 09:59:22'),
	(19, 'Pay Equity Filter', 'ACTIVE', '2020-07-01 09:59:21', '2020-07-01 09:59:22'),
	(20, 'Employee Analytics Gauge', 'ACTIVE', '2020-07-01 09:59:21', '2020-07-01 09:59:22');
/*!40000 ALTER TABLE `template_location` ENABLE KEYS */;

-- Dumping data for table compcloud.template_tab_visibility_rule_mapper: ~0 rows (approximately)
/*!40000 ALTER TABLE `template_tab_visibility_rule_mapper` DISABLE KEYS */;
/*!40000 ALTER TABLE `template_tab_visibility_rule_mapper` ENABLE KEYS */;

-- Dumping data for table compcloud.tenant: ~0 rows (approximately)
/*!40000 ALTER TABLE `tenant` DISABLE KEYS */;
INSERT INTO `tenant` (`TENANT_ID`, `TENANT_NAME`, `DISPLAY_NAME`, `TENANT_DESC`, `TENANT_DOMAIN`, `TENANT_IDENTIFIER`, `TENANT_KEY`, `SCHEMA_NAME`, `DATABASE_NAME`, `DATASOURCE_NAME`, `START_DATE`, `END_DATE`, `EFFECTIVEDATE`, `STATUS`, `STATUS_TLM`, `CREATED_DATE`, `CREATED_BY`, `LAST_UPDATE`) VALUES
	(1, 'demo', 'demo', 'demo', NULL, NULL, NULL, NULL, NULL, NULL, NULL, NULL, NULL, 'ACTIVE', '2016-08-06 12:51:58', '2016-08-26', 13, '2019-08-01 20:11:27');
/*!40000 ALTER TABLE `tenant` ENABLE KEYS */;

-- Dumping data for table compcloud.tt: 0 rows
/*!40000 ALTER TABLE `tt` DISABLE KEYS */;
/*!40000 ALTER TABLE `tt` ENABLE KEYS */;

-- Dumping data for table compcloud.upload_request: ~0 rows (approximately)
/*!40000 ALTER TABLE `upload_request` DISABLE KEYS */;
/*!40000 ALTER TABLE `upload_request` ENABLE KEYS */;

-- Dumping data for table compcloud.upload_request_detail: ~0 rows (approximately)
/*!40000 ALTER TABLE `upload_request_detail` DISABLE KEYS */;
/*!40000 ALTER TABLE `upload_request_detail` ENABLE KEYS */;

-- Dumping data for table compcloud.upload_type_registry: ~0 rows (approximately)
/*!40000 ALTER TABLE `upload_type_registry` DISABLE KEYS */;
/*!40000 ALTER TABLE `upload_type_registry` ENABLE KEYS */;

-- Dumping data for table compcloud.user_defined_properties: ~6 rows (approximately)
/*!40000 ALTER TABLE `user_defined_properties` DISABLE KEYS */;
INSERT INTO `user_defined_properties` (`USER_DEFINED_PROPERTIES_ID`, `ORG_ID`, `TENANT_ID`, `NAME`, `DESCRIPTION`, `STATUS`, `STATUS_TLM`, `LAST_UPDATED`) VALUES
	(1, 1, 1, 'Gym Reim', 'Gym Reim', 'ACTIVE', '2018-08-14 08:52:32', '2018-11-12 15:09:37'),
	(2, 1, 1, '401K Match', '401K Match', 'ACTIVE', '2018-08-14 08:52:32', '2018-11-12 15:09:25'),
	(3, 1, 1, 'Health Premium', 'Health Amount', 'ACTIVE', '2018-08-14 08:52:32', '2018-11-12 15:08:58'),
	(4, 1, 1, 'Food ', 'Communication Amount', 'INACTIVE', '2018-08-14 12:08:26', '2018-11-12 15:11:23'),
	(5, 1, 1, 'Food', 'Food Allowence Amount', 'ACTIVE', '2018-08-14 12:08:59', '2018-11-12 15:11:41'),
	(6, 1, 1, 'Commute Allowence', 'Commute Allowence Amount', 'ACTIVE', '2018-08-14 12:08:59', '2018-11-12 15:10:09');
/*!40000 ALTER TABLE `user_defined_properties` ENABLE KEYS */;

-- Dumping data for table compcloud.user_defined_property_details: ~17 rows (approximately)
/*!40000 ALTER TABLE `user_defined_property_details` DISABLE KEYS */;
INSERT INTO `user_defined_property_details` (`USER_DEFINED_PROPERTY_DETAILS_ID`, `ORG_ID`, `TENANT_ID`, `EMPLOYEE_MASTER_ID`, `USER_DEFINED_PROPERTIES_ID`, `PROPERTY_VALUE`, `STATUS`, `STATUS_TLM`, `LAST_UPDATED`) VALUES
	(1, 1, 1, 1, 1, '890', 'ACTIVE', '2018-08-14 09:13:47', '2018-08-14 22:41:13'),
	(2, 1, 1, 1, 2, '320', 'ACTIVE', '2018-08-14 09:13:47', '2018-08-14 22:41:13'),
	(3, 1, 1, 1, 3, '6645', 'ACTIVE', '2018-08-14 09:13:47', '2018-08-14 22:41:13'),
	(4, 1, 1, 1, 4, '440', 'ACTIVE', '2018-08-14 09:13:47', '2018-08-14 22:41:13'),
	(6, 1, 1, 1, 6, '120', 'ACTIVE', '2018-08-14 09:13:47', '2018-08-14 22:41:13'),
	(7, 1, 1, 2, 1, '89', 'ACTIVE', '2018-08-14 09:13:47', '2018-08-14 22:41:13'),
	(8, 1, 1, 2, 2, '220', 'ACTIVE', '2018-08-14 09:13:47', '2018-08-14 22:41:13'),
	(9, 1, 1, 2, 3, '6645', 'ACTIVE', '2018-08-14 09:13:47', '2018-08-14 22:41:13'),
	(10, 1, 1, 2, 4, '420', 'ACTIVE', '2018-08-14 09:13:47', '2018-08-14 22:41:13'),
	(11, 1, 1, 2, 5, '12000', 'ACTIVE', '2018-08-14 09:13:47', '2018-08-14 22:41:13'),
	(12, 1, 1, 2, 6, '120', 'ACTIVE', '2018-08-14 09:13:47', '2018-08-14 22:41:13'),
	(13, 1, 1, 8, 1, '89', 'ACTIVE', '2018-08-14 09:13:47', '2018-08-14 22:41:13'),
	(14, 1, 1, 8, 2, '220', 'ACTIVE', '2018-08-14 09:13:47', '2018-08-14 22:41:13'),
	(15, 1, 1, 8, 3, '6645', 'ACTIVE', '2018-08-14 09:13:47', '2018-08-14 22:41:13'),
	(16, 1, 1, 8, 4, '420', 'ACTIVE', '2018-08-14 09:13:47', '2018-08-14 22:41:13'),
	(18, 1, 1, 8, 6, '120', 'ACTIVE', '2018-08-14 09:13:47', '2018-08-14 22:41:13'),
	(19, 1, 1, 1, 5, '100', 'ACTIVE', '2019-04-06 23:57:35', '2019-04-06 23:57:35');
/*!40000 ALTER TABLE `user_defined_property_details` ENABLE KEYS */;

-- Dumping data for table compcloud.user_notification: ~23 rows (approximately)
/*!40000 ALTER TABLE `user_notification` DISABLE KEYS */;
INSERT INTO `user_notification` (`NOTIFICATION_ID`, `ORG_ID`, `TENANT_ID`, `SENDER`, `RECEIVER`, `DESCRIPTION`, `STATUS`, `NOTIFICATION_TYPE`, `SEEN`, `STATUS_TLM`, `WHEN_CREATED`, `TLM`) VALUES
	(1, 1, 1, 12, 12, 'Budget submitted for approval', 'ACTIVE', 'SUBMITTED_FOR_APPROVAL', b'0', '2020-08-27 22:55:56', '2020-08-27 22:55:56', '2020-08-27 22:55:55'),
	(2, 1, 1, 13, 1, 'Emma lee approved Jenny farad', 'ACTIVE', 'BUDGET_APPROVED', b'0', '2020-08-27 22:59:12', '2020-08-27 22:59:12', '2021-02-13 17:40:29'),
	(3, 1, 1, 1, 13, 'emma rejects Jenny', 'ACTIVE', 'BUDGET_REJECTED', b'1', '2020-08-27 23:00:32', '2020-08-27 23:00:32', '2021-02-13 17:40:35'),
	(4, 1, 1, 12, 12, 'Budget submitted for approval', 'ACTIVE', 'SUBMITTED_FOR_APPROVAL', b'0', '2020-08-27 23:02:01', '2020-08-27 23:02:01', '2020-08-27 23:02:00'),
	(7, 1, 1, 12, 12, 'Budget submitted for approval', 'ACTIVE', 'SUBMITTED_FOR_APPROVAL', b'0', '2020-09-18 23:07:29', '2020-09-18 23:07:29', '2020-09-18 23:07:29'),
	(8, 1, 1, 5, 5, 'Budget submitted for approval', 'ACTIVE', 'SUBMITTED_FOR_APPROVAL', b'0', '2020-09-19 17:33:15', '2020-09-19 17:33:15', '2020-09-19 17:33:15'),
	(9, 1, 1, 13, 5, 'test rejection for mike', 'ACTIVE', 'BUDGET_REJECTED', b'0', '2020-09-19 17:35:26', '2020-09-19 17:35:26', '2020-09-19 17:35:26'),
	(10, 1, 1, 5, 5, 'Budget submitted for approval', 'ACTIVE', 'SUBMITTED_FOR_APPROVAL', b'0', '2020-09-20 20:11:17', '2020-09-20 20:11:17', '2020-09-20 20:11:17'),
	(11, 1, 1, 18, 17, 'Budget submitted for approval', 'ACTIVE', 'SUBMITTED_FOR_APPROVAL', b'1', '2020-12-20 17:45:42', '2020-12-20 17:45:42', '2020-12-20 17:45:42'),
	(12, 1, 1, 12, 11, 'Budget submitted for approval', 'ACTIVE', 'SUBMITTED_FOR_APPROVAL', b'0', '2020-12-28 10:13:30', '2020-12-28 10:13:30', '2020-12-28 10:13:30'),
	(13, 1, 1, 11, 12, 'Budget approved : sadsad', 'ACTIVE', 'BUDGET_APPROVED', b'0', '2020-12-28 10:13:56', '2020-12-28 10:13:56', '2020-12-28 10:13:56'),
	(14, 1, 1, 11, 10, 'Budget submitted for approval', 'ACTIVE', 'SUBMITTED_FOR_APPROVAL', b'0', '2020-12-28 10:14:40', '2020-12-28 10:14:40', '2020-12-28 10:14:40'),
	(15, 1, 1, 10, 11, 'Budget approved : sdsad', 'ACTIVE', 'BUDGET_APPROVED', b'0', '2020-12-28 10:26:46', '2020-12-28 10:26:46', '2020-12-28 10:26:46'),
	(16, 1, 1, 10, 8, 'Budget submitted for approval', 'ACTIVE', 'SUBMITTED_FOR_APPROVAL', b'0', '2020-12-28 10:26:50', '2020-12-28 10:26:50', '2020-12-28 10:26:50'),
	(17, 1, 1, 8, 10, 'Budget approved : asdsad', 'ACTIVE', 'BUDGET_APPROVED', b'0', '2020-12-28 10:44:56', '2020-12-28 10:44:56', '2020-12-28 10:44:56'),
	(18, 1, 1, 8, 13, 'Budget submitted for approval', 'ACTIVE', 'SUBMITTED_FOR_APPROVAL', b'1', '2020-12-28 10:45:08', '2020-12-28 10:45:08', '2020-12-28 10:45:08'),
	(19, 1, 1, 12, 11, 'Budget submitted for approval', 'ACTIVE', 'SUBMITTED_FOR_APPROVAL', b'0', '2020-12-28 13:33:13', '2020-12-28 13:33:13', '2020-12-28 13:33:13'),
	(20, 1, 1, 11, 12, 'Budget approved : dfd', 'ACTIVE', 'BUDGET_APPROVED', b'0', '2020-12-28 13:33:47', '2020-12-28 13:33:47', '2020-12-28 13:33:47'),
	(21, 1, 1, 11, 10, 'Budget submitted for approval', 'ACTIVE', 'SUBMITTED_FOR_APPROVAL', b'0', '2020-12-28 13:33:51', '2020-12-28 13:33:51', '2020-12-28 13:33:51'),
	(22, 1, 1, 10, 11, 'Budget approved : sdad', 'ACTIVE', 'BUDGET_APPROVED', b'0', '2020-12-28 13:34:30', '2020-12-28 13:34:30', '2020-12-28 13:34:30'),
	(23, 1, 1, 10, 8, 'Budget submitted for approval', 'ACTIVE', 'SUBMITTED_FOR_APPROVAL', b'0', '2020-12-28 13:34:49', '2020-12-28 13:34:49', '2020-12-28 13:34:49'),
	(24, 1, 1, 1, 13, 'submitted budget for approval', 'ACTIVE', 'SUBMITTED_FOR_APPROVAL', b'1', '2021-03-03 17:55:34', '2021-03-03 17:55:34', '2021-03-03 17:55:34'),
	(25, 1, 1, 13, 1, 'test', 'ACTIVE', 'BUDGET_REJECTED', b'0', '2021-03-21 21:06:12', '2021-03-21 21:06:12', '2021-03-21 21:06:12');
/*!40000 ALTER TABLE `user_notification` ENABLE KEYS */;

-- Dumping data for table compcloud.validation: ~63 rows (approximately)
/*!40000 ALTER TABLE `validation` DISABLE KEYS */;
INSERT INTO `validation` (`VALIDATION_ID`, `ORG_ID`, `TENANT_ID`, `MODEL_NAME`, `TEMPLATE`, `STATUS`, `STATUS_TLM`, `TLM`) VALUES
	(1, 1, 1, 'login', '{\n  "$schema": "http://json-schema.org/draft-04/schema#",\n  "title": "login",\n  "description": "login validation model",\n  "type": "object",\n  "properties": {\n    "userName": {\n      "description": "user name of user",\n      "type": "string",\n      "minLength": 6,\n      "maxLength": 255,\n      "pattern": "^[a-z0-9]+(\\\\.[_a-z0-9]+)*@[a-z0-9-]+(\\\\.[a-z0-9-]+)*(\\\\.[a-z]{2,3})$"\n    },\n    "password": {\n      "description": "password of user",\n      "type": "string",\n      "minLength": 6,\n      "maxLength": 10,\n      "pattern": "^[a-zA-Z0-9]{6,10}$"\n    }\n  },\n  "required": [\n    "userName",\n    "password"\n  ]\n}', 'ACTIVE', '2018-03-23 10:56:46', '2018-06-13 22:25:55'),
	(2, 1, 1, 'jobFamily', '{\r\n  "$schema": "http://json-schema.org/draft-04/schema#",\r\n  "title": "job family",\r\n  "description": "job family validation model",\r\n  "type": "object",\r\n  "properties": {\r\n    "name": {\r\n      "description": "name of job family",\r\n      "type": "string",\r\n      "minLength": 1,\r\n      "maxLength": 50,\r\n      "pattern": "^[ A-Za-z0-9_@./#&+-]{1,50}$"\r\n    },\r\n    "description": {\r\n      "description": "description of job family",\r\n      "type": "string",\r\n      "minLength": 1,\r\n      "maxLength": 100,\r\n      "pattern": "^[ A-Za-z0-9_@./#&+-]{1,100}$"\r\n    },\r\n    "code": {\r\n      "description": "code of job family",\r\n      "type": "string",\r\n      "minLength": 1,\r\n      "maxLength": 15,\r\n      "pattern": "^[ A-Za-z0-9_@./#&+-]{1,15}$"\r\n    }\r\n  },\r\n  "required": [\r\n    "name"\r\n  ],\r\n  "definitions": {\r\n    "encId": {\r\n      "type": "string",\r\n      "minLength": 8\r\n    }\r\n  }\r\n}', 'ACTIVE', '2018-03-23 10:56:46', '2019-07-24 18:40:39'),
	(4, 1, 1, 'jobRole', '{\r\n  "$schema": "http://json-schema.org/draft-04/schema#",\r\n  "title": "job role",\r\n  "description": "job role validation model",\r\n  "type": "object",\r\n  "properties": {\r\n    "name": {\r\n      "description": "name of job role",\r\n      "type": "string",\r\n      "minLength": 3,\r\n      "maxLength": 50,\r\n      "pattern": "^[-_ a-zA-Z0-9]{3,50}$"\r\n    },\r\n    "description": {\r\n      "description": "description of job role",\r\n      "type": "string",\r\n      "minLength": 3,\r\n      "maxLength": 100,\r\n      "pattern": "^[-_ a-zA-Z0-9]{3,100}$"\r\n    },\r\n    "code": {\r\n      "description": "code of job role",\r\n      "type": "string",\r\n      "minLength": 2,\r\n      "maxLength": 15,\r\n      "pattern": "^[-_ a-zA-Z0-9]{2,15}$"\r\n    },\r\n    "jobTypes": {\r\n      "$ref": "#/definitions/JobTypes"\r\n    }\r\n  },\r\n  "required": [\r\n    "name",\r\n    "description",\r\n    "code"\r\n  ],\r\n  "definitions": {\r\n    "encId": {\r\n      "type": "string",\r\n      "minLength": 8\r\n    },\r\n    "JobTypes": {\r\n      "type": "object",\r\n      "properties": {\r\n        "id": {\r\n          "$ref": "#/definitions/encId"\r\n        },\r\n        "name": {\r\n          "description": "Name of job",\r\n          "type": "string",\r\n          "minLength": 3,\r\n          "maxLength": 50,\r\n          "pattern": "^[-_ a-zA-Z0-9]{3,50}$"\r\n        }\r\n      }\r\n    }\r\n  }\r\n}', 'ACTIVE', '2018-03-23 10:56:46', '2018-04-19 20:24:28'),
	(6, 1, 1, 'jobGrade', '{\r\n  "$schema": "http://json-schema.org/draft-04/schema#",\r\n  "title": "job grade",\r\n  "description": "job grade validation model",\r\n  "type": "object",\r\n  "properties": {\r\n    "name": {\r\n      "description": "name of job grade",\r\n      "type": "string",\r\n      "minLength": 3,\r\n      "maxLength": 50,\r\n      "pattern": "^[-_ a-zA-Z0-9]{3,50}$"\r\n    },\r\n    "description": {\r\n      "description": "description of job grade",\r\n      "type": "string",\r\n      "minLength": 3,\r\n      "maxLength": 100,\r\n      "pattern": "^[-_ a-zA-Z0-9]{3,100}$"\r\n    },\r\n    "code": {\r\n      "description": "code of job grade",\r\n      "type": "string",\r\n      "minLength": 2,\r\n      "maxLength": 15,\r\n      "pattern": "^[-_ a-zA-Z0-9]{2,15}$"\r\n    },\r\n    "jobTypes": {\r\n      "$ref": "#/definitions/JobTypes"\r\n    }\r\n  },\r\n  "required": [\r\n    "name",\r\n    "description",\r\n    "code"\r\n  ],\r\n  "definitions": {\r\n    "encId": {\r\n      "type": "string",\r\n      "minLength": 8\r\n    },\r\n    "JobTypes": {\r\n      "type": "object",\r\n      "properties": {\r\n        "id": {\r\n          "$ref": "#/definitions/encId"\r\n        },\r\n        "name": {\r\n          "description": "Name of job",\r\n          "type": "string",\r\n          "minLength": 3,\r\n          "maxLength": 50,\r\n          "pattern": "^[-_ a-zA-Z0-9]{3,50}$"\r\n        }\r\n      }\r\n    }\r\n  }\r\n}', 'ACTIVE', '2018-03-23 10:56:46', '2018-04-19 20:24:39'),
	(7, 1, 1, 'jobLevel', '{\r\n  "$schema": "http://json-schema.org/draft-04/schema#",\r\n  "title": "job level",\r\n  "description": "job level validation model",\r\n  "type": "object",\r\n  "properties": {\r\n    "name": {\r\n      "description": "name of job level",\r\n      "type": "string",\r\n      "minLength": 1,\r\n      "maxLength": 50,\r\n      "pattern": "^[ A-Za-z0-9_@./#&+-]{1,50}$"\r\n    },\r\n    "description": {\r\n      "description": "description of job level",\r\n      "type": "string",\r\n      "minLength": 1,\r\n      "maxLength": 100,\r\n      "pattern": "^[ A-Za-z0-9_@./#&+-]{1,100}$"\r\n    },\r\n    "code": {\r\n      "description": "code of job level",\r\n      "type": "string",\r\n      "minLength": 1,\r\n      "maxLength": 15,\r\n      "pattern": "^[ A-Za-z0-9_@./#&+-]{1,15}$"\r\n    }\r\n  },\r\n  "required": [\r\n    "name"\r\n  ],\r\n  "definitions": {\r\n    "encId": {\r\n      "type": "string",\r\n      "minLength": 8\r\n    }\r\n  }\r\n}', 'ACTIVE', '2018-03-23 10:56:46', '2019-07-24 18:12:54'),
	(8, 1, 1, 'profileView', '{\n  "$schema": "http://json-schema.org/draft-04/schema#",\n  "title": "profile view",\n  "description": "profile view validation model",\n  "type": "object",\n  "properties": {\n    "name": {\n      "description": "name of profile view",\n      "type": "string",\n      "minLength": 3,\n      "maxLength": 50,\n      "pattern": "^[-_ a-zA-Z0-9]{3,50}$"\n    },\n    "description": {\n      "description": "description of profile view",\n      "type": "string",\n      "minLength": 3,\n      "maxLength": 100,\n      "pattern": "^[-_ a-zA-Z0-9]{3,100}$"\n    },\n    "isLoaded": {\n      "description": "loaded state of profile view",\n      "type": "boolean"\n    },\n    "templateRows": {\n      "description": "template rows of profile view",\n      "type": "array",\n      "minItems": 5,\n      "maxItems": 5,\n      "items": {\n        "type": "object",\n        "$ref": "#/definitions/templateRow"\n      }\n    },\n   "chageStatus": {\n      "description": "change status of profile view",\n      "type": "boolean"\n    }\n  },\n  "required": [\n    "name",\n    "description",\n    "isLoaded",\n    "templateRows"\n  ],\n  "definitions": {\n    "templateRow": {\n      "type": "object",\n      "properties": {\n        "id": {\n          "description": "template row index of profile view",\n          "type": "number",\n          "minimum": 0\n        },\n        "fields": {\n          "description": "template row field of profile view",\n          "type": "array",\n          "minItems": 0,\n          "maxItems": 5,\n          "items": {\n            "type": "object",\n            "$ref": "#/definitions/TemplateRowField"\n          }\n        }\n      }\n    },\n    "TemplateRowField": {\n      "type": "object",\n      "properties": {\n        "id": {\n          "description": "template row field id of profile view",\n          "type": "string",\n      "minLength": 8\n        },\n        "name": {\n          "description": "template row field name of profile view",\n          "type": "string"\n        }\n      }\n    }\n  }\n}', 'ACTIVE', '2018-03-23 10:56:46', '2018-10-11 15:33:43'),
	(10, 1, 1, 'customiseView', '{\n  "$schema": "http://json-schema.org/draft-04/schema#",\n  "title": "customise view",\n  "description": "customise view validation model",\n  "type": "object",\n  "properties": {\n    "name": {\n      "description": "name of customise view",\n      "type": "string",\n      "minLength": 3,\n      "maxLength": 50,\n      "pattern": "^[-_ a-zA-Z0-9]{3,50}$"\n    },\n    "description": {\n      "description": "description of customise view",\n      "type": "string",\n      "minLength": 3,\n      "maxLength": 100,\n      "pattern": "^[-_ a-zA-Z0-9]{3,100}$"\n    },\n    "isLoaded": {\n      "description": "loaded state of customise view",\n      "type": "boolean"\n    },\n    "templateRows": {\n      "description": "template rows of customise view",\n      "type": "array",\n      "minItems": 1,\n      "maxItems": 1,\n      "items": {\n        "type": "object",\n        "$ref": "#/definitions/templateRow"\n      }\n    },\n    "locationTypes": {\n      "$ref": "#/definitions/LocationTypes"\n    },\n   "chageStatus": {\n      "description": "change status of customise view",\n      "type": "boolean"\n    }\n  },\n  "required": [\n    "name",\n    "description",\n    "isLoaded",\n    "templateRows"\n  ],\n  "definitions": {\n   "encId": {\n      "type": "string",\n      "minLength": 8\n    },\n    "templateRow": {\n      "type": "object",\n      "properties": {\n        "id": {\n          "description": "template row index of customise view",\n          "type": "number",\n          "minimum": 0\n        },\n        "fields": {\n          "description": "template row field of customise view",\n          "type": "array",\n          "minItems": 0,\n          "maxItems": 10,\n          "items": {\n            "type": "object",\n            "$ref": "#/definitions/TemplateRowField"\n          }\n        }\n      }\n    },\n    "TemplateRowField": {\n      "type": "object",\n      "properties": {\n        "id": {\n          "description": "template row field id of customise view",\n          "type": "string",\n          "minLength": 8\n        },\n        "name": {\n          "description": "template row field name of customise view",\n          "type": "string"\n        }\n      }\n    },\n    "LocationTypes": {\n      "type": "object",\n      "properties": {\n        "id": {\n          "$ref": "#/definitions/encId"\n        },\n        "name": {\n          "description": "Name of template location",\n          "type": "string",\n          "minLength": 2,\n          "maxLength": 30,\n          "pattern": "^[-_ a-zA-Z0-9]{3,50}$"\n        }\n      }\n    }\n  }\n}', 'ACTIVE', '2018-03-23 10:56:46', '2018-10-12 19:18:58'),
	(12, 1, 1, 'audit', '{\n  "$schema": "http://json-schema.org/draft-04/schema#",\n  "title": "audit",\n  "description": "audit validation model",\n  "type": "object",\n  "properties": {\n    "name": {\n      "description": "name of audit",\n      "type": "string",\n      "minLength": 3,\n      "maxLength": 50,\n      "pattern": "^[-_ a-zA-Z0-9]{3,50}$"\n    },\n    "description": {\n      "description": "description of audit",\n      "type": "string",\n      "minLength": 3,\n      "maxLength": 100,\n      "pattern": "^[-_ a-zA-Z0-9]{3,100}$"\n    }\n  },\n  "required": [\n    "name",\n    "description"\n  ]\n}', 'ACTIVE', '2018-03-23 10:56:46', '2018-04-15 18:34:08'),
	(14, 1, 1, 'performanceRating', '{\n  "$schema": "http://json-schema.org/draft-04/schema#",\n  "title": "performance rating",\n  "description": "performance rating validation model",\n  "type": "object",\n  "properties": {\n    "name": {\n      "description": "name of performance rating",\n      "type": "string",\n      "minLength": 1,\n      "maxLength": 50,\n      "pattern": "^[ A-Za-z0-9_@./#&+-]{1,50}$"\n    },\n    "code": {\n      "description": "code of performance rating",\n      "type": "string",\n      "minLength": 1,\n      "maxLength": 15,\n      "pattern": "^[ A-Za-z0-9_@./#&+-]{1,15}$"\n    }\n  },\n  "required": [\n    "name"\n  ]\n}', 'ACTIVE', '2018-03-23 10:56:46', '2019-07-24 18:16:27'),
	(15, 1, 1, 'compensationType', '{\r\n  "$schema": "http://json-schema.org/draft-04/schema#",\r\n  "title": "compensation type",\r\n  "description": "compensation type validation model",\r\n  "type": "object",\r\n  "properties": {\r\n    "name": {\r\n      "description": "name of compensation type",\r\n      "type": "string",\r\n      "minLength": 3,\r\n      "maxLength": 50,\r\n      "pattern": "^[-_ a-zA-Z0-9]{3,50}$"\r\n    },\r\n    "description": {\r\n      "description": "description of compensation type",\r\n      "type": "string",\r\n      "minLength": 3,\r\n      "maxLength": 100,\r\n      "pattern": "^[-_ a-zA-Z0-9]{3,100}$"\r\n    },\r\n    "displayName": {\r\n      "description": "display name of compensation type",\r\n      "type": "string",\r\n      "minLength": 3,\r\n      "maxLength": 50,\r\n      "pattern": "^[-_ a-zA-Z0-9]{3,50}$"\r\n    }\r\n  },\r\n  "required": [\r\n    "name",\r\n    "description",\r\n    "displayName"\r\n  ]\r\n}', 'ACTIVE', '2018-03-23 10:56:46', '2018-04-15 18:42:35'),
	(16, 1, 1, 'countryCurrency', '{\r\n  "$schema": "http://json-schema.org/draft-04/schema#",\r\n  "title": "country currency",\r\n  "description": "country currency validation model",\r\n  "type": "object",\r\n  "properties": {\r\n    "currencyName": {\r\n      "description": "currency name of country currency",\r\n      "type": "string",\r\n      "minLength": 3,\r\n      "maxLength": 50,\r\n      "pattern": "^[-_ a-zA-Z0-9]{3,50}$"\r\n    },\r\n	"countryName": {\r\n      "description": "country name of country currency",\r\n      "type": "string",\r\n      "minLength": 3,\r\n      "maxLength": 50,\r\n      "pattern": "^[-_ a-zA-Z0-9]{3,50}$"\r\n    },\r\n    "code": {\r\n      "description": "code of country currency",\r\n      "type": "string",\r\n      "minLength": 2,\r\n      "maxLength": 15,\r\n      "pattern": "^[-_ a-zA-Z0-9]{2,15}$"\r\n    },\r\n    "symbol": {\r\n      "description": "symbol of country currency",\r\n      "type": "string",\r\n      "minLength": 1,\r\n      "maxLength": 10,\r\n      "pattern": "^[^0-9]{1,10}$"\r\n    },\r\n	"conversionRate": {\r\n      "description": "conversion rate of country currency",\r\n        "type": "number",\r\n      "minimum": 1,\r\n      "maximum": 100.00\r\n    }\r\n  },\r\n  "required": [\r\n	"currencyName",\r\n    "countryName",\r\n    "code",\r\n    "symbol",\r\n	"conversionRate"\r\n  ]\r\n}', 'ACTIVE', '2018-03-23 10:56:46', '2018-04-28 18:59:25'),
	(19, 1, 1, 'changePassword', '{\r\n  "$schema": "http://json-schema.org/draft-04/schema#",\r\n  "title": "change password",\r\n  "description": "change password validation model",\r\n  "type": "object",\r\n  "properties": {\r\n    "newPassword": {\r\n      "description": "name password",\r\n      "type": "string",\r\n      "min-length": 6,\r\n      "max-length": 10,\r\n      "pattern": "^[a-zA-Z0-9]{6,10}$"\r\n    },\r\n    "confirmPassword": {\r\n      "description": "confirm password",\r\n      "type": "string",\r\n      "min-length": 6,\r\n      "max-length": 10,\r\n      "pattern": "^[a-zA-Z0-9]{6,10}$"\r\n    }\r\n  },\r\n  "required": [\r\n    "newPassword",\r\n    "confirmPassword"\r\n  ]\r\n}', 'ACTIVE', '2018-03-23 10:56:46', '2018-04-15 21:06:28'),
	(20, 1, 1, 'activityLog', '{\r\n  "$schema": "http://json-schema.org/draft-04/schema#",\r\n  "title": "activity log",\r\n  "description": "activity log validation model",\r\n  "type": "object",\r\n  "properties": {\r\n    "activityLogItemId": {\r\n      "description": "item id activity log",\r\n      "type": "string",\r\n      "minLength": 8\r\n    },\r\n    "activityLogWorkspace": {\r\n      "description": "workspace of activity log",\r\n      "type": "string",\r\n      "minLength": 1,\r\n      "maxLength": 20,\r\n      "pattern": "^[-_ a-zA-Z0-9]{1,20}$"\r\n    },\r\n    "activityLogCategory": {\r\n      "description": "category of activity log",\r\n      "type": "string",\r\n      "minLength": 1,\r\n      "maxLength": 50,\r\n      "pattern": "^[-_ a-zA-Z0-9]{1,50}$"\r\n    },\r\n    "activityLogAction": {\r\n      "$ref": "#/definitions/Action"\r\n    }\r\n  },\r\n  "required": [\r\n    "activityLogWorkspace",\r\n    "activityLogCategory",\r\n    "activityLogAction"\r\n  ],\r\n  "definitions": {\r\n    "Action": {\r\n      "type": "object",\r\n      "properties": {\r\n        "title": {\r\n          "description": "action of activity log",\r\n          "type": "string",\r\n           "minLength": 1,\r\n           "maxLength": 20,\r\n           "pattern": "^[-_ a-zA-Z0-9]{1,20}$"\r\n        },\r\n        "severityIndex": {\r\n          "description": "severity index of activity log",\r\n          "type": "integer",\r\n          "minimum": 1,\r\n          "maximum": 100,\r\n          "exclusiveMaximum": true\r\n        }\r\n      }\r\n    }\r\n  }\r\n}', 'ACTIVE', '2018-03-23 10:56:46', '2018-08-07 22:00:34'),
	(22, 1, 1, 'externalAnalysis', '{\n  "$schema": "http://json-schema.org/draft-04/schema#",\n  "title": "external analysis",\n  "description": "external analysis validation model",\n  "type": "object",\n  "properties": {\n    "name": {\n      "description": "name of external analysis",\n      "type": "string",\n      "minLength": 3,\n      "maxLength": 50,\n      "pattern": "^[-_ a-zA-Z0-9]{3,50}$"\n    },\n    "description": {\n      "description": "description of external analysis",\n      "type": "string",\n      "minLength": 3,\n      "maxLength": 100,\n      "pattern": "^[-_ a-zA-Z0-9]{3,100}$"\n    },\n    "minValue": {\n      "description": "min value of external analysis",\n      "type": "number",\n      "minimum": 1,\n      "maximum": 99999999.00\n    },\n    "midValue": {\n      "description": "mid value of external analysis",\n	     "type": "number",\n      "minimum": 1,\n      "maximum": 99999999.00\n    },\n    "maxValue": {\n      "description": "max value of external analysis",\n      "type": "number",\n      "minimum": 1,\n      "maximum": 99999999.00\n    },\n    "jobTypes": {\n      "$ref": "#/definitions/JobTypes"\n    },\n	"compensationTypes": {\n      "$ref": "#/definitions/CompensationTypes"\n    }\n  },\n  "required": [\n    "name",\n    "description",\n    "minValue",\n    "midValue",\n    "maxValue"\n  ],\n  "definitions": {\n    "encId": {\n      "type": "string",\n      "minLength": 8\n    },\n    "JobTypes": {\n      "type": "object",\n      "properties": {\n        "id": {\n          "$ref": "#/definitions/encId"\n        },\n        "name": {\n          "description": "Name of job",\n          "type": "string",\n          "minLength": 3,\n          "maxLength": 50,\n          "pattern": "^[-_ a-zA-Z0-9]{3,50}$"\n        }\n      }\n    },\n	"CompensationTypes": {\n      "type": "object",\n      "properties": {\n        "id": {\n          "$ref": "#/definitions/encId"\n        },\n        "name": {\n          "description": "Name of compensation type",\n          "type": "string",\n          "minLength": 3,\n          "maxLength": 50,\n          "pattern": "^[-_ a-zA-Z0-9]{3,50}$"\n        }\n      }\n    }\n  }\n}', 'ACTIVE', '2018-03-23 10:56:46', '2018-04-20 00:22:34'),
	(23, 1, 1, 'internalAnalysis', '{\n  "$schema": "http://json-schema.org/draft-04/schema#",\n  "title": "internal analysis",\n  "description": "internal analysis validation model",\n  "type": "object",\n  "properties": {\n    "name": {\n      "description": "name of internal analysis",\n      "type": "string",\n      "minLength": 1,\n      "maxLength": 50,\n      "pattern": "^[ A-Za-z0-9_@./#&+-]{1,50}$"\n    },\n    "description": {\n      "description": "description of internal analysis",\n      "type": "string",\n      "minLength": 1,\n      "maxLength": 100,\n      "pattern": "^[ A-Za-z0-9_@./#&+-]{1,100}$"\n    },\n    "currentMinValue": {\n      "description": "current min value of internal analysis",\n      "type": "number",\n      "minimum": 1,\n      "maximum": 99999999.00\n    },\n    "currentMidValue": {\n      "description": "current mid value of internal analysis",\n	     "type": "number",\n      "minimum": 1,\n      "maximum": 99999999.00\n    },\n    "currentMaxValue": {\n      "description": "current max value of internal analysis",\n      "type": "number",\n      "minimum": 1,\n      "maximum": 99999999.00\n    },\n	"payscaleMinValue": {\n      "description": "payscale min value of internal analysis",\n      "type": "number",\n      "minimum": 1,\n      "maximum": 99999999.00\n    },\n	"payscaleMidValue": {\n      "description": "payscale mid value of internal analysis",\n      "type": "number",\n      "minimum": 1,\n      "maximum": 99999999.00\n    },\n    "payscaleMaxValue": {\n      "description": "payscale max value of internal analysis",\n	     "type": "number",\n      "minimum": 1,\n      "maximum": 99999999.00\n    },\n    "maleMinValue": {\n      "description": "male min value of internal analysis",\n      "type": "number",\n      "minimum": 1,\n      "maximum": 99999999.00\n    },\n    "maleMidValue": {\n      "description": "male mid value of internal analysis",\n      "type": "number",\n      "minimum": 1,\n      "maximum": 99999999.00\n    },\n	"maleMaxValue": {\n      "description": "male max value of internal analysis",\n      "type": "number",\n      "minimum": 1,\n      "maximum": 99999999.00\n    }\n  },\n  "required": [\n    "name",\n    "payscaleMinValue",\n	"payscaleMaxValue"\n  ],\n  "definitions": {\n    "encId": {\n      "type": "string",\n      "minLength": 8\n    }\n  }\n}', 'ACTIVE', '2018-03-23 10:56:46', '2019-07-24 18:28:01'),
	(24, 1, 1, 'compensationIncreaseType', '{\n  "$schema": "http://json-schema.org/draft-04/schema#",\n  "title": "compensation increase type",\n  "description": "compensation increase type validation model",\n  "type": "object",\n  "properties": {\n    "name": {\n      "description": "name of compensation increase type",\n      "type": "string",\n      "minLength": 3,\n      "maxLength": 50,\n      "pattern": "^[-_ a-zA-Z0-9]{3,50}$"\n    },\n    "description": {\n      "description": "description of compensation increase type",\n      "type": "string",\n      "minLength": 3,\n      "maxLength": 100,\n      "pattern": "^[-_ a-zA-Z0-9]{3,100}$"\n    },\n    "displayName": {\n      "description": "display name of compensation increase type",\n      "type": "string",\n      "minLength": 3,\n      "maxLength": 50,\n      "pattern": "^[-_ a-zA-Z0-9]{3,50}$"\n    },\n	"compensationTypes": {\n      "$ref": "#/definitions/CompensationTypes"\n    }\n  },\n  "required": [\n    "name",\n    "description",\n    "displayName"\n  ],\n  "definitions": {\n    "encId": {\n      "type": "string",\n      "minLength": 8\n    },\n	"CompensationTypes": {\n      "type": "object",\n      "properties": {\n        "id": {\n          "$ref": "#/definitions/encId"\n        },\n        "name": {\n          "description": "Name of compensation type",\n          "type": "string",\n          "minLength": 3,\n          "maxLength": 50,\n          "pattern": "^[-_ a-zA-Z0-9]{3,50}$"\n        }\n      }\n    }\n   }\n}', 'ACTIVE', '2018-03-23 10:56:46', '2018-04-20 01:37:32'),
	(25, 1, 1, 'businessUnit', '{\n  "$schema": "http://json-schema.org/draft-04/schema#",\n  "title": "business unit",\n  "description": "business unit validation model",\n  "type": "object",\n  "properties": {\n    "name": {\n      "description": "name of business unit",\n      "type": "string",\n      "minLength": 3,\n      "maxLength": 50,\n      "pattern": "^[-_ a-zA-Z0-9]{3,50}$"\n    },\n    "description": {\n      "description": "description of business unit",\n      "type": "string",\n      "minLength": 3,\n      "maxLength": 100,\n      "pattern": "^[-_ a-zA-Z0-9]{3,100}$"\n    },\n	"displayName": {\n      "description": "display name of business unit",\n      "type": "string",\n      "minLength": 3,\n      "maxLength": 50,\n      "pattern": "^[-_ a-zA-Z0-9]{3,50}$"\n    },\n	"address": {\n      "description": "address of business unit",\n      "type": "string",\n      "minLength": 3,\n      "maxLength": 100,\n      "pattern": "^[-_ a-zA-Z0-9]{3,100}$"\n    },\n	"code": {\n      "description": "code name of business unit",\n      "type": "string",\n      "minLength": 3,\n      "maxLength": 50,\n      "pattern": "^[-_ a-zA-Z0-9]{3,50}$"\n    },\n	"identificationNumber": {\n      "description": "identification number of business unit",\n      "type": "string",\n      "minLength": 3,\n      "maxLength": 50,\n      "pattern": "^[-_ a-zA-Z0-9]{3,50}$"\n    },\n	"targetRevenue": {\n      "description": "target revenue of business unit",\n	  "type": "number",\n      "minimum": 1,\n      "maximum": 99999999.00\n    },\n	"targetSales": {\n      "description": "target sales of business unit",\n	  "type": "number",\n      "minimum": 1,\n      "maximum": 99999999.00\n    },\n	"targetProfit": {\n      "description": "target profit of business unit",\n	  "type": "number",\n      "minimum": 1,\n      "maximum": 99999999.00\n    },\n	"revenueMultiplier": {\n      "description": "revenue multiplier of business unit",\n	  "type": "number",\n      "minimum": 1,\n      "maximum": 99999999.00\n    },\n	"salesMultiplier": {\n      "description": "sales multiplier of business unit",\n	  "type": "number",\n      "minimum": 1,\n      "maximum": 99999999.00\n    },\n	"profitMultiplier": {\n      "description": "profit multiplier of business unit",\n	  "type": "number",\n      "minimum": 1,\n      "maximum": 99999999.00\n    },\n	"actualRevenue": {\n      "description": "actual revenue of business unit",\n	  "type": "number",\n      "minimum": 1,\n      "maximum": 99999999.00\n    },\n	"actualSales": {\n      "description": "actual sales of business unit",\n	  "type": "number",\n      "minimum": 1,\n      "maximum": 99999999.00\n    },\n	"actualProfit": {\n      "description": "actual profit of business unit",\n	  "type": "number",\n      "minimum": 1,\n      "maximum": 99999999.00\n    },\n	"frequency": {\n      "description": "frequency of business unit",\n      "type": "string",\n      "minLength": 3,\n      "maxLength": 50,\n      "pattern": "^[-_ a-zA-Z0-9]{3,50}$"\n    },\n	"startDate": {\n      "description": "start date of business unit",\n      "type": "string",\n      "format": "date"\n    },\n	"endDate": {\n      "description": "end date of business unit",\n      "type": "string",\n      "format": "date"\n    },\n	"phoneNumber": {\n      "description": "phone number of business unit",\n      "type": "string",\n      "pattern": "^[0-9()\\\\-\\\\.\\\\s]+$"\n    },\n	"email": {\n      "description": "email of business unit",\n      "type": "string",\n      "format": "email"\n    }\n  },\n  "required": [\n    "name",\n    "description",\n	"displayName",\n	"address",\n	"code",\n	"identificationNumber",\n	"targetRevenue",\n	"targetSales",\n	"targetProfit",\n	"revenueMultiplier",\n	"salesMultiplier",\n	"profitMultiplier",\n	"actualRevenue",\n	"actualSales",\n	"actualProfit",\n	"frequency",\n	"startDate", \n	"endDate",\n	"phoneNumber",\n	"email"\n  ]\n}', 'ACTIVE', '2018-03-23 10:56:46', '2018-04-24 20:42:12'),
	(26, 1, 1, 'department', '{\n  "$schema": "http://json-schema.org/draft-04/schema#",\n  "title": "department",\n  "description": "department validation model",\n  "type": "object",\n  "properties": {\n    "name": {\n      "description": "name of department",\n      "type": "string",\n      "minLength": 1,\n      "maxLength": 50,\n      "pattern": "^[ A-Za-z0-9_@./#&+-]{1,50}$"\n    },\n    "description": {\n      "description": "description of department",\n      "type": "string",\n      "minLength": 1,\n      "maxLength": 50,\n      "pattern": "^[ A-Za-z0-9_@./#&+-]{1,50}$"\n    },\n	"displayName": {\n      "description": "display name of department",\n      "type": "string",\n      "minLength": 1,\n      "maxLength": 50,\n      "pattern": "^[ A-Za-z0-9_@./#&+-]{1,50}$"\n    },\n	"address": {\n      "description": "address of department",\n      "type": "string",\n      "minLength": 1,\n      "maxLength": 50,\n      "pattern": "^[ A-Za-z0-9_@./#&+-]{1,50}$"\n    },\n	"code": {\n      "description": "code name of department",\n      "type": "string",\n      "minLength": 1,\n      "maxLength": 50,\n      "pattern": "^[ A-Za-z0-9_@./#&+-]{1,50}$"\n    },\n	"identificationNumber": {\n      "description": "identification number of department",\n      "type": "string",\n      "minLength": 1,\n      "maxLength": 50,\n      "pattern": "^[ A-Za-z0-9_@./#&+-]{1,50}$"\n    },\n	"targetRevenue": {\n      "description": "target revenue of department",\n	  "type": "number",\n      "minimum": 1,\n      "maximum": 99999999.00\n    },\n	"targetSales": {\n      "description": "target sales of department",\n	  "type": "number",\n      "minimum": 1,\n      "maximum": 99999999.00\n    },\n	"targetProfit": {\n      "description": "target profit of department",\n	  "type": "number",\n      "minimum": 1,\n      "maximum": 99999999.00\n    },\n	"revenueMultiplier": {\n      "description": "revenue multiplier of department",\n	  "type": "number",\n      "minimum": 1,\n      "maximum": 99999999.00\n    },\n	"salesMultiplier": {\n      "description": "sales multiplier of department",\n	  "type": "number",\n      "minimum": 1,\n      "maximum": 99999999.00\n    },\n	"profitMultiplier": {\n      "description": "profit multiplier of department",\n	  "type": "number",\n      "minimum": 1,\n      "maximum": 99999999.00\n    },\n	"actualRevenue": {\n      "description": "actual revenue of department",\n	  "type": "number",\n      "minimum": 1,\n      "maximum": 99999999.00\n    },\n	"actualSales": {\n      "description": "actual sales of department",\n	  "type": "number",\n      "minimum": 1,\n      "maximum": 99999999.00\n    },\n	"actualProfit": {\n      "description": "actual profit of department",\n	  "type": "number",\n      "minimum": 1,\n      "maximum": 99999999.00\n    },\n	"frequency": {\n      "description": "frequency of department",\n      "type": "string",\n      "minLength": 1,\n      "maxLength": 50,\n      "pattern": "^[ A-Za-z0-9_@./#&+-]{1,50}$"\n    },\n	"startDate": {\n      "description": "start date of department",\n      "type": "string",\n      "format": "date"\n    },\n	"endDate": {\n      "description": "end date of department",\n      "type": "string",\n      "format": "date"\n    },\n	"phoneNumber": {\n      "description": "phone number of department",\n      "type": "string",\n      "pattern": "^[0-9()\\\\-\\\\.\\\\s]+$"\n    },\n	"email": {\n      "description": "email of department",\n      "type": "string",\n      "format": "email"\n    },\n	 "businessUnitTypes": {\n      "$ref": "#/definitions/BusinessUnitTypes"\n    }\n  },\n  "required": [\n    "name"\n  ],\n    "definitions": {\n    "encId": {\n      "type": "string",\n      "minLength": 8\n    },\n    "BusinessUnitTypes": {\n      "type": "object",\n      "properties": {\n        "id": {\n          "$ref": "#/definitions/encId"\n        },\n        "name": {\n          "description": "Name of business unit type",\n          "type": "string",\n          "minLength": 3,\n          "maxLength": 50,\n          "pattern": "^[-_ a-zA-Z0-9]{3,50}$"\n        }\n      }\n	}\n   }\n}', 'ACTIVE', '2018-03-23 10:56:46', '2019-07-24 18:24:25'),
	(27, 1, 1, 'costCenter', '{\n  "$schema": "http://json-schema.org/draft-04/schema#",\n  "title": "cost center",\n  "description": "cost center validation model",\n  "type": "object",\n  "properties": {\n    "name": {\n      "description": "name of cost center",\n      "type": "string",\n      "minLength": 3,\n      "maxLength": 50,\n      "pattern": "^[-_ a-zA-Z0-9]{3,50}$"\n    },\n    "description": {\n      "description": "description of cost center",\n      "type": "string",\n      "minLength": 3,\n      "maxLength": 100,\n      "pattern": "^[-_ a-zA-Z0-9]{3,100}$"\n    },\n	"displayName": {\n      "description": "display name of cost center",\n      "type": "string",\n      "minLength": 3,\n      "maxLength": 50,\n      "pattern": "^[-_ a-zA-Z0-9]{3,50}$"\n    },\n	"address": {\n      "description": "address of cost center",\n      "type": "string",\n      "minLength": 3,\n      "maxLength": 100,\n      "pattern": "^[-_ a-zA-Z0-9]{3,100}$"\n    },\n	"code": {\n      "description": "code name of cost center",\n      "type": "string",\n      "minLength": 3,\n      "maxLength": 50,\n      "pattern": "^[-_ a-zA-Z0-9]{3,50}$"\n    },\n	"identificationNumber": {\n      "description": "identification number of cost center",\n      "type": "string",\n      "minLength": 3,\n      "maxLength": 50,\n      "pattern": "^[-_ a-zA-Z0-9]{3,50}$"\n    },\n	"targetRevenue": {\n      "description": "target revenue of cost center",\n	  "type": "number",\n      "minimum": 1,\n      "maximum": 99999999.00\n    },\n	"targetSales": {\n      "description": "target sales of cost center",\n	  "type": "number",\n      "minimum": 1,\n      "maximum": 99999999.00\n    },\n	"targetProfit": {\n      "description": "target profit of cost center",\n	  "type": "number",\n      "minimum": 1,\n      "maximum": 99999999.00\n    },\n	"revenueMultiplier": {\n      "description": "revenue multiplier of cost center",\n	  "type": "number",\n      "minimum": 1,\n      "maximum": 99999999.00\n    },\n	"salesMultiplier": {\n      "description": "sales multiplier of cost center",\n	  "type": "number",\n      "minimum": 1,\n      "maximum": 99999999.00\n    },\n	"profitMultiplier": {\n      "description": "profit multiplier of cost center",\n	  "type": "number",\n      "minimum": 1,\n      "maximum": 99999999.00\n    },\n	"actualRevenue": {\n      "description": "actual revenue of cost center",\n	  "type": "number",\n      "minimum": 1,\n      "maximum": 99999999.00\n    },\n	"actualSales": {\n      "description": "actual sales of cost center",\n	  "type": "number",\n      "minimum": 1,\n      "maximum": 99999999.00\n    },\n	"actualProfit": {\n      "description": "actual profit of cost center",\n	  "type": "number",\n      "minimum": 1,\n      "maximum": 99999999.00\n    },\n	"frequency": {\n      "description": "frequency of cost center",\n      "type": "string",\n      "minLength": 3,\n      "maxLength": 50,\n      "pattern": "^[-_ a-zA-Z0-9]{3,50}$"\n    },\n	"startDate": {\n      "description": "start date of cost center",\n      "type": "string",\n      "format": "date"\n    },\n	"endDate": {\n      "description": "end date of cost center",\n      "type": "string",\n      "format": "date"\n    },\n	"phoneNumber": {\n      "description": "phone number of cost center",\n      "type": "string",\n      "pattern": "^[0-9()\\\\-\\\\.\\\\s]+$"\n    },\n	"email": {\n      "description": "email of cost center",\n      "type": "string",\n      "format": "email"\n    },\n	 "departmentTypes": {\n      "$ref": "#/definitions/DepartmentTypes"\n    }\n  },\n  "required": [\n    "name",\n    "description",\n	"displayName",\n	"address",\n	"code",\n	"identificationNumber",\n	"targetRevenue",\n	"targetSales",\n	"targetProfit",\n	"revenueMultiplier",\n	"salesMultiplier",\n	"profitMultiplier",\n	"actualRevenue",\n	"actualSales",\n	"actualProfit",\n	"frequency",\n	"startDate", \n	"endDate",\n	"phoneNumber",\n	"email"\n  ],\n    "definitions": {\n    "encId": {\n      "type": "string",\n      "minLength": 8\n    },\n    "DepartmentTypes": {\n      "type": "object",\n      "properties": {\n        "id": {\n          "$ref": "#/definitions/encId"\n        },\n        "name": {\n          "description": "Name of department type",\n          "type": "string",\n          "minLength": 3,\n          "maxLength": 50,\n          "pattern": "^[-_ a-zA-Z0-9]{3,50}$"\n        }\n      }\n	}\n   }\n}', 'ACTIVE', '2018-03-23 10:56:46', '2018-04-24 20:52:40'),
	(28, 1, 1, 'employeeGroup', '{\n  "$schema": "http://json-schema.org/draft-04/schema#",\n  "title": "employee group",\n  "description": "employee group validation model",\n  "type": "object",\n  "properties": {\n    "name": {\n      "description": "name of employee group",\n      "type": "string",\n      "minLength": 3,\n      "maxLength": 50,\n      "pattern": "^[-_ a-zA-Z0-9]{3,50}$"\n    },\n    "description": {\n      "description": "description of employee group",\n      "type": "string",\n      "minLength": 3,\n      "maxLength": 100,\n      "pattern": "^[-_ a-zA-Z0-9]{3,100}$"\n    },\n	"displayName": {\n      "description": "display name of employee group",\n      "type": "string",\n      "minLength": 3,\n      "maxLength": 50,\n      "pattern": "^[-_ a-zA-Z0-9]{3,50}$"\n    },\n	"code": {\n      "description": "code name of employee group",\n      "type": "string",\n      "minLength": 3,\n      "maxLength": 50,\n      "pattern": "^[-_ a-zA-Z0-9]{3,50}$"\n    },\n	"identificationNumber": {\n      "description": "identification number of employee group",\n      "type": "string",\n      "minLength": 3,\n      "maxLength": 50,\n      "pattern": "^[-_ a-zA-Z0-9]{3,50}$"\n    },\n	"targetRevenue": {\n      "description": "target revenue of employee group",\n	  "type": "number",\n      "minimum": 1,\n      "maximum": 99999999.00\n    },\n	"targetSales": {\n      "description": "target sales of employee group",\n	  "type": "number",\n      "minimum": 1,\n      "maximum": 99999999.00\n    },\n	"targetProfit": {\n      "description": "target profit of employee group",\n	  "type": "number",\n      "minimum": 1,\n      "maximum": 99999999.00\n    },\n	"revenueMultiplier": {\n      "description": "revenue multiplier of employee group",\n	  "type": "number",\n      "minimum": 1,\n      "maximum": 99999999.00\n    },\n	"salesMultiplier": {\n      "description": "sales multiplier of employee group",\n	  "type": "number",\n      "minimum": 1,\n      "maximum": 99999999.00\n    },\n	"profitMultiplier": {\n      "description": "profit multiplier of employee group",\n	  "type": "number",\n      "minimum": 1,\n      "maximum": 99999999.00\n    },\n	"actualRevenue": {\n      "description": "actual revenue of employee group",\n	  "type": "number",\n      "minimum": 1,\n      "maximum": 99999999.00\n    },\n	"actualSales": {\n      "description": "actual sales of employee group",\n	  "type": "number",\n      "minimum": 1,\n      "maximum": 99999999.00\n    },\n	"actualProfit": {\n      "description": "actual profit of employee group",\n	  "type": "number",\n      "minimum": 1,\n      "maximum": 99999999.00\n    },\n	"frequency": {\n      "description": "frequency of employee group",\n      "type": "string",\n      "minLength": 3,\n      "maxLength": 50,\n      "pattern": "^[-_ a-zA-Z0-9]{3,50}$"\n    },\n	"startDate": {\n      "description": "start date of employee group",\n      "type": "string",\n      "format": "date"\n    },\n	"endDate": {\n      "description": "end date of employee group",\n      "type": "string",\n      "format": "date"\n    },\n	 "departmentTypes": {\n      "$ref": "#/definitions/DepartmentTypes"\n    },\n	 "businessUnitTypes": {\n      "$ref": "#/definitions/BusinessUnitTypes"\n    }\n  },\n  "required": [\n    "name",\n    "description",\n	"displayName",\n	"code",\n	"identificationNumber",\n	"targetRevenue",\n	"targetSales",\n	"targetProfit",\n	"revenueMultiplier",\n	"salesMultiplier",\n	"profitMultiplier",\n	"actualRevenue",\n	"actualSales",\n	"actualProfit",\n	"frequency",\n	"startDate", \n	"endDate"\n  ],\n    "definitions": {\n    "encId": {\n      "type": "string",\n      "minLength": 8\n    },\n    "DepartmentTypes": {\n      "type": "object",\n      "properties": {\n        "id": {\n          "$ref": "#/definitions/encId"\n        },\n        "name": {\n          "description": "Name of department type",\n          "type": "string",\n          "minLength": 3,\n          "maxLength": 50,\n          "pattern": "^[-_ a-zA-Z0-9]{3,50}$"\n        }\n      }\n	},\n	"BusinessUnitTypes": {\n      "type": "object",\n      "properties": {\n        "id": {\n          "$ref": "#/definitions/encId"\n        },\n        "name": {\n          "description": "Name of business unit type",\n          "type": "string",\n          "minLength": 3,\n          "maxLength": 50,\n          "pattern": "^[-_ a-zA-Z0-9]{3,50}$"\n        }\n      }\n	}\n   }\n}', 'ACTIVE', '2018-03-23 10:56:46', '2018-04-26 02:17:30'),
	(30, 1, 1, 'job', '{\n  "$schema": "http://json-schema.org/draft-04/schema#",\n  "title": "job",\n  "description": "job validation model",\n  "type": "object",\n  "properties": {\n    "name": {\n      "description": "name of job",\n      "type": "string",\n      "minLength": 1,\n      "maxLength": 50,\n      "pattern": "^[ A-Za-z0-9_@./#&+-]{1,50}$"\n    },\n    "description": {\n      "description": "description of job",\n      "type": "string",\n      "minLength": 1,\n      "maxLength": 100,\n      "pattern": "^[ A-Za-z0-9_@./#&+-]{1,100}$"\n    },\n	"title": {\n      "description": "display name of job",\n      "type": "string",\n      "minLength": 1,\n      "maxLength": 50,\n      "pattern": "^[ A-Za-z0-9_@./#&+-]{1,50}$"\n    },\n	"code": {\n      "description": "code name of job",\n      "type": "string",\n      "minLength": 1,\n      "maxLength": 50,\n      "pattern": "^[ A-Za-z0-9_@./#&+-]{1,50}$"\n    },\n	"location": {\n      "description": "location of job",\n      "type": "string",\n      "minLength": 1,\n      "maxLength": 50,\n      "pattern": "^[ A-Za-z0-9_@./#&+-]{1,50}$"\n    }\n  },\n  "required": [\n    "name"\n  ],\n    "definitions": {\n    "encId": {\n      "type": "string",\n      "minLength": 8\n    }\n   }\n}', 'ACTIVE', '2018-03-23 10:56:46', '2019-07-24 18:12:35'),
	(31, 1, 1, 'preference', '{\n  "$schema": "http://json-schema.org/draft-04/schema#",\n  "title": "preference",\n  "description": "preference validation model",\n  "type": "object",\n  "properties": {\n    "value": {\n      "description": "value of preference",\n      "type": "string",\n      "minLength": 2,\n      "maxLength": 500,\n      "pattern": "^[-_ a-zA-Z0-9]{2,500}$"\n    }\n  },\n  "required": [\n    "value"\n  ]\n}', 'ACTIVE', '2018-03-23 10:56:46', '2018-04-29 15:48:47'),
	(32, 1, 1, 'gridView', '	\n{\n  "$schema": "http://json-schema.org/draft-04/schema#",\n  "title": "grid view",\n  "description": "grid view validation model",\n  "type": "object",\n  "properties": {\n    "name": {\n      "description": "name of grid view",\n      "type": "string",\n      "minLength": 3,\n      "maxLength": 50,\n      "pattern": "^[-_ a-zA-Z0-9]{3,50}$"\n    },\n    "description": {\n      "description": "description of grid view",\n      "type": "string",\n      "minLength": 3,\n      "maxLength": 100,\n      "pattern": "^[-_ a-zA-Z0-9]{3,100}$"\n    },\n    "isLoaded": {\n      "description": "loaded state of grid view",\n      "type": "boolean"\n    },\n    "templateRows": {\n      "description": "template rows of grid view",\n      "type": "array",\n      "minItems": 1,\n      "maxItems": 1,\n      "items": {\n        "type": "object",\n        "$ref": "#/definitions/templateRow"\n      }\n    },\n   "chageStatus": {\n      "description": "change status of grid view",\n      "type": "boolean"\n    }\n  },\n  "required": [\n    "name",\n    "description",\n    "isLoaded",\n    "templateRows"\n  ],\n  "definitions": {\n   "encId": {\n      "type": "string",\n      "minLength": 8\n    },\n    "templateRow": {\n      "type": "object",\n      "properties": {\n        "id": {\n          "description": "template row index of grid view",\n          "type": "number",\n          "minimum": 0\n        },\n        "fields": {\n          "description": "template row field of grid view",\n          "type": "array",\n          "minItems": 0,\n          "maxItems": 10,\n          "items": {\n            "type": "object",\n            "$ref": "#/definitions/TemplateRowField"\n          }\n        }\n      }\n    },\n    "TemplateRowField": {\n      "type": "object",\n      "properties": {\n        "id": {\n          "description": "template row field id of grid view",\n          "type": "string",\n          "minLength": 8\n        },\n        "name": {\n          "description": "template row field name of grid view",\n          "type": "string"\n        }\n      }\n    }\n  }\n}', 'ACTIVE', '2018-03-23 10:56:46', '2018-10-12 19:19:24'),
	(34, 1, 1, 'accessGroup', '{\n  "$schema": "http://json-schema.org/draft-04/schema#",\n  "title": "access group",\n  "description": "access group validation model",\n  "type": "object",\n  "properties": {\n    "name": {\n      "description": "name of access group",\n      "type": "string",\n      "minLength": 3,\n      "maxLength": 50,\n      "pattern": "^[-_ a-zA-Z0-9]{3,50}$"\n    },\n    "description": {\n      "description": "description of access group",\n      "type": "string",\n      "minLength": 3,\n      "maxLength": 100,\n      "pattern": "^[-_ a-zA-Z0-9]{3,100}$"\n    }\n  },\n  "required": [\n    "name",\n    "description"\n  ]\n}', 'ACTIVE', '2018-03-23 10:56:46', '2018-05-06 20:55:59'),
	(35, 1, 1, 'accessGroupEmployeeLink', '{\n	"$schema": "http://json-schema.org/draft-04/schema#",\n	"title": "access group link",\n	"description": "access group link employee validation model",\n	"type": "object",\n	"properties": {\n		"id": {\n			"description": "id of employee",\n			"type": "array",\n			"items": {\n				"type": "string",\n				"$ref": "#/definitions/employeeObject"\n			}\n		}\n	},\n	"required": [\n		"id"\n	],\n	"definitions": {\n		"employeeObject": {\n			"type": "string"\n		}\n	}\n}', 'ACTIVE', '2018-03-23 10:56:46', '2020-06-27 11:38:23'),
	(36, 1, 1, 'accessGroupEmployeeUnlink', '{\n  "$schema": "http://json-schema.org/draft-04/schema#",\n  "title": "access group unlink",\n  "description": "access group unlink employee validation model",\n  "type": "object",\n  "properties": {\n    "id": {\n      "description": "id of employee",\n      "type": "string",\n      "minLength": 8\n    }\n  },\n  "required": [\n    "id"\n  ]\n}', 'ACTIVE', '2018-03-23 10:56:46', '2018-05-09 21:00:22'),
	(37, 1, 1, 'role', '{\n  "$schema": "http://json-schema.org/draft-04/schema#",\n  "title": "role",\n  "description": "role validation model",\n  "type": "object",\n  "properties": {\n    "name": {\n      "description": "name of role",\n      "type": "string",\n      "minLength": 3,\n      "maxLength": 50,\n      "pattern": "^[-_ a-zA-Z0-9]{3,50}$"\n    },\n    "description": {\n      "description": "description of role",\n      "type": "string",\n      "minLength": 3,\n      "maxLength": 100,\n      "pattern": "^[-_ a-zA-Z0-9]{3,100}$"\n    }\n  },\n  "required": [\n    "name",\n    "description"\n  ]\n}', 'ACTIVE', '2018-03-23 10:56:46', '2018-05-06 20:55:59'),
	(38, 1, 1, 'roleEmployeeLink', '{\n  "$schema": "http://json-schema.org/draft-04/schema#",\n  "title": "role link",\n  "description": "role link employee validation model",\n  "type": "object",\n  "properties": {\n    "id": {\n      "description": "id of employee",\n      "type": "string",\n      "minLength": 8\n    }\n  },\n  "required": [\n    "id"\n  ]\n}\n', 'ACTIVE', '2018-03-23 10:56:46', '2018-05-09 21:00:28'),
	(41, 1, 1, 'roleEmployeeUnlink', '{\n  "$schema": "http://json-schema.org/draft-04/schema#",\n  "title": "role unlink",\n  "description": "role unlink employee validation model",\n  "type": "object",\n  "properties": {\n    "id": {\n      "description": "id of employee",\n      "type": "string",\n      "minLength": 8\n    }\n  },\n  "required": [\n    "id"\n  ]\n}', 'ACTIVE', '2018-03-23 10:56:46', '2018-05-09 21:00:35'),
	(42, 1, 1, 'roleGroupLink', '{\n  "$schema": "http://json-schema.org/draft-04/schema#",\n  "title": "role link",\n  "description": "role link group validation model",\n  "type": "object",\n  "properties": {\n    "id": {\n      "description": "id of group",\n      "type": "string",\n      "minLength": 8\n    }\n  },\n  "required": [\n    "id"\n  ]\n}\n', 'ACTIVE', '2018-03-23 10:56:46', '2018-05-09 21:00:28'),
	(43, 1, 1, 'roleGroupUnlink', '{\n  "$schema": "http://json-schema.org/draft-04/schema#",\n  "title": "role unlink",\n  "description": "role unlink group validation model",\n  "type": "object",\n  "properties": {\n    "id": {\n      "description": "id of group",\n      "type": "string",\n      "minLength": 8\n    }\n  },\n  "required": [\n    "id"\n  ]\n}', 'ACTIVE', '2018-03-23 10:56:46', '2018-05-09 21:00:35'),
	(44, 1, 1, 'event', '{\n  "$schema": "http://json-schema.org/draft-04/schema#",\n  "title": "event",\n  "description": "event validation model",\n  "type": "object",\n  "properties": {\n    "title": {\n      "description": "title of event",\n      "type": "string",\n      "minLength": 3,\n      "maxLength": 50,\n      "pattern": "^[-_ a-zA-Z0-9]{3,50}$"\n    },\n    "date": {\n      "description": "date of event",\n      "type": "string",\n      "format": "date"\n    },\n    "severityIndex": {\n      "description": "severity index of event",\n      "type": "integer",\n      "minimum": 0,\n      "maximum": 100\n    },\n  "level": {\n      "description": "level of manager",\n      "type": "integer",\n      "minimum": 1,\n      "maximum": 7\n    }\n  },\n  "required": [\n    "date",\n    "severityIndex",\n    "title",\n"level"\n  ]\n}', 'ACTIVE', '2018-03-23 10:56:46', '2020-06-19 09:50:26'),
	(45, 1, 1, 'employeeData', '{\n  "$schema": "http://json-schema.org/draft-04/schema#",\n  "title": "employee data",\n  "description": "employee data validation model",\n  "type": "object",\n  "properties": {\n    "companyEmployeeId": {\n      "description": "Company Employee Id of employee data",\n      "type": "string",\n      "minLength": 1,\n      "maxLength": 50,\n      "pattern": "^[ A-Za-z0-9_@./#&+-]{1,50}$"\n    },\n    "employeeCode": {\n      "description": "Employee Code of employee data",\n      "type": "string",\n      "minLength": 1,\n      "maxLength": 50,\n      "pattern": "^[ A-Za-z0-9_@./#&+-]{1,50}$"\n    },\n    "firstName": {\n      "description": "First Name of employee data",\n      "type": "string",\n      "minLength": 1,\n      "maxLength": 50,\n      "pattern": "^[ A-Za-z0-9_@./#&+-]{1,50}$"\n    },\n    "middleName": {\n      "description": "Middle Name of employee data",\n      "type": "string",\n      "minLength": 1,\n      "maxLength": 50,\n      "pattern": "^[ A-Za-z0-9_@./#&+-]{1,50}$"\n    },\n    "lastName": {\n      "description": "Last Name of employee data",\n      "type": "string",\n      "minLength": 1,\n      "maxLength": 50,\n      "pattern": "^[ A-Za-z0-9_@./#&+-]{1,50}$"\n    },\n    "fullName": {\n      "description": "Full Name of employee data",\n      "type": "string",\n      "minLength": 1,\n      "maxLength": 50,\n      "pattern": "^[ A-Za-z0-9_@./#&+-]{1,50}$"\n    },\n    "aliasName": {\n      "description": "Alias of employee data",\n      "type": "string",\n      "minLength": 1,\n      "maxLength": 50,\n      "pattern": "^[ A-Za-z0-9_@./#&+-]{1,50}$"\n    },\n    "salute": {\n      "description": "Salute of employee data",\n      "type": "string",\n      "minLength": 1,\n      "maxLength": 50,\n      "pattern": "^[ A-Za-z0-9_@./#&+-]{1,50}$"\n    },\n    "officePhone": {\n      "description": "Office phone number of employee data",\n      "type": "string",\n      "pattern": "^[0-9()\\\\-\\\\.\\\\s]+$"\n    },\n    "cellPhone": {\n      "description": "Cell phone number of employee data",\n      "type": "string",\n      "pattern": "^[0-9()\\\\-\\\\.\\\\s]+$"\n    },\n    "email": {\n      "description": "email of employee data",\n      "type": "string",\n      "format": "email"\n    },\n    "gender": {\n      "description": "Gender of employee data",\n      "type": "string",\n      "minLength": 1,\n      "maxLength": 50,\n      "pattern": "^[ A-Za-z0-9_@./#&+-]{1,50}$"\n    },\n    "address1": {\n      "description": "Address1 of employee data",\n      "type": "string",\n      "minLength": 1,\n      "maxLength": 50,\n      "pattern": "^[ A-Za-z0-9_@./#&+-]{1,50}$"\n    },\n    "city": {\n      "description": "City of employee data",\n      "type": "string",\n      "minLength": 1,\n      "maxLength": 50,\n      "pattern": "^[ A-Za-z0-9_@./#&+-]{1,50}$"\n    },\n    "state": {\n      "description": "State of employee data",\n      "type": "string",\n      "minLength": 1,\n      "maxLength": 50,\n      "pattern": "^[ A-Za-z0-9_@./#&+-]{1,50}$"\n    },\n    "country": {\n      "description": "Country of employee data",\n      "type": "string",\n      "minLength": 1,\n      "maxLength": 50,\n      "pattern": "^[ A-Za-z0-9_@./#&+-]{1,50}$"\n    },\n    "region": {\n      "description": "Region of employee data",\n      "type": "string",\n      "minLength": 1,\n      "maxLength": 50,\n      "pattern": "^[ A-Za-z0-9_@./#&+-]{1,50}$"\n    },\n    "identificationNo": {\n      "description": "Identification No of employee data",\n      "type": "string",\n      "minLength": 1,\n      "maxLength": 50,\n      "pattern": "^[ A-Za-z0-9_@./#&+-]{1,50}$"\n    },\n    "identificationName": {\n      "description": "Identification Name of employee data",\n      "type": "string",\n      "minLength": 1,\n      "maxLength": 50,\n      "pattern": "^[ A-Za-z0-9_@./#&+-]{1,50}$"\n    },\n    "employmentType": {\n      "description": "Employment Type of employee data",\n      "type": "string",\n      "minLength": 1,\n      "maxLength": 50,\n      "pattern": "^[ A-Za-z0-9_@./#&+-]{1,50}$"\n    },\n    "employeeType": {\n      "description": "Employee Type of employee data",\n      "type": "string",\n      "minLength": 1,\n      "maxLength": 50,\n      "pattern": "^[ A-Za-z0-9_@./#&+-]{1,50}$"\n    },\n    "hireDate": {\n      "description": "Hire date of employee data",\n      "type": "string",\n      "format": "date"\n    },\n    "rehireDate": {\n      "description": "Rehire date of employee data",\n      "type": "string",\n      "format": "date"\n    },\n    "currentAnnualBasepay": {\n      "description": "Current Annual Basepay of employee data",\n      "type": "number",\n      "minimum": 1,\n      "maximum": 99999999\n    },\n    "currentTotalCompensation": {\n      "description": "Current Total Compensation of employee data",\n      "type": "number",\n      "minimum": 1,\n      "maximum": 99999999\n    },\n    "newTotalCompensation": {\n      "description": "New Total Compensation of employee data",\n      "type": "number",\n      "minimum": 1,\n      "maximum": 99999999\n    },\n    "totalCompensationIncrease": {\n      "description": "Total Compensation Increase of employee data",\n      "type": "number",\n      "minimum": 1,\n      "maximum": 99999999\n    },\n    "hoursWorked": {\n      "description": "Hours Worked of employee data",\n      "type": "number",\n      "minimum": 1,\n      "maximum": 24\n    },\n    "hoursStandard": {\n      "description": "Hours Standard of employee data",\n      "type": "number",\n      "minimum": 1,\n      "maximum": 24\n    },\n    "currentJobTypes": {\n      "$ref": "#/definitions/CurrentJobTypes"\n    },\n    "departmentTypes": {\n      "$ref": "#/definitions/DepartmentTypes"\n    },\n    "newJobTypes": {\n      "$ref": "#/definitions/NewJobTypes"\n    },\n    "businessUnitTypes": {\n      "$ref": "#/definitions/BusinessUnitTypes"\n    },\n    "internalAnalysisTypes": {\n      "$ref": "#/definitions/InternalAnalysisTypes"\n    },\n    "performanceRatingTypes": {\n      "$ref": "#/definitions/PerformanceRatingTypes"\n    },\n    "countryCurrencyTypes": {\n      "$ref": "#/definitions/CountryCurrencyTypes"\n    },\n    "authenticationTypes": {\n      "$ref": "#/definitions/AuthenticationTypes"\n    },\n    "hrTypes": {\n      "$ref": "#/definitions/HrTypes"\n    },\n    "supervisorTypes": {\n      "$ref": "#/definitions/SupervisorTypes"\n    }\n  },\n  "required": [\n    "companyEmployeeId",\n    "firstName",\n    "fullName",\n    "currentAnnualBasepay"\n  ],\n  "definitions": {\n    "encId": {\n      "type": "string",\n      "minLength": 8\n    },\n    "CurrentJobTypes": {\n      "type": "object",\n      "properties": {\n        "id": {\n          "$ref": "#/definitions/encId"\n        },\n        "name": {\n          "description": "Name of current job",\n          "type": "string",\n          "minLength": 1,\n          "maxLength": 50,\n          "pattern": "^[ A-Za-z0-9_@./#&+-]{1,50}$"\n        }\n      }\n    },\n    "NewJobTypes": {\n      "type": "object",\n      "properties": {\n        "id": {\n          "$ref": "#/definitions/encId"\n        },\n        "name": {\n          "description": "Name of new job",\n          "type": "string",\n          "minLength": 1,\n          "maxLength": 50,\n          "pattern": "^[ A-Za-z0-9_@./#&+-]{1,50}$"\n        }\n      }\n    },\n    "DepartmentTypes": {\n      "type": "object",\n      "properties": {\n        "id": {\n          "$ref": "#/definitions/encId"\n        },\n        "name": {\n          "description": "Name of department",\n          "type": "string",\n          "minLength": 1,\n          "maxLength": 50,\n          "pattern": "^[ A-Za-z0-9_@./#&+-]{1,50}$"\n        }\n      }\n    },\n    "BusinessUnitTypes": {\n      "type": "object",\n      "properties": {\n        "id": {\n          "$ref": "#/definitions/encId"\n        },\n        "name": {\n          "description": "Name of business unit",\n          "type": "string",\n          "minLength": 1,\n          "maxLength": 50,\n          "pattern": "^[-_ a-zA-Z0-9]{1,50}$"\n        }\n      }\n    },\n    "InternalAnalysisTypes": {\n      "type": "object",\n      "properties": {\n        "id": {\n          "$ref": "#/definitions/encId"\n        },\n        "name": {\n          "description": "Name of internal analysis",\n          "type": "string",\n          "minLength": 1,\n          "maxLength": 50,\n          "pattern": "^[ A-Za-z0-9_@./#&+-]{1,50}$"\n        }\n      }\n    },\n    "PerformanceRatingTypes": {\n      "type": "object",\n      "properties": {\n        "id": {\n          "$ref": "#/definitions/encId"\n        },\n        "name": {\n          "description": "Name of performance rating",\n          "type": "string",\n          "minLength": 1,\n          "maxLength": 50,\n          "pattern": "^[ A-Za-z0-9_@./#&+-]{1,50}$"\n        }\n      }\n    },\n    "CountryCurrencyTypes": {\n      "type": "object",\n      "properties": {\n        "id": {\n          "$ref": "#/definitions/encId"\n        },\n        "name": {\n          "description": "Name of country currency",\n          "type": "string",\n          "minLength": 1,\n          "maxLength": 50,\n          "pattern": "^[-_ a-zA-Z0-9]{1,50}$"\n        }\n      }\n    },\n    "AuthenticationTypes": {\n      "type": "object",\n      "properties": {\n        "id": {\n          "$ref": "#/definitions/encId"\n        },\n        "name": {\n          "description": "Name of authentication",\n                "type": "string",\n      "format": "email"\n        }\n      }\n    },\n    "HrTypes": {\n      "type": "object",\n      "properties": {\n        "id": {\n          "$ref": "#/definitions/encId"\n        },\n        "name": {\n          "description": "Name of hr",\n          "type": "string",\n          "minLength": 1,\n          "maxLength": 50,\n          "pattern": "^[-_ a-zA-Z0-9]{1,50}$"\n        }\n      }\n    },\n    "SupervisorTypes": {\n      "type": "object",\n      "properties": {\n        "id": {\n          "$ref": "#/definitions/encId"\n        },\n        "name": {\n          "description": "Name of supervisor",\n          "type": "string",\n          "minLength": 1,\n          "maxLength": 50,\n          "pattern": "^[-_ a-zA-Z0-9]{1,50}$"\n        }\n      }\n    }\n  }\n}', 'ACTIVE', '2018-03-23 10:56:46', '2019-07-25 17:49:05'),
	(46, 1, 1, 'basepayBudget', '{\n  "$schema": "http://json-schema.org/draft-04/schema#",\n  "title": "basepay budget",\n  "description": "basepay budget validation model",\n  "type": "object",\n  "properties": {\n    "name": {\n      "description": "name of basepay budget",\n      "type": "string",\n      "minLength": 3,\n      "maxLength": 50,\n      "pattern": "^[-_ a-zA-Z0-9]{3,50}$"\n    },\n    "description": {\n      "description": "description of basepay budget",\n      "type": "string",\n      "minLength": 3,\n      "maxLength": 100,\n      "pattern": "^[-_ a-zA-Z0-9]{3,100}$"\n    },\n    "comment": {\n      "description": "comment of basepay budget",\n      "type": "string",\n      "minLength": 3,\n      "maxLength": 100,\n      "pattern": "^[-_ a-zA-Z0-9]{3,100}$"\n    },\n	 "type": {\n      "description": "type of basepay budget",\n      "type": "string",\n      "minLength": 3,\n      "maxLength": 100,\n      "enum" : [ "Top Down", "Bottom Up", "Distributed"]\n    },\n    "guidelineTypes": {\n      "$ref": "#/definitions/GuidelineTypes"\n    }\n  },\n  "required": [\n    "name",\n    "description",\n	"comment",\n	"type"\n  ],\n  "definitions": {\n    "encId": {\n      "type": "string",\n      "minLength": 8\n    },\n    "GuidelineTypes": {\n      "type": "object",\n      "properties": {\n        "id": {\n          "$ref": "#/definitions/encId"\n        },\n        "name": {\n          "description": "Name of guideline",\n          "type": "string",\n          "minLength": 3,\n          "maxLength": 50,\n          "pattern": "^[-_ a-zA-Z0-9]{3,50}$"\n        }\n      }\n    }\n  }\n}', 'ACTIVE', '2018-03-23 10:56:46', '2018-05-20 13:07:59'),
	(47, 1, 1, 'bonusBudget', '{\n  "$schema": "http://json-schema.org/draft-04/schema#",\n  "title": "bonus budget",\n  "description": "bonus budget validation model",\n  "type": "object",\n  "properties": {\n    "name": {\n      "description": "name of bonus budget",\n      "type": "string",\n      "minLength": 3,\n      "maxLength": 50,\n      "pattern": "^[-_ a-zA-Z0-9]{3,50}$"\n    },\n    "description": {\n      "description": "description of bonus budget",\n      "type": "string",\n      "minLength": 3,\n      "maxLength": 100,\n      "pattern": "^[-_ a-zA-Z0-9]{3,100}$"\n    },\n    "comment": {\n      "description": "comment of bonus budget",\n      "type": "string",\n      "minLength": 3,\n      "maxLength": 100,\n      "pattern": "^[-_ a-zA-Z0-9]{3,100}$"\n    },\n	 "type": {\n      "description": "type of bonus budget",\n      "type": "string",\n      "minLength": 3,\n      "maxLength": 100,\n      "enum" : [ "Top Down", "Bottom Up", "Distributed"]\n    },\n    "guidelineTypes": {\n      "$ref": "#/definitions/GuidelineTypes"\n    }\n  },\n  "required": [\n    "name",\n    "description",\n	"comment",\n	"type"\n  ],\n  "definitions": {\n    "encId": {\n      "type": "string",\n      "minLength": 8\n    },\n    "GuidelineTypes": {\n      "type": "object",\n      "properties": {\n        "id": {\n          "$ref": "#/definitions/encId"\n        },\n        "name": {\n          "description": "Name of guideline",\n          "type": "string",\n          "minLength": 3,\n          "maxLength": 50,\n          "pattern": "^[-_ a-zA-Z0-9]{3,50}$"\n        }\n      }\n    }\n  }\n}', 'ACTIVE', '2018-03-23 10:56:46', '2018-05-20 13:08:56'),
	(48, 1, 1, 'stockBudget', '{\n  "$schema": "http://json-schema.org/draft-04/schema#",\n  "title": "stock budget",\n  "description": "stock budget validation model",\n  "type": "object",\n  "properties": {\n    "name": {\n      "description": "name of stock budget",\n      "type": "string",\n      "minLength": 3,\n      "maxLength": 50,\n      "pattern": "^[-_ a-zA-Z0-9]{3,50}$"\n    },\n    "description": {\n      "description": "description of stock budget",\n      "type": "string",\n      "minLength": 3,\n      "maxLength": 100,\n      "pattern": "^[-_ a-zA-Z0-9]{3,100}$"\n    },\n    "comment": {\n      "description": "comment of stock budget",\n      "type": "string",\n      "minLength": 3,\n      "maxLength": 100,\n      "pattern": "^[-_ a-zA-Z0-9]{3,100}$"\n    },\n	 "type": {\n      "description": "type of stock budget",\n      "type": "string",\n      "minLength": 3,\n      "maxLength": 100,\n      "enum" : [ "Top Down", "Bottom Up", "Distributed"]\n    },\n    "guidelineTypes": {\n      "$ref": "#/definitions/GuidelineTypes"\n    }\n  },\n  "required": [\n    "name",\n    "description",\n	"comment",\n	"type"\n  ],\n  "definitions": {\n    "encId": {\n      "type": "string",\n      "minLength": 8\n    },\n    "GuidelineTypes": {\n      "type": "object",\n      "properties": {\n        "id": {\n          "$ref": "#/definitions/encId"\n        },\n        "name": {\n          "description": "Name of guideline",\n          "type": "string",\n          "minLength": 3,\n          "maxLength": 50,\n          "pattern": "^[-_ a-zA-Z0-9]{3,50}$"\n        }\n      }\n    }\n  }\n}', 'ACTIVE', '2018-03-23 10:56:46', '2018-05-20 13:09:13'),
	(49, 1, 1, 'basepayGuideline', '{\n  "$schema": "http://json-schema.org/draft-04/schema#",\n  "title": "basepay guideline",\n  "description": "basepay guideline validation model",\n  "type": "object",\n  "properties": {\n    "name": {\n      "description": "name of basepay guideline",\n      "type": "string",\n      "minLength": 3,\n      "maxLength": 50,\n      "pattern": "^[-_ a-zA-Z0-9]{3,50}$"\n    },\n    "description": {\n      "description": "description of basepay guideline",\n      "type": "string",\n      "minLength": 3,\n      "maxLength": 100,\n      "pattern": "^[-_ a-zA-Z0-9]{3,100}$"\n    },\n    "isApplyRules": {\n      "description": "apply rules of basepay guideline",\n      "type": "boolean"\n    },\n    "isLoaded": {\n      "description": "loaded state of basepay guideline",\n      "type": "boolean"\n    },\n    "templateRows": {\n      "description": "template rows of basepay guideline",\n      "type": "array",\n      "minItems": 1,\n      "maxItems": 20,\n      "items": {\n        "type": "object",\n        "$ref": "#/definitions/templateRow"\n      }\n    },\n    "ruleTypes": {\n      "description": "rule types of basepay guideline",\n      "type": "array",\n      "minItems": 0,\n      "items": {\n        "type": "string"\n      }\n    },\n    "compensationIncreaseTypes": {\n      "description": "compensation increase types of basepay guideline",\n      "type": "object",\n      "$ref": "#/definitions/CompensationIncreaseTypes"\n    }\n  },\n  "required": [\n    "name",\n    "description",\n    "isApplyRules",\n    "isLoaded",\n    "templateRows",\n    "compensationIncreaseTypes"\n  ],\n  "definitions": {\n    "templateRow": {\n      "type": "object",\n      "properties": {\n        "id": {\n          "description": "template row index of basepay guideline",\n          "type": "number",\n          "minimum": 0\n        },\n        "fields": {\n          "description": "template row field of basepay guideline",\n          "type": "array",\n          "minItems": 0,\n          "maxItems": 5,\n          "items": {\n            "type": "object",\n            "$ref": "#/definitions/TemplateRowField"\n          }\n        }\n      }\n    },\n    "TemplateRowField": {\n      "type": "object",\n      "properties": {\n        "id": {\n          "description": "template row field id of basepay guideline",\n          "type": "string",\n          "minLength": 8\n        },\n        "name": {\n          "description": "template row field name of basepay guideline",\n          "type": "string"\n        }\n      }\n    },\n    "CompensationIncreaseTypes": {\n      "type": "object",\n      "properties": {\n        "id": {\n          "description": "compensation increase type id",\n          "type": "string",\n          "minLength": 8\n        },\n        "name": {\n          "description": "compensation increase type name",\n          "type": "string",\n          "minLength": 3,\n          "maxLength": 50,\n          "pattern": "^[-_ a-zA-Z0-9]{3,50}$"\n        }\n      }\n    }\n  }\n}', 'ACTIVE', '2018-03-23 10:56:46', '2020-09-14 17:43:43'),
	(50, 1, 1, 'bonusGuideline', '{\n  "$schema": "http://json-schema.org/draft-04/schema#",\n  "title": "bonus guideline",\n  "description": "bonus guideline validation model",\n  "type": "object",\n  "properties": {\n    "name": {\n      "description": "name of bonus guideline",\n      "type": "string",\n      "minLength": 3,\n      "maxLength": 50,\n      "pattern": "^[-_ a-zA-Z0-9]{3,50}$"\n    },\n    "description": {\n      "description": "description of bonus guideline",\n      "type": "string",\n      "minLength": 3,\n      "maxLength": 100,\n      "pattern": "^[-_ a-zA-Z0-9]{3,100}$"\n    },\n    "isApplyRules": {\n      "description": "apply rules of bonus guideline",\n      "type": "boolean"\n    },\n    "isLoaded": {\n      "description": "loaded state of bonus guideline",\n      "type": "boolean"\n    },\n    "templateRows": {\n      "description": "template rows of bonus guideline",\n      "type": "array",\n      "minItems": 1,\n      "maxItems": 20,\n      "items": {\n        "type": "object",\n        "$ref": "#/definitions/templateRow"\n      }\n    },\n    "ruleTypes": {\n      "description": "rule types of bonus guideline",\n      "type": "array",\n      "minItems": 0,\n      "items": {\n        "type": "string"\n      }\n    },\n    "compensationIncreaseTypes": {\n      "description": "compensation increase types of bonus guideline",\n      "type": "object",\n      "$ref": "#/definitions/CompensationIncreaseTypes"\n    }\n  },\n  "required": [\n    "name",\n    "description",\n    "isApplyRules",\n    "isLoaded",\n    "templateRows", \n    "compensationIncreaseTypes"\n  ],\n  "definitions": {\n    "templateRow": {\n      "type": "object",\n      "properties": {\n        "id": {\n          "description": "template row index of bonus guideline",\n          "type": "number",\n          "minimum": 0\n        },\n        "fields": {\n          "description": "template row field of bonus guideline",\n          "type": "array",\n          "minItems": 0,\n          "maxItems": 5,\n          "items": {\n            "type": "object",\n            "$ref": "#/definitions/TemplateRowField"\n          }\n        }\n      }\n    },\n    "TemplateRowField": {\n      "type": "object",\n      "properties": {\n        "id": {\n          "description": "template row field id of bonus guideline",\n          "type": "string",\n          "minLength": 8\n        },\n        "name": {\n          "description": "template row field name of bonus guideline",\n          "type": "string"\n        }\n      }\n    },\n    "CompensationIncreaseTypes": {\n      "type": "object",\n      "properties": {\n        "id": {\n          "description": "compensation increase type id",\n          "type": "string",\n          "minLength": 8\n        },\n        "name": {\n          "description": "compensation increase type name",\n          "type": "string",\n          "minLength": 3,\n          "maxLength": 50,\n          "pattern": "^[-_ a-zA-Z0-9]{3,50}$"\n        }\n      }\n    }\n  }\n}', 'ACTIVE', '2018-03-23 10:56:46', '2020-09-14 17:44:01'),
	(51, 1, 1, 'stockGuideline', '{\n  "$schema": "http://json-schema.org/draft-04/schema#",\n  "title": "stock guideline",\n  "description": "stock guideline validation model",\n  "type": "object",\n  "properties": {\n    "name": {\n      "description": "name of stock guideline",\n      "type": "string",\n      "minLength": 3,\n      "maxLength": 50,\n      "pattern": "^[-_ a-zA-Z0-9]{3,50}$"\n    },\n    "description": {\n      "description": "description of stock guideline",\n      "type": "string",\n      "minLength": 3,\n      "maxLength": 100,\n      "pattern": "^[-_ a-zA-Z0-9]{3,100}$"\n    },\n    "isApplyRules": {\n      "description": "apply rules of stock guideline",\n      "type": "boolean"\n    },\n    "isLoaded": {\n      "description": "loaded state of stock guideline",\n      "type": "boolean"\n    },\n    "templateRows": {\n      "description": "template rows of stock guideline",\n      "type": "array",\n      "minItems": 1,\n      "maxItems": 20,\n      "items": {\n        "type": "object",\n        "$ref": "#/definitions/templateRow"\n      }\n    },\n    "ruleTypes": {\n      "description": "rule types of stock guideline",\n      "type": "array",\n      "minItems": 0,\n      "items": {\n        "type": "string"\n      }\n    },\n    "compensationIncreaseTypes": {\n      "description": "compensation increase types of stock guideline",\n      "type": "object",\n      "$ref": "#/definitions/CompensationIncreaseTypes"\n    }\n  },\n  "required": [\n    "name",\n    "description",\n    "isApplyRules",\n    "isLoaded",\n    "templateRows",\n    "compensationIncreaseTypes"\n  ],\n  "definitions": {\n    "templateRow": {\n      "type": "object",\n      "properties": {\n        "id": {\n          "description": "template row index of stock guideline",\n          "type": "number",\n          "minimum": 0\n        },\n        "fields": {\n          "description": "template row field of stock guideline",\n          "type": "array",\n          "minItems": 0,\n          "maxItems": 5,\n          "items": {\n            "type": "object",\n            "$ref": "#/definitions/TemplateRowField"\n          }\n        }\n      }\n    },\n    "TemplateRowField": {\n      "type": "object",\n      "properties": {\n        "id": {\n          "description": "template row field id of stock guideline",\n          "type": "string",\n          "minLength": 8\n        },\n        "name": {\n          "description": "template row field name of stock guideline",\n          "type": "string"\n        }\n      }\n    },\n    "CompensationIncreaseTypes": {\n      "type": "object",\n      "properties": {\n        "id": {\n          "description": "compensation increase type id",\n          "type": "string",\n          "minLength": 8\n        },\n        "name": {\n          "description": "compensation increase type name",\n          "type": "string",\n          "minLength": 3,\n          "maxLength": 50,\n          "pattern": "^[-_ a-zA-Z0-9]{3,50}$"\n        }\n      }\n    }\n  }\n}', 'ACTIVE', '2018-03-23 10:56:46', '2020-09-14 17:44:22'),
	(52, 1, 1, 'analytics', '{\n  "$schema": "http://json-schema.org/draft-04/schema#",\n  "title": "analytics",\n  "description": "analytics validation model",\n  "type": "object",\n  "properties": {\n    "jobCode": {\n      "description": "job code of analytics",\n      "type": "string",\n      "minLength": 3,\n      "maxLength": 100,\n      "pattern": "^[-_ a-zA-Z0-9]{3,100}$"\n    },\n    "increaseValue": {\n      "description": "increase value of analytics",\n      "type": "number",\n      "minimum": 0,\n      "maximum": 99999999\n    },\n    "empAnnualBasePay": {\n      "description": "annual basePay of analytics",\n      "type": "number",\n      "minimum": 0,\n      "maximum": 99999999\n    },\n    "percentage": {\n      "description": "percentage value of analytics",\n      "type": "number",\n      "minimum": 0,\n      "maximum": 1000.9999\n    }\n  },\n  "required": [\n    "jobCode",\n    "empAnnualBasePay"\n  ]\n}', 'ACTIVE', '2018-03-23 10:56:46', '2018-10-02 09:58:13'),
	(53, 1, 1, 'performanceReview', '{\n  "$schema": "http://json-schema.org/draft-04/schema#",\n  "title": "pmlite",\n  "description": "pmlite validation model",\n  "type": "object",\n  "properties": {\n    "managerVisibleComment": {\n      "description": "manager visible comment of pmlite",\n      "type": "string"\n    },\n	"employeeVisibleComment": {\n      "description": "employee visible comment of pmlite",\n      "type": "string"\n    },\n    "newJobCode": {\n      "description": "new code of job",\n      "type": "string",\n      "minLength": 3,\n      "maxLength": 50,\n      "pattern": "^[-_ a-zA-Z0-9]{3,50}$"\n    },\n	"performanceRatingId" : {\n	  "type": "string",\n      "minLength": 8\n	},\n	"id" : {\n	  "type": "string",\n      "minLength": 8\n	}\n  },\n  "required": [\n    "managerVisibleComment",\n    "employeeVisibleComment",\n	"newJobCode",\n	"performanceRatingId",\n	"id"\n  ]\n}', 'ACTIVE', '2018-03-23 10:56:46', '2018-05-27 17:31:09'),
	(54, 1, 1, 'equation', '{\n  "$schema": "http://json-schema.org/draft-04/schema#",\n  "title": "equation",\n  "description": "equation validation model",\n  "type": "object",\n  "properties": {\n    "name": {\n      "description": "name of equation",\n      "type": "string",\n      "minLength": 3,\n      "maxLength": 50,\n      "pattern": "^[-_ a-zA-Z0-9]{3,50}$"\n    },\n    "description": {\n      "description": "description of equation",\n      "type": "string",\n      "minLength": 3,\n      "maxLength": 100,\n      "pattern": "^[-_ a-zA-Z0-9]{3,100}$"\n    },\n    "templateRows": {\n      "description": "template rows of equation",\n      "type": "array",\n      "minItems": 1,\n      "maxItems": 20,\n      "items": {\n        "type": "object",\n        "$ref": "#/definitions/templateRow"\n      }\n    }\n  },\n  "required": [\n    "name",\n    "description",\n    "templateRows"\n  ],\n  "definitions": {\n    "templateRow": {\n      "type": "object",\n      "properties": {\n        "id": {\n          "description": "template row index of equation",\n          "type": "number",\n          "minimum": 0\n        },\n        "fields": {\n          "description": "template row field of equation",\n          "type": "array",\n          "minItems": 0,\n          "maxItems": 5,\n          "items": {\n            "type": "object",\n            "$ref": "#/definitions/TemplateRowField"\n          }\n        }\n      }\n    },\n    "TemplateRowField": {\n      "type": "object",\n      "properties": {\n        "id": {\n          "description": "template row field id of equation",\n          "type": "string",\n      "minLength": 8\n        },\n        "name": {\n          "description": "template row field name of equation",\n          "type": "string"\n        }\n      }\n    }\n  }\n}', 'ACTIVE', '2018-03-23 10:56:46', '2018-07-26 14:22:37'),
	(58, 1, 1, 'register', '{\n  "$schema": "http://json-schema.org/draft-04/schema#",\n  "title": "register",\n  "description": "register validation model",\n  "type": "object",\n  "properties": {\n    "userName": {\n      "description": "user name of user",\n      "type": "string",\n      "minLength": 6,\n      "maxLength": 255,\n      "pattern": "^[a-z0-9]+(\\\\.[_a-z0-9]+)*@[a-z0-9-]+(\\\\.[a-z0-9-]+)*(\\\\.[a-z]{2,3})$"\n    },\n    "password": {\n      "description": "password of user",\n      "type": "string",\n      "minLength": 6,\n      "maxLength": 10,\n      "pattern": "^[a-zA-Z0-9]{6,10}$"\n    }\n  },\n  "required": [\n    "userName",\n    "password"\n  ]\n}', 'ACTIVE', '2018-03-23 10:56:46', '2018-07-26 20:23:46'),
	(59, 1, 1, 'resetPassword', '{\n  "$schema": "http://json-schema.org/draft-04/schema#",\n  "title": "reset password",\n  "description": "reset password validation model",\n  "type": "object",\n  "properties": {\n    "userName": {\n      "description": "user name of user",\n      "type": "string",\n      "minLength": 6,\n      "maxLength": 255,\n      "pattern": "^[a-z0-9]+(\\\\.[_a-z0-9]+)*@[a-z0-9-]+(\\\\.[a-z0-9-]+)*(\\\\.[a-z]{2,3})$"\n    }\n  },\n  "required": [\n    "userName"\n  ]\n}', 'ACTIVE', '2018-03-23 10:56:46', '2018-07-26 20:24:31'),
	(60, 1, 1, 'plan', '{\n  "$schema": "http://json-schema.org/draft-04/schema#",\n  "title": "plan",\n  "description": "plan validation model",\n  "type": "object",\n  "properties": {\n    "name": {\n      "description": "name of plan",\n      "type": "string",\n      "minLength": 3,\n      "maxLength": 50,\n      "pattern": "^[-_ a-zA-Z0-9]{3,50}$"\n    },\n    "description": {\n      "description": "description of plan",\n      "type": "string",\n      "minLength": 3,\n      "maxLength": 100,\n      "pattern": "^[-_ a-zA-Z0-9]{3,100}$"\n    },\n    "startDate": {\n      "description": "start date of plan",\n      "type": "string",\n      "format": "date"\n    },\n    "endDate": {\n      "description": "end date of plan",\n      "type": "string",\n      "format": "date"\n    },\n    "cycle": {\n      "description": "cycle of plan",\n      "type": "string",\n      "minLength": 3,\n      "maxLength": 50,\n      "pattern": "^[-_ a-zA-Z0-9]{3,50}$"\n    },\n    "budgetTypes": {\n      "description": "budget type of plan",\n      "type": "array",\n      "items": {\n        "type": "string"\n      }\n    }\n  },\n  "required": [\n    "name",\n    "description",\n    "startDate",\n    "endDate",\n    "cycle",\n    "budgetTypes"\n  ]\n}', 'ACTIVE', '2018-03-23 10:56:46', '2018-07-24 21:19:59'),
	(61, 1, 1, 'organization', '{\n  "$schema": "http://json-schema.org/draft-04/schema#",\n  "title": "organization",\n  "description": "organization validation model",\n  "type": "object",\n  "properties": {\n    "name": {\n      "description": "name of organization",\n      "type": "string",\n      "minLength": 3,\n      "maxLength": 50,\n      "pattern": "^[-_ a-zA-Z0-9]{3,50}$"\n    },\n    "description": {\n      "description": "description of organization",\n      "type": "string",\n      "minLength": 3,\n      "maxLength": 100,\n      "pattern": "^[-_ a-zA-Z0-9]{3,100}$"\n    },\n	"displayName": {\n      "description": "display name of organization",\n      "type": "string",\n      "minLength": 3,\n      "maxLength": 50,\n      "pattern": "^[-_ a-zA-Z0-9]{3,50}$"\n    },\n	"address": {\n      "description": "address of organization",\n      "type": "string",\n      "minLength": 3,\n      "maxLength": 100,\n      "pattern": "^[-_ a-zA-Z0-9]{3,100}$"\n    },\n	"code": {\n      "description": "code name of organization",\n      "type": "string",\n      "minLength": 3,\n      "maxLength": 50,\n      "pattern": "^[-_ a-zA-Z0-9]{3,50}$"\n    },\n	"identificationNumber": {\n      "description": "identification number of organization",\n      "type": "string",\n      "minLength": 3,\n      "maxLength": 50,\n      "pattern": "^[-_ a-zA-Z0-9]{3,50}$"\n    },\n	"targetRevenue": {\n      "description": "target revenue of organization",\n	  "type": "number",\n      "minimum": 1,\n      "maximum": 99999999.00\n    },\n	"targetSales": {\n      "description": "target sales of organization",\n	  "type": "number",\n      "minimum": 1,\n      "maximum": 99999999.00\n    },\n	"targetProfit": {\n      "description": "target profit of organization",\n	  "type": "number",\n      "minimum": 1,\n      "maximum": 99999999.00\n    },\n	"revenueMultiplier": {\n      "description": "revenue multiplier of organization",\n	  "type": "number",\n      "minimum": 1,\n      "maximum": 99999999.00\n    },\n	"salesMultiplier": {\n      "description": "sales multiplier of organization",\n	  "type": "number",\n      "minimum": 1,\n      "maximum": 99999999.00\n    },\n	"profitMultiplier": {\n      "description": "profit multiplier of organization",\n	  "type": "number",\n      "minimum": 1,\n      "maximum": 99999999.00\n    },\n	"actualRevenue": {\n      "description": "actual revenue of organization",\n	  "type": "number",\n      "minimum": 1,\n      "maximum": 99999999.00\n    },\n	"actualSales": {\n      "description": "actual sales of organization",\n	  "type": "number",\n      "minimum": 1,\n      "maximum": 99999999.00\n    },\n	"actualProfit": {\n      "description": "actual profit of organization",\n	  "type": "number",\n      "minimum": 1,\n      "maximum": 99999999.00\n    },\n	"frequency": {\n      "description": "frequency of organization",\n      "type": "string",\n      "minLength": 3,\n      "maxLength": 50,\n      "pattern": "^[-_ a-zA-Z0-9]{3,50}$"\n    },\n	"startDate": {\n      "description": "start date of organization",\n      "type": "string",\n      "format": "date"\n    },\n	"endDate": {\n      "description": "end date of organization",\n      "type": "string",\n      "format": "date"\n    },\n	"phoneNumber": {\n      "description": "phone number of organization",\n      "type": "string",\n      "pattern": "^[0-9()\\\\-\\\\.\\\\s]+$"\n    },\n	"email": {\n      "description": "email of organization",\n      "type": "string",\n      "format": "email"\n    }\n  },\n  "required": [\n    "name",\n    "description",\n	"displayName",\n	"address",\n	"code",\n	"identificationNumber",\n	"targetRevenue",\n	"targetSales",\n	"targetProfit",\n	"revenueMultiplier",\n	"salesMultiplier",\n	"profitMultiplier",\n	"actualRevenue",\n	"actualSales",\n	"actualProfit",\n	"frequency",\n	"startDate", \n	"endDate",\n	"phoneNumber",\n	"email"\n  ]\n}', 'ACTIVE', '2018-03-23 10:56:46', '2018-07-24 21:19:59'),
	(62, 1, 1, 'compView', '{\n  "$schema": "http://json-schema.org/draft-04/schema#",\n  "title": "comp view",\n  "description": "comp view validation model",\n  "type": "object",\n  "properties": {\n    "name": {\n      "description": "name of comp view",\n      "type": "string",\n      "minLength": 3,\n      "maxLength": 50,\n      "pattern": "^[-_ a-zA-Z0-9]{3,50}$"\n    },\n    "description": {\n      "description": "description of comp view",\n      "type": "string",\n      "minLength": 3,\n      "maxLength": 100,\n      "pattern": "^[-_ a-zA-Z0-9]{3,100}$"\n    },\n    "isLoaded": {\n      "description": "loaded state of comp view",\n      "type": "boolean"\n    },\n    "templateTabs": {\n      "description": "template tabs of comp view",\n      "type": "array",\n      "minItems": 1,\n      "maxItems": 5,\n      "items": {\n        "type": "object",\n        "$ref": "#/definitions/templateTab"\n      }\n    },\n   "chageStatus": {\n      "description": "change status of comp view",\n      "type": "boolean"\n    }\n  },\n  "required": [\n    "name",\n    "description",\n    "isLoaded",\n    "templateTabs"\n  ],\n  "definitions": {\n    "encId": {\n      "type": "string",\n      "minLength": 8\n    },\n    "templateTab": {\n      "type": "object",\n      "properties": {\n        "id": {\n          "description": "template tab index of comp view",\n          "type": "number",\n          "minimum": 0\n        },\n        "name": {\n          "description": "name of template tab",\n          "type": "string",\n          "minLength": 3,\n          "maxLength": 50,\n          "pattern": "^[-_ a-zA-Z0-9]{3,50}$"\n        },\n        "rows": {\n          "description": "template tab row of comp view",\n          "type": "array",\n          "minItems": 5,\n          "maxItems": 5,\n          "items": {\n            "type": "object",\n            "$ref": "#/definitions/templateRow"\n          }\n        }\n      }\n    },\n    "templateRow": {\n      "type": "object",\n      "properties": {\n        "id": {\n          "description": "template row index of comp view",\n          "type": "number",\n          "minimum": 0\n        },\n        "fields": {\n          "description": "template row field of comp view",\n          "type": "array",\n          "minItems": 0,\n          "maxItems": 10,\n          "items": {\n            "type": "object",\n            "$ref": "#/definitions/TemplateRowField"\n          }\n        }\n      }\n    },\n    "TemplateRowField": {\n      "type": "object",\n      "properties": {\n        "id": {\n          "description": "template row field id of comp view",\n          "type": "string",\n          "minLength": 8\n        },\n        "name": {\n          "description": "template row field name of comp view",\n          "type": "string"\n        }\n      }\n    }\n  }\n}', 'ACTIVE', '2018-03-23 10:56:46', '2018-10-12 19:20:08'),
	(63, 1, 1, 'alert', '{\n  "$schema": "http://json-schema.org/draft-04/schema#",\n  "title": "alert view",\n  "description": "alert view validation model",\n  "type": "object",\n  "properties": {\n    "name": {\n      "description": "name of alert view",\n      "type": "string",\n      "minLength": 3,\n      "maxLength": 50,\n      "pattern": "^[-_ a-zA-Z0-9]{3,50}$"\n    },\n    "description": {\n      "description": "description of alert view",\n      "type": "string",\n      "minLength": 3,\n      "maxLength": 100,\n      "pattern": "^[-_ a-zA-Z0-9]{3,100}$"\n    },\n	"elseRule": {\n      "description": "else rule of alert view",\n      "type": "string",\n      "minLength": 0,\n      "maxLength": 500,\n      "pattern": "^[-_ a-zA-Z0-9]{0,500}$"\n    },\n	"thenRule": {\n      "description": "then rule of alert view",\n      "type": "string",\n      "minLength": 3,\n      "maxLength": 500,\n      "pattern": "^[-_ a-zA-Z0-9]{3,500}$"\n    },\n    "templateRows": {\n      "description": "template rows of alert view",\n      "type": "array",\n      "items": {\n        "type": "object",\n        "$ref": "#/definitions/templateRow"\n      }\n    },\n   "chageStatus": {\n      "description": "change status of alert view",\n      "type": "boolean"\n    }\n  },\n  "required": [\n    "name",\n    "description",\n	"thenRule",\n    "templateRows"\n  ],\n  "definitions": {\n    "encId": {\n      "type": "string",\n      "minLength": 8\n    },\n    "templateRow": {\n      "type": "object",\n      "properties": {\n        "id": {\n          "description": "template row index of alert view",\n          "type": "number",\n          "minimum": 0\n        },\n        "fields": {\n          "description": "template row field of alert view",\n          "type": "array",\n          "minItems": 2,\n          "maxItems": 4,\n          "items": {\n            "type": "object",\n            "$ref": "#/definitions/TemplateRowField"\n          }\n        }\n      }\n    },\n    "TemplateRowField": {\n      "type": "object",\n      "properties": {\n        "id": {\n          "description": "template row field id of alert view"\n        },\n        "name": {\n          "description": "template row field name of alert view",\n          "type": "string"\n        }\n      }\n    }\n  }\n}', 'ACTIVE', '2018-03-23 10:56:46', '2018-10-12 19:20:38'),
	(64, 1, 1, 'rule', '{\n  "$schema": "http://json-schema.org/draft-04/schema#",\n  "title": "rule",\n  "description": "rule validation model",\n  "type": "object",\n  "properties": {\n    "name": {\n      "description": "name of rule",\n      "type": "string",\n      "minLength": 3,\n      "maxLength": 50,\n      "pattern": "^[-_ a-zA-Z0-9]{3,50}$"\n    },\n    "description": {\n      "description": "description of rule",\n      "type": "string",\n      "minLength": 3,\n      "maxLength": 100,\n      "pattern": "^[-_ a-zA-Z0-9]{3,100}$"\n    },\n    "templateRows": {\n      "description": "template rule type",\n      "type": "object",\n      "$ref": "#/definitions/templateRuleType"\n    }\n  },\n  "required": [\n    "name",\n    "description",\n    "templateRows"\n  ],\n  "definitions": {\n    "templateRuleType": {\n      "type": "object",\n      "properties": {\n        "ifRows": {\n          "description": "template if rule type index",\n          "type": "array",\n          "items": {\n            "type": "object",\n            "$ref": "#/definitions/templateRow"\n          }\n        },\n        "thenRows": {\n          "description": "template then rule type index",\n          "type": "array",\n          "items": {\n            "type": "object",\n            "$ref": "#/definitions/templateRow"\n          }\n        },\n        "elseRows": {\n          "description": "template else rule type index",\n          "type": "array",\n          "items": {\n            "type": "object",\n            "$ref": "#/definitions/templateRow"\n          }\n        }\n      }\n    },\n    "templateRow": {\n      "type": "object",\n      "properties": {\n        "id": {\n          "description": "template row index of equation",\n          "type": "number",\n          "minimum": 0\n        },\n        "fields": {\n          "description": "template row field of equation",\n          "type": "array",\n          "minItems": 0,\n          "maxItems": 5,\n          "items": {\n            "type": "object",\n            "$ref": "#/definitions/TemplateRowField"\n          }\n        }\n      }\n    },\n    "TemplateRowField": {\n      "type": "object",\n      "properties": {\n        "id": {\n          "description": "template row field id of rule"\n        },\n        "name": {\n          "description": "template row field name of rule",\n          "type": "string"\n        }\n      }\n    }\n  }\n}', 'ACTIVE', '2018-03-23 10:56:46', '2018-07-26 19:30:20'),
	(65, 1, 1, 'complianceView', '{\n  "$schema": "http://json-schema.org/draft-04/schema#",\n  "title": "compliance view",\n  "description": "compliance view validation model",\n  "type": "object",\n  "properties": {\n    "name": {\n      "description": "name of compliance view",\n      "type": "string",\n      "minLength": 3,\n      "maxLength": 50,\n      "pattern": "^[-_ a-zA-Z0-9]{3,50}$"\n    },\n    "description": {\n      "description": "description of compliance view",\n      "type": "string",\n      "minLength": 3,\n      "maxLength": 100,\n      "pattern": "^[-_ a-zA-Z0-9]{3,100}$"\n    },\n    "isLoaded": {\n      "description": "loaded state of profile view",\n      "type": "boolean"\n    },\n    "compliances": {\n      "description": "rows of compliance view",\n      "type": "array",\n      "items": {\n        "type": "object",\n        "$ref": "#/definitions/complianceRow"\n      }\n    },\n  "chageStatus": {\n      "description": "change status of compliance view",\n      "type": "boolean"\n    }\n  },\n  "required": [\n    "name",\n    "description",\n    "isLoaded",\n    "compliances"\n  ],\n  "definitions": {\n    "encId": {\n      "type": "string",\n      "minLength": 8\n    },\n    "complianceRow": {\n      "type": "object",\n      "properties": {\n        "id": {\n          "description": "row index of compliance",\n          "type": "number",\n          "minimum": 0\n        },\n        "name": {\n          "description": "name of compliance",\n          "type": "string",\n          "minLength": 3,\n          "maxLength": 50,\n          "pattern": "^[-_ a-zA-Z0-9]{3,50}$"\n        },\n        "description": {\n          "description": "description of compliance",\n          "type": "string",\n          "minLength": 3,\n          "maxLength": 100,\n          "pattern": "^[-_ a-zA-Z0-9]{3,100}$"\n        },\n        "isMandatory": {\n          "description": "mandatory state of compliance",\n          "type": "boolean"\n        },\n        "ruleType": {\n          "description": "rule type of compliance",\n          "type": "object",\n          "$ref": "#/definitions/ruleType"\n        }\n      }\n    },\n    "ruleType": {\n      "type": "object",\n      "properties": {\n        "id": {\n          "description": "id of rule"\n        },\n        "name": {\n          "description": "name of rule",\n          "type": "string"\n        }\n      }\n    }\n  }\n}', 'ACTIVE', '2018-03-23 10:56:46', '2018-10-12 19:24:56'),
	(66, 1, 1, 'runReport', '{\n  "$schema": "http://json-schema.org/draft-04/schema#",\n  "title": "run report",\n  "description": "run report validation model",\n  "type": "object",\n  "properties": {\n    "id": {\n      "description": "id of report",\n      "$ref": "#/definitions/encId"\n    },\n    "type": {\n      "description": "execution type of report",\n      "type": "string",\n      "enum": [\n        "HTML",\n        "PDF",\n        "XLS",\n        "DOCX"\n      ]\n    },\n    "notifyStatus": {\n      "description": "notify status of report",\n      "type": "string",\n      "enum": [\n        "Yes",\n        "No"\n      ]\n    },\n    "employeeId": {\n      "description": "employee id in report execution",\n      "type": "string",\n      "minLength": 8\n    },\n    "ruleParams": {\n      "description": "rules in report execution",\n      "type": "object"\n    },\n    "filterParams": {\n      "description": "filters in report execution",\n      "type": "object"\n    }\n  },\n  "required": [\n    "id",\n    "type",\n    "notifyStatus"\n  ],\n  "definitions": {\n    "encId": {\n      "type": "string",\n      "minLength": 8\n    }\n  }\n}', 'ACTIVE', '2018-03-23 10:56:46', '2018-09-18 12:10:02'),
	(67, 1, 1, 'planningEmployee', '{\n  "$schema": "http://json-schema.org/draft-04/schema#",\n  "title": "planning employee",\n  "description": "planning employee validation model",\n  "type": "object",\n  "properties": {\n    "id": {\n      "description": "id of planning employee",\n      "$ref": "#/definitions/encId"\n    }\n  },\n  "required": [\n    "id"\n  ],\n  "definitions": {\n    "encId": {\n      "type": "string",\n      "minLength": 8\n    }\n  }\n}', 'ACTIVE', '2018-03-23 10:56:46', '2018-07-31 14:52:01'),
	(68, 1, 1, 'planningRule', '{\n  "$schema": "http://json-schema.org/draft-04/schema#",\n  "title": "planning rule",\n  "description": "planning rule validation model",\n  "type": "object",\n  "properties": {\n    "id": {\n      "description": "id of field",\n      "$ref": "#/definitions/encId"\n    },\n   "name": {\n      "description": "name of field",\n      "type": "string"\n    },\n    "employeeId": {\n      "description": "employee id of planning rule",\n       "type": "string",\n        "minLength": 1\n    },\n    "value": {\n      "description": "value of field",\n      "type": "string"\n    }\n  },\n  "required": [\n    "employeeId",\n    "value"\n  ],\n  "definitions": {\n    "encId": {\n      "type": "string",\n      "minLength": 8\n    }\n  }\n}', 'ACTIVE', '2018-03-23 10:56:46', '2018-10-06 11:39:50'),
	(69, 1, 1, 'buildReport', '	\n{\n  "$schema": "http://json-schema.org/draft-04/schema#",\n  "title": "build report",\n  "description": "build report validation model",\n  "type": "object",\n  "properties": {\n    "name": {\n      "description": "name of build report",\n      "type": "string",\n      "minLength": 3,\n      "maxLength": 50,\n      "pattern": "^[-_ a-zA-Z0-9]{3,50}$"\n    },\n    "description": {\n      "description": "description of build report",\n      "type": "string",\n      "minLength": 3,\n      "maxLength": 100,\n      "pattern": "^[-_ a-zA-Z0-9]{3,100}$"\n    },\n	"share": {\n      "description": "share of build report",\n      "type": "string",\n      "enum": [\n	    "DEVELOPER",\n		"MANAGER",\n		"HR"\n	  ]\n    },\n    "dateAtFooter": {\n      "description": "date at footer of build report",\n      "type": "boolean"\n    },\n	"pageNoAtFooter": {\n      "description": "page no at footer of build report",\n      "type": "boolean"\n    },\n	"xAxisField": {\n      "description": "template rows of build report",\n      "$ref": "#/definitions/encId"\n    },\n    "templateRows": {\n      "description": "template rows of build report",\n      "type": "object",\n      "$ref": "#/definitions/templateRow"\n    },\n	"ruleTypes": {\n      "description": "rules of build report",\n      "type": "array",\n      "items": {\n        "type": "string",\n		"minLength": 8\n      }\n    },\n    "chageStatus": {\n      "description": "change status of build report",\n      "type": "boolean"\n    }\n  },\n  "required": [\n    "name",\n    "description",\n	"share",\n	"dateAtFooter",\n	"pageNoAtFooter",\n    "templateRows",\n	"ruleTypes"\n  ],\n  "definitions": {\n   "encId": {\n      "type": "string",\n      "minLength": 8\n    },\n	"templateRow": {\n      "type": "object",\n      "properties": {\n        "dataRows": {\n			"type": "array",\n			"minItems": 1,\n			"maxItems": 10,\n			"items": {\n				"type": "object",\n				"$ref": "#/definitions/Row"\n			}\n        },\n        "filterRows": {\n            "type": "array",\n			"minItems": 1,\n			"maxItems": 10,\n			"items": {\n				"type": "object",\n				"$ref": "#/definitions/Row"\n			}\n        }\n      }\n    },\n    "Row": {\n      "type": "object",\n      "properties": {\n        "id": {\n          "description": "template row index of build report",\n          "type": "number",\n          "minimum": 0\n        },\n        "fields": {\n          "description": "template row field of build report",\n          "type": "array",\n          "minItems": 0,\n          "maxItems": 10,\n          "items": {\n            "type": "object",\n            "$ref": "#/definitions/TemplateRowField"\n          }\n        }\n      }\n    },\n    "TemplateRowField": {\n      "type": "object",\n      "properties": {\n        "id": {\n          "description": "template row field id of build report",\n          "type": "string",\n          "minLength": 8\n        },\n        "name": {\n          "description": "template row field name of build report",\n          "type": "string"\n        }\n      }\n    }\n  }\n}', 'ACTIVE', '2018-03-23 10:56:46', '2019-04-30 21:22:16'),
	(70, 1, 1, 'customProperty', '{\n  "$schema": "http://json-schema.org/draft-04/schema#",\n  "title": "custom property",\n  "description": "custom property validation model",\n  "type": "object",\n  "properties": {\n    "name": {\n      "description": "name of custom property",\n      "type": "string",\n      "minLength": 3,\n      "maxLength": 50,\n      "pattern": "^[-_ a-zA-Z0-9]{3,50}$"\n    },\n    "description": {\n      "description": "description of  custom property",\n      "type": "string",\n      "minLength": 3,\n      "maxLength": 100,\n      "pattern": "^[-_ a-zA-Z0-9]{3,100}$"\n    }\n  },\n  "required": [\n    "name",\n    "description"\n  ]\n}', 'ACTIVE', '2018-03-23 10:56:46', '2018-08-14 18:20:32'),
	(71, 1, 1, 'customPropertyRecords', '{\n  "$schema": "http://json-schema.org/draft-04/schema#",\n  "title": "alert view",\n  "description": "custom property details validation model",\n  "type": "object",\n  "properties": {\n    "id": {\n      "description": "id of employee",\n      "$ref": "#/definitions/encId"\n    },\n    "details": {\n      "description": "details of custom property records",\n      "type": "array",\n      "items": {\n        "type": "object",\n        "$ref": "#/definitions/recordRow"\n      }\n    }\n  },\n  "required": [\n    "id",\n    "details"\n  ],\n  "definitions": {\n    "encId": {\n      "type": "string",\n      "minLength": 8\n    },\n    "recordRow": {\n      "type": "object",\n      "properties": {\n        "name": {\n          "description": "name of property",\n          "type": "string"\n        },\n        "value": {\n          "description": "value of property",\n          "type": "string"\n        }\n      }\n    }\n  }\n}', 'ACTIVE', '2018-03-23 10:56:46', '2018-08-15 12:25:33'),
	(72, 1, 1, 'planningBudget', '{\n  "$schema": "http://json-schema.org/draft-04/schema#",\n  "title": "planningBudget",\n  "description": "planningBudget validation model",\n  "type": "object",\n  "properties": {\n    "employeeId": {\n      "description": "employee master id of employee",\n      "type": "string"\n    },\n    "action": {\n      "description": "action of budget request",\n      "type": "string",\n      "enum": ["Approved", "Rejected", "Submitted"]\n    },\n    "budgetOptions": {\n       "description": "compensation increase type for update",\n      "type": "array",\n      "minItems": 1,\n      "items": {\n        "type": "object",\n        "$ref": "#/definitions/budgetType"\n      }\n    }\n  },\n  "required": [\n    "employeeId",\n    "action",\n    "budgetOptions"\n  ],\n   "definitions": {\n    "budgetType": {\n      "type": "object",\n      "properties": {\n        "id": {\n          "description": "compensation increase type id",\n          "type": "string"\n        }\n      }\n    }\n  }\n}', 'ACTIVE', '2018-03-23 10:56:46', '2019-03-30 13:49:11'),
	(73, 1, 1, 'planningHistory', '{\n  "$schema": "http://json-schema.org/draft-04/schema#",\n  "title": "planning history",\n  "description": "planning history validation model",\n  "type": "object",\n  "properties": {\n    "employeeId": {\n      "description": "employee master id of employee",\n      "type": "string"\n    }\n  },\n  "required": [\n    "employeeId"\n  ]\n}', 'ACTIVE', '2018-03-23 10:56:46', '2018-09-07 20:34:23'),
	(74, 1, 1, 'unlockUser', '{\n  "$schema": "http://json-schema.org/draft-04/schema#",\n  "title": "unlock",\n  "description": "unlock validation model",\n  "type": "object",\n  "properties": {\n    "password": {\n      "description": "password of user",\n      "type": "string",\n      "minLength": 6,\n      "maxLength": 10,\n      "pattern": "^[a-zA-Z0-9]{6,10}$"\n    }\n  },\n  "required": [\n    "password"\n  ]\n}', 'ACTIVE', '2018-03-23 10:56:46', '2018-10-07 22:10:13'),
	(75, 1, 1, 'oauth2', '{\n  "$schema": "http://json-schema.org/draft-04/schema#",\n  "title": "Authentication type of Oauth2",\n  "description": "Oauth2 validation model",\n  "anyOf": [\n   {\n      "$ref": "#/definitions/authenticationCode"\n    },\n    {\n      "$ref": "#/definitions/implict"\n    },\n    {\n      "$ref": "#/definitions/clientCredentials"\n    },\n    {\n      "$ref": "#/definitions/resourceCredentials"\n    }\n  ],\n  "definitions": {\n    "authenticationCode": {\n      "type": "object",\n      "properties": {\n        "webUrl": {\n          "$ref": "#/definitions/webUrl"\n        },\n        "clientId": {\n          "$ref": "#/definitions/clientId"\n        },\n        "clientSecret": {\n          "$ref": "#/definitions/clientSecret"\n        },\n        "authorizeUrl": {\n          "$ref": "#/definitions/authorizeUrl"\n        },\n        "accessTokenUrl": {\n          "$ref": "#/definitions/accessTokenUrl"\n        }\n      },\n      "required": [\n        "webUrl",\n        "clientId",\n        "clientSecret",\n        "authorizeUrl",\n        "accessTokenUrl"\n      ]\n    },\n    "implict": {\n      "type": "object",\n      "properties": {\n        "webUrl": {\n          "$ref": "#/definitions/webUrl"\n        },\n        "clientId": {\n          "$ref": "#/definitions/clientId"\n        },\n        "clientSecret": {\n          "$ref": "#/definitions/clientSecret"\n        }\n      },\n      "required": [\n        "webUrl",\n        "clientId",\n        "clientSecret"\n      ]\n    },\n    "clientCredentials": {\n      "type": "object",\n      "properties": {\n        "username": {\n          "$ref": "#/definitions/username"\n        },\n        "password": {\n          "$ref": "#/definitions/password"\n        }\n      },\n      "required": [\n        "username",\n        "password"\n      ]\n    },\n    "resourceCredentials": {\n      "type": "object",\n      "properties": {\n        "username": {\n          "$ref": "#/definitions/username"\n        },\n        "password": {\n          "$ref": "#/definitions/password"\n        }\n      },\n      "required": [\n        "username",\n        "password"\n      ]\n    },\n    "password": {\n      "description": "password",\n      "type": "string",\n      "min-length": 6,\n      "max-length": 10,\n      "pattern": "^[a-zA-Z0-9]{6,10}$"\n    },\n    "username": {\n      "description": "name",\n      "type": "string",\n      "minLength": 3,\n      "maxLength": 50,\n      "pattern": "^[-_ a-zA-Z0-9]{3,50}$"\n    },\n    "clientId": {\n      "description": "client identifier",\n      "type": "string",\n      "minLength": 3,\n      "maxLength": 200,\n      "pattern": "^[-_ a-zA-Z0-9]{3,200}$"\n    },\n    "clientSecret": {\n      "description": "client identifier",\n      "type": "string",\n      "minLength": 3,\n      "maxLength": 200,\n      "pattern": "^[-_ a-zA-Z0-9]{3,200}$"\n    },\n    "webUrl": {\n      "description": "web url",\n      "type": "string",\n      "minLength": 15,\n      "maxLength": 200\n    },\n    "authorizeUrl": {\n      "description": "authorize url",\n      "type": "string",\n      "minLength": 3,\n      "maxLength": 200,\n      "pattern": "^[-_ a-zA-Z0-9]{3,200}$"\n    },\n    "accessTokenUrl": {\n      "description": "access token url",\n      "type": "string",\n      "minLength": 3,\n      "maxLength": 200,\n      "pattern": "^[-_ a-zA-Z0-9]{3,200}$"\n    }\n  }\n}', 'ACTIVE', '2018-03-23 10:56:46', '2018-12-20 22:29:38'),
	(77, 1, 1, 'changePrivilege', '{\n  "$schema": "http://json-schema.org/draft-04/schema#",\n  "title": "change privilege",\n  "description": "change privilege validation model",\n  "type": "object",\n  "properties": {\n    "roleId": {\n      "description": "id of role",\n      "$ref": "#/definitions/encId"\n    },\n    "type": {\n      "description": "type",\n      "type": "string",\n      "enum": [\n        "workspace",\n        "category"\n      ]\n    },\n    "action": {\n      "description": "action",\n      "type": "string",\n      "enum": [\n        "view",\n        "manage",\n        "edit"\n      ]\n    },\n    "id": {\n      "description": "id of type",\n      "$ref": "#/definitions/encId"\n    },\n    "value": {\n      "description": "updated value of privilege",\n      "type": "boolean"\n    }\n  },\n  "required": [\n    "roleId",\n    "id",\n    "type",\n   "action",\n    "value"\n  ],\n  "definitions": {\n    "encId": {\n      "type": "string",\n      "minLength": 8\n    }\n  }\n}', 'ACTIVE', '2018-03-23 10:56:46', '2020-04-10 21:51:02'),
	(78, 1, 1, 'hrPartnerEmployeeLink', '{\n  "$schema": "http://json-schema.org/draft-04/schema#",\n  "title": "hr partner link",\n  "description": "hr partner link employee validation model",\n  "type": "object",\n  "properties": {\n    "id": {\n      "description": "id of employee",\n      "type": "string",\n      "minLength": 8\n    }\n  },\n  "required": [\n    "id"\n  ]\n}\n', 'ACTIVE', '2018-03-23 10:56:46', '2018-05-09 21:00:15'),
	(79, 1, 1, 'hrPartnerEmployeeUnlink', '{\n  "$schema": "http://json-schema.org/draft-04/schema#",\n  "title": "hr partner unlink",\n  "description": "hr partner unlink employee validation model",\n  "type": "object",\n  "properties": {\n    "id": {\n      "description": "id of employee",\n      "type": "string",\n      "minLength": 8\n    }\n  },\n  "required": [\n    "id"\n  ]\n}', 'ACTIVE', '2018-03-23 10:56:46', '2018-05-09 21:00:22');
/*!40000 ALTER TABLE `validation` ENABLE KEYS */;

-- Dumping data for table compcloud.web_connector: ~0 rows (approximately)
/*!40000 ALTER TABLE `web_connector` DISABLE KEYS */;
INSERT INTO `web_connector` (`WEB_CONNECTOR_ID`, `AUTHENTICATION_TYPE`, `CONFIGURATION_ID`, `STATUS`, `STATUS_TLM`, `WHEN_CREATED`, `TLM`) VALUES
	(1, 'OAUTH2', 75, 'ACTIVE', '2018-12-17 20:31:12', '2018-12-17 20:31:17', '2021-02-12 09:59:48');
/*!40000 ALTER TABLE `web_connector` ENABLE KEYS */;

-- Dumping data for table compcloud.workspace: ~20 rows (approximately)
/*!40000 ALTER TABLE `workspace` DISABLE KEYS */;
INSERT INTO `workspace` (`WORKSPACE_ID`, `TENANT_ID`, `ORG_ID`, `NAME`, `WORKSPACE_DESC`, `HEADING`, `DISPLAY_ORDER`, `REF`, `ICON`, `VIEW_ROLES_ALLOWED`, `MANAGE_ROLES_ALLOWED`, `STATUS`, `STATUS_TLM`, `WHEN_CREATED`, `LAST_UPDATED`) VALUES
	(1, 1, 1, 'manager', 'Manager', b'1', 1, NULL, NULL, '2,7', '2,7', 'ACTIVE', '2019-01-11 21:25:05', '2019-01-11 21:25:06', '2019-04-01 15:49:51'),
	(2, 1, 1, 'dashboard', 'Dashboard', b'0', 2, 'app.dashboard', 'icon-speedometer', '2,7,9', '2,7,9', 'ACTIVE', '2019-01-11 21:26:08', '2019-01-11 21:26:08', '2019-04-01 15:56:48'),
	(3, 1, 1, 'planning', 'Planning', b'0', 3, 'app.planning', 'fa fa-sitemap', '2,7,9', '2,7,9', 'ACTIVE', '2019-01-11 21:26:35', '2019-01-11 21:26:36', '2019-04-01 15:56:50'),
	(4, 1, 1, 'reports', 'Reports', b'0', 4, '#', 'icon-bar-chart', '2,7,9,1', '2,7,9,1', 'ACTIVE', '2019-01-11 21:27:13', '2019-01-11 21:27:13', '2019-04-01 15:56:52'),
	(5, 1, 1, 'analytics', 'Analytics', b'0', 5, '#', 'fa fa-line-chart', '7,2', '7,2', 'ACTIVE', '2019-01-11 21:27:56', '2019-01-11 21:27:59', '2019-04-01 15:56:55'),
	(6, 1, 1, 'compliance', 'Compliance', b'0', 6, 'app.compliance', 'icon-eye', '7,2', '7,2', 'ACTIVE', '2019-01-11 21:28:36', '2019-01-11 21:28:36', '2019-04-01 15:56:57'),
	(7, 1, 1, 'pmlite', 'PM Lite', b'0', 7, 'app.agilepm', 'icon-graduation', '7,2', '7,2', 'ACTIVE', '2019-01-11 21:29:03', '2019-01-11 21:29:03', '2019-04-01 15:57:00'),
	(8, 1, 1, 'administrator', 'Administrator', b'1', 8, NULL, NULL, '7', '7', 'ACTIVE', '2019-01-11 21:29:31', '2019-01-11 21:29:32', '2019-04-01 15:57:02'),
	(9, 1, 1, 'setting', 'Setting', b'0', 9, 'app.setting', 'fa fa-cog', '7', '7', 'ACTIVE', '2019-01-11 21:30:10', '2019-01-11 21:30:11', '2019-04-01 15:57:06'),
	(10, 1, 1, 'userManagment', 'User Managment', b'0', 10, 'app.managment', 'fa fa-user', '7', '7', 'ACTIVE', '2019-01-11 21:30:47', '2019-01-11 21:30:48', '2019-04-01 15:57:09'),
	(11, 1, 1, 'systemData', 'System Data', b'0', 11, 'app.system', 'fa fa-book', '7,4', '7,4', 'ACTIVE', '2019-01-11 21:31:13', '2019-01-11 21:31:14', '2019-04-01 15:57:11'),
	(12, 1, 1, 'views', 'Views', b'0', 12, 'app.views', 'icon-wallet', '7', '7,2,8,9', 'ACTIVE', '2019-01-11 21:31:37', '2019-01-11 21:31:38', '2019-04-01 15:57:12'),
	(13, 1, 1, 'ruleengine', 'Rule Engine', b'0', 13, 'app.ruleengine', 'icon-calculator', '7', '7', 'ACTIVE', '2019-01-11 21:32:03', '2019-01-11 21:32:04', '2019-04-01 15:57:15'),
	(14, 1, 1, 'guideline', 'Guideline', b'0', 14, 'app.guideline', 'icon-film', '7', '7', 'ACTIVE', '2019-01-11 21:32:25', '2019-01-11 21:32:26', '2019-04-01 15:57:17'),
	(15, 1, 1, 'budget', 'Budget', b'0', 15, 'app.budget', 'icon-pie-chart', '7', '7', 'ACTIVE', '2019-01-11 21:32:45', '2019-01-11 21:32:46', '2019-04-01 15:57:20'),
	(16, 1, 1, 'plan', 'Plan', b'0', 16, 'app.plan', 'icon-support', '7,10', '7', 'ACTIVE', '2019-01-11 21:33:06', '2019-01-11 21:33:07', '2019-04-01 15:57:24'),
	(17, 1, 1, 'integration', 'Integration', b'0', 17, 'app.integration', 'icon-link', '7', '7', 'ACTIVE', '2019-01-11 21:33:28', '2019-01-11 21:33:29', '2019-04-01 15:57:26'),
	(18, 1, 1, 'activity', 'Activity', b'0', 18, 'app.activity', 'fa fa-database', '7', '7', 'ACTIVE', '2019-01-11 21:33:49', '2019-01-11 21:33:50', '2019-04-01 15:57:28'),
	(19, 1, 1, 'other', 'Other', b'0', 19, 'app.other', 'fa fa-info-circle', '4,7', '7,4,2,8', 'ACTIVE', '2019-01-11 21:34:12', '2019-01-11 21:34:13', '2021-01-21 14:18:29'),
	(20, 1, 1, 'managecomp', 'Manage Comp', b'0', 10, 'app.managecomp', 'icon-graduation', '7,3,8', '7,8,3', 'ACTIVE', '2019-01-11 21:29:03', '2019-01-11 21:29:03', '2020-03-30 19:59:18');
/*!40000 ALTER TABLE `workspace` ENABLE KEYS */;

-- Dumping data for table compcloud.workspace_category: ~58 rows (approximately)
/*!40000 ALTER TABLE `workspace_category` DISABLE KEYS */;
INSERT INTO `workspace_category` (`WORKSPACE_CATEGORY_ID`, `TENANT_ID`, `ORGANIZATION_ID`, `WORKSPACE_ID`, `CATEGORY_ID`, `VIEW_ROLES_ALLOWED`, `MANAGE_ROLES_ALLOWED`, `STATUS`, `STATUS_TLM`, `WHEN_CREATED`, `LAST_UPDATED`) VALUES
	(1, 1, 1, 4, 1, '2,7,9,1', '2,7,9,1', 'ACTIVE', '2019-01-11 22:52:42', '2019-01-11 22:52:43', '2019-01-12 17:52:47'),
	(2, 1, 1, 5, 2, '7,1,2', '7,1,2', 'ACTIVE', '2019-01-11 22:53:48', '2019-01-11 22:53:49', '2019-01-12 17:52:49'),
	(3, 1, 1, 5, 3, '7,2', '7,1,2', 'ACTIVE', '2019-01-11 22:54:25', '2019-01-11 22:54:26', '2019-01-12 17:52:51'),
	(4, 1, 1, 9, 4, '7', '7', 'ACTIVE', '2019-01-11 22:54:25', '2019-01-11 22:54:26', '2019-01-12 17:53:16'),
	(5, 1, 1, 10, 5, '7', '7', 'ACTIVE', '2019-01-11 22:54:25', '2019-01-11 22:54:26', '2019-01-12 17:53:15'),
	(6, 1, 1, 10, 6, '7', '7', 'ACTIVE', '2019-01-11 22:54:25', '2019-01-11 22:54:26', '2019-01-12 17:53:14'),
	(7, 1, 1, 11, 7, '7,4', '7,4', 'ACTIVE', '2019-01-11 22:54:25', '2019-01-11 22:54:26', '2019-01-12 17:53:17'),
	(8, 1, 1, 11, 8, '7,4,2', '7,4,2', 'ACTIVE', '2019-01-11 22:54:25', '2019-01-11 22:54:26', '2019-01-12 17:52:58'),
	(9, 1, 1, 11, 9, '7', '7', 'ACTIVE', '2019-01-11 22:54:25', '2019-01-11 22:54:26', '2019-01-12 17:53:13'),
	(10, 1, 1, 11, 10, '7', '7', 'ACTIVE', '2019-01-11 22:54:25', '2019-01-11 22:54:26', '2019-01-12 17:53:19'),
	(11, 1, 1, 11, 11, '7', '7', 'ACTIVE', '2019-01-11 22:54:25', '2019-01-11 22:54:26', '2019-01-12 17:53:12'),
	(12, 1, 1, 11, 12, '7', '7', 'ACTIVE', '2019-01-11 22:54:25', '2019-01-11 22:54:26', '2019-01-12 17:53:10'),
	(13, 1, 1, 11, 13, '7', '7', 'ACTIVE', '2019-01-11 22:54:25', '2019-01-11 22:54:26', '2019-01-12 17:53:09'),
	(14, 1, 1, 11, 14, '7', '7', 'ACTIVE', '2019-01-11 22:54:25', '2019-01-11 22:54:26', '2019-01-12 17:53:24'),
	(15, 1, 1, 11, 15, '7', '7', 'ACTIVE', '2019-01-11 22:54:25', '2019-01-11 22:54:26', '2019-01-12 17:53:27'),
	(16, 1, 1, 11, 16, '7', '7', 'ACTIVE', '2019-01-11 22:54:25', '2019-01-11 22:54:26', '2019-01-12 17:53:26'),
	(17, 1, 1, 11, 17, '7', '7', 'ACTIVE', '2019-01-11 22:54:25', '2019-01-11 22:54:26', '2019-01-12 17:53:39'),
	(18, 1, 1, 11, 18, '7', '7', 'ACTIVE', '2019-01-11 22:54:25', '2019-01-11 22:54:26', '2019-01-12 17:53:40'),
	(19, 1, 1, 11, 19, '7', '7', 'ACTIVE', '2019-01-11 22:54:25', '2019-01-11 22:54:26', '2019-01-12 17:53:39'),
	(20, 1, 1, 11, 20, '7', '7', 'ACTIVE', '2019-01-11 22:54:25', '2019-01-11 22:54:26', '2019-01-12 17:53:41'),
	(21, 1, 1, 11, 21, '7', '7', 'ACTIVE', '2019-01-11 22:54:25', '2019-01-11 22:54:26', '2019-01-12 17:53:42'),
	(22, 1, 1, 11, 22, '7', '7', 'ACTIVE', '2019-01-11 22:54:25', '2019-01-11 22:54:26', '2019-01-12 17:53:43'),
	(23, 1, 1, 11, 23, '7', '7', 'ACTIVE', '2019-01-11 22:54:25', '2019-01-11 22:54:26', '2019-01-12 17:53:44'),
	(24, 1, 1, 11, 24, '7', '7', 'ACTIVE', '2019-01-11 22:54:25', '2019-01-11 22:54:26', '2019-01-12 17:53:45'),
	(25, 1, 1, 11, 25, '7,2,4', '7,2,4', 'ACTIVE', '2019-01-11 22:54:25', '2019-01-11 22:54:26', '2019-01-12 17:53:45'),
	(26, 1, 1, 11, 26, '7', '7', 'ACTIVE', '2019-01-11 22:54:25', '2019-01-11 22:54:26', '2019-01-12 17:53:46'),
	(27, 1, 1, 11, 27, '7', '7', 'ACTIVE', '2019-01-11 22:54:25', '2019-01-11 22:54:26', '2019-01-12 17:53:47'),
	(28, 1, 1, 11, 28, '7', '7', 'ACTIVE', '2019-01-11 22:54:25', '2019-01-11 22:54:26', '2019-01-12 17:53:49'),
	(29, 1, 1, 12, 29, '7', '7,2,8,9', 'ACTIVE', '2019-01-11 22:54:25', '2019-01-11 22:54:26', '2019-01-12 17:54:03'),
	(30, 1, 1, 12, 30, '7', '7,2,8,9', 'ACTIVE', '2019-01-11 22:54:25', '2019-01-11 22:54:26', '2019-01-12 17:54:03'),
	(31, 1, 1, 12, 31, '7', '7,2,8,9', 'ACTIVE', '2019-01-11 22:54:25', '2019-01-11 22:54:26', '2019-01-12 17:54:06'),
	(32, 1, 1, 12, 32, '7', '7,8,2,9', 'ACTIVE', '2019-01-11 22:54:25', '2019-01-11 22:54:26', '2019-01-12 17:54:05'),
	(33, 1, 1, 12, 33, '7', '7,8,2', 'ACTIVE', '2019-01-11 22:54:25', '2019-01-11 22:54:26', '2019-01-12 17:54:00'),
	(34, 1, 1, 12, 34, '7', '7,8,2', 'ACTIVE', '2019-01-11 22:54:25', '2019-01-11 22:54:26', '2019-01-12 17:54:07'),
	(35, 1, 1, 12, 35, '7', '7', 'ACTIVE', '2019-01-11 22:54:25', '2019-01-11 22:54:26', '2019-01-14 13:36:15'),
	(36, 1, 1, 13, 36, '7', '7', 'ACTIVE', '2019-01-11 22:54:25', '2019-01-11 22:54:26', '2019-01-12 17:53:58'),
	(37, 1, 1, 13, 37, '7', '7', 'ACTIVE', '2019-01-11 22:54:25', '2019-01-11 22:54:26', '2019-01-12 17:54:11'),
	(38, 1, 1, 14, 38, '7', '7', 'ACTIVE', '2019-01-11 22:54:25', '2019-01-11 22:54:26', '2019-01-12 17:54:14'),
	(39, 1, 1, 14, 39, '7', '7', 'ACTIVE', '2019-01-11 22:54:25', '2019-01-11 22:54:26', '2019-01-12 17:54:13'),
	(40, 1, 1, 14, 40, '7', '7', 'ACTIVE', '2019-01-11 22:54:25', '2019-01-11 22:54:26', '2019-01-12 17:54:15'),
	(41, 1, 1, 15, 41, '7', '7', 'ACTIVE', '2019-01-11 22:54:25', '2019-01-11 22:54:26', '2019-01-12 17:54:16'),
	(42, 1, 1, 15, 42, '7', '7', 'ACTIVE', '2019-01-11 22:54:25', '2019-01-11 22:54:26', '2019-01-12 17:54:18'),
	(43, 1, 1, 15, 43, '7', '7', 'ACTIVE', '2019-01-11 22:54:25', '2019-01-11 22:54:26', '2019-01-12 17:53:57'),
	(44, 1, 1, 17, 44, '7', '7', 'ACTIVE', '2019-01-11 22:54:25', '2019-01-11 22:54:26', '2019-01-12 17:54:20'),
	(45, 1, 1, 17, 45, '7', '7', 'ACTIVE', '2019-01-11 22:54:25', '2019-01-11 22:54:26', '2019-01-12 17:54:22'),
	(46, 1, 1, 19, 46, '7,4', '7,4', 'ACTIVE', '2019-01-11 22:54:25', '2019-01-11 22:54:26', '2019-01-12 17:54:22'),
	(47, 1, 1, 19, 47, '7,4', '7,4', 'ACTIVE', '2019-01-11 22:54:25', '2019-01-11 22:54:26', '2019-01-12 17:53:56'),
	(48, 1, 1, 19, 48, '7,4', '7,4', 'ACTIVE', '2019-01-11 22:54:25', '2019-01-11 22:54:26', '2019-01-12 17:54:24'),
	(49, 1, 1, 11, 49, '7', '7', 'ACTIVE', '2019-01-11 22:54:25', '2019-01-11 22:54:26', '2019-01-12 17:54:24'),
	(51, 1, 1, 5, 51, '7,2', '7,1,2', 'ACTIVE', '2019-01-11 22:54:25', '2019-01-11 22:54:26', '2019-01-12 17:52:51'),
	(52, 1, 1, 10, 52, '7', '7', 'ACTIVE', '2019-01-11 22:54:25', '2019-01-11 22:54:26', '2019-01-12 17:53:14'),
	(53, 1, 1, 10, 53, '7', '7', 'ACTIVE', '2019-01-11 22:54:25', '2019-01-11 22:54:26', '2019-01-12 17:53:14'),
	(54, 1, 1, 17, 54, '7', '7', 'ACTIVE', '2019-01-11 22:54:25', '2019-01-11 22:54:26', '2019-01-12 17:53:14'),
	(55, 1, 1, 10, 55, '7', '7', 'ACTIVE', '2019-01-11 22:54:25', '2019-01-11 22:54:26', '2019-01-12 17:53:14'),
	(56, 1, 1, 10, 56, '7', '7', 'ACTIVE', '2019-01-11 22:54:25', '2019-01-11 22:54:26', '2019-01-12 17:53:14'),
	(58, 1, 1, 10, 58, '7', '7', 'ACTIVE', '2019-01-11 22:54:25', '2019-01-11 22:54:26', '2019-01-12 17:53:14'),
	(59, 1, 1, 12, 57, '7', '7,8,2', 'ACTIVE', '2019-01-11 22:54:25', '2019-01-11 22:54:26', '2019-01-12 17:54:07'),
	(60, 1, 1, 10, 59, '7', '7', 'ACTIVE', '2019-01-11 22:54:25', '2019-01-11 22:54:26', '2019-01-12 17:53:14');
/*!40000 ALTER TABLE `workspace_category` ENABLE KEYS */;

/*!40101 SET SQL_MODE=IFNULL(@OLD_SQL_MODE, '') */;
/*!40014 SET FOREIGN_KEY_CHECKS=IF(@OLD_FOREIGN_KEY_CHECKS IS NULL, 1, @OLD_FOREIGN_KEY_CHECKS) */;
/*!40101 SET CHARACTER_SET_CLIENT=@OLD_CHARACTER_SET_CLIENT */;
