-- --------------------------------------------------------
-- Host:                         127.0.0.1
-- Server version:               5.7.7-rc-log - MySQL Community Server (GPL)
-- Server OS:                    Win64
-- HeidiSQL Version:             9.2.0.4947
-- --------------------------------------------------------

/*!40101 SET @OLD_CHARACTER_SET_CLIENT=@@CHARACTER_SET_CLIENT */;
/*!40101 SET NAMES utf8mb4 */;
/*!40014 SET @OLD_FOREIGN_KEY_CHECKS=@@FOREIGN_KEY_CHECKS, FOREIGN_KEY_CHECKS=0 */;
/*!40101 SET @OLD_SQL_MODE=@@SQL_MODE, SQL_MODE='NO_AUTO_VALUE_ON_ZERO' */;

-- Dumping database structure for univision
CREATE DATABASE IF NOT EXISTS `univision_training` /*!40100 DEFAULT CHARACTER SET utf8 */;
USE `univision_training`;


-- Dumping structure for table univision.access_group
CREATE TABLE IF NOT EXISTS `access_group` (
  `ACCESS_GROUP_ID` int(11) unsigned NOT NULL AUTO_INCREMENT,
  `ORG_ID` int(11) unsigned NOT NULL,
  `TENANT_ID` int(11) unsigned NOT NULL,
  `ACCESS_GROUP_NAME` varchar(50) NOT NULL,
  `ACCESS_GROUP_DESC` varchar(50) DEFAULT NULL,
  `STATUS` enum('ACTIVE','INACTIVE') NOT NULL DEFAULT 'ACTIVE',
  `STATUS_TLM` datetime NOT NULL,
  `WHEN_CREATED` datetime NOT NULL,
  `TLM` timestamp NOT NULL DEFAULT CURRENT_TIMESTAMP ON UPDATE CURRENT_TIMESTAMP,
  PRIMARY KEY (`ACCESS_GROUP_ID`),
  KEY `FK_ACCESS_GROUP_ORGANIZATION` (`ORG_ID`),
  KEY `FK_ACCESS_GROUP_TENANT` (`TENANT_ID`),
  CONSTRAINT `FK_ACCESS_GROUP_ORGANIZATION` FOREIGN KEY (`ORG_ID`) REFERENCES `organization` (`ORG_ID`),
  CONSTRAINT `FK_ACCESS_GROUP_TENANT` FOREIGN KEY (`TENANT_ID`) REFERENCES `tenant` (`TENANT_ID`)
) ENGINE=InnoDB AUTO_INCREMENT=3 DEFAULT CHARSET=latin1;

-- Dumping data for table univision.access_group: ~2 rows (approximately)
DELETE FROM `access_group`;
/*!40000 ALTER TABLE `access_group` DISABLE KEYS */;
INSERT INTO `access_group` (`ACCESS_GROUP_ID`, `ORG_ID`, `TENANT_ID`, `ACCESS_GROUP_NAME`, `ACCESS_GROUP_DESC`, `STATUS`, `STATUS_TLM`, `WHEN_CREATED`, `TLM`) VALUES
	(1, 1, 1, 'Admin Group', 'Admin Group', 'ACTIVE', '2018-02-24 14:17:08', '2018-02-24 14:17:09', '2018-09-02 13:04:34'),
	(2, 1, 1, 'Manager', 'Demo Manager', 'ACTIVE', '2018-11-01 03:18:55', '2018-11-01 03:18:55', '2018-11-01 03:18:55');
/*!40000 ALTER TABLE `access_group` ENABLE KEYS */;


-- Dumping structure for table univision.access_group_auth
CREATE TABLE IF NOT EXISTS `access_group_auth` (
  `AUTH_ACCESS_GROUP_ID` int(11) unsigned NOT NULL AUTO_INCREMENT,
  `ACCESS_GROUP_ID` int(11) unsigned NOT NULL,
  `EMPLOYEE_MASTER_ID` int(11) unsigned NOT NULL,
  `STATUS` enum('ACTIVE','INACTIVE') NOT NULL DEFAULT 'ACTIVE',
  `STATUS_TLM` datetime NOT NULL,
  `TLM` timestamp NOT NULL DEFAULT CURRENT_TIMESTAMP ON UPDATE CURRENT_TIMESTAMP,
  PRIMARY KEY (`AUTH_ACCESS_GROUP_ID`),
  KEY `FK_ACCESS_GROUP_AUTH_ACCESS_GROUP` (`ACCESS_GROUP_ID`),
  KEY `FK_ACCESS_GROUP_AUTH_AUTHENTICATION` (`EMPLOYEE_MASTER_ID`),
  CONSTRAINT `FK_ACCESS_GROUP_AUTH_ACCESS_GROUP` FOREIGN KEY (`ACCESS_GROUP_ID`) REFERENCES `access_group` (`ACCESS_GROUP_ID`),
  CONSTRAINT `FK_ACCESS_GROUP_AUTH_AUTHENTICATION` FOREIGN KEY (`EMPLOYEE_MASTER_ID`) REFERENCES `employee_master` (`EMPLOYEE_MASTER_ID`)
) ENGINE=InnoDB AUTO_INCREMENT=17 DEFAULT CHARSET=latin1;

-- Dumping data for table univision.access_group_auth: ~0 rows (approximately)
DELETE FROM `access_group_auth`;
/*!40000 ALTER TABLE `access_group_auth` DISABLE KEYS */;
INSERT INTO `access_group_auth` (`AUTH_ACCESS_GROUP_ID`, `ACCESS_GROUP_ID`, `EMPLOYEE_MASTER_ID`, `STATUS`, `STATUS_TLM`, `TLM`) VALUES
	(16, 1, 13, 'ACTIVE', '2018-07-25 08:43:23', '2018-11-10 09:24:39');
/*!40000 ALTER TABLE `access_group_auth` ENABLE KEYS */;


-- Dumping structure for table univision.access_group_role
CREATE TABLE IF NOT EXISTS `access_group_role` (
  `ACCESS_GROUP_ROLE_ID` int(11) unsigned NOT NULL AUTO_INCREMENT,
  `ROLE_ID` int(11) unsigned NOT NULL,
  `ACCESS_GROUP_ID` int(11) unsigned NOT NULL,
  `STATUS` enum('ACTIVE','INACTIVE') NOT NULL DEFAULT 'ACTIVE',
  `STATUS_TLM` datetime NOT NULL,
  `TLM` timestamp NOT NULL DEFAULT CURRENT_TIMESTAMP ON UPDATE CURRENT_TIMESTAMP,
  PRIMARY KEY (`ACCESS_GROUP_ROLE_ID`),
  KEY `FK_ACCESS_GROUP_ROLE_ACCESS_GROUP` (`ACCESS_GROUP_ID`),
  KEY `FK_ACCESS_GROUP_ROLE_ROLE` (`ROLE_ID`),
  KEY `INDEX 5` (`ACCESS_GROUP_ID`,`ROLE_ID`),
  CONSTRAINT `FK_ACCESS_GROUP_ROLE_ACCESS_GROUP` FOREIGN KEY (`ACCESS_GROUP_ID`) REFERENCES `access_group` (`ACCESS_GROUP_ID`),
  CONSTRAINT `FK_ACCESS_GROUP_ROLE_ROLE` FOREIGN KEY (`ROLE_ID`) REFERENCES `role` (`ROLE_ID`)
) ENGINE=InnoDB AUTO_INCREMENT=32 DEFAULT CHARSET=latin1;

-- Dumping data for table univision.access_group_role: ~2 rows (approximately)
DELETE FROM `access_group_role`;
/*!40000 ALTER TABLE `access_group_role` DISABLE KEYS */;
INSERT INTO `access_group_role` (`ACCESS_GROUP_ROLE_ID`, `ROLE_ID`, `ACCESS_GROUP_ID`, `STATUS`, `STATUS_TLM`, `TLM`) VALUES
	(29, 3, 1, 'ACTIVE', '2018-09-02 23:39:13', '2018-09-02 23:39:13'),
	(31, 2, 2, 'ACTIVE', '2018-11-01 03:19:31', '2018-11-01 03:19:31');
/*!40000 ALTER TABLE `access_group_role` ENABLE KEYS */;


-- Dumping structure for table univision.activity_log
CREATE TABLE IF NOT EXISTS `activity_log` (
  `ACTIVITY_LOG_ID` int(11) unsigned NOT NULL AUTO_INCREMENT,
  `EMPLOYEE_MASTER_ID` int(11) unsigned NOT NULL,
  `IP_ADDRESS` varchar(50) NOT NULL,
  `WORKSPACE` varchar(50) NOT NULL,
  `CATEGORY` varchar(50) NOT NULL,
  `ACTION` varchar(50) NOT NULL,
  `ITEM_ID` varchar(100) DEFAULT NULL,
  `SEVERITY_INDEX` int(11) NOT NULL,
  `WHEN_CREATED` datetime NOT NULL,
  `STATUS` enum('ACTIVE','INACTIVE') NOT NULL DEFAULT 'ACTIVE',
  `STATUS_TLM` datetime NOT NULL,
  `TLM` timestamp NOT NULL DEFAULT CURRENT_TIMESTAMP ON UPDATE CURRENT_TIMESTAMP,
  PRIMARY KEY (`ACTIVITY_LOG_ID`),
  KEY `FK_ACTIVITY_LOG_EMPLOYEE_MASTER` (`EMPLOYEE_MASTER_ID`),
  CONSTRAINT `FK_ACTIVITY_LOG_EMPLOYEE_MASTER` FOREIGN KEY (`EMPLOYEE_MASTER_ID`) REFERENCES `employee_master` (`EMPLOYEE_MASTER_ID`)
) ENGINE=InnoDB DEFAULT CHARSET=latin1;

-- Dumping data for table univision.activity_log: ~0 rows (approximately)
DELETE FROM `activity_log`;
/*!40000 ALTER TABLE `activity_log` DISABLE KEYS */;
/*!40000 ALTER TABLE `activity_log` ENABLE KEYS */;


-- Dumping structure for table univision.analysis
CREATE TABLE IF NOT EXISTS `analysis` (
  `ANALYSIS_ID` int(11) unsigned NOT NULL AUTO_INCREMENT,
  `TENANT_ID` int(11) unsigned NOT NULL,
  `ORG_ID` int(11) unsigned NOT NULL,
  `ANALYSIS_STATUS` enum('ACTIVE','INACTIVE') NOT NULL DEFAULT 'ACTIVE',
  `STATUS_TLM` datetime NOT NULL,
  `LAST_UPDATED` timestamp NOT NULL DEFAULT CURRENT_TIMESTAMP ON UPDATE CURRENT_TIMESTAMP,
  PRIMARY KEY (`ANALYSIS_ID`),
  KEY `FK_ANALYSIS_TENANT` (`TENANT_ID`),
  KEY `FK_ANALYSIS_ORGANIZATION` (`ORG_ID`),
  CONSTRAINT `FK_ANALYSIS_ORGANIZATION` FOREIGN KEY (`ORG_ID`) REFERENCES `organization` (`ORG_ID`),
  CONSTRAINT `FK_ANALYSIS_TENANT` FOREIGN KEY (`TENANT_ID`) REFERENCES `tenant` (`TENANT_ID`)
) ENGINE=InnoDB AUTO_INCREMENT=2 DEFAULT CHARSET=latin1;

-- Dumping data for table univision.analysis: ~0 rows (approximately)
DELETE FROM `analysis`;
/*!40000 ALTER TABLE `analysis` DISABLE KEYS */;
INSERT INTO `analysis` (`ANALYSIS_ID`, `TENANT_ID`, `ORG_ID`, `ANALYSIS_STATUS`, `STATUS_TLM`, `LAST_UPDATED`) VALUES
	(1, 1, 1, 'ACTIVE', '2016-07-22 13:03:24', '2016-07-22 13:03:25');
/*!40000 ALTER TABLE `analysis` ENABLE KEYS */;


-- Dumping structure for table univision.attribute
CREATE TABLE IF NOT EXISTS `attribute` (
  `ATTRIBUTE_ID` int(11) unsigned NOT NULL AUTO_INCREMENT,
  `ORG_ID` int(11) unsigned NOT NULL,
  `TENANT_ID` int(11) unsigned NOT NULL,
  `META_DATA_ID` int(11) unsigned DEFAULT NULL,
  `ATTRIBUTE_NAME` varchar(50) NOT NULL,
  `ATTRIBUTE_STATUS` enum('ACTIVE','INACTIVE') NOT NULL DEFAULT 'ACTIVE',
  `ATTRIBUTE_TYPE` enum('SORTER','FILTER') NOT NULL DEFAULT 'FILTER',
  `STATUS_TLM` datetime NOT NULL,
  `LAST_UPDATED` timestamp NOT NULL DEFAULT CURRENT_TIMESTAMP ON UPDATE CURRENT_TIMESTAMP,
  PRIMARY KEY (`ATTRIBUTE_ID`),
  KEY `FK_ATTRIBUTE_ORGANIZATION` (`ORG_ID`),
  KEY `FK_ATTRIBUTE_TENANT` (`TENANT_ID`),
  KEY `FK_ATTRIBUTE_META_DATA` (`META_DATA_ID`),
  CONSTRAINT `FK_ATTRIBUTE_META_DATA` FOREIGN KEY (`META_DATA_ID`) REFERENCES `meta_data` (`META_DATA_ID`),
  CONSTRAINT `FK_ATTRIBUTE_ORGANIZATION` FOREIGN KEY (`ORG_ID`) REFERENCES `organization` (`ORG_ID`),
  CONSTRAINT `FK_ATTRIBUTE_TENANT` FOREIGN KEY (`TENANT_ID`) REFERENCES `tenant` (`TENANT_ID`)
) ENGINE=InnoDB AUTO_INCREMENT=7 DEFAULT CHARSET=latin1;

-- Dumping data for table univision.attribute: ~5 rows (approximately)
DELETE FROM `attribute`;
/*!40000 ALTER TABLE `attribute` DISABLE KEYS */;
INSERT INTO `attribute` (`ATTRIBUTE_ID`, `ORG_ID`, `TENANT_ID`, `META_DATA_ID`, `ATTRIBUTE_NAME`, `ATTRIBUTE_STATUS`, `ATTRIBUTE_TYPE`, `STATUS_TLM`, `LAST_UPDATED`) VALUES
	(1, 1, 1, 199, 'Country', 'ACTIVE', 'FILTER', '2015-10-29 16:53:59', '2018-08-16 20:49:46'),
	(2, 1, 1, 198, 'Role', 'ACTIVE', 'FILTER', '2015-10-29 17:35:57', '2018-08-16 20:50:17'),
	(3, 1, 1, 10, 'Gender', 'ACTIVE', 'FILTER', '2015-10-29 17:36:28', '2018-08-16 20:50:00'),
	(4, 1, 1, NULL, 'Sort By 1', 'ACTIVE', 'SORTER', '2015-10-29 17:36:53', '2018-08-16 20:48:20'),
	(5, 1, 1, NULL, 'Sort By 2', 'ACTIVE', 'SORTER', '2015-10-29 17:38:48', '2018-08-16 20:48:19'),
	(6, 1, 1, NULL, 'Sort By 3', 'ACTIVE', 'SORTER', '2015-10-29 17:39:00', '2018-08-16 20:48:18');
/*!40000 ALTER TABLE `attribute` ENABLE KEYS */;


-- Dumping structure for table univision.attribute_value
CREATE TABLE IF NOT EXISTS `attribute_value` (
  `ATTRIBUTE_VALUE_ID` int(11) unsigned NOT NULL AUTO_INCREMENT,
  `ATTRIBUTE_ID` int(11) unsigned NOT NULL,
  `ATTRIBUTE_FIELD_VALUE` varchar(50) NOT NULL,
  `ATTRIBUTE_LABEL` varchar(50) NOT NULL,
  `ATTRIBUTE_VALUE_STATUS` enum('ACTIVE','INACTIVE') NOT NULL DEFAULT 'ACTIVE',
  `STATUS_TLM` datetime NOT NULL,
  `LAST_UPDATED` timestamp NOT NULL DEFAULT CURRENT_TIMESTAMP ON UPDATE CURRENT_TIMESTAMP,
  PRIMARY KEY (`ATTRIBUTE_VALUE_ID`),
  KEY `FK_ATTRIBUTE_VALUE_ATTRIBUTE` (`ATTRIBUTE_ID`),
  CONSTRAINT `FK_ATTRIBUTE_VALUE_ATTRIBUTE` FOREIGN KEY (`ATTRIBUTE_ID`) REFERENCES `attribute` (`ATTRIBUTE_ID`)
) ENGINE=InnoDB AUTO_INCREMENT=25 DEFAULT CHARSET=latin1;

-- Dumping data for table univision.attribute_value: ~24 rows (approximately)
DELETE FROM `attribute_value`;
/*!40000 ALTER TABLE `attribute_value` DISABLE KEYS */;
INSERT INTO `attribute_value` (`ATTRIBUTE_VALUE_ID`, `ATTRIBUTE_ID`, `ATTRIBUTE_FIELD_VALUE`, `ATTRIBUTE_LABEL`, `ATTRIBUTE_VALUE_STATUS`, `STATUS_TLM`, `LAST_UPDATED`) VALUES
	(1, 1, 'India', 'India', 'ACTIVE', '2015-10-29 16:07:00', '2016-08-06 13:45:34'),
	(2, 1, 'USA', 'USA', 'ACTIVE', '2015-10-29 16:33:16', '2016-08-06 13:45:34'),
	(3, 1, 'Australia', 'Australia', 'ACTIVE', '2015-10-29 16:36:45', '2016-08-06 13:45:34'),
	(4, 1, 'Franch', 'Franch', 'ACTIVE', '2015-10-29 16:37:29', '2016-08-06 13:45:34'),
	(5, 1, 'Germany', 'Germany', 'ACTIVE', '2015-10-29 16:37:29', '2016-08-06 13:45:34'),
	(6, 1, 'UK', 'UK', 'ACTIVE', '2015-10-29 16:37:29', '2016-08-06 13:45:34'),
	(7, 2, 'CEO', 'CEO', 'ACTIVE', '2015-10-29 16:38:39', '2016-08-06 13:45:34'),
	(8, 2, 'VP', 'VP', 'ACTIVE', '2015-10-29 16:38:39', '2016-08-06 13:45:34'),
	(9, 2, 'Director', 'Director', 'ACTIVE', '2015-10-29 16:38:39', '2016-08-06 13:45:34'),
	(10, 2, 'Manager', 'Manager', 'ACTIVE', '2015-10-29 16:38:39', '2016-08-06 13:45:34'),
	(11, 2, 'Sr Manager', 'Sr Manager', 'ACTIVE', '2015-10-29 16:38:39', '2016-08-06 13:45:34'),
	(12, 2, 'HR', 'HR', 'ACTIVE', '2015-10-29 16:38:39', '2016-08-06 13:45:34'),
	(13, 3, 'Male', 'Male', 'ACTIVE', '2015-10-29 16:41:19', '2016-08-06 13:45:34'),
	(14, 3, 'Female', 'Female', 'ACTIVE', '2015-10-29 16:41:19', '2016-08-06 13:45:34'),
	(15, 4, 'Report Name', 'Report Name', 'ACTIVE', '2015-10-29 16:41:19', '2016-08-06 13:45:34'),
	(16, 4, 'Created Date', 'Created Date', 'ACTIVE', '2015-10-29 16:41:19', '2016-08-06 13:45:34'),
	(17, 4, 'User Name', 'User Name', 'ACTIVE', '2015-10-31 16:17:16', '2016-08-06 13:45:34'),
	(18, 5, 'Daily', 'Daily', 'ACTIVE', '2015-10-29 16:41:19', '2016-08-06 13:45:34'),
	(19, 5, 'Weekly', 'Weekly', 'ACTIVE', '2015-10-29 16:41:19', '2016-08-06 13:45:34'),
	(20, 5, 'Monthly', 'Monthly', 'ACTIVE', '2015-10-29 16:41:19', '2016-08-06 13:45:34'),
	(21, 5, 'Yearly', 'Yearly', 'ACTIVE', '2015-10-29 16:41:19', '2016-08-06 13:45:34'),
	(22, 6, 'Poor', 'Poor', 'ACTIVE', '2015-10-29 16:41:19', '2016-08-06 13:45:34'),
	(23, 6, 'Good', 'Good', 'ACTIVE', '2015-10-29 16:41:19', '2016-08-06 13:45:34'),
	(24, 6, 'Excellent', 'Excellent', 'ACTIVE', '2015-10-29 16:41:19', '2016-08-06 13:45:34');
/*!40000 ALTER TABLE `attribute_value` ENABLE KEYS */;


-- Dumping structure for table univision.audit
CREATE TABLE IF NOT EXISTS `audit` (
  `AUDIT_ID` int(11) unsigned NOT NULL AUTO_INCREMENT,
  `TENANT_ID` int(11) unsigned NOT NULL,
  `ORG_ID` int(11) unsigned NOT NULL,
  `AUDIT_NAME` varchar(100) NOT NULL,
  `AUDIT_DESC` varchar(100) DEFAULT NULL,
  `AUDIT_STATUS` enum('ACTIVE','INACTIVE') NOT NULL DEFAULT 'ACTIVE',
  `STATUS_TLM` datetime NOT NULL,
  `WHEN_CREATED` datetime NOT NULL,
  `LAST_UPDATED` timestamp NOT NULL DEFAULT CURRENT_TIMESTAMP ON UPDATE CURRENT_TIMESTAMP,
  PRIMARY KEY (`AUDIT_ID`),
  KEY `FK_AUDIT_TENANT` (`TENANT_ID`),
  KEY `FK_AUDIT_ORGANIZATION` (`ORG_ID`),
  CONSTRAINT `FK_AUDIT_ORGANIZATION` FOREIGN KEY (`ORG_ID`) REFERENCES `organization` (`ORG_ID`),
  CONSTRAINT `FK_AUDIT_TENANT` FOREIGN KEY (`TENANT_ID`) REFERENCES `tenant` (`TENANT_ID`)
) ENGINE=InnoDB AUTO_INCREMENT=2 DEFAULT CHARSET=latin1;

-- Dumping data for table univision.audit: ~0 rows (approximately)
DELETE FROM `audit`;
/*!40000 ALTER TABLE `audit` DISABLE KEYS */;
INSERT INTO `audit` (`AUDIT_ID`, `TENANT_ID`, `ORG_ID`, `AUDIT_NAME`, `AUDIT_DESC`, `AUDIT_STATUS`, `STATUS_TLM`, `WHEN_CREATED`, `LAST_UPDATED`) VALUES
	(1, 1, 1, 'Annual Audit', 'Annual audit', 'ACTIVE', '2016-07-22 13:03:13', '2018-02-24 20:42:12', '2018-09-02 13:03:39');
/*!40000 ALTER TABLE `audit` ENABLE KEYS */;


-- Dumping structure for table univision.authentication
CREATE TABLE IF NOT EXISTS `authentication` (
  `AUTHENTICATION_ID` int(11) unsigned NOT NULL AUTO_INCREMENT,
  `USER_NAME` varchar(255) NOT NULL,
  `PASSWORD` varbinary(200) NOT NULL,
  `TENANT_ID` int(11) unsigned NOT NULL,
  `ORG_ID` int(11) unsigned NOT NULL,
  `PASSWORD_TLM` datetime NOT NULL,
  `PROXY_ACCOUNT` bit(1) NOT NULL DEFAULT b'0',
  `LAST_LOGIN_TLM` datetime DEFAULT NULL,
  `LAST_LOGIN_IP_ADDRESS` varchar(50) DEFAULT NULL,
  `LOGIN_COUNT` int(5) NOT NULL DEFAULT '0',
  `STATUS` enum('ACTIVE','INACTIVE') NOT NULL DEFAULT 'ACTIVE',
  `WHEN_CREATED` datetime NOT NULL,
  `LAST_UPDATED` timestamp NOT NULL DEFAULT CURRENT_TIMESTAMP ON UPDATE CURRENT_TIMESTAMP,
  PRIMARY KEY (`AUTHENTICATION_ID`),
  UNIQUE KEY `USER_NAME` (`USER_NAME`),
  KEY `FK_AUTHENTICATION_TENANT` (`TENANT_ID`),
  KEY `FK_AUTHENTICATION_ORGANIZATION` (`ORG_ID`),
  CONSTRAINT `FK_AUTHENTICATION_ORGANIZATION` FOREIGN KEY (`ORG_ID`) REFERENCES `organization` (`ORG_ID`),
  CONSTRAINT `FK_AUTHENTICATION_TENANT` FOREIGN KEY (`TENANT_ID`) REFERENCES `tenant` (`TENANT_ID`)
) ENGINE=InnoDB AUTO_INCREMENT=14 DEFAULT CHARSET=latin1;

-- Dumping data for table univision.authentication: ~0 rows (approximately)
DELETE FROM `authentication`;
/*!40000 ALTER TABLE `authentication` DISABLE KEYS */;
INSERT INTO `authentication` (`AUTHENTICATION_ID`, `USER_NAME`, `PASSWORD`, `TENANT_ID`, `ORG_ID`, `PASSWORD_TLM`, `PROXY_ACCOUNT`, `LAST_LOGIN_TLM`, `LAST_LOGIN_IP_ADDRESS`, `LOGIN_COUNT`, `STATUS`, `WHEN_CREATED`, `LAST_UPDATED`) VALUES
	(13, 'jdoe@compensationcloud.com', _binary 0x6B4EA8F689CEB139D34803017F8DF33E813FDDFEAA04ACC8C02DADBD72F61778632C5B6C4D9CE3EB576A314C329ADFEC38CA3EECA40674C6071AAEC2F62A1B0B, 1, 1, '2019-05-19 18:39:22', b'0', '2019-10-21 14:10:25', '0:0:0:0:0:0:0:1', 12203, 'ACTIVE', '2016-04-04 16:47:41', '2019-08-01 23:53:26');
/*!40000 ALTER TABLE `authentication` ENABLE KEYS */;


-- Dumping structure for table univision.authentication_grant_type
CREATE TABLE IF NOT EXISTS `authentication_grant_type` (
  `AUTHENTICATION_GRANT_TYPE_ID` int(11) unsigned NOT NULL AUTO_INCREMENT,
  `GRANT_TYPE` enum('AUTHENTICATION_CODE','IMPLICT','RESOURCE_CREDENTIALS','CLIENT_CREDENTIALS') DEFAULT NULL,
  `STATUS` enum('ACTIVE','INACTIVE') NOT NULL DEFAULT 'ACTIVE',
  `STATUS_TLM` datetime NOT NULL,
  `WHEN_CREATED` datetime NOT NULL,
  `TLM` timestamp NOT NULL DEFAULT CURRENT_TIMESTAMP ON UPDATE CURRENT_TIMESTAMP,
  PRIMARY KEY (`AUTHENTICATION_GRANT_TYPE_ID`)
) ENGINE=InnoDB AUTO_INCREMENT=5 DEFAULT CHARSET=latin1;

-- Dumping data for table univision.authentication_grant_type: ~4 rows (approximately)
DELETE FROM `authentication_grant_type`;
/*!40000 ALTER TABLE `authentication_grant_type` DISABLE KEYS */;
INSERT INTO `authentication_grant_type` (`AUTHENTICATION_GRANT_TYPE_ID`, `GRANT_TYPE`, `STATUS`, `STATUS_TLM`, `WHEN_CREATED`, `TLM`) VALUES
	(1, 'AUTHENTICATION_CODE', 'ACTIVE', '2018-12-20 17:54:37', '2018-12-20 17:54:39', '2018-12-20 17:54:44'),
	(2, 'IMPLICT', 'ACTIVE', '2018-12-20 17:54:37', '2018-12-20 17:54:39', '2018-12-20 17:54:54'),
	(3, 'RESOURCE_CREDENTIALS', 'ACTIVE', '2018-12-20 17:54:37', '2018-12-20 17:54:39', '2018-12-20 17:54:54'),
	(4, 'CLIENT_CREDENTIALS', 'ACTIVE', '2018-12-20 17:54:37', '2018-12-20 17:54:39', '2018-12-20 17:54:54');
/*!40000 ALTER TABLE `authentication_grant_type` ENABLE KEYS */;


-- Dumping structure for table univision.authentication_token
CREATE TABLE IF NOT EXISTS `authentication_token` (
  `AUTHENTICATION_TOKEN_ID` int(11) unsigned NOT NULL AUTO_INCREMENT,
  `AUTHENTICATION_TOKEN` varchar(5000) NOT NULL,
  `AUTHENTICATION_ID` int(11) unsigned NOT NULL,
  `VALID_UNTIL` datetime NOT NULL,
  `WHEN_CREATED` datetime NOT NULL,
  `LAST_UPDATED` datetime NOT NULL,
  PRIMARY KEY (`AUTHENTICATION_TOKEN_ID`),
  KEY `FK_AUTHENTICATION_TOKEN_AUTHENTICATION` (`AUTHENTICATION_ID`),
  CONSTRAINT `FK_AUTHENTICATION_TOKEN_AUTHENTICATION` FOREIGN KEY (`AUTHENTICATION_ID`) REFERENCES `authentication` (`AUTHENTICATION_ID`)
) ENGINE=InnoDB DEFAULT CHARSET=latin1;

-- Dumping data for table univision.authentication_token: ~0 rows (approximately)
DELETE FROM `authentication_token`;
/*!40000 ALTER TABLE `authentication_token` DISABLE KEYS */;
/*!40000 ALTER TABLE `authentication_token` ENABLE KEYS */;


-- Dumping structure for table univision.auth_hr_manager
CREATE TABLE IF NOT EXISTS `auth_hr_manager` (
  `AUTH_HR_MANAGER_ID` int(11) unsigned NOT NULL AUTO_INCREMENT,
  `AUTH_ID` int(11) unsigned NOT NULL,
  `EMPLOYEE_MASTER_ID` int(11) unsigned NOT NULL,
  `STATUS` enum('ACTIVE','INACTIVE') NOT NULL DEFAULT 'ACTIVE',
  `STATUS_TLM` datetime NOT NULL,
  `TLM` timestamp NOT NULL DEFAULT CURRENT_TIMESTAMP ON UPDATE CURRENT_TIMESTAMP,
  PRIMARY KEY (`AUTH_HR_MANAGER_ID`),
  KEY `FK_AUTH_HR_MANAGER_AUTHENTICATION` (`AUTH_ID`),
  KEY `FK_AUTH_HR_MANAGER_EMPLOYEE_MASTER` (`EMPLOYEE_MASTER_ID`),
  CONSTRAINT `FK_AUTH_HR_MANAGER_AUTHENTICATION` FOREIGN KEY (`AUTH_ID`) REFERENCES `authentication` (`AUTHENTICATION_ID`),
  CONSTRAINT `FK_AUTH_HR_MANAGER_EMPLOYEE_MASTER` FOREIGN KEY (`EMPLOYEE_MASTER_ID`) REFERENCES `employee_master` (`EMPLOYEE_MASTER_ID`)
) ENGINE=InnoDB DEFAULT CHARSET=latin1;

-- Dumping data for table univision.auth_hr_manager: ~0 rows (approximately)
DELETE FROM `auth_hr_manager`;
/*!40000 ALTER TABLE `auth_hr_manager` DISABLE KEYS */;
/*!40000 ALTER TABLE `auth_hr_manager` ENABLE KEYS */;


-- Dumping structure for table univision.auth_login
CREATE TABLE IF NOT EXISTS `auth_login` (
  `AUTH_LOGIN_ID` int(11) unsigned NOT NULL AUTO_INCREMENT,
  `TENANT_ID` int(11) unsigned NOT NULL,
  `ORG_ID` int(11) unsigned NOT NULL,
  `AUTH_ID` int(11) unsigned NOT NULL,
  `LOGIN_IP_ADDRESS` varchar(50) DEFAULT NULL,
  `LOGIN_TLM` datetime DEFAULT NULL,
  PRIMARY KEY (`AUTH_LOGIN_ID`),
  KEY `FK_AUTH_LOGIN_TENANT` (`TENANT_ID`),
  KEY `FK_AUTH_LOGIN_ORGANIZATION` (`ORG_ID`),
  KEY `FK_AUTH_LOGIN_AUTHENTICATION` (`AUTH_ID`),
  CONSTRAINT `FK_AUTH_LOGIN_AUTHENTICATION` FOREIGN KEY (`AUTH_ID`) REFERENCES `authentication` (`AUTHENTICATION_ID`),
  CONSTRAINT `FK_AUTH_LOGIN_ORGANIZATION` FOREIGN KEY (`ORG_ID`) REFERENCES `organization` (`ORG_ID`),
  CONSTRAINT `FK_AUTH_LOGIN_TENANT` FOREIGN KEY (`TENANT_ID`) REFERENCES `tenant` (`TENANT_ID`)
) ENGINE=InnoDB DEFAULT CHARSET=latin1;

-- Dumping data for table univision.auth_login: ~0 rows (approximately)
DELETE FROM `auth_login`;
/*!40000 ALTER TABLE `auth_login` DISABLE KEYS */;
/*!40000 ALTER TABLE `auth_login` ENABLE KEYS */;


-- Dumping structure for table univision.auth_role
CREATE TABLE IF NOT EXISTS `auth_role` (
  `AUTH_ROLE_ID` int(11) unsigned NOT NULL AUTO_INCREMENT,
  `ROLE_ID` int(11) unsigned NOT NULL,
  `EMPLOYEE_MASTER_ID` int(11) unsigned NOT NULL,
  `STATUS` enum('ACTIVE','INACTIVE') NOT NULL DEFAULT 'ACTIVE',
  `STATUS_TLM` datetime NOT NULL,
  `TLM` timestamp NOT NULL DEFAULT CURRENT_TIMESTAMP ON UPDATE CURRENT_TIMESTAMP,
  PRIMARY KEY (`AUTH_ROLE_ID`),
  KEY `FK_AUTH_ROLE_AUTHENTICATION` (`EMPLOYEE_MASTER_ID`),
  KEY `FK_AUTH_ROLE_ROLE` (`ROLE_ID`),
  CONSTRAINT `FK_AUTH_ROLE_AUTHENTICATION` FOREIGN KEY (`EMPLOYEE_MASTER_ID`) REFERENCES `employee_master` (`EMPLOYEE_MASTER_ID`),
  CONSTRAINT `FK_AUTH_ROLE_ROLE` FOREIGN KEY (`ROLE_ID`) REFERENCES `role` (`ROLE_ID`)
) ENGINE=InnoDB AUTO_INCREMENT=37 DEFAULT CHARSET=latin1;

-- Dumping data for table univision.auth_role: ~0 rows (approximately)
DELETE FROM `auth_role`;
/*!40000 ALTER TABLE `auth_role` DISABLE KEYS */;
INSERT INTO `auth_role` (`AUTH_ROLE_ID`, `ROLE_ID`, `EMPLOYEE_MASTER_ID`, `STATUS`, `STATUS_TLM`, `TLM`) VALUES
	(36, 7, 13, 'ACTIVE', '2018-09-02 23:38:50', '2018-11-04 09:24:47');
/*!40000 ALTER TABLE `auth_role` ENABLE KEYS */;


-- Dumping structure for table univision.basepay_budget
CREATE TABLE IF NOT EXISTS `basepay_budget` (
  `BASEPAY_BUDGET_ID` int(11) unsigned NOT NULL AUTO_INCREMENT,
  `TENANT_ID` int(11) unsigned NOT NULL,
  `ORG_ID` int(11) unsigned NOT NULL,
  `BASEPAY_BUDGET_NAME` varchar(100) NOT NULL,
  `BASEPAY_BUDGET_DESCRIPTION` varchar(500) DEFAULT NULL,
  `BASEPAY_BUDGET_TYPE` enum('DISTRIBUTED','TOP_DOWN','BOTTOM_UP') NOT NULL DEFAULT 'TOP_DOWN',
  `COMMENT` varchar(500) DEFAULT NULL,
  `BASEPAY_BUDGET_STATUS` enum('ACTIVE','INACTIVE') NOT NULL DEFAULT 'ACTIVE',
  `BASEPAY_BUDGET_BUILDER_TYPE` enum('GUIDELINE','FIXED_AMOUNT') NOT NULL,
  `WHEN_CREATED` datetime NOT NULL,
  `MODIFIED_BY` int(10) unsigned NOT NULL,
  `CREATED_BY` int(10) unsigned NOT NULL,
  `STATUS_TLM` datetime NOT NULL,
  `LAST_UPDATED` timestamp NOT NULL DEFAULT CURRENT_TIMESTAMP ON UPDATE CURRENT_TIMESTAMP,
  PRIMARY KEY (`BASEPAY_BUDGET_ID`),
  KEY `FK_BASEPAY_BUDGET_TENANT` (`TENANT_ID`),
  KEY `FK_BASEPAY_BUDGET_ORGANIZATION` (`ORG_ID`),
  KEY `FK_BASEPAY_BUDGET_EMPLOYEE_MASTER` (`MODIFIED_BY`),
  KEY `FK_BASEPAY_BUDGET_EMPLOYEE_MASTER_2` (`CREATED_BY`),
  CONSTRAINT `FK_BASEPAY_BUDGET_EMPLOYEE_MASTER` FOREIGN KEY (`MODIFIED_BY`) REFERENCES `employee_master` (`EMPLOYEE_MASTER_ID`),
  CONSTRAINT `FK_BASEPAY_BUDGET_EMPLOYEE_MASTER_2` FOREIGN KEY (`CREATED_BY`) REFERENCES `employee_master` (`EMPLOYEE_MASTER_ID`),
  CONSTRAINT `FK_BASEPAY_BUDGET_ORGANIZATION` FOREIGN KEY (`ORG_ID`) REFERENCES `organization` (`ORG_ID`),
  CONSTRAINT `FK_BASEPAY_BUDGET_TENANT` FOREIGN KEY (`TENANT_ID`) REFERENCES `tenant` (`TENANT_ID`)
) ENGINE=InnoDB AUTO_INCREMENT=4 DEFAULT CHARSET=utf8;

-- Dumping data for table univision.basepay_budget: ~0 rows (approximately)
DELETE FROM `basepay_budget`;
/*!40000 ALTER TABLE `basepay_budget` DISABLE KEYS */;
INSERT INTO `basepay_budget` (`BASEPAY_BUDGET_ID`, `TENANT_ID`, `ORG_ID`, `BASEPAY_BUDGET_NAME`, `BASEPAY_BUDGET_DESCRIPTION`, `BASEPAY_BUDGET_TYPE`, `COMMENT`, `BASEPAY_BUDGET_STATUS`, `BASEPAY_BUDGET_BUILDER_TYPE`, `WHEN_CREATED`, `MODIFIED_BY`, `CREATED_BY`, `STATUS_TLM`, `LAST_UPDATED`) VALUES
	(3, 1, 1, 'Annual Basepay Budget', 'Annual Basepay Budget', 'BOTTOM_UP', 'Annual Basepay Budget', 'ACTIVE', 'GUIDELINE', '2018-09-02 22:52:22', 13, 13, '2019-04-23 21:14:26', '2019-11-01 21:43:37');
/*!40000 ALTER TABLE `basepay_budget` ENABLE KEYS */;


-- Dumping structure for table univision.basepay_budget_allocated_details
CREATE TABLE IF NOT EXISTS `basepay_budget_allocated_details` (
  `id` int(11) unsigned NOT NULL AUTO_INCREMENT,
  `budget_name` varchar(50) NOT NULL,
  `current_salary_amount` double DEFAULT NULL,
  `budget_amount` double DEFAULT NULL,
  `percent_increase` double DEFAULT NULL,
  `budget_builder_type` enum('FIXED_AMOUNT','GUIDELINE') NOT NULL DEFAULT 'FIXED_AMOUNT',
  `total_employee` int(11) NOT NULL,
  `total_eligible_employee` int(11) NOT NULL,
  `budget_type` enum('DISTRIBUTED','TOP_DOWN','BOTTOM_UP') NOT NULL DEFAULT 'TOP_DOWN',
  `when_created` datetime NOT NULL,
  `TLM` timestamp NOT NULL DEFAULT CURRENT_TIMESTAMP ON UPDATE CURRENT_TIMESTAMP,
  PRIMARY KEY (`id`)
) ENGINE=InnoDB AUTO_INCREMENT=51 DEFAULT CHARSET=latin1;

-- Dumping data for table univision.basepay_budget_allocated_details: ~50 rows (approximately)
DELETE FROM `basepay_budget_allocated_details`;
/*!40000 ALTER TABLE `basepay_budget_allocated_details` DISABLE KEYS */;
INSERT INTO `basepay_budget_allocated_details` (`id`, `budget_name`, `current_salary_amount`, `budget_amount`, `percent_increase`, `budget_builder_type`, `total_employee`, `total_eligible_employee`, `budget_type`, `when_created`, `TLM`) VALUES
	(1, 'Annual Basepay Budget', 1336000, 1336000, 0, 'GUIDELINE', 13, 4, 'TOP_DOWN', '2018-12-17 13:56:01', '2019-04-16 18:05:32'),
	(2, 'Annual Basepay Budget', 0, 0, 0, 'FIXED_AMOUNT', 0, 0, 'TOP_DOWN', '2018-12-17 13:56:20', '2019-04-16 18:05:32'),
	(3, 'Annual Basepay Budget', 1336000, 1336000, 0, 'GUIDELINE', 0, 0, 'TOP_DOWN', '2019-03-09 10:38:26', '2019-04-16 18:05:32'),
	(4, 'Annual Basepay Budget', 1336000, 1336000, 0, 'GUIDELINE', 0, 0, 'TOP_DOWN', '2019-03-09 10:52:44', '2019-04-16 18:05:32'),
	(5, 'Annual Basepay Budget', 351000, 386100.00000000006, 10, 'FIXED_AMOUNT', 15, 4, 'TOP_DOWN', '2019-03-09 10:54:26', '2019-04-16 18:05:32'),
	(6, 'Annual Basepay Budget', 1336000, 1336000, 0, 'GUIDELINE', 0, 0, 'TOP_DOWN', '2019-03-09 10:54:55', '2019-04-16 18:05:32'),
	(7, 'Annual Basepay Budget', 351000, 354510, 1, 'FIXED_AMOUNT', 15, 4, 'TOP_DOWN', '2019-03-09 10:55:50', '2019-04-16 18:05:32'),
	(8, 'Annual Basepay Budget', 1336000, 1336000, 0, 'GUIDELINE', 0, 0, 'TOP_DOWN', '2019-03-09 11:00:01', '2019-04-16 18:05:32'),
	(9, 'Annual Basepay Budget', 351000, 365040, 4, 'FIXED_AMOUNT', 15, 4, 'TOP_DOWN', '2019-03-09 11:04:40', '2019-04-16 18:05:32'),
	(10, 'Annual Basepay Budget', 351000, 365040, 4, 'FIXED_AMOUNT', 15, 4, 'TOP_DOWN', '2019-03-09 11:08:44', '2019-04-16 18:05:32'),
	(11, 'Annual Basepay Budget', 351000, 386100.00000000006, 10, 'FIXED_AMOUNT', 15, 4, 'TOP_DOWN', '2019-03-09 11:09:50', '2019-04-16 18:05:32'),
	(12, 'Annual Basepay Budget', 351000, 354510, 1, 'FIXED_AMOUNT', 15, 4, 'TOP_DOWN', '2019-03-09 19:07:48', '2019-04-16 18:05:32'),
	(13, 'Annual Basepay Budget', 351000, 354510, 1, 'FIXED_AMOUNT', 15, 4, 'TOP_DOWN', '2019-03-09 19:08:12', '2019-04-16 18:05:32'),
	(14, 'Annual Basepay Budget', 351000, 354510, 1, 'FIXED_AMOUNT', 15, 4, 'TOP_DOWN', '2019-03-09 21:30:20', '2019-04-16 18:05:32'),
	(15, 'Annual Basepay Budget', 351000, 3510, 1, 'FIXED_AMOUNT', 15, 4, 'TOP_DOWN', '2019-03-09 23:52:34', '2019-04-16 18:05:32'),
	(16, 'Annual Basepay Budget', 1336000, 1336000, 0, 'GUIDELINE', 0, 0, 'TOP_DOWN', '2019-03-09 23:52:56', '2019-04-16 18:05:32'),
	(17, 'Annual Basepay Budget', 1336000, 1336000, 0, 'GUIDELINE', 0, 0, 'TOP_DOWN', '2019-03-10 10:49:31', '2019-04-16 18:05:32'),
	(18, 'Annual Basepay Budget', 351000, 7020, 2, 'FIXED_AMOUNT', 15, 4, 'TOP_DOWN', '2019-03-10 11:13:12', '2019-04-16 18:05:32'),
	(19, 'Annual Basepay Budget', 351000, 3510, 1, 'FIXED_AMOUNT', 15, 4, 'TOP_DOWN', '2019-03-10 11:15:16', '2019-04-16 18:05:32'),
	(20, 'Annual Basepay Budget', 351000, 3510, 1, 'FIXED_AMOUNT', 15, 4, 'TOP_DOWN', '2019-03-10 11:17:15', '2019-04-16 18:05:32'),
	(21, 'Annual Basepay Budget', 351000, 7020, 2, 'FIXED_AMOUNT', 15, 4, 'TOP_DOWN', '2019-03-10 11:20:26', '2019-04-16 18:05:32'),
	(22, 'Annual Basepay Budget', 351000, 3510, 1, 'FIXED_AMOUNT', 15, 4, 'TOP_DOWN', '2019-03-10 12:29:42', '2019-04-16 18:05:32'),
	(23, 'Annual Basepay Budget', 351000, 3510, 1, 'FIXED_AMOUNT', 15, 4, 'TOP_DOWN', '2019-03-10 12:30:21', '2019-04-16 18:05:32'),
	(24, 'Annual Basepay Budget', 351000, 3510, 1, 'FIXED_AMOUNT', 15, 4, 'TOP_DOWN', '2019-03-10 12:31:57', '2019-04-16 18:05:32'),
	(25, 'Annual Basepay Budget', 351000, 7020, 2, 'FIXED_AMOUNT', 15, 4, 'TOP_DOWN', '2019-03-10 12:32:26', '2019-04-16 18:05:32'),
	(26, 'Annual Basepay Budget', 351000, 10530, 3, 'FIXED_AMOUNT', 15, 4, 'TOP_DOWN', '2019-03-10 12:34:03', '2019-04-16 18:05:32'),
	(27, 'Annual Basepay Budget', 262000, 5240, 2, 'FIXED_AMOUNT', 15, 3, 'TOP_DOWN', '2019-03-10 13:19:50', '2019-04-16 18:05:32'),
	(28, 'Annual Basepay Budget', 1147000, 34410, 3, 'FIXED_AMOUNT', 15, 13, 'TOP_DOWN', '2019-03-10 18:39:25', '2019-04-16 18:05:32'),
	(29, 'Annual Basepay Budget', 1147000, 22940, 2, 'FIXED_AMOUNT', 15, 13, 'TOP_DOWN', '2019-03-10 19:09:59', '2019-04-16 18:05:32'),
	(30, 'Annual Basepay Budget', 1147000, 22940, 2, 'FIXED_AMOUNT', 15, 13, 'TOP_DOWN', '2019-03-10 19:11:10', '2019-04-16 18:05:32'),
	(31, 'Annual Basepay Budget', 1147000, 57350, 5, 'FIXED_AMOUNT', 15, 13, 'TOP_DOWN', '2019-03-11 11:02:06', '2019-04-16 18:05:32'),
	(32, 'Annual Basepay Budget', 1147000, 57350, 5, 'FIXED_AMOUNT', 15, 13, 'TOP_DOWN', '2019-03-12 22:58:45', '2019-04-16 18:05:32'),
	(33, 'Annual Basepay Budget', 1147000, 57350, 5, 'FIXED_AMOUNT', 15, 13, 'TOP_DOWN', '2019-03-12 23:00:34', '2019-04-16 18:05:32'),
	(34, 'Annual Basepay Budget', 1147000, 80290.00000000001, 7, 'FIXED_AMOUNT', 15, 13, 'TOP_DOWN', '2019-03-12 23:01:01', '2019-04-16 18:05:32'),
	(35, 'Annual Basepay Budget', 1147000, 57350, 5, 'FIXED_AMOUNT', 15, 13, 'TOP_DOWN', '2019-03-12 23:01:24', '2019-04-16 18:05:32'),
	(36, 'Annual Basepay Budget', 1147000, 114700, 10, 'FIXED_AMOUNT', 15, 13, 'TOP_DOWN', '2019-03-27 09:25:43', '2019-04-16 18:05:32'),
	(37, 'Annual Basepay Budget', 1147000, 114700, 10, 'FIXED_AMOUNT', 15, 13, 'TOP_DOWN', '2019-03-29 01:32:56', '2019-04-16 18:05:32'),
	(38, 'Annual Basepay Budget', 1147000, 114700, 10, 'FIXED_AMOUNT', 15, 13, 'TOP_DOWN', '2019-03-29 01:32:54', '2019-04-16 18:05:32'),
	(39, 'Annual Basepay Budget', 1147000, 114700, 10, 'FIXED_AMOUNT', 15, 0, 'TOP_DOWN', '2019-03-29 20:51:04', '2019-04-16 18:05:32'),
	(40, 'Annual Basepay Budget', 1147000, 45880, 4, 'FIXED_AMOUNT', 15, 0, 'TOP_DOWN', '2019-04-01 20:57:12', '2019-04-16 18:05:32'),
	(41, 'Annual Basepay Budget', 1147000, 45880, 4, 'FIXED_AMOUNT', 15, 0, 'BOTTOM_UP', '2019-04-20 20:34:55', '2019-04-20 20:34:55'),
	(42, 'Annual Basepay Budget', 1147000, 45880, 4, 'FIXED_AMOUNT', 15, 0, 'BOTTOM_UP', '2019-04-23 19:45:37', '2019-04-23 19:45:37'),
	(43, 'Annual Basepay Budget', 1147000, 45880, 4, 'FIXED_AMOUNT', 15, 0, 'BOTTOM_UP', '2019-04-23 19:54:33', '2019-04-23 19:54:33'),
	(44, 'Annual Basepay Budget', 1147000, 45880, 4, 'FIXED_AMOUNT', 15, 0, 'BOTTOM_UP', '2019-04-23 20:05:55', '2019-04-23 20:05:55'),
	(45, 'Annual Basepay Budget', 1147000, 45880, 4, 'FIXED_AMOUNT', 15, 0, 'BOTTOM_UP', '2019-04-23 20:22:36', '2019-04-23 20:22:36'),
	(46, 'Annual Basepay Budget', 1147000, 45880, 4, 'FIXED_AMOUNT', 15, 0, 'BOTTOM_UP', '2019-04-23 20:44:22', '2019-04-23 20:44:22'),
	(47, 'Annual Basepay Budget', 1147000, 45880, 4, 'FIXED_AMOUNT', 15, 0, 'BOTTOM_UP', '2019-04-23 20:47:43', '2019-04-23 20:47:42'),
	(48, 'Annual Basepay Budget', 0, 0, 0, 'GUIDELINE', 0, 0, 'BOTTOM_UP', '2019-04-23 21:03:13', '2019-04-23 21:03:13'),
	(49, 'Annual Basepay Budget', 0, 0, 0, 'GUIDELINE', 0, 0, 'BOTTOM_UP', '2019-04-23 21:12:16', '2019-04-23 21:12:16'),
	(50, 'Annual Basepay Budget', 0, 0, 0, 'GUIDELINE', 0, 0, 'BOTTOM_UP', '2019-04-23 21:14:26', '2019-04-23 21:14:26');
/*!40000 ALTER TABLE `basepay_budget_allocated_details` ENABLE KEYS */;


-- Dumping structure for table univision.basepay_budget_master
CREATE TABLE IF NOT EXISTS `basepay_budget_master` (
  `BASEPAY_BUDGET_MASTER_ID` int(10) unsigned NOT NULL AUTO_INCREMENT,
  `ORG_ID` int(10) unsigned NOT NULL,
  `TENANT_ID` int(10) unsigned NOT NULL,
  `EMPLOYEE_MASTER_ID` int(10) unsigned NOT NULL,
  `COMPENSATION_INCREASE_TYPE_ID` int(10) unsigned NOT NULL,
  `DIRECT_REPORTS_BUDGET_TOTAL` double DEFAULT NULL,
  `DIRECT_REPORTS_BUDGET_ALLOCATED` double DEFAULT NULL,
  `ALL_REPORTS_BUDGET_TOTAL` double DEFAULT NULL,
  `ALL_REPORTS_BUDGET_ALLOCATED` double DEFAULT NULL,
  `ALL_REPORTS_BUDGET_REMAINING` double DEFAULT NULL,
  `DIRECT_REPORTS_BUDGET_REMAINING` double DEFAULT NULL,
  `STATUS` enum('ACTIVE','INACTIVE') NOT NULL DEFAULT 'ACTIVE',
  `ACTION_STATUS` enum('SUBMITTED','APPROVED','REJECTED','IN_PROGRESS') NOT NULL DEFAULT 'IN_PROGRESS',
  `NOS_ELIGIBLE_EMPLOYEES` int(10) unsigned DEFAULT NULL,
  `NOS_INELIGIBLE_EMPLOYEES` int(10) unsigned DEFAULT NULL,
  `APPROVAL_MANAGER` int(10) unsigned DEFAULT NULL,
  `FINAL_APPROVAL_MANAGER` int(10) unsigned DEFAULT NULL,
  `FINAL_APPROVAL_HR` int(10) unsigned DEFAULT NULL,
  `LAST_UPDATED_BY` int(10) unsigned DEFAULT NULL,
  `LAST_UPDATED` datetime NOT NULL,
  PRIMARY KEY (`BASEPAY_BUDGET_MASTER_ID`),
  KEY `FK_BASEPAY_BUDGET_MASTER_ORGANIZATION` (`ORG_ID`),
  KEY `FK_BASEPAY_BUDGET_MASTER_TENANT` (`TENANT_ID`),
  KEY `FK_BASEPAY_BUDGET_MASTER_COMPENSATION_INCREASE_TYPE` (`COMPENSATION_INCREASE_TYPE_ID`),
  KEY `FK_BASEPAY_BUDGET_MASTER_EMPLOYEE_MASTER` (`APPROVAL_MANAGER`),
  KEY `FK_BASEPAY_BUDGET_MASTER_EMPLOYEE_MASTER_2` (`FINAL_APPROVAL_MANAGER`),
  KEY `FK_BASEPAY_BUDGET_MASTER_EMPLOYEE_MASTER_3` (`FINAL_APPROVAL_HR`),
  KEY `FK_BASEPAY_BUDGET_MASTER_EMPLOYEE_MASTER_4` (`LAST_UPDATED_BY`),
  KEY `FK_BASEPAY_BUDGET_MASTER_EMPLOYEE_MASTER_5` (`EMPLOYEE_MASTER_ID`),
  CONSTRAINT `FK_BASEPAY_BUDGET_MASTER_COMPENSATION_INCREASE_TYPE` FOREIGN KEY (`COMPENSATION_INCREASE_TYPE_ID`) REFERENCES `compensation_increase_type` (`COMPENSATION_INCREASE_TYPE_ID`),
  CONSTRAINT `FK_BASEPAY_BUDGET_MASTER_EMPLOYEE_MASTER` FOREIGN KEY (`APPROVAL_MANAGER`) REFERENCES `employee_master` (`EMPLOYEE_MASTER_ID`),
  CONSTRAINT `FK_BASEPAY_BUDGET_MASTER_EMPLOYEE_MASTER_2` FOREIGN KEY (`FINAL_APPROVAL_MANAGER`) REFERENCES `employee_master` (`EMPLOYEE_MASTER_ID`),
  CONSTRAINT `FK_BASEPAY_BUDGET_MASTER_EMPLOYEE_MASTER_3` FOREIGN KEY (`FINAL_APPROVAL_HR`) REFERENCES `employee_master` (`EMPLOYEE_MASTER_ID`),
  CONSTRAINT `FK_BASEPAY_BUDGET_MASTER_EMPLOYEE_MASTER_4` FOREIGN KEY (`LAST_UPDATED_BY`) REFERENCES `employee_master` (`EMPLOYEE_MASTER_ID`),
  CONSTRAINT `FK_BASEPAY_BUDGET_MASTER_EMPLOYEE_MASTER_5` FOREIGN KEY (`EMPLOYEE_MASTER_ID`) REFERENCES `employee_master` (`EMPLOYEE_MASTER_ID`),
  CONSTRAINT `FK_BASEPAY_BUDGET_MASTER_ORGANIZATION` FOREIGN KEY (`ORG_ID`) REFERENCES `organization` (`ORG_ID`),
  CONSTRAINT `FK_BASEPAY_BUDGET_MASTER_TENANT` FOREIGN KEY (`TENANT_ID`) REFERENCES `tenant` (`TENANT_ID`)
) ENGINE=InnoDB AUTO_INCREMENT=39 DEFAULT CHARSET=latin1;

-- Dumping data for table univision.basepay_budget_master: ~3 rows (approximately)
DELETE FROM `basepay_budget_master`;
/*!40000 ALTER TABLE `basepay_budget_master` DISABLE KEYS */;
INSERT INTO `basepay_budget_master` (`BASEPAY_BUDGET_MASTER_ID`, `ORG_ID`, `TENANT_ID`, `EMPLOYEE_MASTER_ID`, `COMPENSATION_INCREASE_TYPE_ID`, `DIRECT_REPORTS_BUDGET_TOTAL`, `DIRECT_REPORTS_BUDGET_ALLOCATED`, `ALL_REPORTS_BUDGET_TOTAL`, `ALL_REPORTS_BUDGET_ALLOCATED`, `ALL_REPORTS_BUDGET_REMAINING`, `DIRECT_REPORTS_BUDGET_REMAINING`, `STATUS`, `ACTION_STATUS`, `NOS_ELIGIBLE_EMPLOYEES`, `NOS_INELIGIBLE_EMPLOYEES`, `APPROVAL_MANAGER`, `FINAL_APPROVAL_MANAGER`, `FINAL_APPROVAL_HR`, `LAST_UPDATED_BY`, `LAST_UPDATED`) VALUES
	(11, 1, 1, 13, 1, 10480, 1001, NULL, NULL, NULL, 9479, 'ACTIVE', 'APPROVED', 1, 0, NULL, NULL, NULL, 13, '2016-09-17 15:57:07'),
	(13, 1, 1, 13, 2, 10480, 1001, NULL, NULL, NULL, 9479, 'ACTIVE', 'SUBMITTED', 1, 0, NULL, NULL, NULL, 13, '2016-09-17 15:57:07'),
	(38, 1, 1, 13, 7, 10480, 1001, NULL, NULL, NULL, 9479, 'ACTIVE', 'SUBMITTED', 1, 0, NULL, NULL, NULL, 13, '2016-09-17 15:57:07');
/*!40000 ALTER TABLE `basepay_budget_master` ENABLE KEYS */;


-- Dumping structure for table univision.basepay_budget_rule_mapper
CREATE TABLE IF NOT EXISTS `basepay_budget_rule_mapper` (
  `BASEPAY_BUDGET_RULE_MAPPER_ID` int(11) unsigned NOT NULL AUTO_INCREMENT,
  `ORG_ID` int(11) unsigned NOT NULL,
  `TENANT_ID` int(11) unsigned NOT NULL,
  `BASEPAY_BUDGET_ID` int(11) unsigned NOT NULL,
  `RULE_ID` int(11) unsigned NOT NULL,
  `BASEPAY_BUDGET_RULE_MAPPER_STATUS` enum('ACTIVE','INACTIVE') NOT NULL DEFAULT 'ACTIVE',
  PRIMARY KEY (`BASEPAY_BUDGET_RULE_MAPPER_ID`),
  KEY `FK_BASEPAY_BUDGET_RULE_MAPPER_ORGANIZATION` (`ORG_ID`),
  KEY `FK_BASEPAY_BUDGET_RULE_MAPPER_TENANT` (`TENANT_ID`),
  KEY `FK_BASEPAY_BUDGET_RULE_MAPPER_BASEPAY_BUDGET` (`BASEPAY_BUDGET_ID`),
  KEY `FK_BASEPAY_BUDGET_RULE_MAPPER_RULE` (`RULE_ID`),
  CONSTRAINT `FK_BASEPAY_BUDGET_RULE_MAPPER_BASEPAY_BUDGET` FOREIGN KEY (`BASEPAY_BUDGET_ID`) REFERENCES `basepay_budget` (`BASEPAY_BUDGET_ID`),
  CONSTRAINT `FK_BASEPAY_BUDGET_RULE_MAPPER_ORGANIZATION` FOREIGN KEY (`ORG_ID`) REFERENCES `organization` (`ORG_ID`),
  CONSTRAINT `FK_BASEPAY_BUDGET_RULE_MAPPER_RULE` FOREIGN KEY (`RULE_ID`) REFERENCES `meta_data_rule` (`META_DATA_RULE_ID`),
  CONSTRAINT `FK_BASEPAY_BUDGET_RULE_MAPPER_TENANT` FOREIGN KEY (`TENANT_ID`) REFERENCES `tenant` (`TENANT_ID`)
) ENGINE=InnoDB AUTO_INCREMENT=43 DEFAULT CHARSET=latin1;

-- Dumping data for table univision.basepay_budget_rule_mapper: ~2 rows (approximately)
DELETE FROM `basepay_budget_rule_mapper`;
/*!40000 ALTER TABLE `basepay_budget_rule_mapper` DISABLE KEYS */;
INSERT INTO `basepay_budget_rule_mapper` (`BASEPAY_BUDGET_RULE_MAPPER_ID`, `ORG_ID`, `TENANT_ID`, `BASEPAY_BUDGET_ID`, `RULE_ID`, `BASEPAY_BUDGET_RULE_MAPPER_STATUS`) VALUES
	(41, 1, 1, 3, 32, 'ACTIVE'),
	(42, 1, 1, 3, 35, 'ACTIVE');
/*!40000 ALTER TABLE `basepay_budget_rule_mapper` ENABLE KEYS */;


-- Dumping structure for table univision.basepay_data
CREATE TABLE IF NOT EXISTS `basepay_data` (
  `BASEPAY_DATA_ID` int(11) unsigned NOT NULL AUTO_INCREMENT,
  `BASEPAY_MASTER_ID` int(11) unsigned DEFAULT '0',
  `ORG_ID` int(11) unsigned NOT NULL,
  `TENANT_ID` int(11) unsigned NOT NULL,
  `ANALYSIS_ID` int(11) unsigned DEFAULT NULL,
  `AUDIT_ID` int(11) unsigned DEFAULT NULL,
  `BUDGET_MODEL_ID` int(11) unsigned DEFAULT NULL,
  `GUIDELINE_ID` int(11) unsigned DEFAULT NULL,
  `HISTORY_ID` int(11) unsigned DEFAULT NULL,
  `INTERNAL_SALARY_PROFILE_ID` int(11) unsigned DEFAULT NULL,
  `MARKET_PROFILE_ID` int(11) unsigned DEFAULT NULL,
  `PLAN_ID` int(11) unsigned DEFAULT NULL,
  `SALARY_GRADE_ID` int(11) unsigned DEFAULT NULL,
  `LAST_UPDATED` timestamp NOT NULL DEFAULT CURRENT_TIMESTAMP ON UPDATE CURRENT_TIMESTAMP,
  PRIMARY KEY (`BASEPAY_DATA_ID`),
  KEY `FK_BASEPAY_DATA_ORGANIZATION` (`ORG_ID`),
  KEY `FK_BASEPAY_DATA_TENANT` (`TENANT_ID`),
  KEY `FK_BASEPAY_DATA_ANALYSIS` (`ANALYSIS_ID`),
  KEY `FK_BASEPAY_DATA_AUDIT` (`AUDIT_ID`),
  KEY `FK_BASEPAY_DATA_BUDGET_MODEL` (`BUDGET_MODEL_ID`),
  KEY `FK_BASEPAY_DATA_GUIDELINE` (`GUIDELINE_ID`),
  KEY `FK_BASEPAY_DATA_HISTORY` (`HISTORY_ID`),
  KEY `FK_BASEPAY_DATA_INTERNAL_SALARY_PROFILE` (`INTERNAL_SALARY_PROFILE_ID`),
  KEY `FK_BASEPAY_DATA_MARKET_PROFILE` (`MARKET_PROFILE_ID`),
  KEY `FK_BASEPAY_DATA_PLAN` (`PLAN_ID`),
  KEY `FK_BASEPAY_DATA_SALARY_GRADE` (`SALARY_GRADE_ID`),
  KEY `FK_BASEPAY_DATA_BASEPAY_MASTER` (`BASEPAY_MASTER_ID`),
  CONSTRAINT `FK_BASEPAY_DATA_ANALYSIS` FOREIGN KEY (`ANALYSIS_ID`) REFERENCES `analysis` (`ANALYSIS_ID`),
  CONSTRAINT `FK_BASEPAY_DATA_AUDIT` FOREIGN KEY (`AUDIT_ID`) REFERENCES `audit` (`AUDIT_ID`),
  CONSTRAINT `FK_BASEPAY_DATA_BASEPAY_MASTER` FOREIGN KEY (`BASEPAY_MASTER_ID`) REFERENCES `basepay_master` (`BASEPAY_MASTER_ID`),
  CONSTRAINT `FK_BASEPAY_DATA_BUDGET_MODEL` FOREIGN KEY (`BUDGET_MODEL_ID`) REFERENCES `budget_model` (`BUDGET_MODEL_ID`),
  CONSTRAINT `FK_BASEPAY_DATA_GUIDELINE` FOREIGN KEY (`GUIDELINE_ID`) REFERENCES `guideline` (`GUIDELINE_ID`),
  CONSTRAINT `FK_BASEPAY_DATA_HISTORY` FOREIGN KEY (`HISTORY_ID`) REFERENCES `history` (`HISTORY_ID`),
  CONSTRAINT `FK_BASEPAY_DATA_INTERNAL_SALARY_PROFILE` FOREIGN KEY (`INTERNAL_SALARY_PROFILE_ID`) REFERENCES `internal_salary_profile` (`INTERNAL_SALARY_PROFILE_ID`),
  CONSTRAINT `FK_BASEPAY_DATA_MARKET_PROFILE` FOREIGN KEY (`MARKET_PROFILE_ID`) REFERENCES `market_profile` (`MARKET_PROFILE_ID`),
  CONSTRAINT `FK_BASEPAY_DATA_ORGANIZATION` FOREIGN KEY (`ORG_ID`) REFERENCES `organization` (`ORG_ID`),
  CONSTRAINT `FK_BASEPAY_DATA_PLAN` FOREIGN KEY (`PLAN_ID`) REFERENCES `plan` (`PLAN_ID`),
  CONSTRAINT `FK_BASEPAY_DATA_SALARY_GRADE` FOREIGN KEY (`SALARY_GRADE_ID`) REFERENCES `salary_grade` (`SALARY_GRADE_ID`),
  CONSTRAINT `FK_BASEPAY_DATA_TENANT` FOREIGN KEY (`TENANT_ID`) REFERENCES `tenant` (`TENANT_ID`)
) ENGINE=InnoDB DEFAULT CHARSET=latin1;

-- Dumping data for table univision.basepay_data: ~0 rows (approximately)
DELETE FROM `basepay_data`;
/*!40000 ALTER TABLE `basepay_data` DISABLE KEYS */;
/*!40000 ALTER TABLE `basepay_data` ENABLE KEYS */;


-- Dumping structure for table univision.basepay_fixed_amount_budget_builder_type
CREATE TABLE IF NOT EXISTS `basepay_fixed_amount_budget_builder_type` (
  `id` int(11) unsigned NOT NULL AUTO_INCREMENT,
  `BASEPAY_BUDGET_ID` int(11) unsigned NOT NULL,
  `COMPENSATION_INCREASE_TYPE_ID` int(11) unsigned NOT NULL,
  `percent` double DEFAULT NULL,
  `final_budget` double DEFAULT NULL,
  `STATUS` enum('ACTIVE','INACTIVE') NOT NULL DEFAULT 'ACTIVE',
  `STATUS_TLM` datetime NOT NULL,
  `WHEN_CREATED` datetime NOT NULL,
  PRIMARY KEY (`id`),
  KEY `FK_FIXED_AMOUNT_BUDGET_BUILDER_TYPE_BASEPAY_BUDGET` (`BASEPAY_BUDGET_ID`),
  KEY `FK_FIXED_AMOUNT_BUDGET_BUILDER_TYPE_COMPENSATION_INCREASE_TYPE` (`COMPENSATION_INCREASE_TYPE_ID`),
  CONSTRAINT `FK_FIXED_AMOUNT_BUDGET_BUILDER_TYPE_BASEPAY_BUDGET` FOREIGN KEY (`BASEPAY_BUDGET_ID`) REFERENCES `basepay_budget` (`BASEPAY_BUDGET_ID`),
  CONSTRAINT `FK_FIXED_AMOUNT_BUDGET_BUILDER_TYPE_COMPENSATION_INCREASE_TYPE` FOREIGN KEY (`COMPENSATION_INCREASE_TYPE_ID`) REFERENCES `compensation_increase_type` (`COMPENSATION_INCREASE_TYPE_ID`)
) ENGINE=InnoDB AUTO_INCREMENT=96 DEFAULT CHARSET=latin1;

-- Dumping data for table univision.basepay_fixed_amount_budget_builder_type: ~93 rows (approximately)
DELETE FROM `basepay_fixed_amount_budget_builder_type`;
/*!40000 ALTER TABLE `basepay_fixed_amount_budget_builder_type` DISABLE KEYS */;
INSERT INTO `basepay_fixed_amount_budget_builder_type` (`id`, `BASEPAY_BUDGET_ID`, `COMPENSATION_INCREASE_TYPE_ID`, `percent`, `final_budget`, `STATUS`, `STATUS_TLM`, `WHEN_CREATED`) VALUES
	(3, 3, 1, 1, 354510, 'INACTIVE', '2019-03-09 10:55:50', '2019-03-09 10:55:50'),
	(4, 3, 10, 4, 365040, 'INACTIVE', '2019-03-09 11:04:40', '2019-03-09 11:04:40'),
	(5, 3, 10, 4, 365040, 'INACTIVE', '2019-03-09 11:04:40', '2019-03-09 11:04:40'),
	(6, 3, 10, 10, 386100.00000000006, 'INACTIVE', '2019-03-09 11:08:44', '2019-03-09 11:08:44'),
	(7, 3, 10, 4, 365040, 'INACTIVE', '2019-03-09 11:04:40', '2019-03-09 11:04:40'),
	(8, 3, 1, 10, 386100.00000000006, 'INACTIVE', '2019-03-09 11:09:50', '2019-03-09 11:09:50'),
	(9, 3, 10, 10, 386100.00000000006, 'INACTIVE', '2019-03-09 11:08:44', '2019-03-09 11:08:44'),
	(10, 3, 10, 1, 354510, 'INACTIVE', '2019-03-09 19:07:48', '2019-03-09 19:07:48'),
	(11, 3, 10, 1, 354510, 'INACTIVE', '2019-03-09 19:08:12', '2019-03-09 19:08:12'),
	(12, 3, 10, 1, 354510, 'INACTIVE', '2019-03-09 19:07:48', '2019-03-09 19:07:48'),
	(13, 3, 10, 1, 354510, 'INACTIVE', '2019-03-09 21:30:20', '2019-03-09 21:30:20'),
	(14, 3, 10, 1, 354510, 'INACTIVE', '2019-03-09 19:08:12', '2019-03-09 19:08:12'),
	(15, 3, 10, 1, 354510, 'INACTIVE', '2019-03-09 19:07:48', '2019-03-09 19:07:48'),
	(16, 3, 2, 1, 3510, 'INACTIVE', '2019-03-09 23:52:34', '2019-03-09 23:52:34'),
	(17, 3, 2, 1, 3510, 'INACTIVE', '2019-03-09 23:52:34', '2019-03-09 23:52:34'),
	(18, 3, 1, 2, 7020, 'INACTIVE', '2019-03-10 11:13:12', '2019-03-10 11:13:12'),
	(19, 3, 2, 1, 3510, 'INACTIVE', '2019-03-10 11:15:16', '2019-03-10 11:15:16'),
	(20, 3, 2, 1, 3510, 'INACTIVE', '2019-03-10 11:17:00', '2019-03-10 11:17:00'),
	(21, 3, 2, 1, 3510, 'INACTIVE', '2019-03-10 11:15:16', '2019-03-10 11:15:16'),
	(22, 3, 2, 1, 3510, 'INACTIVE', '2019-03-10 11:17:00', '2019-03-10 11:17:00'),
	(23, 3, 2, 2, 7020, 'INACTIVE', '2019-03-10 11:20:25', '2019-03-10 11:20:25'),
	(24, 3, 2, 1, 3510, 'INACTIVE', '2019-03-10 11:15:16', '2019-03-10 11:15:16'),
	(25, 3, 2, 3, 10530, 'INACTIVE', '2019-03-10 12:29:42', '2019-03-10 12:29:42'),
	(26, 3, 2, 1, 3510, 'INACTIVE', '2019-03-10 11:17:00', '2019-03-10 11:17:00'),
	(27, 3, 2, 2, 7020, 'INACTIVE', '2019-03-10 11:20:25', '2019-03-10 11:20:25'),
	(28, 3, 2, 1, 3510, 'INACTIVE', '2019-03-10 11:15:16', '2019-03-10 11:15:16'),
	(29, 3, 2, 3, 10530, 'INACTIVE', '2019-03-10 12:29:42', '2019-03-10 12:29:42'),
	(30, 3, 2, 1, 3510, 'INACTIVE', '2019-03-10 11:17:00', '2019-03-10 11:17:00'),
	(31, 3, 2, 2, 7020, 'INACTIVE', '2019-03-10 11:20:25', '2019-03-10 11:20:25'),
	(32, 3, 2, 1, 3510, 'INACTIVE', '2019-03-10 11:15:16', '2019-03-10 11:15:16'),
	(33, 3, 2, 4, 14040, 'INACTIVE', '2019-03-10 12:30:21', '2019-03-10 12:30:21'),
	(34, 3, 2, 3, 10530, 'INACTIVE', '2019-03-10 12:29:42', '2019-03-10 12:29:42'),
	(35, 3, 2, 1, 3510, 'INACTIVE', '2019-03-10 11:17:00', '2019-03-10 11:17:00'),
	(36, 3, 2, 2, 7020, 'INACTIVE', '2019-03-10 11:20:25', '2019-03-10 11:20:25'),
	(37, 3, 2, 1, 3510, 'INACTIVE', '2019-03-10 12:31:57', '2019-03-10 12:31:57'),
	(38, 3, 2, 1, 3510, 'INACTIVE', '2019-03-10 11:15:16', '2019-03-10 11:15:16'),
	(39, 3, 2, 4, 14040, 'INACTIVE', '2019-03-10 12:30:21', '2019-03-10 12:30:21'),
	(40, 3, 2, 3, 10530, 'INACTIVE', '2019-03-10 12:29:42', '2019-03-10 12:29:42'),
	(41, 3, 2, 2, 7020, 'INACTIVE', '2019-03-10 12:32:26', '2019-03-10 12:32:26'),
	(42, 3, 2, 1, 3510, 'INACTIVE', '2019-03-10 11:17:00', '2019-03-10 11:17:00'),
	(43, 3, 2, 2, 7020, 'INACTIVE', '2019-03-10 11:20:25', '2019-03-10 11:20:25'),
	(44, 3, 2, 1, 3510, 'INACTIVE', '2019-03-10 12:31:57', '2019-03-10 12:31:57'),
	(45, 3, 2, 1, 3510, 'INACTIVE', '2019-03-10 11:15:16', '2019-03-10 11:15:16'),
	(46, 3, 2, 4, 14040, 'INACTIVE', '2019-03-10 12:30:21', '2019-03-10 12:30:21'),
	(47, 3, 2, 3, 10530, 'INACTIVE', '2019-03-10 12:29:42', '2019-03-10 12:29:42'),
	(48, 3, 2, 2, 7020, 'INACTIVE', '2019-03-10 12:32:26', '2019-03-10 12:32:26'),
	(49, 3, 2, 2, 7020, 'INACTIVE', '2019-03-10 11:20:25', '2019-03-10 11:20:25'),
	(50, 3, 2, 1, 3510, 'INACTIVE', '2019-03-10 12:31:57', '2019-03-10 12:31:57'),
	(51, 3, 2, 1, 3510, 'INACTIVE', '2019-03-10 11:17:00', '2019-03-10 11:17:00'),
	(52, 3, 2, 1, 3510, 'INACTIVE', '2019-03-10 11:15:16', '2019-03-10 11:15:16'),
	(53, 3, 2, 3, 10530, 'INACTIVE', '2019-03-10 12:33:18', '2019-03-10 12:33:18'),
	(54, 3, 2, 4, 14040, 'INACTIVE', '2019-03-10 12:30:21', '2019-03-10 12:30:21'),
	(55, 3, 2, 2, 7020, 'INACTIVE', '2019-03-10 13:11:30', '2019-03-10 13:11:30'),
	(56, 3, 2, 3, 10530, 'INACTIVE', '2019-03-10 12:29:42', '2019-03-10 12:29:42'),
	(57, 3, 2, 2, 7020, 'INACTIVE', '2019-03-10 12:32:26', '2019-03-10 12:32:26'),
	(58, 3, 2, 2, 7020, 'INACTIVE', '2019-03-10 11:20:25', '2019-03-10 11:20:25'),
	(59, 3, 2, 1, 3510, 'INACTIVE', '2019-03-10 12:31:57', '2019-03-10 12:31:57'),
	(60, 3, 2, 1, 3510, 'INACTIVE', '2019-03-10 11:17:00', '2019-03-10 11:17:00'),
	(61, 3, 2, 1, 3510, 'INACTIVE', '2019-03-10 11:15:16', '2019-03-10 11:15:16'),
	(62, 3, 2, 3, 10530, 'INACTIVE', '2019-03-10 12:33:18', '2019-03-10 12:33:18'),
	(63, 3, 2, 4, 14040, 'INACTIVE', '2019-03-10 12:30:21', '2019-03-10 12:30:21'),
	(64, 3, 2, 2, 5240, 'INACTIVE', '2019-03-10 13:19:48', '2019-03-10 13:19:48'),
	(65, 3, 2, 3, 34410, 'INACTIVE', '2019-03-10 18:39:24', '2019-03-10 18:39:24'),
	(66, 3, 2, 2, 22940, 'INACTIVE', '2019-03-10 19:09:59', '2019-03-10 19:09:59'),
	(67, 3, 8, 5, 57350, 'INACTIVE', '2019-03-10 19:11:10', '2019-03-10 19:11:10'),
	(68, 3, 2, 2, 22940, 'INACTIVE', '2019-03-10 19:09:59', '2019-03-10 19:09:59'),
	(69, 3, 8, 5, 57350, 'INACTIVE', '2019-03-11 11:02:06', '2019-03-11 11:02:06'),
	(70, 3, 8, 5, 57350, 'INACTIVE', '2019-03-12 22:58:44', '2019-03-12 22:58:44'),
	(71, 3, 8, 5, 57350, 'INACTIVE', '2019-03-12 22:58:44', '2019-03-12 22:58:44'),
	(72, 3, 8, 7, 80290, 'INACTIVE', '2019-03-12 23:00:34', '2019-03-12 23:00:34'),
	(73, 3, 8, 5, 57350, 'INACTIVE', '2019-03-12 22:58:44', '2019-03-12 22:58:44'),
	(74, 3, 8, 7, 80290, 'INACTIVE', '2019-03-12 23:00:34', '2019-03-12 23:00:34'),
	(75, 3, 8, 5, 57350, 'INACTIVE', '2019-03-12 23:01:01', '2019-03-12 23:01:01'),
	(76, 3, 8, 5, 57350, 'INACTIVE', '2019-03-12 22:58:44', '2019-03-12 22:58:44'),
	(77, 3, 8, 2, 22940, 'INACTIVE', '2019-03-12 23:01:23', '2019-03-12 23:01:23'),
	(78, 3, 8, 7, 80290, 'INACTIVE', '2019-03-12 23:00:34', '2019-03-12 23:00:34'),
	(79, 3, 8, 5, 57350, 'INACTIVE', '2019-03-12 23:01:01', '2019-03-12 23:01:01'),
	(80, 3, 8, 10, 114700, 'INACTIVE', '2019-03-27 09:25:43', '2019-03-27 09:25:43'),
	(81, 3, 8, 10, 114700, 'INACTIVE', '2019-03-29 01:32:54', '2019-03-29 01:32:54'),
	(82, 3, 8, 10, 114700, 'INACTIVE', '2019-03-29 01:32:56', '2019-03-29 01:32:56'),
	(83, 3, 8, 10, 114700, 'INACTIVE', '2019-03-29 01:32:54', '2019-03-29 01:32:54'),
	(84, 3, 8, 10, 114700, 'INACTIVE', '2019-03-29 20:51:04', '2019-03-29 20:51:04'),
	(85, 3, 8, 4, 45880, 'INACTIVE', '2019-04-01 20:57:12', '2019-04-01 20:57:12'),
	(86, 3, 8, 4, 45880, 'INACTIVE', '2019-04-20 20:34:55', '2019-04-20 20:34:55'),
	(87, 3, 8, 4, 45880, 'INACTIVE', '2019-04-23 19:45:37', '2019-04-23 19:45:37'),
	(88, 3, 8, 4, 45880, 'INACTIVE', '2019-04-23 19:54:33', '2019-04-23 19:54:33'),
	(89, 3, 8, 4, 45880, 'INACTIVE', '2019-04-23 19:54:33', '2019-04-23 19:54:33'),
	(90, 3, 8, 4, 45880, 'INACTIVE', '2019-04-23 20:05:55', '2019-04-23 20:05:55'),
	(91, 3, 8, 4, 45880, 'INACTIVE', '2019-04-23 20:22:36', '2019-04-23 20:22:36'),
	(92, 3, 8, 4, 45880, 'ACTIVE', '2019-04-23 20:44:22', '2019-04-23 20:44:22'),
	(93, 3, 8, 4, 45880, 'INACTIVE', '2019-04-23 20:44:22', '2019-04-23 20:44:22'),
	(94, 3, 1, 2, 22940, 'ACTIVE', '2019-04-23 20:47:43', '2019-04-23 20:47:43'),
	(95, 3, 1, 2, 22940, 'INACTIVE', '2019-04-23 20:47:43', '2019-04-23 20:47:43');
/*!40000 ALTER TABLE `basepay_fixed_amount_budget_builder_type` ENABLE KEYS */;


-- Dumping structure for table univision.basepay_guideline
CREATE TABLE IF NOT EXISTS `basepay_guideline` (
  `BASEPAY_GUIDELINE_ID` int(11) unsigned NOT NULL AUTO_INCREMENT,
  `ORG_ID` int(11) unsigned NOT NULL,
  `TENANT_ID` int(11) unsigned NOT NULL,
  `LOADED` bit(1) NOT NULL DEFAULT b'0',
  `STATUS` enum('ACTIVE','INACTIVE') NOT NULL DEFAULT 'ACTIVE',
  `STATUS_TLM` datetime NOT NULL,
  `NAME` varchar(200) NOT NULL,
  `DESCRIPTION` varchar(2000) NOT NULL,
  `TEMPLATE` longtext NOT NULL,
  `APPLY_RULES` bit(1) NOT NULL DEFAULT b'0',
  `INCREASE_TYPE_ID` int(11) unsigned DEFAULT NULL,
  `WHEN_CREATED` datetime NOT NULL,
  `MODIFIED_BY` int(11) unsigned NOT NULL,
  `CREATED_BY` int(11) unsigned NOT NULL,
  `LAST_UPDATED` timestamp NOT NULL DEFAULT CURRENT_TIMESTAMP ON UPDATE CURRENT_TIMESTAMP,
  PRIMARY KEY (`BASEPAY_GUIDELINE_ID`),
  KEY `FK_BASEPAY_GUIDELINE_ORGANIZATION` (`ORG_ID`),
  KEY `FK_BASEPAY_GUIDELINE_TENANT` (`TENANT_ID`),
  KEY `FK_BASEPAY_GUIDELINE_EMPLOYEE_MASTER` (`MODIFIED_BY`),
  KEY `FK_BASEPAY_GUIDELINE_COMPENSATION_INCREASE_TYPE` (`INCREASE_TYPE_ID`),
  KEY `FK_BASEPAY_GUIDELINE_EMPLOYEE_MASTER_2` (`CREATED_BY`),
  CONSTRAINT `FK_BASEPAY_GUIDELINE_COMPENSATION_INCREASE_TYPE` FOREIGN KEY (`INCREASE_TYPE_ID`) REFERENCES `compensation_increase_type` (`COMPENSATION_INCREASE_TYPE_ID`),
  CONSTRAINT `FK_BASEPAY_GUIDELINE_EMPLOYEE_MASTER` FOREIGN KEY (`MODIFIED_BY`) REFERENCES `employee_master` (`EMPLOYEE_MASTER_ID`),
  CONSTRAINT `FK_BASEPAY_GUIDELINE_EMPLOYEE_MASTER_2` FOREIGN KEY (`CREATED_BY`) REFERENCES `employee_master` (`EMPLOYEE_MASTER_ID`),
  CONSTRAINT `FK_BASEPAY_GUIDELINE_ORGANIZATION` FOREIGN KEY (`ORG_ID`) REFERENCES `organization` (`ORG_ID`),
  CONSTRAINT `FK_BASEPAY_GUIDELINE_TENANT` FOREIGN KEY (`TENANT_ID`) REFERENCES `tenant` (`TENANT_ID`)
) ENGINE=InnoDB AUTO_INCREMENT=52 DEFAULT CHARSET=latin1;

-- Dumping data for table univision.basepay_guideline: ~3 rows (approximately)
DELETE FROM `basepay_guideline`;
/*!40000 ALTER TABLE `basepay_guideline` DISABLE KEYS */;
INSERT INTO `basepay_guideline` (`BASEPAY_GUIDELINE_ID`, `ORG_ID`, `TENANT_ID`, `LOADED`, `STATUS`, `STATUS_TLM`, `NAME`, `DESCRIPTION`, `TEMPLATE`, `APPLY_RULES`, `INCREASE_TYPE_ID`, `WHEN_CREATED`, `MODIFIED_BY`, `CREATED_BY`, `LAST_UPDATED`) VALUES
	(46, 1, 1, b'0', 'INACTIVE', '2019-03-29 23:46:53', 'Annual Basepay Guideline', 'Annual Basepay Guideline', '[ {\r\n  "id" : 0,\r\n  "fields" : [ {\r\n    "id" : "22",\r\n"type": "metadata"\r\n  } ]\r\n} ]', b'0', 7, '2018-09-02 22:50:51', 13, 13, '2019-11-01 22:02:49'),
	(47, 1, 1, b'1', 'ACTIVE', '2019-03-29 23:27:47', 'CompensationCloud Basepay guideline', 'This is combine guidelines for all the base pay types', '[ {\r\n  "id" : 0,\r\n  "fields" : [ {\r\n    "id" : "22",\r\n    "type" : "metadata"\r\n  }, {\r\n    "id" : "179",\r\n    "type" : "metadata"\r\n  } ]\r\n} ]', b'0', 1, '2019-03-29 23:27:47', 13, 13, '2019-04-29 17:38:17'),
	(51, 1, 1, b'0', 'INACTIVE', '2019-05-20 01:21:36', 'test4', 'tesr6', '[ {\r\n  "id" : 0,\r\n  "fields" : [ {\r\n    "id" : "181",\r\n    "type" : "metadata"\r\n  }, {\r\n    "id" : "26",\r\n    "type" : "metadata"\r\n  } ]\r\n} ]', b'0', 8, '2019-04-29 17:37:08', 13, 13, '2019-04-29 17:37:08');
/*!40000 ALTER TABLE `basepay_guideline` ENABLE KEYS */;


-- Dumping structure for table univision.basepay_guideline_budget_builder_type
CREATE TABLE IF NOT EXISTS `basepay_guideline_budget_builder_type` (
  `id` int(11) unsigned NOT NULL AUTO_INCREMENT,
  `BASEPAY_BUDGET_ID` int(11) unsigned NOT NULL,
  `BASEPAY_GUIDELINE_ID` int(11) unsigned NOT NULL,
  `guideline_group` enum('MIN') NOT NULL DEFAULT 'MIN',
  `STATUS` enum('ACTIVE','INACTIVE') NOT NULL DEFAULT 'ACTIVE',
  `STATUS_TLM` datetime NOT NULL,
  `WHEN_CREATED` datetime NOT NULL,
  PRIMARY KEY (`id`),
  KEY `FK_BASEPAY_GUIDELINE_BUDGET_BUILDER_TYPE_BASEPAY_BUDGET` (`BASEPAY_BUDGET_ID`),
  KEY `FK_BASEPAY_GUIDELINE_BUDGET_BUILDER_TYPE_BASEPAY_GUIDELINE` (`BASEPAY_GUIDELINE_ID`),
  CONSTRAINT `FK_BASEPAY_GUIDELINE_BUDGET_BUILDER_TYPE_BASEPAY_BUDGET` FOREIGN KEY (`BASEPAY_BUDGET_ID`) REFERENCES `basepay_budget` (`BASEPAY_BUDGET_ID`),
  CONSTRAINT `FK_BASEPAY_GUIDELINE_BUDGET_BUILDER_TYPE_BASEPAY_GUIDELINE` FOREIGN KEY (`BASEPAY_GUIDELINE_ID`) REFERENCES `basepay_guideline` (`BASEPAY_GUIDELINE_ID`)
) ENGINE=InnoDB AUTO_INCREMENT=33 DEFAULT CHARSET=latin1;

-- Dumping data for table univision.basepay_guideline_budget_builder_type: ~32 rows (approximately)
DELETE FROM `basepay_guideline_budget_builder_type`;
/*!40000 ALTER TABLE `basepay_guideline_budget_builder_type` DISABLE KEYS */;
INSERT INTO `basepay_guideline_budget_builder_type` (`id`, `BASEPAY_BUDGET_ID`, `BASEPAY_GUIDELINE_ID`, `guideline_group`, `STATUS`, `STATUS_TLM`, `WHEN_CREATED`) VALUES
	(1, 3, 46, 'MIN', 'INACTIVE', '2018-12-17 12:24:50', '2018-12-17 12:24:50'),
	(2, 3, 46, 'MIN', 'INACTIVE', '2018-12-17 13:56:01', '2018-12-17 13:56:01'),
	(3, 3, 46, 'MIN', 'INACTIVE', '2019-03-09 10:38:26', '2019-03-09 10:38:26'),
	(4, 3, 46, 'MIN', 'INACTIVE', '2019-03-09 10:52:44', '2019-03-09 10:52:44'),
	(5, 3, 46, 'MIN', 'INACTIVE', '2019-03-09 10:52:44', '2019-03-09 10:52:44'),
	(6, 3, 46, 'MIN', 'INACTIVE', '2019-03-09 10:52:44', '2019-03-09 10:52:44'),
	(7, 3, 46, 'MIN', 'INACTIVE', '2019-03-09 10:54:55', '2019-03-09 10:54:55'),
	(8, 3, 46, 'MIN', 'INACTIVE', '2019-03-09 10:52:44', '2019-03-09 10:52:44'),
	(9, 3, 46, 'MIN', 'INACTIVE', '2019-03-09 10:54:55', '2019-03-09 10:54:55'),
	(10, 3, 46, 'MIN', 'INACTIVE', '2019-03-09 11:00:01', '2019-03-09 11:00:01'),
	(11, 3, 46, 'MIN', 'INACTIVE', '2019-03-09 23:52:56', '2019-03-09 23:52:56'),
	(12, 3, 46, 'MIN', 'INACTIVE', '2019-03-09 23:52:56', '2019-03-09 23:52:56'),
	(13, 3, 46, 'MIN', 'INACTIVE', '2019-03-10 10:49:30', '2019-03-10 10:49:30'),
	(14, 3, 46, 'MIN', 'INACTIVE', '2019-03-09 23:52:56', '2019-03-09 23:52:56'),
	(15, 3, 46, 'MIN', 'INACTIVE', '2019-03-10 10:49:30', '2019-03-10 10:49:30'),
	(16, 3, 47, 'MIN', 'INACTIVE', '2019-04-23 20:44:35', '2019-04-23 20:44:35'),
	(17, 3, 47, 'MIN', 'INACTIVE', '2019-04-23 20:44:35', '2019-04-23 20:44:35'),
	(18, 3, 47, 'MIN', 'INACTIVE', '2019-04-23 20:48:10', '2019-04-23 20:48:10'),
	(19, 3, 47, 'MIN', 'INACTIVE', '2019-04-23 20:51:07', '2019-04-23 20:51:07'),
	(20, 3, 47, 'MIN', 'INACTIVE', '2019-04-23 20:51:13', '2019-04-23 20:51:13'),
	(21, 3, 47, 'MIN', 'INACTIVE', '2019-04-23 20:51:07', '2019-04-23 20:51:07'),
	(22, 3, 47, 'MIN', 'INACTIVE', '2019-04-23 20:51:13', '2019-04-23 20:51:13'),
	(23, 3, 47, 'MIN', 'INACTIVE', '2019-04-23 20:51:07', '2019-04-23 20:51:07'),
	(24, 3, 47, 'MIN', 'INACTIVE', '2019-04-23 20:51:50', '2019-04-23 20:51:50'),
	(25, 3, 47, 'MIN', 'INACTIVE', '2019-04-23 20:51:13', '2019-04-23 20:51:13'),
	(26, 3, 47, 'MIN', 'INACTIVE', '2019-04-23 20:53:17', '2019-04-23 20:53:17'),
	(27, 3, 47, 'MIN', 'INACTIVE', '2019-04-23 20:51:07', '2019-04-23 20:51:07'),
	(28, 3, 47, 'MIN', 'INACTIVE', '2019-04-23 20:51:50', '2019-04-23 20:51:50'),
	(29, 3, 47, 'MIN', 'INACTIVE', '2019-04-23 21:03:13', '2019-04-23 21:03:13'),
	(30, 3, 47, 'MIN', 'ACTIVE', '2019-04-23 21:12:16', '2019-04-23 21:12:16'),
	(31, 3, 47, 'MIN', 'INACTIVE', '2019-04-23 21:12:16', '2019-04-23 21:12:16'),
	(32, 3, 47, 'MIN', 'ACTIVE', '2019-04-23 21:14:26', '2019-04-23 21:14:26');
/*!40000 ALTER TABLE `basepay_guideline_budget_builder_type` ENABLE KEYS */;


-- Dumping structure for table univision.basepay_guideline_details
CREATE TABLE IF NOT EXISTS `basepay_guideline_details` (
  `BASEPAY_GUIDELINE_DETAILS_ID` int(11) unsigned NOT NULL AUTO_INCREMENT,
  `ORG_ID` int(11) unsigned NOT NULL,
  `TENANT_ID` int(11) unsigned NOT NULL,
  `BASEPAY_GUIDELINE_ID` int(11) unsigned NOT NULL,
  `STATUS` enum('ACTIVE','INACTIVE') NOT NULL DEFAULT 'ACTIVE',
  `STATUS_TLM` datetime NOT NULL,
  `RECORDS` longtext NOT NULL,
  `LAST_UPDATED` timestamp NOT NULL DEFAULT CURRENT_TIMESTAMP ON UPDATE CURRENT_TIMESTAMP,
  PRIMARY KEY (`BASEPAY_GUIDELINE_DETAILS_ID`),
  KEY `FK_BASEPAY_GUIDELINE_DETAILS_ORGANIZATION` (`ORG_ID`),
  KEY `FK_BASEPAY_GUIDELINE_DETAILS_TENANT` (`TENANT_ID`),
  KEY `FK_BASEPAY_GUIDELINE_DETAILS_BASEPAY_GUIDELINE` (`BASEPAY_GUIDELINE_ID`),
  CONSTRAINT `FK_BASEPAY_GUIDELINE_DETAILS_BASEPAY_GUIDELINE` FOREIGN KEY (`BASEPAY_GUIDELINE_ID`) REFERENCES `basepay_guideline` (`BASEPAY_GUIDELINE_ID`),
  CONSTRAINT `FK_BASEPAY_GUIDELINE_DETAILS_ORGANIZATION` FOREIGN KEY (`ORG_ID`) REFERENCES `organization` (`ORG_ID`),
  CONSTRAINT `FK_BASEPAY_GUIDELINE_DETAILS_TENANT` FOREIGN KEY (`TENANT_ID`) REFERENCES `tenant` (`TENANT_ID`)
) ENGINE=InnoDB AUTO_INCREMENT=3 DEFAULT CHARSET=latin1;

-- Dumping data for table univision.basepay_guideline_details: ~2 rows (approximately)
DELETE FROM `basepay_guideline_details`;
/*!40000 ALTER TABLE `basepay_guideline_details` DISABLE KEYS */;
INSERT INTO `basepay_guideline_details` (`BASEPAY_GUIDELINE_DETAILS_ID`, `ORG_ID`, `TENANT_ID`, `BASEPAY_GUIDELINE_ID`, `STATUS`, `STATUS_TLM`, `RECORDS`, `LAST_UPDATED`) VALUES
	(1, 1, 1, 46, 'ACTIVE', '2018-10-21 17:23:25', '{"headers":["Department Name","Basepay","Min Guideline","Mid Guideline","Max Guideline","Min Basepay","Mid Basepay","Max Basepay"],"recordsSet":[{"records":[{"type":"checkBox","dataType":"","value":true,"prefix":""},{"type":"label","dataType":"additive","value":"Engineering","prefix":""},{"type":"label","dataType":"additive","value":714000,"prefix":"$"},{"type":"textField","dataType":"","value":1,"prefix":""},{"type":"textField","dataType":"","value":0,"prefix":""},{"type":"textField","dataType":"","value":5,"prefix":""},{"type":"label","dataType":"additive","value":721140,"prefix":"$"},{"type":"label","dataType":"additive","value":714000,"prefix":"$"},{"type":"label","dataType":"additive","value":749700,"prefix":"$"}]},{"records":[{"type":"checkBox","dataType":"","value":true,"prefix":""},{"type":"label","dataType":"additive","value":"Human Resource","prefix":""},{"type":"label","dataType":"additive","value":369000,"prefix":"$"},{"type":"textField","dataType":"","value":0,"prefix":""},{"type":"textField","dataType":"","value":0,"prefix":""},{"type":"textField","dataType":"","value":0,"prefix":""},{"type":"label","dataType":"additive","value":369000,"prefix":"$"},{"type":"label","dataType":"additive","value":369000,"prefix":"$"},{"type":"label","dataType":"additive","value":369000,"prefix":"$"}]},{"records":[{"type":"checkBox","dataType":"","value":true,"prefix":""},{"type":"label","dataType":"additive","value":"Operation","prefix":""},{"type":"label","dataType":"additive","value":98000,"prefix":"$"},{"type":"textField","dataType":"","value":0,"prefix":""},{"type":"textField","dataType":"","value":0,"prefix":""},{"type":"textField","dataType":"","value":0,"prefix":""},{"type":"label","dataType":"additive","value":98000,"prefix":"$"},{"type":"label","dataType":"additive","value":98000,"prefix":"$"},{"type":"label","dataType":"additive","value":98000,"prefix":"$"}]},{"records":[{"type":"checkBox","dataType":"","value":true,"prefix":""},{"type":"label","dataType":"additive","value":"Sales and Marketing","prefix":""},{"type":"label","dataType":"additive","value":155000,"prefix":"$"},{"type":"textField","dataType":"","value":0,"prefix":""},{"type":"textField","dataType":"","value":0,"prefix":""},{"type":"textField","dataType":"","value":0,"prefix":""},{"type":"label","dataType":"additive","value":155000,"prefix":"$"},{"type":"label","dataType":"additive","value":155000,"prefix":"$"},{"type":"label","dataType":"additive","value":155000,"prefix":"$"}]}],"total":[0,0,1336000,0,0,0,1343140,1336000,1371700]}', '2018-10-21 17:23:24'),
	(2, 1, 1, 47, 'ACTIVE', '2019-03-29 23:28:52', '{"headers":["Department_Name","Performace_Rating","Basepay","Min Guideline","Mid Guideline","Max Guideline","Min Basepay","Mid Basepay","Max Basepay"],"recordsSet":[{"records":[{"type":"checkBox","dataType":"","value":true,"prefix":""},{"type":"label","dataType":"additive","value":"Finance","prefix":""},{"type":"label","dataType":"additive","value":"3-Average","prefix":""},{"type":"label","dataType":"additive","value":98000.0,"prefix":"$"},{"type":"textField","dataType":"","value":0.0,"prefix":""},{"type":"textField","dataType":"","value":0.0,"prefix":""},{"type":"textField","dataType":"","value":0.0,"prefix":""},{"type":"label","dataType":"additive","value":98000.0,"prefix":"$"},{"type":"label","dataType":"additive","value":98000.0,"prefix":"$"},{"type":"label","dataType":"additive","value":98000.0,"prefix":"$"}]},{"records":[{"type":"checkBox","dataType":"","value":true,"prefix":""},{"type":"label","dataType":"additive","value":"Human Resource","prefix":""},{"type":"label","dataType":"additive","value":"2-Below Average","prefix":""},{"type":"label","dataType":"additive","value":79000.0,"prefix":"$"},{"type":"textField","dataType":"","value":0.0,"prefix":""},{"type":"textField","dataType":"","value":0.0,"prefix":""},{"type":"textField","dataType":"","value":0.0,"prefix":""},{"type":"label","dataType":"additive","value":79000.0,"prefix":"$"},{"type":"label","dataType":"additive","value":79000.0,"prefix":"$"},{"type":"label","dataType":"additive","value":79000.0,"prefix":"$"}]},{"records":[{"type":"checkBox","dataType":"","value":true,"prefix":""},{"type":"label","dataType":"additive","value":"Human Resource","prefix":""},{"type":"label","dataType":"additive","value":"3-Average","prefix":""},{"type":"label","dataType":"additive","value":290000.0,"prefix":"$"},{"type":"textField","dataType":"","value":0.0,"prefix":""},{"type":"textField","dataType":"","value":0.0,"prefix":""},{"type":"textField","dataType":"","value":0.0,"prefix":""},{"type":"label","dataType":"additive","value":290000.0,"prefix":"$"},{"type":"label","dataType":"additive","value":290000.0,"prefix":"$"},{"type":"label","dataType":"additive","value":290000.0,"prefix":"$"}]},{"records":[{"type":"checkBox","dataType":"","value":true,"prefix":""},{"type":"label","dataType":"additive","value":"Marketing","prefix":""},{"type":"label","dataType":"additive","value":"2-Below Average","prefix":""},{"type":"label","dataType":"additive","value":189000.0,"prefix":"$"},{"type":"textField","dataType":"","value":0.0,"prefix":""},{"type":"textField","dataType":"","value":0.0,"prefix":""},{"type":"textField","dataType":"","value":0.0,"prefix":""},{"type":"label","dataType":"additive","value":189000.0,"prefix":"$"},{"type":"label","dataType":"additive","value":189000.0,"prefix":"$"},{"type":"label","dataType":"additive","value":189000.0,"prefix":"$"}]},{"records":[{"type":"checkBox","dataType":"","value":true,"prefix":""},{"type":"label","dataType":"additive","value":"Marketing","prefix":""},{"type":"label","dataType":"additive","value":"3-Average","prefix":""},{"type":"label","dataType":"additive","value":525000.0,"prefix":"$"},{"type":"textField","dataType":"","value":0.0,"prefix":""},{"type":"textField","dataType":"","value":0.0,"prefix":""},{"type":"textField","dataType":"","value":0.0,"prefix":""},{"type":"label","dataType":"additive","value":525000.0,"prefix":"$"},{"type":"label","dataType":"additive","value":525000.0,"prefix":"$"},{"type":"label","dataType":"additive","value":525000.0,"prefix":"$"}]},{"records":[{"type":"checkBox","dataType":"","value":true,"prefix":""},{"type":"label","dataType":"additive","value":"Sales and Operations","prefix":""},{"type":"label","dataType":"additive","value":"2-Below Average","prefix":""},{"type":"label","dataType":"additive","value":70000.0,"prefix":"$"},{"type":"textField","dataType":"","value":0.0,"prefix":""},{"type":"textField","dataType":"","value":0.0,"prefix":""},{"type":"textField","dataType":"","value":0.0,"prefix":""},{"type":"label","dataType":"additive","value":70000.0,"prefix":"$"},{"type":"label","dataType":"additive","value":70000.0,"prefix":"$"},{"type":"label","dataType":"additive","value":70000.0,"prefix":"$"}]},{"records":[{"type":"checkBox","dataType":"","value":true,"prefix":""},{"type":"label","dataType":"additive","value":"Sales and Operations","prefix":""},{"type":"label","dataType":"additive","value":"3-Average","prefix":""},{"type":"label","dataType":"additive","value":85000.0,"prefix":"$"},{"type":"textField","dataType":"","value":0.0,"prefix":""},{"type":"textField","dataType":"","value":0.0,"prefix":""},{"type":"textField","dataType":"","value":0.0,"prefix":""},{"type":"label","dataType":"additive","value":85000.0,"prefix":"$"},{"type":"label","dataType":"additive","value":85000.0,"prefix":"$"},{"type":"label","dataType":"additive","value":85000.0,"prefix":"$"}]}],"total":[0,0,0,1336000.0,0,0,0,1336000.0,1336000.0,1336000.0]}', '2019-03-29 23:48:10');
/*!40000 ALTER TABLE `basepay_guideline_details` ENABLE KEYS */;


-- Dumping structure for table univision.basepay_guideline_rule_mapper
CREATE TABLE IF NOT EXISTS `basepay_guideline_rule_mapper` (
  `BASEPAY_GUIDELINE_RULE_MAPPER_ID` int(11) unsigned NOT NULL AUTO_INCREMENT,
  `ORG_ID` int(11) unsigned NOT NULL,
  `TENANT_ID` int(11) unsigned NOT NULL,
  `BASEPAY_GUIDELINE_ID` int(11) unsigned NOT NULL,
  `RULE_ID` int(11) unsigned NOT NULL,
  `BASEPAY_GUIDELINE_RULE_MAPPER_STATUS` enum('ACTIVE','INACTIVE') NOT NULL DEFAULT 'ACTIVE',
  PRIMARY KEY (`BASEPAY_GUIDELINE_RULE_MAPPER_ID`),
  KEY `FK_BASEPAY_GUIDELINE_RULE_MAPPER_ORGANIZATION` (`ORG_ID`),
  KEY `FK_BASEPAY_GUIDELINE_RULE_MAPPER_TENANT` (`TENANT_ID`),
  KEY `FK_BASEPAY_GUIDELINE_RULE_MAPPER_BASEPAY_GUIDELINE` (`BASEPAY_GUIDELINE_ID`),
  KEY `FK_BASEPAY_GUIDELINE_RULE_MAPPER_RULE` (`RULE_ID`),
  CONSTRAINT `FK_BASEPAY_GUIDELINE_RULE_MAPPER_BASEPAY_GUIDELINE` FOREIGN KEY (`BASEPAY_GUIDELINE_ID`) REFERENCES `basepay_guideline` (`BASEPAY_GUIDELINE_ID`),
  CONSTRAINT `FK_BASEPAY_GUIDELINE_RULE_MAPPER_ORGANIZATION` FOREIGN KEY (`ORG_ID`) REFERENCES `organization` (`ORG_ID`),
  CONSTRAINT `FK_BASEPAY_GUIDELINE_RULE_MAPPER_RULE` FOREIGN KEY (`RULE_ID`) REFERENCES `meta_data_rule` (`META_DATA_RULE_ID`),
  CONSTRAINT `FK_BASEPAY_GUIDELINE_RULE_MAPPER_TENANT` FOREIGN KEY (`TENANT_ID`) REFERENCES `tenant` (`TENANT_ID`)
) ENGINE=InnoDB AUTO_INCREMENT=46 DEFAULT CHARSET=latin1;

-- Dumping data for table univision.basepay_guideline_rule_mapper: ~3 rows (approximately)
DELETE FROM `basepay_guideline_rule_mapper`;
/*!40000 ALTER TABLE `basepay_guideline_rule_mapper` DISABLE KEYS */;
INSERT INTO `basepay_guideline_rule_mapper` (`BASEPAY_GUIDELINE_RULE_MAPPER_ID`, `ORG_ID`, `TENANT_ID`, `BASEPAY_GUIDELINE_ID`, `RULE_ID`, `BASEPAY_GUIDELINE_RULE_MAPPER_STATUS`) VALUES
	(40, 1, 1, 46, 27, 'ACTIVE'),
	(41, 1, 1, 47, 32, 'ACTIVE'),
	(45, 1, 1, 51, 27, 'ACTIVE');
/*!40000 ALTER TABLE `basepay_guideline_rule_mapper` ENABLE KEYS */;


-- Dumping structure for table univision.basepay_master
CREATE TABLE IF NOT EXISTS `basepay_master` (
  `BASEPAY_MASTER_ID` int(11) unsigned NOT NULL AUTO_INCREMENT,
  `ORG_ID` int(11) unsigned NOT NULL,
  `TENANT_ID` int(11) unsigned NOT NULL,
  `EMPLOYEE_MASTER_ID` int(11) unsigned NOT NULL,
  `COMPENSATION_INCREASE_TYPE_ID` int(11) unsigned NOT NULL,
  `BASEPAY_AMOUNT_INCREASE` double DEFAULT '0',
  `LAST_BASEPAY_INCREASE` double DEFAULT '0',
  `BASEPAY_INCREASE_ELIGIBLE` double DEFAULT NULL,
  `BASEPAY_PERCENT_INCREASE` double DEFAULT '0',
  `BASEPAY_PRORATION_FACTOR` double NOT NULL,
  `COMPANY_EMPLOYEE_ID` varchar(50) DEFAULT NULL,
  `CURRENT_COMPA_RATIO` double DEFAULT '0',
  `EFFECTIVE_DATE` date DEFAULT NULL,
  `NEW_ANNUAL_BASEPAY` double DEFAULT '0',
  `NEW_COMPA_RATIO` double DEFAULT '0',
  `GUIDELINE_MIN` double DEFAULT NULL,
  `GUIDELINE_MAX` double DEFAULT NULL,
  `GUIDELINE_STR` varchar(30) DEFAULT NULL,
  `NOTE` text,
  `PLANNING_DATE` date DEFAULT NULL,
  `STATUS` varchar(8) NOT NULL,
  `STATUS_TLM` datetime NOT NULL,
  `PLANNED_BY` int(11) unsigned DEFAULT NULL,
  `CURRENT_JOB` int(11) unsigned DEFAULT NULL,
  `NEW_JOB` int(11) unsigned DEFAULT NULL,
  `LAST_UPDATED_BY` int(11) unsigned NOT NULL,
  `LAST_UPDATED` datetime NOT NULL,
  PRIMARY KEY (`BASEPAY_MASTER_ID`),
  KEY `FK_BASEPAY_MASTER_ORGANIZATION` (`ORG_ID`),
  KEY `FK_BASEPAY_MASTER_TENANT` (`TENANT_ID`),
  KEY `FK_BASEPAY_MASTER_EMPLOYEE_MASTER` (`EMPLOYEE_MASTER_ID`),
  KEY `FK_BASEPAY_MASTER_EMPLOYEE_MASTER_2` (`PLANNED_BY`),
  KEY `FK_BASEPAY_MASTER_EMPLOYEE_MASTER_3` (`LAST_UPDATED_BY`),
  KEY `FK_BASEPAY_MASTER_COMPENSATION_INCREASE_TYPE` (`COMPENSATION_INCREASE_TYPE_ID`),
  CONSTRAINT `FK_BASEPAY_MASTER_COMPENSATION_INCREASE_TYPE` FOREIGN KEY (`COMPENSATION_INCREASE_TYPE_ID`) REFERENCES `compensation_increase_type` (`COMPENSATION_INCREASE_TYPE_ID`),
  CONSTRAINT `FK_BASEPAY_MASTER_EMPLOYEE_MASTER` FOREIGN KEY (`EMPLOYEE_MASTER_ID`) REFERENCES `employee_master` (`EMPLOYEE_MASTER_ID`),
  CONSTRAINT `FK_BASEPAY_MASTER_EMPLOYEE_MASTER_2` FOREIGN KEY (`PLANNED_BY`) REFERENCES `employee_master` (`EMPLOYEE_MASTER_ID`),
  CONSTRAINT `FK_BASEPAY_MASTER_EMPLOYEE_MASTER_3` FOREIGN KEY (`LAST_UPDATED_BY`) REFERENCES `employee_master` (`EMPLOYEE_MASTER_ID`),
  CONSTRAINT `FK_BASEPAY_MASTER_ORGANIZATION` FOREIGN KEY (`ORG_ID`) REFERENCES `organization` (`ORG_ID`),
  CONSTRAINT `FK_BASEPAY_MASTER_TENANT` FOREIGN KEY (`TENANT_ID`) REFERENCES `tenant` (`TENANT_ID`)
) ENGINE=InnoDB AUTO_INCREMENT=28 DEFAULT CHARSET=latin1;

-- Dumping data for table univision.basepay_master: ~2 rows (approximately)
DELETE FROM `basepay_master`;
/*!40000 ALTER TABLE `basepay_master` DISABLE KEYS */;
INSERT INTO `basepay_master` (`BASEPAY_MASTER_ID`, `ORG_ID`, `TENANT_ID`, `EMPLOYEE_MASTER_ID`, `COMPENSATION_INCREASE_TYPE_ID`, `BASEPAY_AMOUNT_INCREASE`, `LAST_BASEPAY_INCREASE`, `BASEPAY_INCREASE_ELIGIBLE`, `BASEPAY_PERCENT_INCREASE`, `BASEPAY_PRORATION_FACTOR`, `COMPANY_EMPLOYEE_ID`, `CURRENT_COMPA_RATIO`, `EFFECTIVE_DATE`, `NEW_ANNUAL_BASEPAY`, `NEW_COMPA_RATIO`, `GUIDELINE_MIN`, `GUIDELINE_MAX`, `GUIDELINE_STR`, `NOTE`, `PLANNING_DATE`, `STATUS`, `STATUS_TLM`, `PLANNED_BY`, `CURRENT_JOB`, `NEW_JOB`, `LAST_UPDATED_BY`, `LAST_UPDATED`) VALUES
	(14, 1, 1, 13, 1, 0, 0, 1, 0, 1, NULL, 100, NULL, 103600, 100, 0, 4, '0.0%-4.0%', NULL, NULL, 'ACTIVE', '2016-09-15 21:31:06', 13, 0, 0, 13, '2016-09-15 21:31:40'),
	(27, 1, 1, 13, 2, 0, 0, 1, 0, 1, NULL, 100, NULL, 103600, 100, 0, 4, '0.0%-4.0%', NULL, NULL, 'ACTIVE', '2016-09-15 21:31:06', 13, 0, 0, 13, '2016-09-15 21:31:40');
/*!40000 ALTER TABLE `basepay_master` ENABLE KEYS */;


-- Dumping structure for table univision.bonus_budget
CREATE TABLE IF NOT EXISTS `bonus_budget` (
  `BONUS_BUDGET_ID` int(11) unsigned NOT NULL AUTO_INCREMENT,
  `TENANT_ID` int(11) unsigned NOT NULL,
  `ORG_ID` int(11) unsigned NOT NULL,
  `BONUS_GUIDELINE_ID` int(11) unsigned NOT NULL,
  `BONUS_BUDGET_NAME` varchar(100) NOT NULL,
  `BONUS_BUDGET_DESCRIPTION` varchar(500) DEFAULT NULL,
  `BONUS_BUDGET_TYPE` enum('DISTRIBUTED','TOP_DOWN','BOTTOM_UP') DEFAULT 'TOP_DOWN',
  `BONUS_BUDGET_BUILDER_TYPE` enum('GUIDELINE','FIXED_AMOUNT') NOT NULL,
  `COMMENT` varchar(500) DEFAULT NULL,
  `BONUS_BUDGET_STATUS` enum('ACTIVE','INACTIVE') NOT NULL DEFAULT 'ACTIVE',
  `WHEN_CREATED` datetime NOT NULL,
  `STATUS_TLM` datetime NOT NULL,
  `MODIFIED_BY` int(11) unsigned NOT NULL,
  `CREATED_BY` int(11) unsigned NOT NULL,
  `LAST_UPDATED` timestamp NOT NULL DEFAULT CURRENT_TIMESTAMP ON UPDATE CURRENT_TIMESTAMP,
  PRIMARY KEY (`BONUS_BUDGET_ID`),
  KEY `FK_BONUS_BUDGET_TENANT` (`TENANT_ID`),
  KEY `FK_BONUS_BUDGET_ORGANIZATION` (`ORG_ID`),
  KEY `FK_BONUS_BUDGET_BONUS_GUIDELINE` (`BONUS_GUIDELINE_ID`),
  KEY `FK_BONUS_BUDGET_EMPLOYEE_MASTER` (`MODIFIED_BY`),
  KEY `FK_BONUS_BUDGET_EMPLOYEE_MASTER_2` (`CREATED_BY`),
  CONSTRAINT `FK_BONUS_BUDGET_BONUS_GUIDELINE` FOREIGN KEY (`BONUS_GUIDELINE_ID`) REFERENCES `bonus_guideline` (`BONUS_GUIDELINE_ID`),
  CONSTRAINT `FK_BONUS_BUDGET_EMPLOYEE_MASTER` FOREIGN KEY (`MODIFIED_BY`) REFERENCES `employee_master` (`EMPLOYEE_MASTER_ID`),
  CONSTRAINT `FK_BONUS_BUDGET_EMPLOYEE_MASTER_2` FOREIGN KEY (`CREATED_BY`) REFERENCES `employee_master` (`EMPLOYEE_MASTER_ID`),
  CONSTRAINT `FK_BONUS_BUDGET_ORGANIZATION` FOREIGN KEY (`ORG_ID`) REFERENCES `organization` (`ORG_ID`),
  CONSTRAINT `FK_BONUS_BUDGET_TENANT` FOREIGN KEY (`TENANT_ID`) REFERENCES `tenant` (`TENANT_ID`)
) ENGINE=InnoDB AUTO_INCREMENT=4 DEFAULT CHARSET=utf8;

-- Dumping data for table univision.bonus_budget: ~0 rows (approximately)
DELETE FROM `bonus_budget`;
/*!40000 ALTER TABLE `bonus_budget` DISABLE KEYS */;
INSERT INTO `bonus_budget` (`BONUS_BUDGET_ID`, `TENANT_ID`, `ORG_ID`, `BONUS_GUIDELINE_ID`, `BONUS_BUDGET_NAME`, `BONUS_BUDGET_DESCRIPTION`, `BONUS_BUDGET_TYPE`, `BONUS_BUDGET_BUILDER_TYPE`, `COMMENT`, `BONUS_BUDGET_STATUS`, `WHEN_CREATED`, `STATUS_TLM`, `MODIFIED_BY`, `CREATED_BY`, `LAST_UPDATED`) VALUES
	(3, 1, 1, 22, 'Annual Bonus Budget', 'Annual Bonus Budget', 'TOP_DOWN', 'GUIDELINE', 'Annual Bonus Budget', 'ACTIVE', '2018-09-02 22:52:38', '2019-04-23 21:12:22', 13, 13, '2019-11-01 21:44:59');
/*!40000 ALTER TABLE `bonus_budget` ENABLE KEYS */;


-- Dumping structure for table univision.bonus_budget_allocated_details
CREATE TABLE IF NOT EXISTS `bonus_budget_allocated_details` (
  `id` int(11) unsigned NOT NULL AUTO_INCREMENT,
  `budget_name` varchar(50) NOT NULL,
  `current_salary_amount` double DEFAULT NULL,
  `budget_amount` double DEFAULT NULL,
  `percent_increase` double DEFAULT NULL,
  `budget_builder_type` enum('FIXED_AMOUNT','GUIDELINE') NOT NULL DEFAULT 'FIXED_AMOUNT',
  `total_employee` int(11) NOT NULL,
  `total_eligible_employee` int(11) NOT NULL,
  `budget_type` enum('DISTRIBUTED','TOP_DOWN','BOTTOM_UP') NOT NULL DEFAULT 'TOP_DOWN',
  `when_created` datetime NOT NULL,
  `TLM` timestamp NOT NULL DEFAULT CURRENT_TIMESTAMP ON UPDATE CURRENT_TIMESTAMP,
  PRIMARY KEY (`id`)
) ENGINE=InnoDB AUTO_INCREMENT=49 DEFAULT CHARSET=latin1;

-- Dumping data for table univision.bonus_budget_allocated_details: ~7 rows (approximately)
DELETE FROM `bonus_budget_allocated_details`;
/*!40000 ALTER TABLE `bonus_budget_allocated_details` DISABLE KEYS */;
INSERT INTO `bonus_budget_allocated_details` (`id`, `budget_name`, `current_salary_amount`, `budget_amount`, `percent_increase`, `budget_builder_type`, `total_employee`, `total_eligible_employee`, `budget_type`, `when_created`, `TLM`) VALUES
	(42, 'Annual Bonus Budget', 3000, 2000, 3, 'FIXED_AMOUNT', 2, 1, 'TOP_DOWN', '2019-04-23 20:11:54', '2019-04-23 20:12:35'),
	(43, 'Annual Bonus Budget', 1336000, 13360, 1, 'FIXED_AMOUNT', 15, 0, 'TOP_DOWN', '2019-04-23 20:24:28', '2019-04-23 20:24:27'),
	(44, 'Annual Bonus Budget', 1336000, 13360, 1, 'FIXED_AMOUNT', 15, 0, 'TOP_DOWN', '2019-04-23 20:31:57', '2019-04-23 20:31:56'),
	(45, 'Annual Bonus Budget', 1240000, 1240000, 0, 'GUIDELINE', 0, 0, 'TOP_DOWN', '2019-04-23 20:32:09', '2019-04-23 20:32:09'),
	(46, 'Annual Bonus Budget', 1240000, 1240000, 0, 'GUIDELINE', 0, 0, 'TOP_DOWN', '2019-04-23 20:33:41', '2019-04-23 20:33:41'),
	(47, 'Annual Bonus Budget', 1336000, 13360, 1, 'FIXED_AMOUNT', 15, 0, 'TOP_DOWN', '2019-04-23 20:47:16', '2019-04-23 20:47:16'),
	(48, 'Annual Bonus Budget', 1240000, 1240000, 0, 'GUIDELINE', 0, 0, 'TOP_DOWN', '2019-04-23 21:12:22', '2019-04-23 21:12:21');
/*!40000 ALTER TABLE `bonus_budget_allocated_details` ENABLE KEYS */;


-- Dumping structure for table univision.bonus_budget_master
CREATE TABLE IF NOT EXISTS `bonus_budget_master` (
  `BONUS_BUDGET_MASTER_ID` int(10) unsigned NOT NULL AUTO_INCREMENT,
  `ORG_ID` int(10) unsigned NOT NULL,
  `TENANT_ID` int(10) unsigned NOT NULL,
  `EMPLOYEE_MASTER_ID` int(10) unsigned NOT NULL,
  `COMPENSATION_INCREASE_TYPE_ID` int(10) unsigned NOT NULL,
  `DIRECT_REPORTS_BUDGET_TOTAL` double DEFAULT NULL,
  `DIRECT_REPORTS_BUDGET_ALLOCATED` double DEFAULT NULL,
  `ALL_REPORTS_BUDGET_TOTAL` double DEFAULT NULL,
  `ALL_REPORTS_BUDGET_ALLOCATED` double DEFAULT NULL,
  `ALL_REPORTS_BUDGET_REMAINING` double DEFAULT NULL,
  `DIRECT_REPORTS_BUDGET_REMAINING` double DEFAULT NULL,
  `STATUS` enum('ACTIVE','INACTIVE') NOT NULL DEFAULT 'ACTIVE',
  `ACTION_STATUS` enum('SUBMITTED','APPROVED','REJECTED','IN_PROGRESS') NOT NULL DEFAULT 'IN_PROGRESS',
  `NOS_ELIGIBLE_EMPLOYEES` int(10) unsigned DEFAULT NULL,
  `NOS_INELIGIBLE_EMPLOYEES` int(10) unsigned DEFAULT NULL,
  `APPROVAL_MANAGER` int(10) unsigned DEFAULT NULL,
  `FINAL_APPROVAL_MANAGER` int(10) unsigned DEFAULT NULL,
  `FINAL_APPROVAL_HR` int(10) unsigned DEFAULT NULL,
  `LAST_UPDATED_BY` int(10) unsigned DEFAULT NULL,
  `LAST_UPDATED` datetime NOT NULL,
  PRIMARY KEY (`BONUS_BUDGET_MASTER_ID`),
  KEY `FK_BONUS_BUDGET_MASTER_ORGANIZATION` (`ORG_ID`),
  KEY `FK_BONUS_BUDGET_MASTER_TENANT` (`TENANT_ID`),
  KEY `FK_BONUS_BUDGET_MASTER_COMPENSATION_INCREASE_TYPE` (`COMPENSATION_INCREASE_TYPE_ID`),
  KEY `FK_BONUS_BUDGET_MASTER_EMPLOYEE_MASTER` (`APPROVAL_MANAGER`),
  KEY `FK_BONUS_BUDGET_MASTER_EMPLOYEE_MASTER_2` (`FINAL_APPROVAL_MANAGER`),
  KEY `FK_BONUS_BUDGET_MASTER_EMPLOYEE_MASTER_3` (`FINAL_APPROVAL_HR`),
  KEY `FK_BONUS_BUDGET_MASTER_EMPLOYEE_MASTER_4` (`LAST_UPDATED_BY`),
  KEY `FK_BONUS_BUDGET_MASTER_EMPLOYEE_MASTER_5` (`EMPLOYEE_MASTER_ID`),
  CONSTRAINT `FK_BONUS_BUDGET_MASTER_COMPENSATION_INCREASE_TYPE` FOREIGN KEY (`COMPENSATION_INCREASE_TYPE_ID`) REFERENCES `compensation_increase_type` (`COMPENSATION_INCREASE_TYPE_ID`),
  CONSTRAINT `FK_BONUS_BUDGET_MASTER_EMPLOYEE_MASTER` FOREIGN KEY (`APPROVAL_MANAGER`) REFERENCES `employee_master` (`EMPLOYEE_MASTER_ID`),
  CONSTRAINT `FK_BONUS_BUDGET_MASTER_EMPLOYEE_MASTER_2` FOREIGN KEY (`FINAL_APPROVAL_MANAGER`) REFERENCES `employee_master` (`EMPLOYEE_MASTER_ID`),
  CONSTRAINT `FK_BONUS_BUDGET_MASTER_EMPLOYEE_MASTER_3` FOREIGN KEY (`FINAL_APPROVAL_HR`) REFERENCES `employee_master` (`EMPLOYEE_MASTER_ID`),
  CONSTRAINT `FK_BONUS_BUDGET_MASTER_EMPLOYEE_MASTER_4` FOREIGN KEY (`LAST_UPDATED_BY`) REFERENCES `employee_master` (`EMPLOYEE_MASTER_ID`),
  CONSTRAINT `FK_BONUS_BUDGET_MASTER_EMPLOYEE_MASTER_5` FOREIGN KEY (`EMPLOYEE_MASTER_ID`) REFERENCES `employee_master` (`EMPLOYEE_MASTER_ID`),
  CONSTRAINT `FK_BONUS_BUDGET_MASTER_ORGANIZATION` FOREIGN KEY (`ORG_ID`) REFERENCES `organization` (`ORG_ID`),
  CONSTRAINT `FK_BONUS_BUDGET_MASTER_TENANT` FOREIGN KEY (`TENANT_ID`) REFERENCES `tenant` (`TENANT_ID`)
) ENGINE=InnoDB AUTO_INCREMENT=13 DEFAULT CHARSET=latin1;

-- Dumping data for table univision.bonus_budget_master: ~2 rows (approximately)
DELETE FROM `bonus_budget_master`;
/*!40000 ALTER TABLE `bonus_budget_master` DISABLE KEYS */;
INSERT INTO `bonus_budget_master` (`BONUS_BUDGET_MASTER_ID`, `ORG_ID`, `TENANT_ID`, `EMPLOYEE_MASTER_ID`, `COMPENSATION_INCREASE_TYPE_ID`, `DIRECT_REPORTS_BUDGET_TOTAL`, `DIRECT_REPORTS_BUDGET_ALLOCATED`, `ALL_REPORTS_BUDGET_TOTAL`, `ALL_REPORTS_BUDGET_ALLOCATED`, `ALL_REPORTS_BUDGET_REMAINING`, `DIRECT_REPORTS_BUDGET_REMAINING`, `STATUS`, `ACTION_STATUS`, `NOS_ELIGIBLE_EMPLOYEES`, `NOS_INELIGIBLE_EMPLOYEES`, `APPROVAL_MANAGER`, `FINAL_APPROVAL_MANAGER`, `FINAL_APPROVAL_HR`, `LAST_UPDATED_BY`, `LAST_UPDATED`) VALUES
	(11, 1, 1, 13, 3, 15000, 5580, NULL, NULL, NULL, 9420, 'ACTIVE', 'SUBMITTED', 1, 0, NULL, NULL, NULL, 13, '2016-09-17 15:57:07'),
	(12, 1, 1, 13, 4, 23000, 22000, NULL, NULL, NULL, 1000, 'ACTIVE', 'SUBMITTED', 1, 0, NULL, NULL, NULL, 13, '2016-09-17 15:57:07');
/*!40000 ALTER TABLE `bonus_budget_master` ENABLE KEYS */;


-- Dumping structure for table univision.bonus_budget_rule_mapper
CREATE TABLE IF NOT EXISTS `bonus_budget_rule_mapper` (
  `BONUS_BUDGET_RULE_MAPPER_ID` int(11) unsigned NOT NULL AUTO_INCREMENT,
  `ORG_ID` int(11) unsigned NOT NULL,
  `TENANT_ID` int(11) unsigned NOT NULL,
  `BONUS_BUDGET_ID` int(11) unsigned NOT NULL,
  `RULE_ID` int(11) unsigned NOT NULL,
  `BONUS_BUDGET_RULE_MAPPER_STATUS` enum('ACTIVE','INACTIVE') NOT NULL DEFAULT 'ACTIVE',
  PRIMARY KEY (`BONUS_BUDGET_RULE_MAPPER_ID`),
  KEY `FK_BONUS_BUDGET_RULE_MAPPER_ORGANIZATION` (`ORG_ID`),
  KEY `FK_BONUS_BUDGET_RULE_MAPPER_TENANT` (`TENANT_ID`),
  KEY `FK_BONUS_BUDGET_RULE_MAPPER_BONUS_BUDGET` (`BONUS_BUDGET_ID`),
  KEY `FK_BONUS_BUDGET_RULE_MAPPER_RULE` (`RULE_ID`),
  CONSTRAINT `FK_bonus_budget_rule_mapper_bonus_budget` FOREIGN KEY (`BONUS_BUDGET_ID`) REFERENCES `bonus_budget` (`BONUS_BUDGET_ID`),
  CONSTRAINT `FK_bonus_budget_rule_mapper_meta_data_rule` FOREIGN KEY (`RULE_ID`) REFERENCES `meta_data_rule` (`META_DATA_RULE_ID`),
  CONSTRAINT `FK_bonus_budget_rule_mapper_organization` FOREIGN KEY (`ORG_ID`) REFERENCES `organization` (`ORG_ID`),
  CONSTRAINT `FK_bonus_budget_rule_mapper_tenant` FOREIGN KEY (`TENANT_ID`) REFERENCES `tenant` (`TENANT_ID`)
) ENGINE=InnoDB AUTO_INCREMENT=44 DEFAULT CHARSET=latin1;

-- Dumping data for table univision.bonus_budget_rule_mapper: ~0 rows (approximately)
DELETE FROM `bonus_budget_rule_mapper`;
/*!40000 ALTER TABLE `bonus_budget_rule_mapper` DISABLE KEYS */;
INSERT INTO `bonus_budget_rule_mapper` (`BONUS_BUDGET_RULE_MAPPER_ID`, `ORG_ID`, `TENANT_ID`, `BONUS_BUDGET_ID`, `RULE_ID`, `BONUS_BUDGET_RULE_MAPPER_STATUS`) VALUES
	(43, 1, 1, 3, 31, 'ACTIVE');
/*!40000 ALTER TABLE `bonus_budget_rule_mapper` ENABLE KEYS */;


-- Dumping structure for table univision.bonus_data
CREATE TABLE IF NOT EXISTS `bonus_data` (
  `BONUS_DATA_ID` int(11) unsigned NOT NULL AUTO_INCREMENT,
  `BONUS_MASTER_ID` int(11) unsigned DEFAULT '0',
  `ORG_ID` int(11) unsigned NOT NULL,
  `TENANT_ID` int(11) unsigned NOT NULL,
  `ANALYSIS_ID` int(11) unsigned DEFAULT NULL,
  `AUDIT_ID` int(11) unsigned DEFAULT NULL,
  `BUDGET_MODEL_ID` int(11) unsigned DEFAULT NULL,
  `GUIDELINE_ID` int(11) unsigned DEFAULT NULL,
  `HISTORY_ID` int(11) unsigned DEFAULT NULL,
  `INTERNAL_SALARY_PROFILE_ID` int(11) unsigned DEFAULT NULL,
  `MARKET_PROFILE_ID` int(11) unsigned DEFAULT NULL,
  `PLAN_ID` int(11) unsigned DEFAULT NULL,
  `SALARY_GRADE_ID` int(11) unsigned DEFAULT NULL,
  `LAST_UPDATED` timestamp NOT NULL DEFAULT CURRENT_TIMESTAMP ON UPDATE CURRENT_TIMESTAMP,
  PRIMARY KEY (`BONUS_DATA_ID`),
  KEY `FK_BONUS_DATA_ORGANIZATION` (`ORG_ID`),
  KEY `FK_BONUS_DATA_TENANT` (`TENANT_ID`),
  KEY `FK_BONUS_DATA_ANALYSIS` (`ANALYSIS_ID`),
  KEY `FK_BONUS_DATA_AUDIT` (`AUDIT_ID`),
  KEY `FK_BONUS_DATA_BUDGET_MODEL` (`BUDGET_MODEL_ID`),
  KEY `FK_BONUS_DATA_GUIDELINE` (`GUIDELINE_ID`),
  KEY `FK_BONUS_DATA_HISTORY` (`HISTORY_ID`),
  KEY `FK_BONUS_DATA_INTERNAL_SALARY_PROFILE` (`INTERNAL_SALARY_PROFILE_ID`),
  KEY `FK_BONUS_DATA_MARKET_PROFILE` (`MARKET_PROFILE_ID`),
  KEY `FK_BONUS_DATA_PLAN` (`PLAN_ID`),
  KEY `FK_BONUS_DATA_SALARY_GRADE` (`SALARY_GRADE_ID`),
  KEY `FK_BONUS_DATA_BONUS_MASTER` (`BONUS_MASTER_ID`),
  CONSTRAINT `FK_BONUS_DATA_ANALYSIS` FOREIGN KEY (`ANALYSIS_ID`) REFERENCES `analysis` (`ANALYSIS_ID`),
  CONSTRAINT `FK_BONUS_DATA_AUDIT` FOREIGN KEY (`AUDIT_ID`) REFERENCES `audit` (`AUDIT_ID`),
  CONSTRAINT `FK_BONUS_DATA_BONUS_MASTER` FOREIGN KEY (`BONUS_MASTER_ID`) REFERENCES `bonus_master` (`BONUS_MASTER_ID`),
  CONSTRAINT `FK_BONUS_DATA_BUDGET_MODEL` FOREIGN KEY (`BUDGET_MODEL_ID`) REFERENCES `budget_model` (`BUDGET_MODEL_ID`),
  CONSTRAINT `FK_BONUS_DATA_GUIDELINE` FOREIGN KEY (`GUIDELINE_ID`) REFERENCES `guideline` (`GUIDELINE_ID`),
  CONSTRAINT `FK_BONUS_DATA_HISTORY` FOREIGN KEY (`HISTORY_ID`) REFERENCES `history` (`HISTORY_ID`),
  CONSTRAINT `FK_BONUS_DATA_INTERNAL_SALARY_PROFILE` FOREIGN KEY (`INTERNAL_SALARY_PROFILE_ID`) REFERENCES `internal_salary_profile` (`INTERNAL_SALARY_PROFILE_ID`),
  CONSTRAINT `FK_BONUS_DATA_MARKET_PROFILE` FOREIGN KEY (`MARKET_PROFILE_ID`) REFERENCES `market_profile` (`MARKET_PROFILE_ID`),
  CONSTRAINT `FK_BONUS_DATA_ORGANIZATION` FOREIGN KEY (`ORG_ID`) REFERENCES `organization` (`ORG_ID`),
  CONSTRAINT `FK_BONUS_DATA_PLAN` FOREIGN KEY (`PLAN_ID`) REFERENCES `plan` (`PLAN_ID`),
  CONSTRAINT `FK_BONUS_DATA_SALARY_GRADE` FOREIGN KEY (`SALARY_GRADE_ID`) REFERENCES `salary_grade` (`SALARY_GRADE_ID`),
  CONSTRAINT `FK_BONUS_DATA_TENANT` FOREIGN KEY (`TENANT_ID`) REFERENCES `tenant` (`TENANT_ID`)
) ENGINE=InnoDB DEFAULT CHARSET=latin1;

-- Dumping data for table univision.bonus_data: ~0 rows (approximately)
DELETE FROM `bonus_data`;
/*!40000 ALTER TABLE `bonus_data` DISABLE KEYS */;
/*!40000 ALTER TABLE `bonus_data` ENABLE KEYS */;


-- Dumping structure for table univision.bonus_fixed_amount_budget_builder_type
CREATE TABLE IF NOT EXISTS `bonus_fixed_amount_budget_builder_type` (
  `id` int(11) unsigned NOT NULL AUTO_INCREMENT,
  `BONUS_BUDGET_ID` int(11) unsigned NOT NULL,
  `COMPENSATION_INCREASE_TYPE_ID` int(11) unsigned NOT NULL,
  `percent` double DEFAULT NULL,
  `final_budget` double DEFAULT NULL,
  `STATUS` enum('ACTIVE','INACTIVE') NOT NULL DEFAULT 'ACTIVE',
  `STATUS_TLM` datetime NOT NULL,
  `WHEN_CREATED` datetime NOT NULL,
  PRIMARY KEY (`id`),
  KEY `FK_bonus_fixed_amount_budget_compensation_increase_type` (`COMPENSATION_INCREASE_TYPE_ID`),
  KEY `FK_bonus_fixed_amount_budget_builder_type_bonus_budget` (`BONUS_BUDGET_ID`),
  CONSTRAINT `FK_bonus_fixed_amount_budget_builder_type_bonus_budget` FOREIGN KEY (`BONUS_BUDGET_ID`) REFERENCES `bonus_budget` (`BONUS_BUDGET_ID`),
  CONSTRAINT `FK_bonus_fixed_amount_budget_compensation_increase_type` FOREIGN KEY (`COMPENSATION_INCREASE_TYPE_ID`) REFERENCES `compensation_increase_type` (`COMPENSATION_INCREASE_TYPE_ID`)
) ENGINE=InnoDB AUTO_INCREMENT=94 DEFAULT CHARSET=latin1;

-- Dumping data for table univision.bonus_fixed_amount_budget_builder_type: ~7 rows (approximately)
DELETE FROM `bonus_fixed_amount_budget_builder_type`;
/*!40000 ALTER TABLE `bonus_fixed_amount_budget_builder_type` DISABLE KEYS */;
INSERT INTO `bonus_fixed_amount_budget_builder_type` (`id`, `BONUS_BUDGET_ID`, `COMPENSATION_INCREASE_TYPE_ID`, `percent`, `final_budget`, `STATUS`, `STATUS_TLM`, `WHEN_CREATED`) VALUES
	(87, 3, 9, 1, 1000, 'INACTIVE', '2019-04-23 20:08:59', '2019-04-23 20:09:00'),
	(88, 3, 4, 1, 13360, 'INACTIVE', '2019-04-23 20:24:27', '2019-04-23 20:24:27'),
	(89, 3, 4, 1, 13360, 'INACTIVE', '2019-04-23 20:24:27', '2019-04-23 20:24:27'),
	(90, 3, 4, 1, 13360, 'INACTIVE', '2019-04-23 20:31:57', '2019-04-23 20:31:57'),
	(91, 3, 4, 1, 13360, 'INACTIVE', '2019-04-23 20:24:27', '2019-04-23 20:24:27'),
	(92, 3, 4, 1, 13360, 'INACTIVE', '2019-04-23 20:31:57', '2019-04-23 20:31:57'),
	(93, 3, 3, 1, 13360, 'INACTIVE', '2019-04-23 20:47:16', '2019-04-23 20:47:16');
/*!40000 ALTER TABLE `bonus_fixed_amount_budget_builder_type` ENABLE KEYS */;


-- Dumping structure for table univision.bonus_guideline
CREATE TABLE IF NOT EXISTS `bonus_guideline` (
  `BONUS_GUIDELINE_ID` int(11) unsigned NOT NULL AUTO_INCREMENT,
  `ORG_ID` int(11) unsigned NOT NULL,
  `TENANT_ID` int(11) unsigned NOT NULL,
  `LOADED` bit(1) NOT NULL DEFAULT b'0',
  `STATUS` enum('ACTIVE','INACTIVE') NOT NULL DEFAULT 'ACTIVE',
  `STATUS_TLM` datetime NOT NULL,
  `NAME` varchar(200) NOT NULL,
  `DESCRIPTION` varchar(2000) NOT NULL,
  `TEMPLATE` longtext NOT NULL,
  `APPLY_RULES` bit(1) NOT NULL DEFAULT b'0',
  `INCREASE_TYPE_ID` int(11) unsigned DEFAULT NULL,
  `WHEN_CREATED` datetime NOT NULL,
  `MODIFIED_BY` int(11) unsigned NOT NULL,
  `CREATED_BY` int(11) unsigned NOT NULL,
  `LAST_UPDATED` timestamp NOT NULL DEFAULT CURRENT_TIMESTAMP ON UPDATE CURRENT_TIMESTAMP,
  PRIMARY KEY (`BONUS_GUIDELINE_ID`),
  KEY `FK_BONUS_GUIDELINE_ORGANIZATION` (`ORG_ID`),
  KEY `FK_BONUS_GUIDELINE_TENANT` (`TENANT_ID`),
  KEY `FK_BONUS_GUIDELINE_EMPLOYEE_MASTER` (`MODIFIED_BY`),
  KEY `FK_BONUS_GUIDELINE_COMPENSATION_INCREASE_TYPE` (`INCREASE_TYPE_ID`),
  KEY `FK_BONUS_GUIDELINE_EMPLOYEE_MASTER_2` (`CREATED_BY`),
  CONSTRAINT `FK_BONUS_GUIDELINE_COMPENSATION_INCREASE_TYPE` FOREIGN KEY (`INCREASE_TYPE_ID`) REFERENCES `compensation_increase_type` (`COMPENSATION_INCREASE_TYPE_ID`),
  CONSTRAINT `FK_BONUS_GUIDELINE_EMPLOYEE_MASTER` FOREIGN KEY (`MODIFIED_BY`) REFERENCES `employee_master` (`EMPLOYEE_MASTER_ID`),
  CONSTRAINT `FK_BONUS_GUIDELINE_EMPLOYEE_MASTER_2` FOREIGN KEY (`CREATED_BY`) REFERENCES `employee_master` (`EMPLOYEE_MASTER_ID`),
  CONSTRAINT `FK_BONUS_GUIDELINE_ORGANIZATION` FOREIGN KEY (`ORG_ID`) REFERENCES `organization` (`ORG_ID`),
  CONSTRAINT `FK_BONUS_GUIDELINE_TENANT` FOREIGN KEY (`TENANT_ID`) REFERENCES `tenant` (`TENANT_ID`)
) ENGINE=InnoDB AUTO_INCREMENT=23 DEFAULT CHARSET=latin1;

-- Dumping data for table univision.bonus_guideline: ~0 rows (approximately)
DELETE FROM `bonus_guideline`;
/*!40000 ALTER TABLE `bonus_guideline` DISABLE KEYS */;
INSERT INTO `bonus_guideline` (`BONUS_GUIDELINE_ID`, `ORG_ID`, `TENANT_ID`, `LOADED`, `STATUS`, `STATUS_TLM`, `NAME`, `DESCRIPTION`, `TEMPLATE`, `APPLY_RULES`, `INCREASE_TYPE_ID`, `WHEN_CREATED`, `MODIFIED_BY`, `CREATED_BY`, `LAST_UPDATED`) VALUES
	(22, 1, 1, b'1', 'ACTIVE', '2018-09-02 22:51:16', 'Annual Bonus Guideline', 'Annual Bonus Guideline', '[ {\r\n  "id" : 0,\r\n  "fields" : [ {\r\n    "id" : "22",\r\n    "type" : "metadata"\r\n  } ]\r\n} ]', b'0', 9, '2018-09-02 22:51:16', 13, 13, '2019-11-01 22:02:38');
/*!40000 ALTER TABLE `bonus_guideline` ENABLE KEYS */;


-- Dumping structure for table univision.bonus_guideline_budget_builder_type
CREATE TABLE IF NOT EXISTS `bonus_guideline_budget_builder_type` (
  `id` int(11) unsigned NOT NULL AUTO_INCREMENT,
  `BONUS_BUDGET_ID` int(11) unsigned NOT NULL,
  `BONUS_GUIDELINE_ID` int(11) unsigned NOT NULL,
  `guideline_group` enum('MIN') NOT NULL DEFAULT 'MIN',
  `STATUS` enum('ACTIVE','INACTIVE') NOT NULL DEFAULT 'ACTIVE',
  `STATUS_TLM` datetime NOT NULL,
  `WHEN_CREATED` datetime NOT NULL,
  PRIMARY KEY (`id`),
  KEY `FK_BONUS_GUIDELINE_BUDGET_BUILDER_TYPE_BONUS_BUDGET` (`BONUS_BUDGET_ID`),
  KEY `FK_BONUS_GUIDELINE_BUDGET_BUILDER_TYPE_BONUS_GUIDELINE` (`BONUS_GUIDELINE_ID`),
  CONSTRAINT `FK_BONUS_GUIDELINE_BUDGET_BUILDER_TYPE_BONUS_BUDGET` FOREIGN KEY (`BONUS_BUDGET_ID`) REFERENCES `bonus_budget` (`BONUS_BUDGET_ID`),
  CONSTRAINT `FK_BONUS_GUIDELINE_BUDGET_BUILDER_TYPE_BONUS_GUIDELINE` FOREIGN KEY (`BONUS_GUIDELINE_ID`) REFERENCES `bonus_guideline` (`BONUS_GUIDELINE_ID`)
) ENGINE=InnoDB AUTO_INCREMENT=30 DEFAULT CHARSET=latin1;

-- Dumping data for table univision.bonus_guideline_budget_builder_type: ~14 rows (approximately)
DELETE FROM `bonus_guideline_budget_builder_type`;
/*!40000 ALTER TABLE `bonus_guideline_budget_builder_type` DISABLE KEYS */;
INSERT INTO `bonus_guideline_budget_builder_type` (`id`, `BONUS_BUDGET_ID`, `BONUS_GUIDELINE_ID`, `guideline_group`, `STATUS`, `STATUS_TLM`, `WHEN_CREATED`) VALUES
	(16, 3, 22, 'MIN', 'INACTIVE', '2019-04-23 20:09:09', '2019-04-23 20:09:10'),
	(17, 3, 22, 'MIN', 'INACTIVE', '2019-04-23 20:14:31', '2019-04-23 20:14:31'),
	(18, 3, 22, 'MIN', 'INACTIVE', '2019-04-23 20:22:48', '2019-04-23 20:22:48'),
	(19, 3, 22, 'MIN', 'INACTIVE', '2019-04-23 20:22:48', '2019-04-23 20:22:48'),
	(20, 3, 22, 'MIN', 'INACTIVE', '2019-04-23 20:32:09', '2019-04-23 20:32:09'),
	(21, 3, 22, 'MIN', 'INACTIVE', '2019-04-23 20:33:41', '2019-04-23 20:33:41'),
	(22, 3, 22, 'MIN', 'INACTIVE', '2019-04-23 20:32:09', '2019-04-23 20:32:09'),
	(23, 3, 22, 'MIN', 'INACTIVE', '2019-04-23 20:38:17', '2019-04-23 20:38:17'),
	(24, 3, 22, 'MIN', 'INACTIVE', '2019-04-23 20:38:17', '2019-04-23 20:38:17'),
	(25, 3, 22, 'MIN', 'INACTIVE', '2019-04-23 20:46:28', '2019-04-23 20:46:28'),
	(26, 3, 22, 'MIN', 'INACTIVE', '2019-04-23 20:38:17', '2019-04-23 20:38:17'),
	(27, 3, 22, 'MIN', 'INACTIVE', '2019-04-23 20:46:28', '2019-04-23 20:46:28'),
	(28, 3, 22, 'MIN', 'INACTIVE', '2019-04-23 21:03:21', '2019-04-23 21:03:21'),
	(29, 3, 22, 'MIN', 'ACTIVE', '2019-04-23 21:12:22', '2019-04-23 21:12:22');
/*!40000 ALTER TABLE `bonus_guideline_budget_builder_type` ENABLE KEYS */;


-- Dumping structure for table univision.bonus_guideline_details
CREATE TABLE IF NOT EXISTS `bonus_guideline_details` (
  `BONUS_GUIDELINE_DETAILS_ID` int(11) unsigned NOT NULL AUTO_INCREMENT,
  `ORG_ID` int(11) unsigned NOT NULL,
  `TENANT_ID` int(11) unsigned NOT NULL,
  `BONUS_GUIDELINE_ID` int(11) unsigned NOT NULL,
  `STATUS` enum('ACTIVE','INACTIVE') NOT NULL DEFAULT 'ACTIVE',
  `STATUS_TLM` datetime NOT NULL,
  `RECORDS` longtext NOT NULL,
  `LAST_UPDATED` timestamp NOT NULL DEFAULT CURRENT_TIMESTAMP ON UPDATE CURRENT_TIMESTAMP,
  PRIMARY KEY (`BONUS_GUIDELINE_DETAILS_ID`),
  KEY `FK_BONUS_GUIDELINE_DETAILS_ORGANIZATION` (`ORG_ID`),
  KEY `FK_BONUS_GUIDELINE_DETAILS_TENANT` (`TENANT_ID`),
  KEY `FK_BONUS_GUIDELINE_DETAILS_BONUS_GUIDELINE` (`BONUS_GUIDELINE_ID`),
  CONSTRAINT `FK_BONUS_GUIDELINE_DETAILS_BONUS_GUIDELINE` FOREIGN KEY (`BONUS_GUIDELINE_ID`) REFERENCES `bonus_guideline` (`BONUS_GUIDELINE_ID`),
  CONSTRAINT `FK_BONUS_GUIDELINE_DETAILS_ORGANIZATION` FOREIGN KEY (`ORG_ID`) REFERENCES `organization` (`ORG_ID`),
  CONSTRAINT `FK_BONUS_GUIDELINE_DETAILS_TENANT` FOREIGN KEY (`TENANT_ID`) REFERENCES `tenant` (`TENANT_ID`)
) ENGINE=InnoDB AUTO_INCREMENT=6 DEFAULT CHARSET=latin1;

-- Dumping data for table univision.bonus_guideline_details: ~5 rows (approximately)
DELETE FROM `bonus_guideline_details`;
/*!40000 ALTER TABLE `bonus_guideline_details` DISABLE KEYS */;
INSERT INTO `bonus_guideline_details` (`BONUS_GUIDELINE_DETAILS_ID`, `ORG_ID`, `TENANT_ID`, `BONUS_GUIDELINE_ID`, `STATUS`, `STATUS_TLM`, `RECORDS`, `LAST_UPDATED`) VALUES
	(1, 1, 1, 22, 'ACTIVE', '2019-04-20 20:05:46', '{"headers":["Department_Name","Basepay","Min Guideline","Mid Guideline","Max Guideline","Min Basepay","Mid Basepay","Max Basepay"],"recordsSet":[{"records":[{"type":"checkBox","dataType":"","value":true,"prefix":""},{"type":"label","dataType":"additive","value":"FoolWorks","prefix":""},{"type":"label","dataType":"additive","value":640000,"prefix":"$"},{"type":"textField","dataType":"","value":0,"prefix":""},{"type":"textField","dataType":"","value":0,"prefix":""},{"type":"textField","dataType":"","value":0,"prefix":""},{"type":"label","dataType":"additive","value":640000,"prefix":"$"},{"type":"label","dataType":"additive","value":640000,"prefix":"$"},{"type":"label","dataType":"additive","value":640000,"prefix":"$"}]},{"records":[{"type":"checkBox","dataType":"","value":true,"prefix":""},{"type":"label","dataType":"additive","value":"Human Resource","prefix":""},{"type":"label","dataType":"additive","value":320000,"prefix":"$"},{"type":"textField","dataType":"","value":0,"prefix":""},{"type":"textField","dataType":"","value":0,"prefix":""},{"type":"textField","dataType":"","value":0,"prefix":""},{"type":"label","dataType":"additive","value":320000,"prefix":"$"},{"type":"label","dataType":"additive","value":320000,"prefix":"$"},{"type":"label","dataType":"additive","value":320000,"prefix":"$"}]},{"records":[{"type":"checkBox","dataType":"","value":true,"prefix":""},{"type":"label","dataType":"additive","value":"Sales and Operations","prefix":""},{"type":"label","dataType":"additive","value":200000,"prefix":"$"},{"type":"textField","dataType":"","value":0,"prefix":""},{"type":"textField","dataType":"","value":0,"prefix":""},{"type":"textField","dataType":"","value":0,"prefix":""},{"type":"label","dataType":"additive","value":200000,"prefix":"$"},{"type":"label","dataType":"additive","value":200000,"prefix":"$"},{"type":"label","dataType":"additive","value":200000,"prefix":"$"}]},{"records":[{"type":"checkBox","dataType":"","value":true,"prefix":""},{"type":"label","dataType":"additive","value":"Wealth Management","prefix":""},{"type":"label","dataType":"additive","value":80000,"prefix":"$"},{"type":"textField","dataType":"","value":0,"prefix":""},{"type":"textField","dataType":"","value":0,"prefix":""},{"type":"textField","dataType":"","value":0,"prefix":""},{"type":"label","dataType":"additive","value":80000,"prefix":"$"},{"type":"label","dataType":"additive","value":80000,"prefix":"$"},{"type":"label","dataType":"additive","value":80000,"prefix":"$"}]}],"total":[0,0,1240000,0,0,0,1240000,1240000,1240000]}', '2019-04-20 20:05:45'),
	(2, 1, 1, 22, 'ACTIVE', '2019-04-20 20:22:19', '{"headers":["Department_Name","Basepay","Min Guideline","Mid Guideline","Max Guideline","Min Basepay","Mid Basepay","Max Basepay"],"recordsSet":[{"records":[{"type":"checkBox","dataType":"","value":true,"prefix":""},{"type":"label","dataType":"additive","value":"FoolWorks","prefix":""},{"type":"label","dataType":"additive","value":640000,"prefix":"$"},{"type":"textField","dataType":"","value":3,"prefix":""},{"type":"textField","dataType":"","value":0,"prefix":""},{"type":"textField","dataType":"","value":0,"prefix":""},{"type":"label","dataType":"additive","value":659200,"prefix":"$"},{"type":"label","dataType":"additive","value":640000,"prefix":"$"},{"type":"label","dataType":"additive","value":640000,"prefix":"$"}]},{"records":[{"type":"checkBox","dataType":"","value":true,"prefix":""},{"type":"label","dataType":"additive","value":"Human Resource","prefix":""},{"type":"label","dataType":"additive","value":320000,"prefix":"$"},{"type":"textField","dataType":"","value":0,"prefix":""},{"type":"textField","dataType":"","value":0,"prefix":""},{"type":"textField","dataType":"","value":0,"prefix":""},{"type":"label","dataType":"additive","value":320000,"prefix":"$"},{"type":"label","dataType":"additive","value":320000,"prefix":"$"},{"type":"label","dataType":"additive","value":320000,"prefix":"$"}]},{"records":[{"type":"checkBox","dataType":"","value":true,"prefix":""},{"type":"label","dataType":"additive","value":"Sales and Operations","prefix":""},{"type":"label","dataType":"additive","value":200000,"prefix":"$"},{"type":"textField","dataType":"","value":0,"prefix":""},{"type":"textField","dataType":"","value":0,"prefix":""},{"type":"textField","dataType":"","value":0,"prefix":""},{"type":"label","dataType":"additive","value":200000,"prefix":"$"},{"type":"label","dataType":"additive","value":200000,"prefix":"$"},{"type":"label","dataType":"additive","value":200000,"prefix":"$"}]},{"records":[{"type":"checkBox","dataType":"","value":true,"prefix":""},{"type":"label","dataType":"additive","value":"Wealth Management","prefix":""},{"type":"label","dataType":"additive","value":80000,"prefix":"$"},{"type":"textField","dataType":"","value":0,"prefix":""},{"type":"textField","dataType":"","value":0,"prefix":""},{"type":"textField","dataType":"","value":0,"prefix":""},{"type":"label","dataType":"additive","value":80000,"prefix":"$"},{"type":"label","dataType":"additive","value":80000,"prefix":"$"},{"type":"label","dataType":"additive","value":80000,"prefix":"$"}]}],"total":[0,0,1240000,0,0,0,1259200,1240000,1240000]}', '2019-04-20 20:22:43'),
	(3, 1, 1, 22, 'ACTIVE', '2019-04-20 20:25:32', '{"headers":["Department_Name","Basepay","Min Guideline","Mid Guideline","Max Guideline","Min Basepay","Mid Basepay","Max Basepay"],"recordsSet":[{"records":[{"type":"checkBox","dataType":"","value":true,"prefix":""},{"type":"label","dataType":"additive","value":"FoolWorks","prefix":""},{"type":"label","dataType":"additive","value":640000,"prefix":"$"},{"type":"textField","dataType":"","value":3,"prefix":""},{"type":"textField","dataType":"","value":0,"prefix":""},{"type":"textField","dataType":"","value":0,"prefix":""},{"type":"label","dataType":"additive","value":659200,"prefix":"$"},{"type":"label","dataType":"additive","value":640000,"prefix":"$"},{"type":"label","dataType":"additive","value":640000,"prefix":"$"}]},{"records":[{"type":"checkBox","dataType":"","value":true,"prefix":""},{"type":"label","dataType":"additive","value":"Human Resource","prefix":""},{"type":"label","dataType":"additive","value":320000,"prefix":"$"},{"type":"textField","dataType":"","value":0,"prefix":""},{"type":"textField","dataType":"","value":0,"prefix":""},{"type":"textField","dataType":"","value":0,"prefix":""},{"type":"label","dataType":"additive","value":320000,"prefix":"$"},{"type":"label","dataType":"additive","value":320000,"prefix":"$"},{"type":"label","dataType":"additive","value":320000,"prefix":"$"}]},{"records":[{"type":"checkBox","dataType":"","value":true,"prefix":""},{"type":"label","dataType":"additive","value":"Sales and Operations","prefix":""},{"type":"label","dataType":"additive","value":200000,"prefix":"$"},{"type":"textField","dataType":"","value":0,"prefix":""},{"type":"textField","dataType":"","value":0,"prefix":""},{"type":"textField","dataType":"","value":0,"prefix":""},{"type":"label","dataType":"additive","value":200000,"prefix":"$"},{"type":"label","dataType":"additive","value":200000,"prefix":"$"},{"type":"label","dataType":"additive","value":200000,"prefix":"$"}]},{"records":[{"type":"checkBox","dataType":"","value":true,"prefix":""},{"type":"label","dataType":"additive","value":"Wealth Management","prefix":""},{"type":"label","dataType":"additive","value":80000,"prefix":"$"},{"type":"textField","dataType":"","value":0,"prefix":""},{"type":"textField","dataType":"","value":0,"prefix":""},{"type":"textField","dataType":"","value":0,"prefix":""},{"type":"label","dataType":"additive","value":80000,"prefix":"$"},{"type":"label","dataType":"additive","value":80000,"prefix":"$"},{"type":"label","dataType":"additive","value":80000,"prefix":"$"}]}],"total":[0,0,1240000,0,0,0,1259200,1240000,1240000]}', '2019-04-20 20:25:42'),
	(4, 1, 1, 22, 'ACTIVE', '2019-04-20 20:30:36', '{"headers":["Department_Name","Basepay","Min Guideline","Mid Guideline","Max Guideline","Min Basepay","Mid Basepay","Max Basepay"],"recordsSet":[{"records":[{"type":"checkBox","dataType":"","value":true,"prefix":""},{"type":"label","dataType":"additive","value":"FoolWorks","prefix":""},{"type":"label","dataType":"additive","value":640000,"prefix":"$"},{"type":"textField","dataType":"","value":0,"prefix":""},{"type":"textField","dataType":"","value":0,"prefix":""},{"type":"textField","dataType":"","value":0,"prefix":""},{"type":"label","dataType":"additive","value":640000,"prefix":"$"},{"type":"label","dataType":"additive","value":640000,"prefix":"$"},{"type":"label","dataType":"additive","value":640000,"prefix":"$"}]},{"records":[{"type":"checkBox","dataType":"","value":true,"prefix":""},{"type":"label","dataType":"additive","value":"Human Resource","prefix":""},{"type":"label","dataType":"additive","value":320000,"prefix":"$"},{"type":"textField","dataType":"","value":0,"prefix":""},{"type":"textField","dataType":"","value":0,"prefix":""},{"type":"textField","dataType":"","value":0,"prefix":""},{"type":"label","dataType":"additive","value":320000,"prefix":"$"},{"type":"label","dataType":"additive","value":320000,"prefix":"$"},{"type":"label","dataType":"additive","value":320000,"prefix":"$"}]},{"records":[{"type":"checkBox","dataType":"","value":true,"prefix":""},{"type":"label","dataType":"additive","value":"Sales and Operations","prefix":""},{"type":"label","dataType":"additive","value":200000,"prefix":"$"},{"type":"textField","dataType":"","value":0,"prefix":""},{"type":"textField","dataType":"","value":0,"prefix":""},{"type":"textField","dataType":"","value":0,"prefix":""},{"type":"label","dataType":"additive","value":200000,"prefix":"$"},{"type":"label","dataType":"additive","value":200000,"prefix":"$"},{"type":"label","dataType":"additive","value":200000,"prefix":"$"}]},{"records":[{"type":"checkBox","dataType":"","value":true,"prefix":""},{"type":"label","dataType":"additive","value":"Wealth Management","prefix":""},{"type":"label","dataType":"additive","value":80000,"prefix":"$"},{"type":"textField","dataType":"","value":0,"prefix":""},{"type":"textField","dataType":"","value":0,"prefix":""},{"type":"textField","dataType":"","value":0,"prefix":""},{"type":"label","dataType":"additive","value":80000,"prefix":"$"},{"type":"label","dataType":"additive","value":80000,"prefix":"$"},{"type":"label","dataType":"additive","value":80000,"prefix":"$"}]}],"total":[0,0,1240000,0,0,0,1240000,1240000,1240000]}', '2019-04-20 20:30:35'),
	(5, 1, 1, 22, 'ACTIVE', '2019-04-23 20:31:38', '{"headers":["Department_Name","Basepay","Min Guideline","Mid Guideline","Max Guideline","Min Basepay","Mid Basepay","Max Basepay"],"recordsSet":[{"records":[{"type":"checkBox","dataType":"","value":true,"prefix":""},{"type":"label","dataType":"additive","value":"FoolWorks","prefix":""},{"type":"label","dataType":"additive","value":640000,"prefix":"$"},{"type":"textField","dataType":"","value":0,"prefix":""},{"type":"textField","dataType":"","value":0,"prefix":""},{"type":"textField","dataType":"","value":0,"prefix":""},{"type":"label","dataType":"additive","value":640000,"prefix":"$"},{"type":"label","dataType":"additive","value":640000,"prefix":"$"},{"type":"label","dataType":"additive","value":640000,"prefix":"$"}]},{"records":[{"type":"checkBox","dataType":"","value":true,"prefix":""},{"type":"label","dataType":"additive","value":"Human Resource","prefix":""},{"type":"label","dataType":"additive","value":320000,"prefix":"$"},{"type":"textField","dataType":"","value":0,"prefix":""},{"type":"textField","dataType":"","value":0,"prefix":""},{"type":"textField","dataType":"","value":0,"prefix":""},{"type":"label","dataType":"additive","value":320000,"prefix":"$"},{"type":"label","dataType":"additive","value":320000,"prefix":"$"},{"type":"label","dataType":"additive","value":320000,"prefix":"$"}]},{"records":[{"type":"checkBox","dataType":"","value":true,"prefix":""},{"type":"label","dataType":"additive","value":"Sales and Operations","prefix":""},{"type":"label","dataType":"additive","value":200000,"prefix":"$"},{"type":"textField","dataType":"","value":0,"prefix":""},{"type":"textField","dataType":"","value":0,"prefix":""},{"type":"textField","dataType":"","value":0,"prefix":""},{"type":"label","dataType":"additive","value":200000,"prefix":"$"},{"type":"label","dataType":"additive","value":200000,"prefix":"$"},{"type":"label","dataType":"additive","value":200000,"prefix":"$"}]},{"records":[{"type":"checkBox","dataType":"","value":true,"prefix":""},{"type":"label","dataType":"additive","value":"Wealth Management","prefix":""},{"type":"label","dataType":"additive","value":80000,"prefix":"$"},{"type":"textField","dataType":"","value":0,"prefix":""},{"type":"textField","dataType":"","value":0,"prefix":""},{"type":"textField","dataType":"","value":0,"prefix":""},{"type":"label","dataType":"additive","value":80000,"prefix":"$"},{"type":"label","dataType":"additive","value":80000,"prefix":"$"},{"type":"label","dataType":"additive","value":80000,"prefix":"$"}]}],"total":[0,0,1240000,0,0,0,1240000,1240000,1240000]}', '2019-04-23 20:31:38');
/*!40000 ALTER TABLE `bonus_guideline_details` ENABLE KEYS */;


-- Dumping structure for table univision.bonus_guideline_rule_mapper
CREATE TABLE IF NOT EXISTS `bonus_guideline_rule_mapper` (
  `BONUS_GUIDELINE_RULE_MAPPER_ID` int(11) unsigned NOT NULL AUTO_INCREMENT,
  `ORG_ID` int(11) unsigned NOT NULL,
  `TENANT_ID` int(11) unsigned NOT NULL,
  `BONUS_GUIDELINE_ID` int(11) unsigned NOT NULL,
  `RULE_ID` int(11) unsigned NOT NULL,
  `BONUS_GUIDELINE_RULE_MAPPER_STATUS` enum('ACTIVE','INACTIVE') NOT NULL DEFAULT 'ACTIVE',
  PRIMARY KEY (`BONUS_GUIDELINE_RULE_MAPPER_ID`),
  KEY `FK_BONUS_GUIDELINE_RULE_MAPPER_ORGANIZATION` (`ORG_ID`),
  KEY `FK_BONUS_GUIDELINE_RULE_MAPPER_TENANT` (`TENANT_ID`),
  KEY `FK_BONUS_GUIDELINE_RULE_MAPPER_BONUS_GUIDELINE` (`BONUS_GUIDELINE_ID`),
  KEY `FK_BONUS_GUIDELINE_RULE_MAPPER_RULE` (`RULE_ID`),
  CONSTRAINT `FK_BONUS_GUIDELINE_RULE_MAPPER_BONUS_GUIDELINE` FOREIGN KEY (`BONUS_GUIDELINE_ID`) REFERENCES `bonus_guideline` (`BONUS_GUIDELINE_ID`),
  CONSTRAINT `FK_BONUS_GUIDELINE_RULE_MAPPER_ORGANIZATION` FOREIGN KEY (`ORG_ID`) REFERENCES `organization` (`ORG_ID`),
  CONSTRAINT `FK_BONUS_GUIDELINE_RULE_MAPPER_RULE` FOREIGN KEY (`RULE_ID`) REFERENCES `meta_data_rule` (`META_DATA_RULE_ID`),
  CONSTRAINT `FK_BONUS_GUIDELINE_RULE_MAPPER_TENANT` FOREIGN KEY (`TENANT_ID`) REFERENCES `tenant` (`TENANT_ID`)
) ENGINE=InnoDB AUTO_INCREMENT=16 DEFAULT CHARSET=latin1;

-- Dumping data for table univision.bonus_guideline_rule_mapper: ~0 rows (approximately)
DELETE FROM `bonus_guideline_rule_mapper`;
/*!40000 ALTER TABLE `bonus_guideline_rule_mapper` DISABLE KEYS */;
INSERT INTO `bonus_guideline_rule_mapper` (`BONUS_GUIDELINE_RULE_MAPPER_ID`, `ORG_ID`, `TENANT_ID`, `BONUS_GUIDELINE_ID`, `RULE_ID`, `BONUS_GUIDELINE_RULE_MAPPER_STATUS`) VALUES
	(15, 1, 1, 22, 28, 'ACTIVE');
/*!40000 ALTER TABLE `bonus_guideline_rule_mapper` ENABLE KEYS */;


-- Dumping structure for table univision.bonus_master
CREATE TABLE IF NOT EXISTS `bonus_master` (
  `BONUS_MASTER_ID` int(11) unsigned NOT NULL AUTO_INCREMENT,
  `ORG_ID` int(11) unsigned NOT NULL,
  `TENANT_ID` int(11) unsigned NOT NULL,
  `EMPLOYEE_MASTER_ID` int(11) unsigned NOT NULL,
  `BONUS_AMOUNT_INCREASE` double DEFAULT '0',
  `LAST_BONUS_INCREASE` double DEFAULT '0',
  `BONUS_INCREASE_ELIGIBLE` enum('Y','N') DEFAULT 'N',
  `BONUS_PERCENT_INCREASE` double DEFAULT '0',
  `BONUS_TARGET_PERCENT` double DEFAULT '0',
  `BONUS_TARGET_AMOUNT` double DEFAULT '0',
  `BONUS_PRORATION_FACTOR` double DEFAULT NULL,
  `COMPANY_EMPLOYEE_ID` varchar(50) DEFAULT NULL,
  `CURRENT_ANNUAL_BONUS` double DEFAULT '0',
  `CURRENT_COMPA_RATIO` double DEFAULT '0',
  `EFFECTIVE_DATE` date DEFAULT NULL,
  `NEW_ANNUAL_BONUS` double DEFAULT '0',
  `NEW_COMPA_RATIO` double DEFAULT '0',
  `GUIDELINE_MIN` double DEFAULT NULL,
  `GUIDELINE_MAX` double DEFAULT NULL,
  `GUIDELINE_STR` varchar(30) DEFAULT NULL,
  `NOTE` text,
  `BONUS_FREQUENCY` varchar(50) DEFAULT NULL,
  `PLANNING_DATE` date DEFAULT NULL,
  `STATUS` enum('ACTIVE','INACTIVE') NOT NULL DEFAULT 'ACTIVE',
  `STATUS_TLM` datetime NOT NULL,
  `COMPENSATION_INCREASE_TYPE_ID` int(11) unsigned NOT NULL,
  `PLANNED_BY` int(11) unsigned DEFAULT NULL,
  `CURRENT_JOB` int(11) unsigned DEFAULT NULL,
  `NEW_JOB` int(11) unsigned DEFAULT NULL,
  `LAST_UPDATED_BY` int(11) unsigned NOT NULL,
  `LAST_UPDATED` datetime NOT NULL,
  PRIMARY KEY (`BONUS_MASTER_ID`),
  KEY `FK_BONUS_MASTER_ORGANIZATION` (`ORG_ID`),
  KEY `FK_BONUS_MASTER_TENANT` (`TENANT_ID`),
  KEY `FK_BONUS_MASTER_EMPLOYEE_MASTER` (`EMPLOYEE_MASTER_ID`),
  KEY `FK_BONUS_MASTER_EMPLOYEE_MASTER_2` (`PLANNED_BY`),
  KEY `FK_BONUS_MASTER_EMPLOYEE_MASTER_3` (`LAST_UPDATED_BY`),
  KEY `FK_BONUS_MASTER_COMPENSATION_INCREASE_TYPE` (`COMPENSATION_INCREASE_TYPE_ID`),
  CONSTRAINT `FK_BONUS_MASTER_COMPENSATION_INCREASE_TYPE` FOREIGN KEY (`COMPENSATION_INCREASE_TYPE_ID`) REFERENCES `compensation_increase_type` (`COMPENSATION_INCREASE_TYPE_ID`),
  CONSTRAINT `FK_BONUS_MASTER_EMPLOYEE_MASTER` FOREIGN KEY (`EMPLOYEE_MASTER_ID`) REFERENCES `employee_master` (`EMPLOYEE_MASTER_ID`),
  CONSTRAINT `FK_BONUS_MASTER_EMPLOYEE_MASTER_2` FOREIGN KEY (`PLANNED_BY`) REFERENCES `employee_master` (`EMPLOYEE_MASTER_ID`),
  CONSTRAINT `FK_BONUS_MASTER_EMPLOYEE_MASTER_3` FOREIGN KEY (`LAST_UPDATED_BY`) REFERENCES `employee_master` (`EMPLOYEE_MASTER_ID`),
  CONSTRAINT `FK_BONUS_MASTER_ORGANIZATION` FOREIGN KEY (`ORG_ID`) REFERENCES `organization` (`ORG_ID`),
  CONSTRAINT `FK_BONUS_MASTER_TENANT` FOREIGN KEY (`TENANT_ID`) REFERENCES `tenant` (`TENANT_ID`)
) ENGINE=InnoDB AUTO_INCREMENT=30 DEFAULT CHARSET=latin1;

-- Dumping data for table univision.bonus_master: ~2 rows (approximately)
DELETE FROM `bonus_master`;
/*!40000 ALTER TABLE `bonus_master` DISABLE KEYS */;
INSERT INTO `bonus_master` (`BONUS_MASTER_ID`, `ORG_ID`, `TENANT_ID`, `EMPLOYEE_MASTER_ID`, `BONUS_AMOUNT_INCREASE`, `LAST_BONUS_INCREASE`, `BONUS_INCREASE_ELIGIBLE`, `BONUS_PERCENT_INCREASE`, `BONUS_TARGET_PERCENT`, `BONUS_TARGET_AMOUNT`, `BONUS_PRORATION_FACTOR`, `COMPANY_EMPLOYEE_ID`, `CURRENT_ANNUAL_BONUS`, `CURRENT_COMPA_RATIO`, `EFFECTIVE_DATE`, `NEW_ANNUAL_BONUS`, `NEW_COMPA_RATIO`, `GUIDELINE_MIN`, `GUIDELINE_MAX`, `GUIDELINE_STR`, `NOTE`, `BONUS_FREQUENCY`, `PLANNING_DATE`, `STATUS`, `STATUS_TLM`, `COMPENSATION_INCREASE_TYPE_ID`, `PLANNED_BY`, `CURRENT_JOB`, `NEW_JOB`, `LAST_UPDATED_BY`, `LAST_UPDATED`) VALUES
	(14, 1, 1, 13, 0, 0, 'Y', 0, 10, 10000, 1, NULL, 40000, NULL, NULL, 0, NULL, 0, 21000, '6500', NULL, NULL, NULL, 'ACTIVE', '2016-09-15 21:31:06', 3, 13, 0, 0, 13, '2016-09-15 21:31:40'),
	(29, 1, 1, 13, 0, 0, 'Y', 0, 10, 10000, 1, NULL, 40000, NULL, NULL, 0, NULL, 0, 21000, '6500', NULL, NULL, NULL, 'ACTIVE', '2016-09-15 21:31:06', 4, 13, 0, 0, 13, '2016-09-15 21:31:40');
/*!40000 ALTER TABLE `bonus_master` ENABLE KEYS */;


-- Dumping structure for table univision.budget_model
CREATE TABLE IF NOT EXISTS `budget_model` (
  `BUDGET_MODEL_ID` int(11) unsigned NOT NULL AUTO_INCREMENT,
  `ORG_ID` int(11) unsigned NOT NULL,
  `TENANT_ID` int(11) unsigned NOT NULL,
  `BUDGET_NAME` varchar(50) NOT NULL,
  `BUDGET_TYPE` enum('BASEPAY','BONUS','STOCK') NOT NULL DEFAULT 'BASEPAY',
  `TOTAL_BASEPAY` int(11) DEFAULT NULL,
  `AVAILABLE_BUDGET` int(11) DEFAULT NULL,
  `ACCESS_LEVEL` varchar(50) DEFAULT NULL,
  `ACTION` enum('SUBMITTED','APPROVED','REJECTED','IN_PROGRESS') NOT NULL DEFAULT 'IN_PROGRESS',
  `COMMENT` varchar(50) DEFAULT NULL,
  `CREATED_DATE` datetime DEFAULT NULL,
  `ELIGIBLE_EMPLOYEES` int(11) DEFAULT NULL,
  `INELIGIBLE_EMPLOYEES` int(11) DEFAULT NULL,
  `STATUS` enum('INACTIVE','ACTIVE') NOT NULL DEFAULT 'ACTIVE',
  `STATUS_TLM` datetime NOT NULL,
  `TOTAL_EMPLOYEES` int(11) DEFAULT NULL,
  `COMPENSATION_TYPE_ID` int(11) unsigned NOT NULL,
  `CREATED_BY` int(11) unsigned NOT NULL,
  `LAST_UPDATED_BY` int(11) unsigned NOT NULL,
  `LAST_UPDATED` datetime NOT NULL,
  PRIMARY KEY (`BUDGET_MODEL_ID`),
  KEY `FK_BUDGET_MODEL_ORGANIZATION` (`ORG_ID`),
  KEY `FK_BUDGET_MODEL_TENANT` (`TENANT_ID`),
  KEY `FK_BUDGET_MODEL_COMPENSATION_TYPE` (`COMPENSATION_TYPE_ID`),
  KEY `FK_BUDGET_MODEL_EMPLOYEE_MASTER` (`CREATED_BY`),
  KEY `FK_BUDGET_MODEL_EMPLOYEE_MASTER_2` (`LAST_UPDATED_BY`),
  CONSTRAINT `FK_BUDGET_MODEL_COMPENSATION_TYPE` FOREIGN KEY (`COMPENSATION_TYPE_ID`) REFERENCES `compensation_type` (`COMPENSATION_TYPE_ID`),
  CONSTRAINT `FK_BUDGET_MODEL_EMPLOYEE_MASTER` FOREIGN KEY (`CREATED_BY`) REFERENCES `employee_master` (`EMPLOYEE_MASTER_ID`),
  CONSTRAINT `FK_BUDGET_MODEL_EMPLOYEE_MASTER_2` FOREIGN KEY (`LAST_UPDATED_BY`) REFERENCES `employee_master` (`EMPLOYEE_MASTER_ID`),
  CONSTRAINT `FK_BUDGET_MODEL_ORGANIZATION` FOREIGN KEY (`ORG_ID`) REFERENCES `organization` (`ORG_ID`),
  CONSTRAINT `FK_BUDGET_MODEL_TENANT` FOREIGN KEY (`TENANT_ID`) REFERENCES `tenant` (`TENANT_ID`)
) ENGINE=InnoDB AUTO_INCREMENT=4 DEFAULT CHARSET=latin1;

-- Dumping data for table univision.budget_model: ~3 rows (approximately)
DELETE FROM `budget_model`;
/*!40000 ALTER TABLE `budget_model` DISABLE KEYS */;
INSERT INTO `budget_model` (`BUDGET_MODEL_ID`, `ORG_ID`, `TENANT_ID`, `BUDGET_NAME`, `BUDGET_TYPE`, `TOTAL_BASEPAY`, `AVAILABLE_BUDGET`, `ACCESS_LEVEL`, `ACTION`, `COMMENT`, `CREATED_DATE`, `ELIGIBLE_EMPLOYEES`, `INELIGIBLE_EMPLOYEES`, `STATUS`, `STATUS_TLM`, `TOTAL_EMPLOYEES`, `COMPENSATION_TYPE_ID`, `CREATED_BY`, `LAST_UPDATED_BY`, `LAST_UPDATED`) VALUES
	(1, 1, 1, 'promotion', 'BASEPAY', 100000, 20000, NULL, 'IN_PROGRESS', NULL, '2016-09-10 10:56:45', 20, 180, 'ACTIVE', '2016-09-10 10:57:04', NULL, 1, 13, 13, '2016-09-10 10:57:18'),
	(2, 1, 1, 'salary', 'BASEPAY', 200000, 50000, NULL, 'SUBMITTED', NULL, '2016-09-10 10:56:45', 20, 180, 'ACTIVE', '2016-09-10 10:57:04', NULL, 1, 13, 13, '2016-09-10 10:57:18'),
	(3, 1, 1, 'adjustment', 'BONUS', 300000, 40000, NULL, 'SUBMITTED', NULL, '2016-09-10 10:56:45', 20, 180, 'ACTIVE', '2016-09-10 10:57:04', NULL, 1, 13, 13, '2016-09-10 10:57:18');
/*!40000 ALTER TABLE `budget_model` ENABLE KEYS */;


-- Dumping structure for table univision.budget_types
CREATE TABLE IF NOT EXISTS `budget_types` (
  `BUDGET_TYPES_ID` int(11) unsigned NOT NULL AUTO_INCREMENT,
  `ORG_ID` int(11) unsigned NOT NULL,
  `TENANT_ID` int(11) unsigned NOT NULL,
  `BUDGET_NAME` varchar(50) NOT NULL,
  `BUDGET_TYPE` enum('BASEPAY','BONUS','STOCK') NOT NULL DEFAULT 'BASEPAY',
  `TOTAL_BASEPAY` int(11) DEFAULT NULL,
  `AVAILABLE_BUDGET` int(11) DEFAULT NULL,
  `ACCESS_LEVEL` varchar(50) DEFAULT NULL,
  `ACTION` enum('SUBMITTED','APPROVED','REJECTED','IN_PROGRESS') NOT NULL DEFAULT 'IN_PROGRESS',
  `COMMENT` varchar(50) DEFAULT NULL,
  `CREATED_DATE` datetime DEFAULT NULL,
  `ELIGIBLE_EMPLOYEES` int(11) DEFAULT NULL,
  `INELIGIBLE_EMPLOYEES` int(11) DEFAULT NULL,
  `STATUS` enum('INACTIVE','ACTIVE') NOT NULL DEFAULT 'ACTIVE',
  `STATUS_TLM` datetime NOT NULL,
  `TOTAL_EMPLOYEES` int(11) DEFAULT NULL,
  `COMPENSATION_TYPE_ID` int(11) unsigned NOT NULL,
  `CREATED_BY` int(11) unsigned NOT NULL,
  `LAST_UPDATED_BY` int(11) unsigned NOT NULL,
  `LAST_UPDATED` datetime NOT NULL,
  PRIMARY KEY (`BUDGET_TYPES_ID`),
  KEY `FK_BUDGET_TYPES_ORGANIZATION` (`ORG_ID`),
  KEY `FK_BUDGET_TYPES_TENANT` (`TENANT_ID`),
  KEY `FK_BUDGET_TYPES_COMPENSATION_TYPE` (`COMPENSATION_TYPE_ID`),
  KEY `FK_BUDGET_TYPES_EMPLOYEE_MASTER` (`CREATED_BY`),
  KEY `FK_BUDGET_TYPES_EMPLOYEE_MASTER_2` (`LAST_UPDATED_BY`),
  CONSTRAINT `FK_BUDGET_TYPES_COMPENSATION_TYPE` FOREIGN KEY (`COMPENSATION_TYPE_ID`) REFERENCES `compensation_type` (`COMPENSATION_TYPE_ID`),
  CONSTRAINT `FK_BUDGET_TYPES_EMPLOYEE_MASTER` FOREIGN KEY (`CREATED_BY`) REFERENCES `employee_master` (`EMPLOYEE_MASTER_ID`),
  CONSTRAINT `FK_BUDGET_TYPES_EMPLOYEE_MASTER_2` FOREIGN KEY (`LAST_UPDATED_BY`) REFERENCES `employee_master` (`EMPLOYEE_MASTER_ID`),
  CONSTRAINT `FK_BUDGET_TYPES_ORGANIZATION` FOREIGN KEY (`ORG_ID`) REFERENCES `organization` (`ORG_ID`),
  CONSTRAINT `FK_BUDGET_TYPES_TENANT` FOREIGN KEY (`TENANT_ID`) REFERENCES `tenant` (`TENANT_ID`)
) ENGINE=InnoDB AUTO_INCREMENT=4 DEFAULT CHARSET=latin1;

-- Dumping data for table univision.budget_types: ~3 rows (approximately)
DELETE FROM `budget_types`;
/*!40000 ALTER TABLE `budget_types` DISABLE KEYS */;
INSERT INTO `budget_types` (`BUDGET_TYPES_ID`, `ORG_ID`, `TENANT_ID`, `BUDGET_NAME`, `BUDGET_TYPE`, `TOTAL_BASEPAY`, `AVAILABLE_BUDGET`, `ACCESS_LEVEL`, `ACTION`, `COMMENT`, `CREATED_DATE`, `ELIGIBLE_EMPLOYEES`, `INELIGIBLE_EMPLOYEES`, `STATUS`, `STATUS_TLM`, `TOTAL_EMPLOYEES`, `COMPENSATION_TYPE_ID`, `CREATED_BY`, `LAST_UPDATED_BY`, `LAST_UPDATED`) VALUES
	(1, 1, 1, 'promotion', 'BASEPAY', 100000, 20000, NULL, 'IN_PROGRESS', NULL, '2016-09-10 10:56:45', 20, 180, 'ACTIVE', '2016-09-10 10:57:04', NULL, 1, 13, 13, '2016-09-10 10:57:18'),
	(2, 1, 1, 'salary', 'BASEPAY', 200000, 50000, NULL, 'IN_PROGRESS', NULL, '2016-09-10 10:56:45', 20, 180, 'ACTIVE', '2016-09-10 10:57:04', NULL, 1, 13, 13, '2016-09-10 10:57:18'),
	(3, 1, 1, 'adjustment', 'BONUS', 300000, 40000, NULL, 'IN_PROGRESS', NULL, '2016-09-10 10:56:45', 20, 180, 'ACTIVE', '2016-09-10 10:57:04', NULL, 1, 13, 13, '2016-09-10 10:57:18');
/*!40000 ALTER TABLE `budget_types` ENABLE KEYS */;


-- Dumping structure for table univision.budget_types_plan_mapper
CREATE TABLE IF NOT EXISTS `budget_types_plan_mapper` (
  `BUDGET_TYPES_PLAN_MAPPER` bigint(20) NOT NULL AUTO_INCREMENT,
  `BUDGET_TYPES_ID` int(11) unsigned NOT NULL,
  `PLAN_ID` int(11) unsigned NOT NULL,
  `BUDGET_TYPES_PLAN_MAPPER_STATUS` varchar(8) NOT NULL,
  PRIMARY KEY (`BUDGET_TYPES_PLAN_MAPPER`),
  KEY `FK_BUDGET_TYPES_PLAN_MAPPER_BUDGET_TYPES` (`BUDGET_TYPES_ID`),
  KEY `FK_BUDGET_TYPES_PLAN_MAPPER_PLAN` (`PLAN_ID`),
  CONSTRAINT `FK_BUDGET_TYPES_PLAN_MAPPER_BUDGET_TYPES` FOREIGN KEY (`BUDGET_TYPES_ID`) REFERENCES `budget_types` (`BUDGET_TYPES_ID`),
  CONSTRAINT `FK_BUDGET_TYPES_PLAN_MAPPER_PLAN` FOREIGN KEY (`PLAN_ID`) REFERENCES `plan` (`PLAN_ID`)
) ENGINE=InnoDB AUTO_INCREMENT=38 DEFAULT CHARSET=latin1;

-- Dumping data for table univision.budget_types_plan_mapper: ~0 rows (approximately)
DELETE FROM `budget_types_plan_mapper`;
/*!40000 ALTER TABLE `budget_types_plan_mapper` DISABLE KEYS */;
INSERT INTO `budget_types_plan_mapper` (`BUDGET_TYPES_PLAN_MAPPER`, `BUDGET_TYPES_ID`, `PLAN_ID`, `BUDGET_TYPES_PLAN_MAPPER_STATUS`) VALUES
	(37, 2, 1, 'ACTIVE');
/*!40000 ALTER TABLE `budget_types_plan_mapper` ENABLE KEYS */;


-- Dumping structure for table univision.business_unit
CREATE TABLE IF NOT EXISTS `business_unit` (
  `BUSINESS_UNIT_ID` int(11) unsigned NOT NULL AUTO_INCREMENT,
  `TENANT_ID` int(11) unsigned NOT NULL,
  `ORG_ID` int(11) unsigned NOT NULL,
  `BUSINESS_UNIT_NAME` varchar(50) NOT NULL,
  `DISPLAY_NAME` varchar(50) DEFAULT NULL,
  `BUSINESS_UNIT_DESC` varchar(100) DEFAULT NULL,
  `BUSINESS_UNIT_ADDRESS` varchar(100) DEFAULT NULL,
  `BUSINESS_UNIT_PHONE` varchar(50) DEFAULT NULL,
  `BUSINESS_UNIT_EMAIL` varchar(50) DEFAULT NULL,
  `IDENTIFICATION_NO` varchar(50) DEFAULT NULL,
  `BUSINESS_UNIT_CODE` varchar(50) DEFAULT NULL,
  `ACTUAL_REVENUE` double DEFAULT NULL,
  `ACTUAL_SALES` double DEFAULT NULL,
  `ACTUAL_PROFIT` double DEFAULT NULL,
  `FREQUENCY` varchar(50) DEFAULT NULL,
  `PERIOD_START_DATE` date DEFAULT NULL,
  `PERIOD_END_DATE` date DEFAULT NULL,
  `TARGET_REVENUE` double DEFAULT NULL,
  `TARGET_SALES` double DEFAULT NULL,
  `TARGET_PROFIT` double DEFAULT NULL,
  `REVENUE_MULTIPLIER` double DEFAULT NULL,
  `SALES_MULTIPLIER` double DEFAULT NULL,
  `PROFIT_MULTIPLIER` double DEFAULT NULL,
  `WHEN_CREATED` datetime NOT NULL,
  `STATUS` enum('INACTIVE','ACTIVE') NOT NULL DEFAULT 'ACTIVE',
  `STATUS_TLM` datetime NOT NULL,
  `LAST_UPDATED` timestamp NOT NULL DEFAULT CURRENT_TIMESTAMP ON UPDATE CURRENT_TIMESTAMP,
  PRIMARY KEY (`BUSINESS_UNIT_ID`),
  KEY `FK_BUSINESS_UNIT_TENANT` (`TENANT_ID`),
  KEY `FK_BUSINESS_UNIT_ORGANIZATION` (`ORG_ID`),
  CONSTRAINT `FK_BUSINESS_UNIT_ORGANIZATION` FOREIGN KEY (`ORG_ID`) REFERENCES `organization` (`ORG_ID`),
  CONSTRAINT `FK_BUSINESS_UNIT_TENANT` FOREIGN KEY (`TENANT_ID`) REFERENCES `tenant` (`TENANT_ID`)
) ENGINE=InnoDB AUTO_INCREMENT=6 DEFAULT CHARSET=utf8 ROW_FORMAT=COMPACT;

-- Dumping data for table univision.business_unit: ~5 rows (approximately)
DELETE FROM `business_unit`;
/*!40000 ALTER TABLE `business_unit` DISABLE KEYS */;
INSERT INTO `business_unit` (`BUSINESS_UNIT_ID`, `TENANT_ID`, `ORG_ID`, `BUSINESS_UNIT_NAME`, `DISPLAY_NAME`, `BUSINESS_UNIT_DESC`, `BUSINESS_UNIT_ADDRESS`, `BUSINESS_UNIT_PHONE`, `BUSINESS_UNIT_EMAIL`, `IDENTIFICATION_NO`, `BUSINESS_UNIT_CODE`, `ACTUAL_REVENUE`, `ACTUAL_SALES`, `ACTUAL_PROFIT`, `FREQUENCY`, `PERIOD_START_DATE`, `PERIOD_END_DATE`, `TARGET_REVENUE`, `TARGET_SALES`, `TARGET_PROFIT`, `REVENUE_MULTIPLIER`, `SALES_MULTIPLIER`, `PROFIT_MULTIPLIER`, `WHEN_CREATED`, `STATUS`, `STATUS_TLM`, `LAST_UPDATED`) VALUES
	(1, 1, 1, 'Accounts', 'Accounts', 'Accounts', 'New York', '1234567890', 'a@gmail.com', 'bbb', 'bs01', 1, 21, 3, '4466', '2018-05-24', '2018-06-29', 5, 6, 7, 8, 9, 10, '2016-06-24 00:11:35', 'ACTIVE', '2016-06-24 00:11:35', '2019-05-19 17:27:25'),
	(2, 1, 1, 'Customer Service', 'Customer Service', 'Customer Service', NULL, NULL, NULL, NULL, NULL, NULL, NULL, NULL, NULL, '2018-06-29', '2018-06-29', NULL, NULL, NULL, NULL, NULL, NULL, '2016-06-24 00:11:35', 'ACTIVE', '2016-06-24 00:11:35', '2019-05-19 17:29:22'),
	(3, 1, 1, 'Global', 'Global', 'Global', NULL, NULL, NULL, NULL, NULL, NULL, NULL, NULL, NULL, '2018-06-29', '2018-06-29', NULL, NULL, NULL, NULL, NULL, NULL, '2016-06-24 00:11:35', 'ACTIVE', '2018-02-26 16:17:31', '2019-03-30 19:24:36'),
	(4, 1, 1, 'Legal', 'Legal', 'Legal', NULL, NULL, NULL, NULL, NULL, NULL, NULL, NULL, NULL, '2018-06-29', '2018-06-29', NULL, NULL, NULL, NULL, NULL, NULL, '2016-06-24 00:11:35', 'ACTIVE', '2018-02-26 16:17:31', '2019-05-19 17:30:19'),
	(5, 1, 1, 'Facility', 'Facility', 'Facility', NULL, NULL, NULL, NULL, NULL, NULL, NULL, NULL, NULL, '2018-06-29', '2018-06-29', NULL, NULL, NULL, NULL, NULL, NULL, '2016-06-24 00:11:35', 'ACTIVE', '2018-02-26 16:17:31', '2019-05-19 17:31:07');
/*!40000 ALTER TABLE `business_unit` ENABLE KEYS */;


-- Dumping structure for table univision.category
CREATE TABLE IF NOT EXISTS `category` (
  `CATEGORY_ID` int(11) unsigned NOT NULL AUTO_INCREMENT,
  `TENANT_ID` int(11) unsigned NOT NULL,
  `ORG_ID` int(11) unsigned NOT NULL,
  `NAME` varchar(100) NOT NULL,
  `CATEGORY_DESC` varchar(100) NOT NULL,
  `REF` varchar(100) DEFAULT NULL,
  `DISPLAY_ORDER` int(11) NOT NULL,
  `STATUS` enum('ACTIVE','INACTIVE') NOT NULL DEFAULT 'ACTIVE',
  `STATUS_TLM` datetime NOT NULL,
  `WHEN_CREATED` datetime NOT NULL,
  `LAST_UPDATED` timestamp NOT NULL DEFAULT CURRENT_TIMESTAMP ON UPDATE CURRENT_TIMESTAMP,
  PRIMARY KEY (`CATEGORY_ID`),
  UNIQUE KEY `Index 4` (`NAME`),
  KEY `FK_category_tenant` (`TENANT_ID`),
  KEY `FK_category_organization` (`ORG_ID`),
  CONSTRAINT `FK_category_organization` FOREIGN KEY (`ORG_ID`) REFERENCES `organization` (`ORG_ID`),
  CONSTRAINT `FK_category_tenant` FOREIGN KEY (`TENANT_ID`) REFERENCES `tenant` (`TENANT_ID`)
) ENGINE=InnoDB AUTO_INCREMENT=54 DEFAULT CHARSET=latin1;

-- Dumping data for table univision.category: ~53 rows (approximately)
DELETE FROM `category`;
/*!40000 ALTER TABLE `category` DISABLE KEYS */;
INSERT INTO `category` (`CATEGORY_ID`, `TENANT_ID`, `ORG_ID`, `NAME`, `CATEGORY_DESC`, `REF`, `DISPLAY_ORDER`, `STATUS`, `STATUS_TLM`, `WHEN_CREATED`, `LAST_UPDATED`) VALUES
	(1, 1, 1, 'runReport', 'Run Report', 'app.run_report', 1, 'ACTIVE', '2019-01-11 21:49:45', '2019-01-11 21:49:46', '2019-04-01 16:52:50'),
	(2, 1, 1, 'employeeAnalytics', 'Employee Analytics', 'app.employee_analytics', 1, 'ACTIVE', '2019-01-11 21:50:25', '2019-01-11 21:50:26', '2019-04-01 16:51:42'),
	(3, 1, 1, 'prehire', 'Pre-Hire Analytics', 'app.prehire_analytics', 2, 'ACTIVE', '2019-01-11 21:50:40', '2019-01-11 21:50:41', '2019-04-01 16:51:45'),
	(4, 1, 1, 'preference', 'Preference', 'app.preference', 0, 'ACTIVE', '2019-01-11 21:51:53', '2019-01-11 21:51:54', '2019-01-12 09:29:58'),
	(5, 1, 1, 'roles', 'Roles', 'app.roles', 2, 'ACTIVE', '2019-01-11 21:52:53', '2019-01-11 21:52:54', '2019-04-01 16:50:47'),
	(6, 1, 1, 'accessGroups', 'Access Groups', 'app.ace_groups', 1, 'ACTIVE', '2019-01-11 21:53:11', '2019-01-11 21:53:12', '2019-04-01 16:50:42'),
	(7, 1, 1, 'employeeData', 'Employee Data', 'app.emp_data', 1, 'ACTIVE', '2019-01-11 21:54:03', '2019-01-11 21:54:04', '2019-04-01 16:53:08'),
	(8, 1, 1, 'organization', 'Organization', 'app.organization', 11, 'ACTIVE', '2019-01-11 21:54:03', '2019-01-11 21:54:04', '2019-04-01 16:53:53'),
	(9, 1, 1, 'employeeAudit', 'Employee Audit', 'app.emp_audit', 2, 'ACTIVE', '2019-01-11 21:54:03', '2019-01-11 21:54:04', '2019-04-01 16:53:11'),
	(10, 1, 1, 'businessUnit', 'Business Unit', 'app.business_unit', 13, 'ACTIVE', '2019-01-11 21:54:03', '2019-01-11 21:54:04', '2019-04-01 16:54:03'),
	(11, 1, 1, 'costCenter', 'Cost Center', 'app.cost_center', 16, 'ACTIVE', '2019-01-11 21:54:03', '2019-01-11 21:54:04', '2019-04-01 16:54:17'),
	(12, 1, 1, 'job', 'Job', 'app.job', 6, 'ACTIVE', '2019-01-11 21:54:03', '2019-01-11 21:54:04', '2019-04-01 16:53:31'),
	(13, 1, 1, 'jobFamily', 'Job Family', 'app.job_family', 7, 'ACTIVE', '2019-01-11 21:54:03', '2019-01-11 21:54:04', '2019-04-01 16:53:34'),
	(14, 1, 1, 'jobLevel', 'Job Level', 'app.job_level', 9, 'ACTIVE', '2019-01-11 21:54:03', '2019-01-11 21:54:04', '2019-04-01 16:53:42'),
	(15, 1, 1, 'jobGrade', 'Job Grade', 'app.job_grade', 8, 'ACTIVE', '2019-01-11 21:54:03', '2019-01-11 21:54:04', '2019-04-01 16:53:38'),
	(16, 1, 1, 'jobRole', 'Job Role', 'app.job_role', 10, 'ACTIVE', '2019-01-11 21:54:03', '2019-01-11 21:54:04', '2019-04-01 16:53:46'),
	(17, 1, 1, 'department', 'Department', 'app.department', 18, 'ACTIVE', '2019-01-11 21:54:03', '2019-01-11 21:54:04', '2019-04-01 16:54:26'),
	(18, 1, 1, 'compensationType', 'Compensation Type', 'app.comp_type', 15, 'ACTIVE', '2019-01-11 21:54:03', '2019-01-11 21:54:04', '2019-04-01 16:54:12'),
	(19, 1, 1, 'compensationIncreaseType', 'Compensation Increase Type', 'app.comp_increase_type', 14, 'ACTIVE', '2019-01-11 21:54:03', '2019-01-11 21:54:04', '2019-04-01 16:54:08'),
	(20, 1, 1, 'countryCurrency', 'Country Currency', 'app.country_currency', 17, 'ACTIVE', '2019-01-11 22:06:43', '2019-01-11 22:06:44', '2019-04-01 16:54:21'),
	(21, 1, 1, 'externalAnalysis', 'External Analysis', 'app.ext_analysis', 4, 'ACTIVE', '2019-01-11 22:07:24', '2019-01-11 22:07:25', '2019-04-01 16:53:21'),
	(22, 1, 1, 'internalAnalysis', 'Internal Analysis', 'app.inte_analysis', 5, 'ACTIVE', '2019-01-11 22:07:52', '2019-01-11 22:07:52', '2019-04-01 16:53:26'),
	(23, 1, 1, 'employeeGroup', 'Employee Group', 'app.emp_group', 3, 'ACTIVE', '2019-01-11 22:08:29', '2019-01-11 22:08:30', '2019-04-01 16:53:15'),
	(24, 1, 1, 'performanceRating', 'Performance Rating', 'app.perf_rating', 12, 'ACTIVE', '2019-01-11 22:09:10', '2019-01-11 22:09:11', '2019-04-01 16:53:57'),
	(25, 1, 1, 'userDefinedProperty', 'User Defined Property', 'app.custom_property', 21, 'ACTIVE', '2019-01-11 22:09:40', '2019-01-11 22:09:41', '2019-04-01 16:54:50'),
	(26, 1, 1, 'events', 'Events', 'app.events', 22, 'ACTIVE', '2019-01-11 22:09:40', '2019-01-11 22:09:41', '2019-04-01 16:54:59'),
	(27, 1, 1, 'metaData', 'Meta Data', 'app.meta_data', 19, 'ACTIVE', '2019-01-11 22:09:40', '2019-01-11 22:09:41', '2019-04-01 16:54:42'),
	(28, 1, 1, 'metaDataLocation', 'Meta Data Location', 'app.md_loc_mapper', 20, 'ACTIVE', '2019-01-11 22:09:40', '2019-01-11 22:09:41', '2019-04-01 16:54:46'),
	(29, 1, 1, 'profileView', 'Profile', 'app.profile_view', 1, 'ACTIVE', '2019-01-11 22:09:40', '2019-01-11 22:09:41', '2019-04-01 16:17:37'),
	(30, 1, 1, 'planningPopUp', 'Planning Pop-Up', 'app.comp_view', 2, 'ACTIVE', '2019-01-11 22:09:40', '2019-01-11 22:09:41', '2019-04-01 16:17:39'),
	(31, 1, 1, 'planningGrid', 'Planning Grid', 'app.grid_view', 3, 'ACTIVE', '2019-01-11 22:09:40', '2019-01-11 22:09:41', '2019-04-01 16:17:41'),
	(32, 1, 1, 'alert', 'Alert', 'app.notification_view', 7, 'ACTIVE', '2019-01-11 22:09:40', '2019-01-11 22:09:41', '2019-04-01 16:18:17'),
	(33, 1, 1, 'compliance', 'Compliance', 'app.compliance_view', 6, 'ACTIVE', '2019-01-11 22:09:40', '2019-01-11 22:09:41', '2019-04-01 16:18:12'),
	(34, 1, 1, 'customView', 'Custom View', 'app.customise_view', 5, 'ACTIVE', '2019-01-11 22:09:40', '2019-01-11 22:09:41', '2019-04-01 16:18:09'),
	(35, 1, 1, 'createReport', 'Create Report', 'app.build_report', 4, 'ACTIVE', '2019-01-11 22:09:40', '2019-01-11 22:09:41', '2019-04-01 16:17:49'),
	(36, 1, 1, 'rule', 'Rule', 'app.rule_builder', 2, 'ACTIVE', '2019-01-11 22:09:40', '2019-01-11 22:09:41', '2019-04-01 16:50:34'),
	(37, 1, 1, 'equation', 'Equation', 'app.equation_builder', 1, 'ACTIVE', '2019-01-11 22:09:40', '2019-01-11 22:09:41', '2019-04-01 16:50:26'),
	(38, 1, 1, 'basepayGuideline', 'Basepay Guideline', 'app.basepay_guideline', 1, 'ACTIVE', '2019-01-11 22:09:40', '2019-01-11 22:09:41', '2019-04-01 16:50:59'),
	(39, 1, 1, 'bonusGuideline', 'Bonus Guideline', 'app.bonus_guideline', 2, 'ACTIVE', '2019-01-11 22:09:40', '2019-01-11 22:09:41', '2019-04-01 16:51:05'),
	(40, 1, 1, 'stockGuideline', 'Stock Guideline', 'app.stock_guideline', 3, 'ACTIVE', '2019-01-11 22:09:40', '2019-01-11 22:09:41', '2019-04-01 16:49:58'),
	(41, 1, 1, 'basepayBudget', 'Basepay Budget', 'app.basepay_budget', 1, 'ACTIVE', '2019-01-11 22:09:40', '2019-01-11 22:09:41', '2019-04-01 16:50:56'),
	(42, 1, 1, 'bonusBudget', 'Bonus Budget', 'app.bonus_budget', 2, 'ACTIVE', '2019-01-11 22:09:40', '2019-01-11 22:09:41', '2019-04-01 16:51:02'),
	(43, 1, 1, 'stockBudget', 'Stock Budget', 'app.stock_budget', 3, 'ACTIVE', '2019-01-11 22:09:40', '2019-01-11 22:09:41', '2019-04-01 16:50:02'),
	(44, 1, 1, 'connectors', 'Connectors', 'app.connector', 1, 'ACTIVE', '2019-01-11 22:09:40', '2019-01-11 22:09:41', '2019-04-01 16:51:31'),
	(45, 1, 1, 'restApi', 'Rest API', 'app.api', 2, 'ACTIVE', '2019-01-11 22:09:40', '2019-01-11 22:09:41', '2019-04-01 16:51:36'),
	(46, 1, 1, 'documentation', 'Documentation', 'app.documentation', 1, 'ACTIVE', '2019-01-11 22:09:40', '2019-01-11 22:09:41', '2019-04-01 16:52:25'),
	(47, 1, 1, 'help', 'Help', 'app.help', 2, 'ACTIVE', '2019-01-11 22:09:40', '2019-01-11 22:09:41', '2019-04-01 16:52:28'),
	(48, 1, 1, 'about', 'About', 'app.about', 3, 'ACTIVE', '2019-01-11 22:09:40', '2019-01-11 22:09:41', '2019-04-01 16:52:33'),
	(49, 1, 1, 'dataSync', 'Data Sync', 'app.data_sync', 23, 'ACTIVE', '2019-01-11 22:09:40', '2019-01-11 22:09:41', '2019-04-01 16:55:12'),
	(50, 1, 1, 'userNotification', 'User Notification', 'app.user_notification', 0, 'ACTIVE', '2019-04-01 01:48:05', '2019-04-01 01:48:07', '2019-04-01 01:56:19'),
	(51, 1, 1, 'equityPay', 'Equity Pay', 'app.equity_pay', 2, 'ACTIVE', '2019-01-11 21:50:40', '2019-01-11 21:50:41', '2019-04-01 16:51:45'),
	(52, 1, 1, 'hrPartners', 'HR Partners', 'app.hr_partners', 3, 'ACTIVE', '2019-01-11 21:53:11', '2019-01-11 21:53:12', '2019-04-01 16:50:42'),
	(53, 1, 1, 'userInvitation', 'User Invitation', 'app.user_invitation', 4, 'ACTIVE', '2019-04-01 01:48:05', '2019-04-01 01:48:07', '2019-04-01 01:56:19');
/*!40000 ALTER TABLE `category` ENABLE KEYS */;


-- Dumping structure for table univision.clients
CREATE TABLE IF NOT EXISTS `clients` (
  `CLIENT_ID` int(11) unsigned NOT NULL AUTO_INCREMENT,
  `CLIENT_NAME` varchar(50) NOT NULL,
  `STATUS` enum('ACTIVE','INACTIVE') NOT NULL DEFAULT 'ACTIVE',
  `STATUS_TLM` datetime NOT NULL,
  `WHEN_CREATED` datetime NOT NULL,
  `TLM` timestamp NOT NULL DEFAULT CURRENT_TIMESTAMP ON UPDATE CURRENT_TIMESTAMP,
  PRIMARY KEY (`CLIENT_ID`)
) ENGINE=InnoDB AUTO_INCREMENT=5 DEFAULT CHARSET=latin1;

-- Dumping data for table univision.clients: ~2 rows (approximately)
DELETE FROM `clients`;
/*!40000 ALTER TABLE `clients` DISABLE KEYS */;
INSERT INTO `clients` (`CLIENT_ID`, `CLIENT_NAME`, `STATUS`, `STATUS_TLM`, `WHEN_CREATED`, `TLM`) VALUES
	(3, 'Namely', 'ACTIVE', '2018-12-18 11:58:34', '2018-12-18 11:58:35', '2018-12-18 11:58:35'),
	(4, 'Payfactors', 'ACTIVE', '2018-12-18 11:58:34', '2018-12-18 11:58:35', '2019-04-01 19:56:14');
/*!40000 ALTER TABLE `clients` ENABLE KEYS */;


-- Dumping structure for table univision.client_api
CREATE TABLE IF NOT EXISTS `client_api` (
  `CLIENT_API_ID` int(11) unsigned NOT NULL AUTO_INCREMENT,
  `CLIENT_ID` int(11) unsigned NOT NULL,
  `API_ENDPOINT` varchar(200) NOT NULL,
  `CONFIGURATION` text NOT NULL,
  `STATUS` enum('ACTIVE','INACTIVE') NOT NULL DEFAULT 'ACTIVE',
  `STATUS_TLM` datetime NOT NULL,
  `WHEN_CREATED` datetime NOT NULL,
  `TLM` timestamp NOT NULL DEFAULT CURRENT_TIMESTAMP ON UPDATE CURRENT_TIMESTAMP,
  PRIMARY KEY (`CLIENT_API_ID`),
  KEY `FK_client_api_clients` (`CLIENT_ID`),
  CONSTRAINT `FK_client_api_clients` FOREIGN KEY (`CLIENT_ID`) REFERENCES `clients` (`CLIENT_ID`)
) ENGINE=InnoDB AUTO_INCREMENT=2 DEFAULT CHARSET=latin1;

-- Dumping data for table univision.client_api: ~0 rows (approximately)
DELETE FROM `client_api`;
/*!40000 ALTER TABLE `client_api` DISABLE KEYS */;
INSERT INTO `client_api` (`CLIENT_API_ID`, `CLIENT_ID`, `API_ENDPOINT`, `CONFIGURATION`, `STATUS`, `STATUS_TLM`, `WHEN_CREATED`, `TLM`) VALUES
	(1, 3, '/profiles', '{\n  "definitions": {},\n  "$schema": "http://json-schema.org/draft-07/schema#",\n  "$id": "http://example.com/root.json",\n  "type": "object",\n  "title": "The Root Schema",\n  "required": [\n    "profiles",\n    "meta",\n    "links",\n    "linked"\n  ],\n  "properties": {\n    "profiles": {\n      "$id": "#/properties/profiles",\n      "type": "array",\n      "title": "The Profiles Schema",\n      "items": {\n        "$id": "#/properties/profiles/items",\n        "type": "object",\n        "title": "The Items Schema",\n        "required": [\n          "id",\n          "company_uuid",\n          "email",\n          "first_name",\n          "last_name",\n          "user_status",\n          "updated_at",\n          "created_at",\n          "preferred_name",\n          "image",\n          "full_name",\n          "job_title",\n          "reports_to",\n          "employee_type",\n          "access_role",\n          "ethnicity",\n          "team_positions",\n          "links",\n          "middle_name",\n          "job_change_reason",\n          "start_date",\n          "departure_date",\n          "terminated_reason",\n          "employee_id",\n          "personal_email",\n          "dob",\n          "ssn",\n          "gender",\n          "marital_status",\n          "bio",\n          "asset_management",\n          "laptop_asset_number",\n          "corporate_card_number",\n          "key_tag_number",\n          "linkedin_url",\n          "office_main_number",\n          "office_direct_dial",\n          "office_phone",\n          "office_fax",\n          "office_company_mobile",\n          "home_phone",\n          "mobile_phone",\n          "home",\n          "office",\n          "emergency_contact",\n          "emergency_contact_phone",\n          "resume",\n          "current_job_description",\n          "job_description",\n          "salary",\n          "healthcare",\n          "healthcare_info",\n          "dental",\n          "dental_info",\n          "vision_plan_info",\n          "life_insurance_info",\n          "employee_handbook",\n          "employee_wage_theft_prevention_act"\n        ],\n        "properties": {\n          "id": {\n            "$id": "#/properties/profiles/items/properties/id",\n            "type": "string",\n            "title": "The Id Schema",\n            "default": "",\n            "examples": [\n              "b614298e-297b-4032-8cc0-027d43fbdffb"\n            ],\n            "pattern": "^(.*)$"\n          },\n          "company_uuid": {\n            "$id": "#/properties/profiles/items/properties/company_uuid",\n            "type": "string",\n            "title": "The Company_uuid Schema",\n            "default": "",\n            "examples": [\n              "49dab2d8-af2e-4386-8fdd-95b69696f615"\n            ],\n            "pattern": "^(.*)$"\n          },\n          "email": {\n            "$id": "#/properties/profiles/items/properties/email",\n            "type": "string",\n            "title": "The Email Schema",\n            "default": "",\n            "examples": [\n              "barkat.ali@compensationcloud.com"\n            ],\n            "pattern": "^(.*)$"\n          },\n          "first_name": {\n            "$id": "#/properties/profiles/items/properties/first_name",\n            "type": "string",\n            "title": "The First_name Schema",\n            "default": "",\n            "examples": [\n              "Barkat"\n            ],\n            "pattern": "^(.*)$"\n          },\n          "last_name": {\n            "$id": "#/properties/profiles/items/properties/last_name",\n            "type": "string",\n            "title": "The Last_name Schema",\n            "default": "",\n            "examples": [\n              "Ali"\n            ],\n            "pattern": "^(.*)$"\n          },\n          "user_status": {\n            "$id": "#/properties/profiles/items/properties/user_status",\n            "type": "string",\n            "title": "The User_status Schema",\n            "default": "",\n            "examples": [\n              "active"\n            ],\n            "pattern": "^(.*)$"\n          },\n          "updated_at": {\n            "$id": "#/properties/profiles/items/properties/updated_at",\n            "type": "integer",\n            "title": "The Updated_at Schema",\n            "default": 0,\n            "examples": [\n              1540228621\n            ]\n          },\n          "created_at": {\n            "$id": "#/properties/profiles/items/properties/created_at",\n            "type": "integer",\n            "title": "The Created_at Schema",\n            "default": 0,\n            "examples": [\n              1540228621\n            ]\n          },\n          "preferred_name": {\n            "$id": "#/properties/profiles/items/properties/preferred_name",\n            "type": "string",\n            "title": "The Preferred_name Schema",\n            "default": "",\n            "examples": [\n              ""\n            ],\n            "pattern": "^(.*)$"\n          },\n          "image": {\n            "$id": "#/properties/profiles/items/properties/image",\n            "type": "null",\n            "title": "The Image Schema",\n            "default": null,\n            "examples": [\n              null\n            ]\n          },\n          "full_name": {\n            "$id": "#/properties/profiles/items/properties/full_name",\n            "type": "string",\n            "title": "The Full_name Schema",\n            "default": "",\n            "examples": [\n              "Barkat Ali"\n            ],\n            "pattern": "^(.*)$"\n          },\n          "job_title": {\n            "$id": "#/properties/profiles/items/properties/job_title",\n            "type": "object",\n            "title": "The Job_title Schema",\n            "required": [\n              "id",\n              "title"\n            ],\n            "properties": {\n              "id": {\n                "$id": "#/properties/profiles/items/properties/job_title/properties/id",\n                "type": "string",\n                "title": "The Id Schema",\n                "default": "",\n                "examples": [\n                  "76e61c9d-2a7c-41f7-89e9-8d630072b2de"\n                ],\n                "pattern": "^(.*)$"\n              },\n              "title": {\n                "$id": "#/properties/profiles/items/properties/job_title/properties/title",\n                "type": "string",\n                "title": "The Title Schema",\n                "default": "",\n                "examples": [\n                  "Unknown Job Title444444444444"\n                ],\n                "pattern": "^(.*)$"\n              }\n            }\n          },\n          "reports_to": {\n            "$id": "#/properties/profiles/items/properties/reports_to",\n            "type": "array",\n            "title": "The Reports_to Schema",\n            "items": {\n              "$id": "#/properties/profiles/items/properties/reports_to/items",\n              "type": "object",\n              "title": "The Items Schema",\n              "required": [\n                "id",\n                "first_name",\n                "last_name",\n                "preferred_name",\n                "email"\n              ],\n              "properties": {\n                "id": {\n                  "$id": "#/properties/profiles/items/properties/reports_to/items/properties/id",\n                  "type": "string",\n                  "title": "The Id Schema",\n                  "default": "",\n                  "examples": [\n                    "no_guid"\n                  ],\n                  "pattern": "^(.*)$"\n                },\n                "first_name": {\n                  "$id": "#/properties/profiles/items/properties/reports_to/items/properties/first_name",\n                  "type": "string",\n                  "title": "The First_name Schema",\n                  "default": "",\n                  "examples": [\n                    "Nobody"\n                  ],\n                  "pattern": "^(.*)$"\n                },\n                "last_name": {\n                  "$id": "#/properties/profiles/items/properties/reports_to/items/properties/last_name",\n                  "type": "string",\n                  "title": "The Last_name Schema",\n                  "default": "",\n                  "examples": [\n                    "Nobody"\n                  ],\n                  "pattern": "^(.*)$"\n                },\n                "preferred_name": {\n                  "$id": "#/properties/profiles/items/properties/reports_to/items/properties/preferred_name",\n                  "type": "string",\n                  "title": "The Preferred_name Schema",\n                  "default": "",\n                  "examples": [\n                    "Nobody"\n                  ],\n                  "pattern": "^(.*)$"\n                },\n                "email": {\n                  "$id": "#/properties/profiles/items/properties/reports_to/items/properties/email",\n                  "type": "string",\n                  "title": "The Email Schema",\n                  "default": "",\n                  "examples": [\n                    "None"\n                  ],\n                  "pattern": "^(.*)$"\n                }\n              }\n            }\n          },\n          "employee_type": {\n            "$id": "#/properties/profiles/items/properties/employee_type",\n            "type": "object",\n            "title": "The Employee_type Schema",\n            "required": [\n              "title"\n            ],\n            "properties": {\n              "title": {\n                "$id": "#/properties/profiles/items/properties/employee_type/properties/title",\n                "type": "string",\n                "title": "The Title Schema",\n                "default": "",\n                "examples": [\n                  "Full Time"\n                ],\n                "pattern": "^(.*)$"\n              }\n            }\n          },\n          "access_role": {\n            "$id": "#/properties/profiles/items/properties/access_role",\n            "type": "string",\n            "title": "The Access_role Schema",\n            "default": "",\n            "examples": [\n              "Administrator"\n            ],\n            "pattern": "^(.*)$"\n          },\n          "ethnicity": {\n            "$id": "#/properties/profiles/items/properties/ethnicity",\n            "type": "null",\n            "title": "The Ethnicity Schema",\n            "default": null,\n            "examples": [\n              null\n            ]\n          },\n          "team_positions": {\n            "$id": "#/properties/profiles/items/properties/team_positions",\n            "type": "null",\n            "title": "The Team_positions Schema",\n            "default": null,\n            "examples": [\n              null\n            ]\n          },\n          "links": {\n            "$id": "#/properties/profiles/items/properties/links",\n            "type": "object",\n            "title": "The Links Schema",\n            "required": [\n              "job_title",\n              "groups",\n              "teams"\n            ],\n            "properties": {\n              "job_title": {\n                "$id": "#/properties/profiles/items/properties/links/properties/job_title",\n                "type": "object",\n                "title": "The Job_title Schema",\n                "required": [\n                  "id",\n                  "title"\n                ],\n                "properties": {\n                  "id": {\n                    "$id": "#/properties/profiles/items/properties/links/properties/job_title/properties/id",\n                    "type": "string",\n                    "title": "The Id Schema",\n                    "default": "",\n                    "examples": [\n                      "76e61c9d-2a7c-41f7-89e9-8d630072b2de"\n                    ],\n                    "pattern": "^(.*)$"\n                  },\n                  "title": {\n                    "$id": "#/properties/profiles/items/properties/links/properties/job_title/properties/title",\n                    "type": "string",\n                    "title": "The Title Schema",\n                    "default": "",\n                    "examples": [\n                      "Unknown Job Title444444444444"\n                    ],\n                    "pattern": "^(.*)$"\n                  }\n                }\n              },\n              "groups": {\n                "$id": "#/properties/profiles/items/properties/links/properties/groups",\n                "type": "array",\n                "title": "The Groups Schema"\n              },\n              "teams": {\n                "$id": "#/properties/profiles/items/properties/links/properties/teams",\n                "type": "array",\n                "title": "The Teams Schema"\n              }\n            }\n          },\n          "middle_name": {\n            "$id": "#/properties/profiles/items/properties/middle_name",\n            "type": "string",\n            "title": "The Middle_name Schema",\n            "default": "",\n            "examples": [\n              ""\n            ],\n            "pattern": "^(.*)$"\n          },\n          "job_change_reason": {\n            "$id": "#/properties/profiles/items/properties/job_change_reason",\n            "type": "null",\n            "title": "The Job_change_reason Schema",\n            "default": null,\n            "examples": [\n              null\n            ]\n          },\n          "start_date": {\n            "$id": "#/properties/profiles/items/properties/start_date",\n            "type": "string",\n            "title": "The Start_date Schema",\n            "default": "",\n            "examples": [\n              "2018-10-22"\n            ],\n            "pattern": "^(.*)$"\n          },\n          "departure_date": {\n            "$id": "#/properties/profiles/items/properties/departure_date",\n            "type": "string",\n            "title": "The Departure_date Schema",\n            "default": "",\n            "examples": [\n              ""\n            ],\n            "pattern": "^(.*)$"\n          },\n          "terminated_reason": {\n            "$id": "#/properties/profiles/items/properties/terminated_reason",\n            "type": "null",\n            "title": "The Terminated_reason Schema",\n            "default": null,\n            "examples": [\n              null\n            ]\n          },\n          "employee_id": {\n            "$id": "#/properties/profiles/items/properties/employee_id",\n            "type": "string",\n            "title": "The Employee_id Schema",\n            "default": "",\n            "examples": [\n              ""\n            ],\n            "pattern": "^(.*)$"\n          },\n          "personal_email": {\n            "$id": "#/properties/profiles/items/properties/personal_email",\n            "type": "string",\n            "title": "The Personal_email Schema",\n            "default": "",\n            "examples": [\n              "barkat.ali@compensationcloud.com"\n            ],\n            "pattern": "^(.*)$"\n          },\n          "dob": {\n            "$id": "#/properties/profiles/items/properties/dob",\n            "type": "string",\n            "title": "The Dob Schema",\n            "default": "",\n            "examples": [\n              ""\n            ],\n            "pattern": "^(.*)$"\n          },\n          "ssn": {\n            "$id": "#/properties/profiles/items/properties/ssn",\n            "type": "string",\n            "title": "The Ssn Schema",\n            "default": "",\n            "examples": [\n              ""\n            ],\n            "pattern": "^(.*)$"\n          },\n          "gender": {\n            "$id": "#/properties/profiles/items/properties/gender",\n            "type": "null",\n            "title": "The Gender Schema",\n            "default": null,\n            "examples": [\n              null\n            ]\n          },\n          "marital_status": {\n            "$id": "#/properties/profiles/items/properties/marital_status",\n            "type": "null",\n            "title": "The Marital_status Schema",\n            "default": null,\n            "examples": [\n              null\n            ]\n          },\n          "bio": {\n            "$id": "#/properties/profiles/items/properties/bio",\n            "type": "string",\n            "title": "The Bio Schema",\n            "default": "",\n            "examples": [\n              ""\n            ],\n            "pattern": "^(.*)$"\n          },\n          "asset_management": {\n            "$id": "#/properties/profiles/items/properties/asset_management",\n            "type": "array",\n            "title": "The Asset_management Schema"\n          },\n          "laptop_asset_number": {\n            "$id": "#/properties/profiles/items/properties/laptop_asset_number",\n            "type": "null",\n            "title": "The Laptop_asset_number Schema",\n            "default": null,\n            "examples": [\n              null\n            ]\n          },\n          "corporate_card_number": {\n            "$id": "#/properties/profiles/items/properties/corporate_card_number",\n            "type": "null",\n            "title": "The Corporate_card_number Schema",\n            "default": null,\n            "examples": [\n              null\n            ]\n          },\n          "key_tag_number": {\n            "$id": "#/properties/profiles/items/properties/key_tag_number",\n            "type": "null",\n            "title": "The Key_tag_number Schema",\n            "default": null,\n            "examples": [\n              null\n            ]\n          },\n          "linkedin_url": {\n            "$id": "#/properties/profiles/items/properties/linkedin_url",\n            "type": "string",\n            "title": "The Linkedin_url Schema",\n            "default": "",\n            "examples": [\n              ""\n            ],\n            "pattern": "^(.*)$"\n          },\n          "office_main_number": {\n            "$id": "#/properties/profiles/items/properties/office_main_number",\n            "type": "string",\n            "title": "The Office_main_number Schema",\n            "default": "",\n            "examples": [\n              ""\n            ],\n            "pattern": "^(.*)$"\n          },\n          "office_direct_dial": {\n            "$id": "#/properties/profiles/items/properties/office_direct_dial",\n            "type": "string",\n            "title": "The Office_direct_dial Schema",\n            "default": "",\n            "examples": [\n              ""\n            ],\n            "pattern": "^(.*)$"\n          },\n          "office_phone": {\n            "$id": "#/properties/profiles/items/properties/office_phone",\n            "type": "string",\n            "title": "The Office_phone Schema",\n            "default": "",\n            "examples": [\n              ""\n            ],\n            "pattern": "^(.*)$"\n          },\n          "office_fax": {\n            "$id": "#/properties/profiles/items/properties/office_fax",\n            "type": "string",\n            "title": "The Office_fax Schema",\n            "default": "",\n            "examples": [\n              ""\n            ],\n            "pattern": "^(.*)$"\n          },\n          "office_company_mobile": {\n            "$id": "#/properties/profiles/items/properties/office_company_mobile",\n            "type": "string",\n            "title": "The Office_company_mobile Schema",\n            "default": "",\n            "examples": [\n              ""\n            ],\n            "pattern": "^(.*)$"\n          },\n          "home_phone": {\n            "$id": "#/properties/profiles/items/properties/home_phone",\n            "type": "string",\n            "title": "The Home_phone Schema",\n            "default": "",\n            "examples": [\n              ""\n            ],\n            "pattern": "^(.*)$"\n          },\n          "mobile_phone": {\n            "$id": "#/properties/profiles/items/properties/mobile_phone",\n            "type": "string",\n            "title": "The Mobile_phone Schema",\n            "default": "",\n            "examples": [\n              ""\n            ],\n            "pattern": "^(.*)$"\n          },\n          "home": {\n            "$id": "#/properties/profiles/items/properties/home",\n            "type": "object",\n            "title": "The Home Schema",\n            "required": [\n              "address1",\n              "address2",\n              "city",\n              "state_id",\n              "country_id",\n              "zip"\n            ],\n            "properties": {\n              "address1": {\n                "$id": "#/properties/profiles/items/properties/home/properties/address1",\n                "type": "string",\n                "title": "The Address1 Schema",\n                "default": "",\n                "examples": [\n                  ""\n                ],\n                "pattern": "^(.*)$"\n              },\n              "address2": {\n                "$id": "#/properties/profiles/items/properties/home/properties/address2",\n                "type": "string",\n                "title": "The Address2 Schema",\n                "default": "",\n                "examples": [\n                  ""\n                ],\n                "pattern": "^(.*)$"\n              },\n              "city": {\n                "$id": "#/properties/profiles/items/properties/home/properties/city",\n                "type": "string",\n                "title": "The City Schema",\n                "default": "",\n                "examples": [\n                  ""\n                ],\n                "pattern": "^(.*)$"\n              },\n              "state_id": {\n                "$id": "#/properties/profiles/items/properties/home/properties/state_id",\n                "type": "null",\n                "title": "The State_id Schema",\n                "default": null,\n                "examples": [\n                  null\n                ]\n              },\n              "country_id": {\n                "$id": "#/properties/profiles/items/properties/home/properties/country_id",\n                "type": "string",\n                "title": "The Country_id Schema",\n                "default": "",\n                "examples": [\n                  ""\n                ],\n                "pattern": "^(.*)$"\n              },\n              "zip": {\n                "$id": "#/properties/profiles/items/properties/home/properties/zip",\n                "type": "string",\n                "title": "The Zip Schema",\n                "default": "",\n                "examples": [\n                  ""\n                ],\n                "pattern": "^(.*)$"\n              }\n            }\n          },\n          "office": {\n            "$id": "#/properties/profiles/items/properties/office",\n            "type": "object",\n            "title": "The Office Schema",\n            "required": [\n              "address1",\n              "address2",\n              "city",\n              "state_id",\n              "country_id",\n              "zip",\n              "phone"\n            ],\n            "properties": {\n              "address1": {\n                "$id": "#/properties/profiles/items/properties/office/properties/address1",\n                "type": "null",\n                "title": "The Address1 Schema",\n                "default": null,\n                "examples": [\n                  null\n                ]\n              },\n              "address2": {\n                "$id": "#/properties/profiles/items/properties/office/properties/address2",\n                "type": "null",\n                "title": "The Address2 Schema",\n                "default": null,\n                "examples": [\n                  null\n                ]\n              },\n              "city": {\n                "$id": "#/properties/profiles/items/properties/office/properties/city",\n                "type": "null",\n                "title": "The City Schema",\n                "default": null,\n                "examples": [\n                  null\n                ]\n              },\n              "state_id": {\n                "$id": "#/properties/profiles/items/properties/office/properties/state_id",\n                "type": "null",\n                "title": "The State_id Schema",\n                "default": null,\n                "examples": [\n                  null\n                ]\n              },\n              "country_id": {\n                "$id": "#/properties/profiles/items/properties/office/properties/country_id",\n                "type": "null",\n                "title": "The Country_id Schema",\n                "default": null,\n                "examples": [\n                  null\n                ]\n              },\n              "zip": {\n                "$id": "#/properties/profiles/items/properties/office/properties/zip",\n                "type": "null",\n                "title": "The Zip Schema",\n                "default": null,\n                "examples": [\n                  null\n                ]\n              },\n              "phone": {\n                "$id": "#/properties/profiles/items/properties/office/properties/phone",\n                "type": "null",\n                "title": "The Phone Schema",\n                "default": null,\n                "examples": [\n                  null\n                ]\n              }\n            }\n          },\n          "emergency_contact": {\n            "$id": "#/properties/profiles/items/properties/emergency_contact",\n            "type": "string",\n            "title": "The Emergency_contact Schema",\n            "default": "",\n            "examples": [\n              ""\n            ],\n            "pattern": "^(.*)$"\n          },\n          "emergency_contact_phone": {\n            "$id": "#/properties/profiles/items/properties/emergency_contact_phone",\n            "type": "string",\n            "title": "The Emergency_contact_phone Schema",\n            "default": "",\n            "examples": [\n              ""\n            ],\n            "pattern": "^(.*)$"\n          },\n          "resume": {\n            "$id": "#/properties/profiles/items/properties/resume",\n            "type": "null",\n            "title": "The Resume Schema",\n            "default": null,\n            "examples": [\n              null\n            ]\n          },\n          "current_job_description": {\n            "$id": "#/properties/profiles/items/properties/current_job_description",\n            "type": "null",\n            "title": "The Current_job_description Schema",\n            "default": null,\n            "examples": [\n              null\n            ]\n          },\n          "job_description": {\n            "$id": "#/properties/profiles/items/properties/job_description",\n            "type": "null",\n            "title": "The Job_description Schema",\n            "default": null,\n            "examples": [\n              null\n            ]\n          },\n          "salary": {\n            "$id": "#/properties/profiles/items/properties/salary",\n            "type": "object",\n            "title": "The Salary Schema",\n            "required": [\n              "currency_type",\n              "date",\n              "guid",\n              "pay_group_id",\n              "payroll_job_id",\n              "rate",\n              "yearly_amount",\n              "is_hourly",\n              "amount_raw"\n            ],\n            "properties": {\n              "currency_type": {\n                "$id": "#/properties/profiles/items/properties/salary/properties/currency_type",\n                "type": "null",\n                "title": "The Currency_type Schema",\n                "default": null,\n                "examples": [\n                  null\n                ]\n              },\n              "date": {\n                "$id": "#/properties/profiles/items/properties/salary/properties/date",\n                "type": "null",\n                "title": "The Date Schema",\n                "default": null,\n                "examples": [\n                  null\n                ]\n              },\n              "guid": {\n                "$id": "#/properties/profiles/items/properties/salary/properties/guid",\n                "type": "null",\n                "title": "The Guid Schema",\n                "default": null,\n                "examples": [\n                  null\n                ]\n              },\n              "pay_group_id": {\n                "$id": "#/properties/profiles/items/properties/salary/properties/pay_group_id",\n                "type": "null",\n                "title": "The Pay_group_id Schema",\n                "default": null,\n                "examples": [\n                  null\n                ]\n              },\n              "payroll_job_id": {\n                "$id": "#/properties/profiles/items/properties/salary/properties/payroll_job_id",\n                "type": "null",\n                "title": "The Payroll_job_id Schema",\n                "default": null,\n                "examples": [\n                  null\n                ]\n              },\n              "rate": {\n                "$id": "#/properties/profiles/items/properties/salary/properties/rate",\n                "type": "null",\n                "title": "The Rate Schema",\n                "default": null,\n                "examples": [\n                  null\n                ]\n              },\n              "yearly_amount": {\n                "$id": "#/properties/profiles/items/properties/salary/properties/yearly_amount",\n                "type": "null",\n                "title": "The Yearly_amount Schema",\n                "default": null,\n                "examples": [\n                  null\n                ]\n              },\n              "is_hourly": {\n                "$id": "#/properties/profiles/items/properties/salary/properties/is_hourly",\n                "type": "null",\n                "title": "The Is_hourly Schema",\n                "default": null,\n                "examples": [\n                  null\n                ]\n              },\n              "amount_raw": {\n                "$id": "#/properties/profiles/items/properties/salary/properties/amount_raw",\n                "type": "null",\n                "title": "The Amount_raw Schema",\n                "default": null,\n                "examples": [\n                  null\n                ]\n              }\n            }\n          },\n          "healthcare": {\n            "$id": "#/properties/profiles/items/properties/healthcare",\n            "type": "object",\n            "title": "The Healthcare Schema",\n            "required": [\n              "beneficiary",\n              "amount",\n              "currency_type"\n            ],\n            "properties": {\n              "beneficiary": {\n                "$id": "#/properties/profiles/items/properties/healthcare/properties/beneficiary",\n                "type": "null",\n                "title": "The Beneficiary Schema",\n                "default": null,\n                "examples": [\n                  null\n                ]\n              },\n              "amount": {\n                "$id": "#/properties/profiles/items/properties/healthcare/properties/amount",\n                "type": "null",\n                "title": "The Amount Schema",\n                "default": null,\n                "examples": [\n                  null\n                ]\n              },\n              "currency_type": {\n                "$id": "#/properties/profiles/items/properties/healthcare/properties/currency_type",\n                "type": "string",\n                "title": "The Currency_type Schema",\n                "default": "",\n                "examples": [\n                  "USD"\n                ],\n                "pattern": "^(.*)$"\n              }\n            }\n          },\n          "healthcare_info": {\n            "$id": "#/properties/profiles/items/properties/healthcare_info",\n            "type": "null",\n            "title": "The Healthcare_info Schema",\n            "default": null,\n            "examples": [\n              null\n            ]\n          },\n          "dental": {\n            "$id": "#/properties/profiles/items/properties/dental",\n            "type": "object",\n            "title": "The Dental Schema",\n            "required": [\n              "beneficiary",\n              "amount",\n              "currency_type"\n            ],\n            "properties": {\n              "beneficiary": {\n                "$id": "#/properties/profiles/items/properties/dental/properties/beneficiary",\n                "type": "null",\n                "title": "The Beneficiary Schema",\n                "default": null,\n                "examples": [\n                  null\n                ]\n              },\n              "amount": {\n                "$id": "#/properties/profiles/items/properties/dental/properties/amount",\n                "type": "null",\n                "title": "The Amount Schema",\n                "default": null,\n                "examples": [\n                  null\n                ]\n              },\n              "currency_type": {\n                "$id": "#/properties/profiles/items/properties/dental/properties/currency_type",\n                "type": "string",\n                "title": "The Currency_type Schema",\n                "default": "",\n                "examples": [\n                  "USD"\n                ],\n                "pattern": "^(.*)$"\n              }\n            }\n          },\n          "dental_info": {\n            "$id": "#/properties/profiles/items/properties/dental_info",\n            "type": "null",\n            "title": "The Dental_info Schema",\n            "default": null,\n            "examples": [\n              null\n            ]\n          },\n          "vision_plan_info": {\n            "$id": "#/properties/profiles/items/properties/vision_plan_info",\n            "type": "null",\n            "title": "The Vision_plan_info Schema",\n            "default": null,\n            "examples": [\n              null\n            ]\n          },\n          "life_insurance_info": {\n            "$id": "#/properties/profiles/items/properties/life_insurance_info",\n            "type": "null",\n            "title": "The Life_insurance_info Schema",\n            "default": null,\n            "examples": [\n              null\n            ]\n          },\n          "employee_handbook": {\n            "$id": "#/properties/profiles/items/properties/employee_handbook",\n            "type": "null",\n            "title": "The Employee_handbook Schema",\n            "default": null,\n            "examples": [\n              null\n            ]\n          },\n          "employee_wage_theft_prevention_act": {\n            "$id": "#/properties/profiles/items/properties/employee_wage_theft_prevention_act",\n            "type": "null",\n            "title": "The Employee_wage_theft_prevention_act Schema",\n            "default": null,\n            "examples": [\n              null\n            ]\n          }\n        }\n      }\n    },\n    "meta": {\n      "$id": "#/properties/meta",\n      "type": "object",\n      "title": "The Meta Schema",\n      "required": [\n        "count",\n        "status",\n        "total_count"\n      ],\n      "properties": {\n        "count": {\n          "$id": "#/properties/meta/properties/count",\n          "type": "integer",\n          "title": "The Count Schema",\n          "default": 0,\n          "examples": [\n            3\n          ]\n        },\n        "status": {\n          "$id": "#/properties/meta/properties/status",\n          "type": "integer",\n          "title": "The Status Schema",\n          "default": 0,\n          "examples": [\n            200\n          ]\n        },\n        "total_count": {\n          "$id": "#/properties/meta/properties/total_count",\n          "type": "integer",\n          "title": "The Total_count Schema",\n          "default": 0,\n          "examples": [\n            3\n          ]\n        }\n      }\n    },\n    "links": {\n      "$id": "#/properties/links",\n      "type": "object",\n      "title": "The Links Schema",\n      "required": [\n        "profiles.job_title",\n        "profiles.image",\n        "profiles.groups",\n        "profiles.teams"\n      ],\n      "properties": {\n        "profiles.job_title": {\n          "$id": "#/properties/links/properties/profiles.job_title",\n          "type": "object",\n          "title": "The Profiles.job_title Schema",\n          "required": [\n            "type"\n          ],\n          "properties": {\n            "type": {\n              "$id": "#/properties/links/properties/profiles.job_title/properties/type",\n              "type": "string",\n              "title": "The Type Schema",\n              "default": "",\n              "examples": [\n                "job_titles"\n              ],\n              "pattern": "^(.*)$"\n            }\n          }\n        },\n        "profiles.image": {\n          "$id": "#/properties/links/properties/profiles.image",\n          "type": "object",\n          "title": "The Profiles.image Schema",\n          "required": [\n            "type"\n          ],\n          "properties": {\n            "type": {\n              "$id": "#/properties/links/properties/profiles.image/properties/type",\n              "type": "string",\n              "title": "The Type Schema",\n              "default": "",\n              "examples": [\n                "files"\n              ],\n              "pattern": "^(.*)$"\n            }\n          }\n        },\n        "profiles.groups": {\n          "$id": "#/properties/links/properties/profiles.groups",\n          "type": "object",\n          "title": "The Profiles.groups Schema",\n          "required": [\n            "type"\n          ],\n          "properties": {\n            "type": {\n              "$id": "#/properties/links/properties/profiles.groups/properties/type",\n              "type": "string",\n              "title": "The Type Schema",\n              "default": "",\n              "examples": [\n                "groups"\n              ],\n              "pattern": "^(.*)$"\n            }\n          }\n        },\n        "profiles.teams": {\n          "$id": "#/properties/links/properties/profiles.teams",\n          "type": "object",\n          "title": "The Profiles.teams Schema",\n          "required": [\n            "type"\n          ],\n          "properties": {\n            "type": {\n              "$id": "#/properties/links/properties/profiles.teams/properties/type",\n              "type": "string",\n              "title": "The Type Schema",\n              "default": "",\n              "examples": [\n                "teams"\n              ],\n              "pattern": "^(.*)$"\n            }\n          }\n        }\n      }\n    },\n    "linked": {\n      "$id": "#/properties/linked",\n      "type": "object",\n      "title": "The Linked Schema",\n      "required": [\n        "job_titles",\n        "files",\n        "groups",\n        "teams"\n      ],\n      "properties": {\n        "job_titles": {\n          "$id": "#/properties/linked/properties/job_titles",\n          "type": "array",\n          "title": "The Job_titles Schema",\n          "items": {\n            "$id": "#/properties/linked/properties/job_titles/items",\n            "type": "object",\n            "title": "The Items Schema",\n            "required": [\n              "id",\n              "parent_id",\n              "title",\n              "links",\n              "active"\n            ],\n            "properties": {\n              "id": {\n                "$id": "#/properties/linked/properties/job_titles/items/properties/id",\n                "type": "string",\n                "title": "The Id Schema",\n                "default": "",\n                "examples": [\n                  "76e61c9d-2a7c-41f7-89e9-8d630072b2de"\n                ],\n                "pattern": "^(.*)$"\n              },\n              "parent_id": {\n                "$id": "#/properties/linked/properties/job_titles/items/properties/parent_id",\n                "type": "string",\n                "title": "The Parent_id Schema",\n                "default": "",\n                "examples": [\n                  "476d101f-dfb2-49fb-bf83-bc27b38f7ccf"\n                ],\n                "pattern": "^(.*)$"\n              },\n              "title": {\n                "$id": "#/properties/linked/properties/job_titles/items/properties/title",\n                "type": "string",\n                "title": "The Title Schema",\n                "default": "",\n                "examples": [\n                  "Unknown Job Title444444444444"\n                ],\n                "pattern": "^(.*)$"\n              },\n              "links": {\n                "$id": "#/properties/linked/properties/job_titles/items/properties/links",\n                "type": "object",\n                "title": "The Links Schema",\n                "required": [\n                  "job_tier"\n                ],\n                "properties": {\n                  "job_tier": {\n                    "$id": "#/properties/linked/properties/job_titles/items/properties/links/properties/job_tier",\n                    "type": "string",\n                    "title": "The Job_tier Schema",\n                    "default": "",\n                    "examples": [\n                      "476d101f-dfb2-49fb-bf83-bc27b38f7ccf"\n                    ],\n                    "pattern": "^(.*)$"\n                  }\n                }\n              },\n              "active": {\n                "$id": "#/properties/linked/properties/job_titles/items/properties/active",\n                "type": "boolean",\n                "title": "The Active Schema",\n                "default": false,\n                "examples": [\n                  true\n                ]\n              }\n            }\n          }\n        },\n        "files": {\n          "$id": "#/properties/linked/properties/files",\n          "type": "array",\n          "title": "The Files Schema"\n        },\n        "groups": {\n          "$id": "#/properties/linked/properties/groups",\n          "type": "array",\n          "title": "The Groups Schema"\n        },\n        "teams": {\n          "$id": "#/properties/linked/properties/teams",\n          "type": "array",\n          "title": "The Teams Schema"\n        }\n      }\n    }\n  }\n}', 'ACTIVE', '2018-12-22 14:52:17', '2018-12-22 14:52:18', '2018-12-24 16:40:34');
/*!40000 ALTER TABLE `client_api` ENABLE KEYS */;


-- Dumping structure for table univision.client_web_connector
CREATE TABLE IF NOT EXISTS `client_web_connector` (
  `CLIENT_WEB_CONNECTOR_ID` int(11) unsigned NOT NULL AUTO_INCREMENT,
  `CLIENT_ID` int(11) unsigned NOT NULL,
  `WEB_CONNECTOR_ID` int(11) unsigned NOT NULL,
  `GRANT_TYPE_ID` int(11) unsigned DEFAULT NULL,
  `CONFIGURATION` text,
  `STATUS` enum('ACTIVE','INACTIVE') NOT NULL DEFAULT 'ACTIVE',
  `STATUS_TLM` datetime NOT NULL,
  `WHEN_CREATED` datetime NOT NULL,
  `TLM` timestamp NOT NULL DEFAULT CURRENT_TIMESTAMP ON UPDATE CURRENT_TIMESTAMP,
  PRIMARY KEY (`CLIENT_WEB_CONNECTOR_ID`),
  KEY `FK_client_web_connector_web_connector` (`WEB_CONNECTOR_ID`),
  KEY `FK_client_web_connector_clients` (`CLIENT_ID`),
  KEY `FK_client_web_connector_authentication_grant_type` (`GRANT_TYPE_ID`),
  CONSTRAINT `FK_client_web_connector_authentication_grant_type` FOREIGN KEY (`GRANT_TYPE_ID`) REFERENCES `authentication_grant_type` (`AUTHENTICATION_GRANT_TYPE_ID`),
  CONSTRAINT `FK_client_web_connector_clients` FOREIGN KEY (`CLIENT_ID`) REFERENCES `clients` (`CLIENT_ID`),
  CONSTRAINT `FK_client_web_connector_web_connector` FOREIGN KEY (`WEB_CONNECTOR_ID`) REFERENCES `web_connector` (`WEB_CONNECTOR_ID`)
) ENGINE=InnoDB AUTO_INCREMENT=4 DEFAULT CHARSET=latin1;

-- Dumping data for table univision.client_web_connector: ~2 rows (approximately)
DELETE FROM `client_web_connector`;
/*!40000 ALTER TABLE `client_web_connector` DISABLE KEYS */;
INSERT INTO `client_web_connector` (`CLIENT_WEB_CONNECTOR_ID`, `CLIENT_ID`, `WEB_CONNECTOR_ID`, `GRANT_TYPE_ID`, `CONFIGURATION`, `STATUS`, `STATUS_TLM`, `WHEN_CREATED`, `TLM`) VALUES
	(1, 3, 1, 1, '{"clientId":"aPWnhVuWxHNAZGjl9Dasbn1JhDfXragXmLQt0PR1leR0CTmNZeGIw0RWMyW89cWI","authorizeUrl":"oauth2/authorize","webUrl":"https://compensationcloud-sandbox.namely.com/api/v1","accessTokenUrl":"oauth2/token","clientSecret":"74Wcivgp1XaYfbMUwQEY084G7qexqmbNa0YQSTnm6zcq8zUUMzuHdNO1kDkJFI4J"}', 'ACTIVE', '2018-12-18 12:01:35', '2018-12-18 12:01:36', '2018-12-20 21:57:40'),
	(3, 4, 1, 1, NULL, 'ACTIVE', '2018-12-18 12:01:35', '2018-12-18 12:01:36', '2018-12-20 11:45:12');
/*!40000 ALTER TABLE `client_web_connector` ENABLE KEYS */;


-- Dumping structure for table univision.compensation_increase_type
CREATE TABLE IF NOT EXISTS `compensation_increase_type` (
  `COMPENSATION_INCREASE_TYPE_ID` int(11) unsigned NOT NULL AUTO_INCREMENT,
  `ORG_ID` int(11) unsigned NOT NULL,
  `TENANT_ID` int(11) unsigned NOT NULL,
  `DESCRIPTION` longtext,
  `DISPLAY_NAME` varchar(50) NOT NULL,
  `INCREASE_TYPE_NAME` varchar(50) NOT NULL,
  `STATUS` enum('ACTIVE','INACTIVE') NOT NULL DEFAULT 'ACTIVE',
  `TYPE` enum('ACCUMULATIVE','DIRECT') NOT NULL DEFAULT 'DIRECT',
  `STATUS_TLM` datetime NOT NULL,
  `WHEN_CREATED` datetime NOT NULL,
  `COMPENSATION_TYPE_ID` int(11) unsigned NOT NULL,
  `LAST_UPDATED` datetime NOT NULL,
  PRIMARY KEY (`COMPENSATION_INCREASE_TYPE_ID`),
  KEY `FK_COMPENSATION_INCREASE_TYPE_ORGANIZATION` (`ORG_ID`),
  KEY `FK_COMPENSATION_INCREASE_TYPE_TENANT` (`TENANT_ID`),
  KEY `FK_COMPENSATION_INCREASE_TYPE_COMPENSATION_TYPE` (`COMPENSATION_TYPE_ID`),
  CONSTRAINT `FK_COMPENSATION_INCREASE_TYPE_COMPENSATION_TYPE` FOREIGN KEY (`COMPENSATION_TYPE_ID`) REFERENCES `compensation_type` (`COMPENSATION_TYPE_ID`),
  CONSTRAINT `FK_COMPENSATION_INCREASE_TYPE_ORGANIZATION` FOREIGN KEY (`ORG_ID`) REFERENCES `organization` (`ORG_ID`),
  CONSTRAINT `FK_COMPENSATION_INCREASE_TYPE_TENANT` FOREIGN KEY (`TENANT_ID`) REFERENCES `tenant` (`TENANT_ID`)
) ENGINE=InnoDB AUTO_INCREMENT=11 DEFAULT CHARSET=latin1;

-- Dumping data for table univision.compensation_increase_type: ~10 rows (approximately)
DELETE FROM `compensation_increase_type`;
/*!40000 ALTER TABLE `compensation_increase_type` DISABLE KEYS */;
INSERT INTO `compensation_increase_type` (`COMPENSATION_INCREASE_TYPE_ID`, `ORG_ID`, `TENANT_ID`, `DESCRIPTION`, `DISPLAY_NAME`, `INCREASE_TYPE_NAME`, `STATUS`, `TYPE`, `STATUS_TLM`, `WHEN_CREATED`, `COMPENSATION_TYPE_ID`, `LAST_UPDATED`) VALUES
	(1, 1, 1, 'Merit', 'Merit', 'Merit', 'ACTIVE', 'DIRECT', '2016-09-16 23:54:37', '2016-09-16 23:54:43', 1, '2016-09-16 23:54:43'),
	(2, 1, 1, 'Promotion', 'Promotion', 'Promotion', 'ACTIVE', 'DIRECT', '2016-09-16 23:54:37', '2016-09-16 23:54:43', 1, '2016-09-16 23:54:43'),
	(3, 1, 1, 'Bonus', 'Bonus', 'Bonus', 'ACTIVE', 'DIRECT', '2016-09-16 23:54:37', '2016-09-16 23:54:43', 2, '2016-09-16 23:54:43'),
	(4, 1, 1, 'Spot Bonus', 'Spot Bonus', 'Spot Bonus', 'ACTIVE', 'DIRECT', '2016-09-16 23:54:37', '2016-09-16 23:54:43', 2, '2016-09-16 23:54:43'),
	(5, 1, 1, 'Options-2018', 'Options-2018', 'Options-2018', 'ACTIVE', 'DIRECT', '2016-09-16 23:54:37', '2016-09-16 23:54:43', 3, '2016-09-16 23:54:43'),
	(6, 1, 1, 'RSU', 'RSU', 'RSU', 'ACTIVE', 'DIRECT', '2016-09-16 23:54:37', '2016-09-16 23:54:43', 3, '2016-09-16 23:54:43'),
	(7, 1, 1, 'Adjustment', 'Adjustment', 'Adjustment', 'ACTIVE', 'DIRECT', '2016-09-16 23:54:37', '2016-09-16 23:54:43', 1, '2016-09-16 23:54:43'),
	(8, 1, 1, 'Accumulative Basepay', 'Accumulative Basepay', 'Accumulative Basepay', 'ACTIVE', 'DIRECT', '2016-09-16 23:54:37', '2016-09-16 23:54:43', 1, '2016-09-16 23:54:43'),
	(9, 1, 1, 'Accumulative Bonus', 'Accumulative Bonus', 'Accumulative Bonus', 'ACTIVE', 'DIRECT', '2016-09-16 23:54:37', '2016-09-16 23:54:43', 2, '2016-09-16 23:54:43'),
	(10, 1, 1, 'Accumulative Stock', 'Accumulative Stock', 'Accumulative Stock', 'ACTIVE', 'DIRECT', '2016-09-16 23:54:37', '2016-09-16 23:54:43', 3, '2016-09-16 23:54:43');
/*!40000 ALTER TABLE `compensation_increase_type` ENABLE KEYS */;


-- Dumping structure for table univision.compensation_type
CREATE TABLE IF NOT EXISTS `compensation_type` (
  `COMPENSATION_TYPE_ID` int(11) unsigned NOT NULL AUTO_INCREMENT,
  `ORG_ID` int(11) unsigned NOT NULL,
  `TENANT_ID` int(11) unsigned NOT NULL,
  `DESCRIPTION` longtext,
  `DISPLAY_NAME` varchar(50) NOT NULL,
  `STATUS` enum('ACTIVE','INACTIVE') NOT NULL DEFAULT 'ACTIVE',
  `STATUS_TLM` datetime NOT NULL,
  `WHEN_CREATED` datetime NOT NULL,
  `TYPE_NAME` varchar(50) NOT NULL,
  `LAST_UPDATED` timestamp NOT NULL DEFAULT CURRENT_TIMESTAMP ON UPDATE CURRENT_TIMESTAMP,
  PRIMARY KEY (`COMPENSATION_TYPE_ID`),
  KEY `FK_COMPENSATION_TYPE_ORGANIZATION` (`ORG_ID`),
  KEY `FK_COMPENSATION_TYPE_TENANT` (`TENANT_ID`),
  CONSTRAINT `FK_COMPENSATION_TYPE_ORGANIZATION` FOREIGN KEY (`ORG_ID`) REFERENCES `organization` (`ORG_ID`),
  CONSTRAINT `FK_COMPENSATION_TYPE_TENANT` FOREIGN KEY (`TENANT_ID`) REFERENCES `tenant` (`TENANT_ID`)
) ENGINE=InnoDB AUTO_INCREMENT=4 DEFAULT CHARSET=latin1;

-- Dumping data for table univision.compensation_type: ~3 rows (approximately)
DELETE FROM `compensation_type`;
/*!40000 ALTER TABLE `compensation_type` DISABLE KEYS */;
INSERT INTO `compensation_type` (`COMPENSATION_TYPE_ID`, `ORG_ID`, `TENANT_ID`, `DESCRIPTION`, `DISPLAY_NAME`, `STATUS`, `STATUS_TLM`, `WHEN_CREATED`, `TYPE_NAME`, `LAST_UPDATED`) VALUES
	(1, 1, 1, 'basepay desc', 'basepay', 'ACTIVE', '2016-09-10 10:54:30', '2017-11-22 09:46:43', 'basepay', '2018-09-02 13:00:36'),
	(2, 1, 1, 'bonus desc', 'bonus', 'ACTIVE', '2016-09-16 23:51:50', '2017-11-22 09:46:43', 'bonus', '2018-04-15 12:04:36'),
	(3, 1, 1, 'stock desc', 'stock', 'ACTIVE', '2016-09-16 23:52:26', '2017-11-22 09:46:43', 'stock', '2018-04-15 12:04:37');
/*!40000 ALTER TABLE `compensation_type` ENABLE KEYS */;


-- Dumping structure for table univision.compliance
CREATE TABLE IF NOT EXISTS `compliance` (
  `COMPLIANCE_ID` int(11) unsigned NOT NULL AUTO_INCREMENT,
  `ORG_ID` int(11) unsigned NOT NULL,
  `COMPLIANCE_VIEW_ID` int(11) unsigned NOT NULL,
  `TENANT_ID` int(11) unsigned NOT NULL,
  `COMPLIANCE_NAME` varchar(50) NOT NULL,
  `DESCRIPTION` varchar(50) NOT NULL,
  `IS_MANDATORY` tinyint(1) DEFAULT '0',
  `STATUS` enum('INACTIVE','ACTIVE') NOT NULL DEFAULT 'ACTIVE',
  `STATUS_TLM` datetime NOT NULL,
  `LAST_UPDATED` timestamp NOT NULL DEFAULT CURRENT_TIMESTAMP ON UPDATE CURRENT_TIMESTAMP,
  PRIMARY KEY (`COMPLIANCE_ID`),
  KEY `FK_COMPLIANCE_ORGANIZATION2` (`ORG_ID`),
  KEY `FK_RULE_TENANT4` (`TENANT_ID`),
  KEY `FK_COMPLIANCE_COMPLIANCE_VIEW` (`COMPLIANCE_VIEW_ID`),
  CONSTRAINT `FK_COMPLIANCE_COMPLIANCE_VIEW` FOREIGN KEY (`COMPLIANCE_VIEW_ID`) REFERENCES `compliance_view` (`COMPLIANCE_VIEW_ID`),
  CONSTRAINT `FK_COMPLIANCE_ORGANIZATION2` FOREIGN KEY (`ORG_ID`) REFERENCES `organization` (`ORG_ID`),
  CONSTRAINT `FK_RULE_TENANT4` FOREIGN KEY (`TENANT_ID`) REFERENCES `tenant` (`TENANT_ID`)
) ENGINE=InnoDB AUTO_INCREMENT=41 DEFAULT CHARSET=latin1;

-- Dumping data for table univision.compliance: ~7 rows (approximately)
DELETE FROM `compliance`;
/*!40000 ALTER TABLE `compliance` DISABLE KEYS */;
INSERT INTO `compliance` (`COMPLIANCE_ID`, `ORG_ID`, `COMPLIANCE_VIEW_ID`, `TENANT_ID`, `COMPLIANCE_NAME`, `DESCRIPTION`, `IS_MANDATORY`, `STATUS`, `STATUS_TLM`, `LAST_UPDATED`) VALUES
	(34, 1, 28, 1, 'FTE Violation', 'Employee type should be FTE', 0, 'INACTIVE', '2018-09-02 23:37:35', '2018-09-02 23:37:35'),
	(35, 1, 28, 1, 'Hire Date Violation', 'HIre Date should be greater than 1st Jan, 2107', 0, 'INACTIVE', '2018-09-02 23:37:35', '2018-09-02 23:37:35'),
	(36, 1, 28, 1, 'Yearly Wage Violation', 'Yearly wage should be greater than $50000', 0, 'INACTIVE', '2018-09-02 23:37:35', '2018-09-02 23:37:35'),
	(37, 1, 28, 1, 'Gender Inequality Pay', 'Gender pay disparity in USA', 0, 'ACTIVE', '2018-10-09 10:17:05', '2019-05-04 15:38:07'),
	(38, 1, 28, 1, 'Minimum Wage Violation', 'Minimum wage for CA > $15', 1, 'ACTIVE', '2018-10-09 15:12:30', '2019-05-04 15:37:58'),
	(39, 1, 28, 1, 'FTE exempt Wage Violation', 'FTE exempt Wage Rule', 0, 'ACTIVE', '2018-10-09 15:34:45', '2019-05-04 15:38:17'),
	(40, 1, 28, 1, 'Maximum Compensation Increase', 'Maximum Compensation Increase  limit to USD 30000', 0, 'ACTIVE', '2018-10-09 15:37:08', '2019-05-04 15:38:26');
/*!40000 ALTER TABLE `compliance` ENABLE KEYS */;


-- Dumping structure for table univision.compliance_rule_mapper
CREATE TABLE IF NOT EXISTS `compliance_rule_mapper` (
  `COMPLIANCE_ID` int(11) unsigned NOT NULL,
  `RULE_ID` int(11) unsigned NOT NULL,
  PRIMARY KEY (`COMPLIANCE_ID`,`RULE_ID`),
  KEY `FK_COMPLIANCERULE_COMPLIANCE` (`COMPLIANCE_ID`),
  KEY `FK_COMPLIANCERULE_RULE` (`RULE_ID`),
  CONSTRAINT `FK_COMPLIANCERULE_COMPLIANCE` FOREIGN KEY (`COMPLIANCE_ID`) REFERENCES `compliance` (`COMPLIANCE_ID`),
  CONSTRAINT `FK_COMPLIANCERULE_RULE` FOREIGN KEY (`RULE_ID`) REFERENCES `meta_data_rule` (`META_DATA_RULE_ID`)
) ENGINE=InnoDB DEFAULT CHARSET=latin1;

-- Dumping data for table univision.compliance_rule_mapper: ~7 rows (approximately)
DELETE FROM `compliance_rule_mapper`;
/*!40000 ALTER TABLE `compliance_rule_mapper` DISABLE KEYS */;
INSERT INTO `compliance_rule_mapper` (`COMPLIANCE_ID`, `RULE_ID`) VALUES
	(34, 27),
	(35, 28),
	(36, 29),
	(37, 30),
	(38, 31),
	(39, 29),
	(40, 27);
/*!40000 ALTER TABLE `compliance_rule_mapper` ENABLE KEYS */;


-- Dumping structure for table univision.compliance_view
CREATE TABLE IF NOT EXISTS `compliance_view` (
  `COMPLIANCE_VIEW_ID` int(11) unsigned NOT NULL AUTO_INCREMENT,
  `ORG_ID` int(11) unsigned NOT NULL,
  `TENANT_ID` int(11) unsigned NOT NULL,
  `LOADED` bit(1) NOT NULL DEFAULT b'0',
  `NAME` varchar(200) NOT NULL,
  `DESCRIPTION` varchar(2000) NOT NULL,
  `STATUS` enum('INACTIVE','ACTIVE') NOT NULL DEFAULT 'ACTIVE',
  `STATUS_TLM` datetime NOT NULL,
  `WHEN_CREATED` datetime NOT NULL,
  `MODIFIED_BY` int(11) unsigned NOT NULL,
  `CREATED_BY` int(11) unsigned NOT NULL,
  `LAST_UPDATED` timestamp NOT NULL DEFAULT CURRENT_TIMESTAMP ON UPDATE CURRENT_TIMESTAMP,
  PRIMARY KEY (`COMPLIANCE_VIEW_ID`),
  KEY `FK_COMPLIANCE_VIEW_ORGANIZATION` (`ORG_ID`),
  KEY `FK_COMPLIANCE_VIEW_TENANT` (`TENANT_ID`),
  KEY `FK_COMPLIANCE_VIEW_EMPLOYEE_MASTER` (`MODIFIED_BY`),
  KEY `FK_COMPLIANCE_VIEW_EMPLOYEE_MASTER_2` (`CREATED_BY`),
  CONSTRAINT `FK_COMPLIANCE_VIEW_EMPLOYEE_MASTER` FOREIGN KEY (`MODIFIED_BY`) REFERENCES `employee_master` (`EMPLOYEE_MASTER_ID`),
  CONSTRAINT `FK_COMPLIANCE_VIEW_EMPLOYEE_MASTER_2` FOREIGN KEY (`CREATED_BY`) REFERENCES `employee_master` (`EMPLOYEE_MASTER_ID`),
  CONSTRAINT `FK_COMPLIANCE_VIEW_ORGANIZATION` FOREIGN KEY (`ORG_ID`) REFERENCES `organization` (`ORG_ID`),
  CONSTRAINT `FK_COMPLIANCE_VIEW_TENANT` FOREIGN KEY (`TENANT_ID`) REFERENCES `tenant` (`TENANT_ID`)
) ENGINE=InnoDB AUTO_INCREMENT=29 DEFAULT CHARSET=latin1;

-- Dumping data for table univision.compliance_view: ~0 rows (approximately)
DELETE FROM `compliance_view`;
/*!40000 ALTER TABLE `compliance_view` DISABLE KEYS */;
INSERT INTO `compliance_view` (`COMPLIANCE_VIEW_ID`, `ORG_ID`, `TENANT_ID`, `LOADED`, `NAME`, `DESCRIPTION`, `STATUS`, `STATUS_TLM`, `WHEN_CREATED`, `MODIFIED_BY`, `CREATED_BY`, `LAST_UPDATED`) VALUES
	(28, 1, 1, b'1', 'Employee Compliance', 'Employee Compliance', 'ACTIVE', '2018-09-02 23:37:35', '2018-09-02 23:37:35', 13, 13, '2019-11-01 21:47:24');
/*!40000 ALTER TABLE `compliance_view` ENABLE KEYS */;


-- Dumping structure for table univision.comp_view
CREATE TABLE IF NOT EXISTS `comp_view` (
  `COMP_VIEW_ID` int(11) unsigned NOT NULL AUTO_INCREMENT,
  `ORG_ID` int(11) unsigned NOT NULL,
  `TENANT_ID` int(11) unsigned NOT NULL,
  `LOADED` bit(1) NOT NULL DEFAULT b'0',
  `STATUS` enum('ACTIVE','INACTIVE') NOT NULL DEFAULT 'ACTIVE',
  `STATUS_TLM` datetime NOT NULL,
  `NAME` varchar(200) NOT NULL,
  `DESCRIPTION` varchar(2000) NOT NULL,
  `TEMPLATE` longtext NOT NULL,
  `WHEN_CREATED` datetime NOT NULL,
  `MODIFIED_BY` int(11) unsigned NOT NULL,
  `CREATED_BY` int(11) unsigned NOT NULL,
  `LAST_UPDATED` timestamp NOT NULL DEFAULT CURRENT_TIMESTAMP ON UPDATE CURRENT_TIMESTAMP,
  PRIMARY KEY (`COMP_VIEW_ID`),
  KEY `FK_COMP_VIEW_ORGANIZATION` (`ORG_ID`),
  KEY `FK_COMP_VIEW_TENANT` (`TENANT_ID`),
  KEY `FK_COMP_VIEW_EMPLOYEE_MASTER` (`MODIFIED_BY`),
  KEY `FK_COMP_VIEW_EMPLOYEE_MASTER_2` (`CREATED_BY`),
  CONSTRAINT `FK_COMP_VIEW_EMPLOYEE_MASTER` FOREIGN KEY (`MODIFIED_BY`) REFERENCES `employee_master` (`EMPLOYEE_MASTER_ID`),
  CONSTRAINT `FK_COMP_VIEW_EMPLOYEE_MASTER_2` FOREIGN KEY (`CREATED_BY`) REFERENCES `employee_master` (`EMPLOYEE_MASTER_ID`),
  CONSTRAINT `FK_COMP_VIEW_ORGANIZATION` FOREIGN KEY (`ORG_ID`) REFERENCES `organization` (`ORG_ID`),
  CONSTRAINT `FK_COMP_VIEW_TENANT` FOREIGN KEY (`TENANT_ID`) REFERENCES `tenant` (`TENANT_ID`)
) ENGINE=InnoDB AUTO_INCREMENT=11 DEFAULT CHARSET=latin1;

-- Dumping data for table univision.comp_view: ~0 rows (approximately)
DELETE FROM `comp_view`;
/*!40000 ALTER TABLE `comp_view` DISABLE KEYS */;
INSERT INTO `comp_view` (`COMP_VIEW_ID`, `ORG_ID`, `TENANT_ID`, `LOADED`, `STATUS`, `STATUS_TLM`, `NAME`, `DESCRIPTION`, `TEMPLATE`, `WHEN_CREATED`, `MODIFIED_BY`, `CREATED_BY`, `LAST_UPDATED`) VALUES
	(10, 1, 1, b'1', 'ACTIVE', '2018-09-02 23:30:47', 'Planning Pop Up', 'Planning Pop Up', '[ {\r\n  "id" : 0,\r\n  "name" : "Merit and Promotion",\r\n  "rows" : [ {\r\n    "id" : 0,\r\n    "fields" : [ {\r\n      "id" : "179",\r\n      "type" : "metadata"\r\n    }, {\r\n      "id" : "262",\r\n      "type" : "metadata"\r\n    }, {\r\n      "id" : "263",\r\n      "type" : "metadata"\r\n    }, {\r\n      "id" : "264",\r\n      "type" : "metadata"\r\n    } ]\r\n  }, {\r\n    "id" : 1,\r\n    "fields" : [ {\r\n      "id" : "25",\r\n      "type" : "metadata"\r\n    }, {\r\n      "id" : "61",\r\n      "type" : "metadata"\r\n    }, {\r\n      "id" : "183",\r\n      "type" : "metadata"\r\n    }, {\r\n      "id" : "18",\r\n      "type" : "metadata"\r\n    } ]\r\n  }, {\r\n    "id" : 2,\r\n    "fields" : [ {\r\n      "id" : "60",\r\n      "type" : "metadata"\r\n    }, {\r\n      "id" : "185",\r\n      "type" : "metadata"\r\n    }, {\r\n      "id" : "27",\r\n      "type" : "metadata"\r\n    }, {\r\n      "id" : "275",\r\n      "type" : "metadata"\r\n    } ]\r\n  }, {\r\n    "id" : 3,\r\n    "fields" : [ {\r\n      "id" : "265",\r\n      "type" : "metadata"\r\n    }, {\r\n      "id" : "269",\r\n      "type" : "metadata"\r\n    } ]\r\n  }, {\r\n    "id" : 4,\r\n    "fields" : [ ]\r\n  } ]\r\n}, {\r\n  "id" : 1,\r\n  "name" : "Bonus",\r\n  "rows" : [ {\r\n    "id" : 0,\r\n    "fields" : [ {\r\n      "id" : "270",\r\n      "type" : "metadata"\r\n    }, {\r\n      "id" : "179",\r\n      "type" : "metadata"\r\n    }, {\r\n      "id" : "252",\r\n      "type" : "metadata"\r\n    }, {\r\n      "id" : "257",\r\n      "type" : "metadata"\r\n    } ]\r\n  }, {\r\n    "id" : 1,\r\n    "fields" : [ {\r\n      "id" : "152",\r\n      "type" : "metadata"\r\n    }, {\r\n      "id" : "153",\r\n      "type" : "metadata"\r\n    }, {\r\n      "id" : "34",\r\n      "type" : "metadata"\r\n    }, {\r\n      "id" : "227",\r\n      "type" : "metadata"\r\n    } ]\r\n  }, {\r\n    "id" : 2,\r\n    "fields" : [ ]\r\n  }, {\r\n    "id" : 3,\r\n    "fields" : [ ]\r\n  }, {\r\n    "id" : 4,\r\n    "fields" : [ ]\r\n  } ]\r\n} ]', '2018-09-02 23:30:47', 13, 13, '2019-11-01 21:47:34');
/*!40000 ALTER TABLE `comp_view` ENABLE KEYS */;


-- Dumping structure for table univision.cost_center
CREATE TABLE IF NOT EXISTS `cost_center` (
  `COST_CENTER_ID` int(11) unsigned NOT NULL AUTO_INCREMENT,
  `TENANT_ID` int(11) unsigned NOT NULL,
  `DEPT_ID` int(11) unsigned NOT NULL,
  `ORG_ID` int(11) unsigned NOT NULL,
  `COST_CENTER_NAME` varchar(50) NOT NULL,
  `DISPLAY_NAME` varchar(50) DEFAULT NULL,
  `COST_CENTER_DESC` varchar(50) DEFAULT NULL,
  `COST_CENTER_ADDRESS` varchar(50) DEFAULT NULL,
  `COST_CENTER_PHONE` varchar(50) DEFAULT NULL,
  `COST_CENTER_EMAIL` varchar(50) DEFAULT NULL,
  `IDENTIFICATION_NO` varchar(50) DEFAULT NULL,
  `COST_CENTER_CODE` varchar(50) DEFAULT NULL,
  `ACTUAL_REVENUE` double DEFAULT NULL,
  `ACTUAL_SALES` double DEFAULT NULL,
  `ACTUAL_PROFIT` double DEFAULT NULL,
  `FREQUENCY` varchar(50) DEFAULT NULL,
  `PERIOD_START_DATE` date DEFAULT NULL,
  `PERIOD_END_DATE` date DEFAULT NULL,
  `TARGET_REVENUE` double DEFAULT NULL,
  `TARGET_SALES` double DEFAULT NULL,
  `TARGET_PROFIT` double DEFAULT NULL,
  `REVENUE_MULTIPLIER` double DEFAULT NULL,
  `SALES_MULTIPLIER` double DEFAULT NULL,
  `PROFIT_MULTIPLIER` double DEFAULT NULL,
  `STATUS` enum('ACTIVE','INACTIVE') NOT NULL DEFAULT 'ACTIVE',
  `STATUS_TLM` datetime NOT NULL,
  `WHEN_CREATED` datetime NOT NULL,
  `LAST_UPDATED` timestamp NOT NULL DEFAULT CURRENT_TIMESTAMP ON UPDATE CURRENT_TIMESTAMP,
  PRIMARY KEY (`COST_CENTER_ID`),
  KEY `FK_COST_CENTER_TENANT` (`TENANT_ID`),
  KEY `FK_COST_CENTER_DEPARTMENT` (`DEPT_ID`),
  KEY `FK_COST_CENTER_ORGANIZATION` (`ORG_ID`),
  CONSTRAINT `FK_COST_CENTER_DEPARTMENT` FOREIGN KEY (`DEPT_ID`) REFERENCES `department` (`DEPT_ID`),
  CONSTRAINT `FK_COST_CENTER_ORGANIZATION` FOREIGN KEY (`ORG_ID`) REFERENCES `organization` (`ORG_ID`),
  CONSTRAINT `FK_COST_CENTER_TENANT` FOREIGN KEY (`TENANT_ID`) REFERENCES `tenant` (`TENANT_ID`)
) ENGINE=InnoDB AUTO_INCREMENT=3 DEFAULT CHARSET=latin1;

-- Dumping data for table univision.cost_center: ~2 rows (approximately)
DELETE FROM `cost_center`;
/*!40000 ALTER TABLE `cost_center` DISABLE KEYS */;
INSERT INTO `cost_center` (`COST_CENTER_ID`, `TENANT_ID`, `DEPT_ID`, `ORG_ID`, `COST_CENTER_NAME`, `DISPLAY_NAME`, `COST_CENTER_DESC`, `COST_CENTER_ADDRESS`, `COST_CENTER_PHONE`, `COST_CENTER_EMAIL`, `IDENTIFICATION_NO`, `COST_CENTER_CODE`, `ACTUAL_REVENUE`, `ACTUAL_SALES`, `ACTUAL_PROFIT`, `FREQUENCY`, `PERIOD_START_DATE`, `PERIOD_END_DATE`, `TARGET_REVENUE`, `TARGET_SALES`, `TARGET_PROFIT`, `REVENUE_MULTIPLIER`, `SALES_MULTIPLIER`, `PROFIT_MULTIPLIER`, `STATUS`, `STATUS_TLM`, `WHEN_CREATED`, `LAST_UPDATED`) VALUES
	(1, 1, 2, 1, 'cost center1', 'cost center1', 'cost center1', '543', '453543', 'dfg@gmail.com', 'ddg545', 'wer', 23123, 34234, 234, 'fg45', '2018-05-11', '2018-03-02', 324, 234, 3244, 324, 324, 324, 'ACTIVE', '2018-03-02 15:08:27', '2018-03-02 15:08:33', '2018-09-02 12:47:04'),
	(2, 1, 4, 1, 'cost center2', 'cost center2', 'cost center2', NULL, NULL, NULL, NULL, NULL, NULL, NULL, NULL, NULL, '2018-03-02', '2018-03-02', NULL, NULL, NULL, NULL, NULL, NULL, 'ACTIVE', '2018-03-02 15:08:27', '2018-03-02 15:08:33', '2018-09-02 12:47:10');
/*!40000 ALTER TABLE `cost_center` ENABLE KEYS */;


-- Dumping structure for table univision.country_currency
CREATE TABLE IF NOT EXISTS `country_currency` (
  `COUNTRY_CURRENCY_ID` int(11) unsigned NOT NULL AUTO_INCREMENT,
  `TENANT_ID` int(11) unsigned NOT NULL,
  `ORG_ID` int(11) unsigned NOT NULL,
  `COUNTRY_NAME` varchar(100) NOT NULL,
  `CURRENCY_NAME` varchar(100) NOT NULL,
  `CODE` varchar(100) DEFAULT NULL,
  `SYMBOL` varchar(100) DEFAULT NULL,
  `CONVERSION_RATE` double NOT NULL,
  `STATUS` enum('ACTIVE','INACTIVE') NOT NULL DEFAULT 'ACTIVE',
  `WHEN_CREATED` datetime NOT NULL,
  `STATUS_TLM` datetime NOT NULL,
  `LAST_UPDATED` timestamp NOT NULL DEFAULT CURRENT_TIMESTAMP ON UPDATE CURRENT_TIMESTAMP,
  PRIMARY KEY (`COUNTRY_CURRENCY_ID`),
  KEY `FK_COUNTRY_CURRENCY_TENANT` (`TENANT_ID`),
  KEY `FK_COUNTRY_CURRENCY_ORGANIZATION` (`ORG_ID`),
  CONSTRAINT `FK_COUNTRY_CURRENCY_ORGANIZATION` FOREIGN KEY (`ORG_ID`) REFERENCES `organization` (`ORG_ID`),
  CONSTRAINT `FK_COUNTRY_CURRENCY_TENANT` FOREIGN KEY (`TENANT_ID`) REFERENCES `tenant` (`TENANT_ID`)
) ENGINE=InnoDB AUTO_INCREMENT=7 DEFAULT CHARSET=utf8;

-- Dumping data for table univision.country_currency: ~6 rows (approximately)
DELETE FROM `country_currency`;
/*!40000 ALTER TABLE `country_currency` DISABLE KEYS */;
INSERT INTO `country_currency` (`COUNTRY_CURRENCY_ID`, `TENANT_ID`, `ORG_ID`, `COUNTRY_NAME`, `CURRENCY_NAME`, `CODE`, `SYMBOL`, `CONVERSION_RATE`, `STATUS`, `WHEN_CREATED`, `STATUS_TLM`, `LAST_UPDATED`) VALUES
	(1, 1, 1, 'USA', 'Dollars', 'USD', '$', 60.7, 'ACTIVE', '2018-01-11 21:29:23', '2018-04-15 12:00:51', '2018-04-15 14:39:08'),
	(2, 1, 1, 'Australia', 'Dollars', 'AUD', '$', 67, 'ACTIVE', '2018-01-11 21:29:23', '2018-04-15 12:00:51', '2018-04-15 14:39:07'),
	(3, 1, 1, 'Germany', 'Euro', 'EUR', '', 1, 'ACTIVE', '2018-01-11 21:29:23', '2018-04-15 12:00:51', '2019-09-23 09:04:38'),
	(4, 1, 1, 'UK', 'Pounds', 'GBP', '', 1, 'ACTIVE', '2018-01-11 21:29:23', '2018-04-15 12:00:51', '2019-09-23 09:04:40'),
	(5, 1, 1, 'India', 'Rupees', 'INR', 'Rs', 1, 'ACTIVE', '2018-01-11 21:29:23', '2018-04-15 12:00:51', '2019-09-23 09:04:42'),
	(6, 1, 1, 'Japan', 'Yen', 'JPY', '', 1, 'ACTIVE', '2018-01-11 21:29:23', '2018-04-15 12:00:51', '2019-09-23 09:04:43');
/*!40000 ALTER TABLE `country_currency` ENABLE KEYS */;


-- Dumping structure for table univision.customer_data
CREATE TABLE IF NOT EXISTS `customer_data` (
  `customer_data_id` int(11) unsigned NOT NULL AUTO_INCREMENT,
  `string_field1` varchar(50) DEFAULT NULL,
  `string_field2` varchar(50) DEFAULT NULL,
  `string_field3` varchar(50) DEFAULT NULL,
  `string_field4` varchar(50) DEFAULT NULL,
  `string_field5` varchar(50) DEFAULT NULL,
  `text_field1` text,
  `text_field2` text,
  `integer_field1` bigint(20) DEFAULT NULL,
  `integer_field2` bigint(20) DEFAULT NULL,
  `integer_field3` bigint(20) DEFAULT NULL,
  `decimal_field1` double DEFAULT NULL,
  `decimal_field2` double DEFAULT NULL,
  `decimal_field3` double DEFAULT NULL,
  `decimal_field4` double DEFAULT NULL,
  `decimal_field5` double DEFAULT NULL,
  `decimal_field6` double DEFAULT NULL,
  `decimal_field7` double DEFAULT NULL,
  `decimal_field8` double DEFAULT NULL,
  `decimal_field9` double DEFAULT NULL,
  `decimal_field10` double DEFAULT NULL,
  `decimal_field11` double DEFAULT NULL,
  `decimal_field12` double DEFAULT NULL,
  `decimal_field13` double DEFAULT NULL,
  `decimal_field14` double DEFAULT NULL,
  `decimal_field15` double DEFAULT NULL,
  `decimal_field16` double DEFAULT NULL,
  `decimal_field17` double DEFAULT NULL,
  `decimal_field18` double DEFAULT NULL,
  `decimal_field19` double DEFAULT NULL,
  `decimal_field20` double DEFAULT NULL,
  PRIMARY KEY (`customer_data_id`)
) ENGINE=InnoDB DEFAULT CHARSET=utf8;

-- Dumping data for table univision.customer_data: ~0 rows (approximately)
DELETE FROM `customer_data`;
/*!40000 ALTER TABLE `customer_data` DISABLE KEYS */;
/*!40000 ALTER TABLE `customer_data` ENABLE KEYS */;


-- Dumping structure for table univision.customise_view
CREATE TABLE IF NOT EXISTS `customise_view` (
  `CUSTOMISE_VIEW_ID` int(11) unsigned NOT NULL AUTO_INCREMENT,
  `ORG_ID` int(11) unsigned NOT NULL,
  `TENANT_ID` int(11) unsigned NOT NULL,
  `LOADED` bit(1) NOT NULL DEFAULT b'0',
  `NAME` varchar(200) NOT NULL,
  `DESCRIPTION` varchar(2000) NOT NULL,
  `TEMPLATE` longtext NOT NULL,
  `TEMPLATE_LOCATION_ID` int(11) unsigned NOT NULL,
  `STATUS` enum('INACTIVE','ACTIVE') NOT NULL DEFAULT 'ACTIVE',
  `STATUS_TLM` datetime NOT NULL,
  `WHEN_CREATED` datetime NOT NULL,
  `MODIFIED_BY` int(11) unsigned NOT NULL,
  `CREATED_BY` int(11) unsigned NOT NULL,
  `LAST_UPDATED` timestamp NOT NULL DEFAULT CURRENT_TIMESTAMP ON UPDATE CURRENT_TIMESTAMP,
  PRIMARY KEY (`CUSTOMISE_VIEW_ID`),
  KEY `FK_CUSTOMISE_VIEW_ORGANIZATION` (`ORG_ID`),
  KEY `FK_CUSTOMISE_VIEW_TENANT` (`TENANT_ID`),
  KEY `FK_CUSTOMISE_VIEW_TEMPLATE_LOCATION` (`TEMPLATE_LOCATION_ID`),
  KEY `FK_CUSTOMISE_VIEW_EMPLOYEE_MASTER` (`MODIFIED_BY`),
  KEY `FK_CUSTOMISE_VIEW_EMPLOYEE_MASTER_2` (`CREATED_BY`),
  CONSTRAINT `FK_CUSTOMISE_VIEW_EMPLOYEE_MASTER` FOREIGN KEY (`MODIFIED_BY`) REFERENCES `employee_master` (`EMPLOYEE_MASTER_ID`),
  CONSTRAINT `FK_CUSTOMISE_VIEW_EMPLOYEE_MASTER_2` FOREIGN KEY (`CREATED_BY`) REFERENCES `employee_master` (`EMPLOYEE_MASTER_ID`),
  CONSTRAINT `FK_CUSTOMISE_VIEW_ORGANIZATION` FOREIGN KEY (`ORG_ID`) REFERENCES `organization` (`ORG_ID`),
  CONSTRAINT `FK_CUSTOMISE_VIEW_TEMPLATE_LOCATION` FOREIGN KEY (`TEMPLATE_LOCATION_ID`) REFERENCES `template_location` (`TEMPLATE_LOCATION_ID`),
  CONSTRAINT `FK_CUSTOMISE_VIEW_TENANT` FOREIGN KEY (`TENANT_ID`) REFERENCES `tenant` (`TENANT_ID`)
) ENGINE=InnoDB AUTO_INCREMENT=22 DEFAULT CHARSET=latin1;

-- Dumping data for table univision.customise_view: ~8 rows (approximately)
DELETE FROM `customise_view`;
/*!40000 ALTER TABLE `customise_view` DISABLE KEYS */;
INSERT INTO `customise_view` (`CUSTOMISE_VIEW_ID`, `ORG_ID`, `TENANT_ID`, `LOADED`, `NAME`, `DESCRIPTION`, `TEMPLATE`, `TEMPLATE_LOCATION_ID`, `STATUS`, `STATUS_TLM`, `WHEN_CREATED`, `MODIFIED_BY`, `CREATED_BY`, `LAST_UPDATED`) VALUES
	(9, 1, 1, b'1', 'All Budget', 'Basepay -  Bonus -  Stock budgets', '[ {\r\n  "id" : 0,\r\n  "fields" : [ {\r\n    "id" : "38",\r\n    "type" : "metadata"\r\n  }, {\r\n    "id" : "39",\r\n    "type" : "metadata"\r\n  }, {\r\n    "id" : "40",\r\n    "type" : "metadata"\r\n  }, {\r\n    "id" : "45",\r\n    "type" : "metadata"\r\n  }, {\r\n    "id" : "46",\r\n    "type" : "metadata"\r\n  }, {\r\n    "id" : "47",\r\n    "type" : "metadata"\r\n  }, {\r\n    "id" : "50",\r\n    "type" : "metadata"\r\n  }, {\r\n    "id" : "51",\r\n    "type" : "metadata"\r\n  }, {\r\n    "id" : "52",\r\n    "type" : "metadata"\r\n  } ]\r\n} ]', 1, 'ACTIVE', '2018-01-25 20:42:17', '2018-01-25 20:42:17', 13, 13, '2019-11-01 21:50:26'),
	(10, 1, 1, b'1', 'Employee Analytics', 'Analytic of employee', '[ {\r\n  "id" : 0,\r\n  "fields" : [ {\r\n    "id" : "31",\r\n   "type": "metadata"\r\n  }, {\r\n    "id" : "32",\r\n   "type": "metadata"\r\n  }, {\r\n    "id" : "26",\r\n   "type": "metadata"\r\n  }, {\r\n    "id" : "27",\r\n   "type": "metadata"\r\n  }, {\r\n    "id" : "28",   \r\n"type": "metadata"\r\n  }, {\r\n    "id" : "29",\r\n   "type": "metadata"\r\n  } ]\r\n} ]', 2, 'ACTIVE', '2018-02-04 11:21:07', '2018-02-04 11:21:07', 13, 13, '2019-11-01 21:50:28'),
	(11, 1, 1, b'1', 'Salary Counter', 'Planning page salary counter ', '[ {\r\n  "id" : 0,\r\n  "fields" : [ {\r\n    "id" : "31",\r\n   "type": "metadata"\r\n  }, {\r\n    "id" : "197",\r\n   "type": "metadata"\r\n  }, {\r\n    "id" : "196",\r\n   "type": "metadata"\r\n  } ]\r\n} ]', 4, 'ACTIVE', '2018-02-04 11:21:07', '2018-02-04 11:21:07', 13, 13, '2019-11-01 21:50:30'),
	(12, 1, 1, b'1', 'Dasboard Salary View', 'Direct report salary view', '[ {\r\n  "id" : 0,\r\n  "fields" : [ {\r\n    "id" : "32",\r\n    "type" : "metadata"\r\n  }, {\r\n    "id" : "34",\r\n    "type" : "metadata"\r\n  } ]\r\n} ]', 5, 'ACTIVE', '2018-03-12 11:20:34', '2018-03-12 11:20:34', 13, 13, '2019-11-01 21:50:32'),
	(17, 1, 1, b'1', 'PM Lite', 'PM lite', '[ {\r\n  "id" : 0,\r\n  "fields" : [ {\r\n    "id" : "31",\r\n   "type": "metadata"\r\n  }, {\r\n    "id" : "32",\r\n   "type": "metadata"\r\n  }, {\r\n    "id" : "26",\r\n   "type": "metadata"\r\n  }, {\r\n    "id" : "27",\r\n   "type": "metadata"\r\n  }, {\r\n    "id" : "28",\r\n   "type": "metadata"\r\n  }, {\r\n    "id" : "29",\r\n   "type": "metadata"\r\n  } ]\r\n} ]', 3, 'ACTIVE', '2018-05-24 23:18:03', '2018-05-24 23:18:03', 13, 13, '2019-11-01 21:50:34'),
	(19, 1, 1, b'1', 'Budget Grid', 'Budget Grid', '[ {\r\n  "id" : 0,\r\n  "fields" : [ {\r\n    "id" : "38",\r\n    "type" : "metadata"\r\n  }, {\r\n    "id" : "39",\r\n    "type" : "metadata"\r\n  }, {\r\n    "id" : "40",\r\n    "type" : "metadata"\r\n  }, {\r\n    "id" : "45",\r\n    "type" : "metadata"\r\n  }, {\r\n    "id" : "46",\r\n    "type" : "metadata"\r\n  }, {\r\n    "id" : "47",\r\n    "type" : "metadata"\r\n  }, {\r\n    "id" : "192",\r\n    "type" : "metadata"\r\n  }, {\r\n    "id" : "193",\r\n    "type" : "metadata"\r\n  }, {\r\n    "id" : "194",\r\n    "type" : "metadata"\r\n  } ]\r\n} ]', 6, 'ACTIVE', '2018-09-27 09:40:14', '2018-09-27 09:40:14', 13, 13, '2019-04-19 10:00:36'),
	(20, 1, 1, b'1', 'All Reports Budget Details', 'All Reports Planning Budget Grid', '[ {\r\n  "id" : 0,\r\n  "fields" : [ {\r\n    "id" : "277",\r\n    "type" : "metadata"\r\n  }, {\r\n    "id" : "284",\r\n    "type" : "metadata"\r\n  } ]\r\n} ]', 7, 'ACTIVE', '2019-09-21 14:11:24', '2019-09-21 14:11:24', 13, 13, '2019-09-21 14:22:33'),
	(21, 1, 1, b'1', 'Employee Analytics Filter', 'Employee Analytics Filter', '[ {\r\n  "id" : 0,\r\n  "fields" : [ {\r\n    "id" : "156",\r\n    "type" : "metadata"\r\n  }, {\r\n    "id" : "175",\r\n    "type" : "metadata"\r\n  }, {\r\n    "id" : "166",\r\n    "type" : "metadata"\r\n  }, {\r\n    "id" : "172",\r\n    "type" : "metadata"\r\n  }, {\r\n    "id" : "169",\r\n    "type" : "metadata"\r\n  } ]\r\n} ]', 8, 'ACTIVE', '2019-09-21 18:01:51', '2019-09-21 18:01:51', 13, 13, '2019-09-21 18:01:51');
/*!40000 ALTER TABLE `customise_view` ENABLE KEYS */;


-- Dumping structure for table univision.data_sync
CREATE TABLE IF NOT EXISTS `data_sync` (
  `DATA_SYNC_ID` int(11) unsigned NOT NULL AUTO_INCREMENT,
  `ORG_ID` int(11) unsigned NOT NULL,
  `TENANT_ID` int(11) unsigned NOT NULL,
  `CACHE_NAME` varchar(50) NOT NULL,
  `IDENTIFIER` varchar(50) NOT NULL,
  `CACHE_DESC` varchar(50) DEFAULT NULL,
  `STATUS` enum('ACTIVE','INACTIVE') NOT NULL DEFAULT 'ACTIVE',
  `STATUS_TLM` datetime NOT NULL,
  `WHEN_CREATED` datetime NOT NULL,
  `TLM` timestamp NOT NULL DEFAULT CURRENT_TIMESTAMP ON UPDATE CURRENT_TIMESTAMP,
  PRIMARY KEY (`DATA_SYNC_ID`),
  KEY `FK_DATA_SYNC_ORGANIZATION` (`ORG_ID`),
  KEY `FK_DATA_SYNC_TENANT` (`TENANT_ID`),
  CONSTRAINT `FK_DATA_SYNC_ORGANIZATION` FOREIGN KEY (`ORG_ID`) REFERENCES `organization` (`ORG_ID`),
  CONSTRAINT `FK_DATA_SYNC_TENANT` FOREIGN KEY (`TENANT_ID`) REFERENCES `tenant` (`TENANT_ID`)
) ENGINE=InnoDB AUTO_INCREMENT=23 DEFAULT CHARSET=latin1;

-- Dumping data for table univision.data_sync: ~20 rows (approximately)
DELETE FROM `data_sync`;
/*!40000 ALTER TABLE `data_sync` DISABLE KEYS */;
INSERT INTO `data_sync` (`DATA_SYNC_ID`, `ORG_ID`, `TENANT_ID`, `CACHE_NAME`, `IDENTIFIER`, `CACHE_DESC`, `STATUS`, `STATUS_TLM`, `WHEN_CREATED`, `TLM`) VALUES
	(3, 1, 1, 'Connector Data', 'ConnectorDataCacheTask', 'ConnectorDataCacheTask', 'ACTIVE', '2019-02-28 16:39:29', '2019-02-28 16:39:31', '2019-02-28 18:41:03'),
	(4, 1, 1, 'Employee Meta Data', 'EmployeeMetaDataCacheTask', 'EmployeeMetaDataCacheTask', 'ACTIVE', '2019-02-28 16:39:29', '2019-02-28 16:39:31', '2019-02-28 18:40:47'),
	(5, 1, 1, 'Meta Data', 'MetaDataCacheTask', 'MetaDataCacheTask', 'ACTIVE', '2019-02-28 16:39:29', '2019-02-28 16:39:31', '2019-02-28 18:40:14'),
	(6, 1, 1, 'Employee Data', 'EmployeeDataCacheTask', 'EmployeeDataCacheTask', 'ACTIVE', '2019-02-28 16:39:29', '2019-02-28 16:39:31', '2019-02-28 18:40:52'),
	(7, 1, 1, 'Setting Data', 'SettingDataCacheTask', 'SettingDataCacheTask', 'ACTIVE', '2019-02-28 16:39:29', '2019-02-28 16:39:31', '2019-02-28 18:39:33'),
	(8, 1, 1, 'Activity Log Data', 'ActivityLogDataCacheTask', 'ActivityLogDataCacheTask', 'ACTIVE', '2019-02-28 16:39:29', '2019-02-28 16:39:31', '2019-02-28 18:41:26'),
	(9, 1, 1, 'Plan Data', 'PlanDataCacheTask', 'PlanDataCacheTask', 'ACTIVE', '2019-02-28 16:39:29', '2019-02-28 16:39:31', '2019-02-28 18:40:03'),
	(10, 1, 1, 'Management Data', 'ManagementDataCacheTask', 'ManagementDataCacheTask', 'ACTIVE', '2019-02-28 16:39:29', '2019-02-28 16:39:31', '2019-02-28 18:40:21'),
	(11, 1, 1, 'Hierarchy Data', 'HierarchyDataCacheTask', 'HierarchyDataCacheTask', 'ACTIVE', '2019-02-28 16:39:29', '2019-02-28 16:39:31', '2019-02-28 18:40:28'),
	(12, 1, 1, 'System Data', 'SystemDataCacheTask', 'SystemDataCacheTask', 'ACTIVE', '2019-02-28 16:39:29', '2019-02-28 16:39:31', '2019-02-28 18:39:28'),
	(13, 1, 1, 'View Builder', 'ViewBuilderDataCacheTask', 'ViewBuilderDataCacheTask', 'ACTIVE', '2019-02-28 16:39:29', '2019-02-28 16:39:31', '2019-02-28 18:38:56'),
	(14, 1, 1, 'Guideline Data', 'GuidelineDataCacheTask', 'GuidelineDataCacheTask', 'ACTIVE', '2019-02-28 16:39:29', '2019-02-28 16:39:31', '2019-02-28 18:40:38'),
	(15, 1, 1, 'Budget Data', 'BudgetDataCacheTask', 'BudgetDataCacheTask', 'ACTIVE', '2019-02-28 16:39:29', '2019-02-28 16:39:31', '2019-02-28 18:41:10'),
	(16, 1, 1, 'Rule Engine', 'RuleEngineDataCacheTask', 'RuleEngineDataCacheTask', 'ACTIVE', '2019-02-28 16:39:29', '2019-02-28 16:39:31', '2019-02-28 18:39:41'),
	(17, 1, 1, 'Report Data', 'ReportDataCacheTask', 'ReportDataCacheTask', 'ACTIVE', '2019-02-28 16:39:29', '2019-02-28 16:39:31', '2019-02-28 18:39:51'),
	(18, 1, 1, 'Performance Review', 'PerformanceReviewDataCacheTask', 'PerformanceReviewDataCacheTask', 'ACTIVE', '2019-02-28 16:39:29', '2019-02-28 16:39:31', '2019-02-28 18:40:09'),
	(19, 1, 1, 'Validation', 'ValidationDataCacheTask', 'ValidationDataCacheTask', 'ACTIVE', '2019-02-28 16:39:29', '2019-02-28 16:39:31', '2019-02-28 18:39:02'),
	(20, 1, 1, 'Template Location', 'TemplateLocationDataCacheTask', 'TemplateLocationDataCacheTask', 'ACTIVE', '2019-02-28 16:39:29', '2019-02-28 16:39:31', '2019-02-28 18:39:19'),
	(21, 1, 1, 'Attribute Data', 'AttributeDataCacheTask', 'AttributeDataCacheTask', 'ACTIVE', '2019-02-28 16:39:29', '2019-02-28 16:39:31', '2019-02-28 18:41:17'),
	(22, 1, 1, 'User Defined Property', 'UserDefinedPropertyDataCacheTask', 'UserDefinedPropertyDataCacheTask', 'ACTIVE', '2019-02-28 16:39:29', '2019-02-28 16:39:31', '2019-02-28 18:39:13');
/*!40000 ALTER TABLE `data_sync` ENABLE KEYS */;


-- Dumping structure for table univision.department
CREATE TABLE IF NOT EXISTS `department` (
  `DEPT_ID` int(11) unsigned NOT NULL AUTO_INCREMENT,
  `TENANT_ID` int(11) unsigned NOT NULL,
  `ORG_ID` int(11) unsigned NOT NULL,
  `DEPT_NAME` varchar(50) NOT NULL,
  `BUSINESS_UNIT_ID` int(11) unsigned DEFAULT NULL,
  `DISPLAY_NAME` varchar(50) DEFAULT NULL,
  `DEPT_DESC` varchar(50) DEFAULT NULL,
  `DEPT_ADDRESS` varchar(50) DEFAULT NULL,
  `DEPT_PHONE` varchar(50) DEFAULT NULL,
  `DEPT_EMAIL` varchar(50) DEFAULT NULL,
  `IDENTIFICATION_NO` varchar(50) DEFAULT NULL,
  `DEPT_CODE` varchar(50) DEFAULT NULL,
  `ACTUAL_REVENUE` double DEFAULT NULL,
  `ACTUAL_SALES` double DEFAULT NULL,
  `ACTUAL_PROFIT` double DEFAULT NULL,
  `FREQUENCY` varchar(50) DEFAULT NULL,
  `PERIOD_START_DATE` date DEFAULT NULL,
  `PERIOD_END_DATE` date DEFAULT NULL,
  `TARGET_REVENUE` double DEFAULT NULL,
  `TARGET_SALES` double DEFAULT NULL,
  `TARGET_PROFIT` double DEFAULT NULL,
  `REVENUE_MULTIPLIER` double DEFAULT NULL,
  `SALES_MULTIPLIER` double DEFAULT NULL,
  `PROFIT_MULTIPLIER` double DEFAULT NULL,
  `STATUS` enum('ACTIVE','INACTIVE') NOT NULL DEFAULT 'ACTIVE',
  `STATUS_TLM` datetime NOT NULL,
  `WHEN_CREATED` datetime NOT NULL,
  `LAST_UPDATED` timestamp NOT NULL DEFAULT CURRENT_TIMESTAMP ON UPDATE CURRENT_TIMESTAMP,
  PRIMARY KEY (`DEPT_ID`),
  KEY `FK_DEPARTMENT_TENANT` (`TENANT_ID`),
  KEY `FK_DEPARTMENT_BUSINESS_UNIT` (`BUSINESS_UNIT_ID`),
  KEY `FK_DEPARTMENT_ORGANIZATION` (`ORG_ID`),
  CONSTRAINT `FK_DEPARTMENT_BUSINESS_UNIT` FOREIGN KEY (`BUSINESS_UNIT_ID`) REFERENCES `business_unit` (`BUSINESS_UNIT_ID`),
  CONSTRAINT `FK_DEPARTMENT_ORGANIZATION` FOREIGN KEY (`ORG_ID`) REFERENCES `organization` (`ORG_ID`),
  CONSTRAINT `FK_DEPARTMENT_TENANT` FOREIGN KEY (`TENANT_ID`) REFERENCES `tenant` (`TENANT_ID`)
) ENGINE=InnoDB AUTO_INCREMENT=5 DEFAULT CHARSET=utf8 ROW_FORMAT=COMPACT;

-- Dumping data for table univision.department: ~4 rows (approximately)
DELETE FROM `department`;
/*!40000 ALTER TABLE `department` DISABLE KEYS */;
INSERT INTO `department` (`DEPT_ID`, `TENANT_ID`, `ORG_ID`, `DEPT_NAME`, `BUSINESS_UNIT_ID`, `DISPLAY_NAME`, `DEPT_DESC`, `DEPT_ADDRESS`, `DEPT_PHONE`, `DEPT_EMAIL`, `IDENTIFICATION_NO`, `DEPT_CODE`, `ACTUAL_REVENUE`, `ACTUAL_SALES`, `ACTUAL_PROFIT`, `FREQUENCY`, `PERIOD_START_DATE`, `PERIOD_END_DATE`, `TARGET_REVENUE`, `TARGET_SALES`, `TARGET_PROFIT`, `REVENUE_MULTIPLIER`, `SALES_MULTIPLIER`, `PROFIT_MULTIPLIER`, `STATUS`, `STATUS_TLM`, `WHEN_CREATED`, `LAST_UPDATED`) VALUES
	(1, 1, 1, 'Human Resource', 2, 'Human Resource', 'Human Resource', 'Bangalore', '7204722818', 'hr@gmail.com', NULL, NULL, NULL, NULL, NULL, NULL, '2018-02-24', '2018-02-24', NULL, NULL, NULL, NULL, NULL, NULL, 'ACTIVE', '2016-08-06 12:52:25', '2018-02-24 22:37:53', '2018-09-02 12:46:07'),
	(2, 1, 1, 'Sales and Operations', 1, 'Sales and Operations', 'Sales and Operations', 'Bangalore', '7204722818', NULL, NULL, NULL, NULL, NULL, NULL, NULL, '2018-02-24', '2018-02-24', NULL, NULL, NULL, NULL, NULL, NULL, 'ACTIVE', '2016-08-06 12:52:25', '2018-02-24 22:37:53', '2019-03-30 19:31:31'),
	(3, 1, 1, 'Finance', 1, 'Finance', 'Finance', 'Bangalore', '7204722818', NULL, NULL, NULL, NULL, NULL, NULL, NULL, '2018-02-24', '2018-02-24', NULL, NULL, NULL, NULL, NULL, NULL, 'ACTIVE', '2016-08-06 12:52:25', '2018-02-24 22:37:53', '2019-05-19 17:12:25'),
	(4, 1, 1, 'Marketing', 1, 'Marketing', 'Marketing', 'Bangalore', '7204722818', 'sdf@gmail.com', 'fg43', '45te', 34211, 4, 34234, '3fdfgd', '2018-05-17', '2018-02-24', 324, 54, 45, 45, 4534, 45, 'ACTIVE', '2016-08-06 12:52:25', '2018-02-24 22:37:53', '2019-05-19 17:13:15');
/*!40000 ALTER TABLE `department` ENABLE KEYS */;


-- Dumping structure for table univision.employee_data
CREATE TABLE IF NOT EXISTS `employee_data` (
  `EMPLOYEE_DATA_ID` int(11) unsigned NOT NULL AUTO_INCREMENT,
  `EMPLOYEE_MASTER_ID` int(11) unsigned NOT NULL,
  `TENANT_ID` int(11) unsigned NOT NULL,
  `ORG_ID` int(11) unsigned NOT NULL,
  `CURRENT_BUSINESS_UNIT_ID` int(11) unsigned DEFAULT NULL,
  `NEW_BUSINESS_UNIT_ID` int(11) unsigned DEFAULT NULL,
  `CURRENT_DEPT_ID` int(11) unsigned DEFAULT NULL,
  `NEW_DEPT_ID` int(11) unsigned DEFAULT NULL,
  `CURRENT_GROUP_ID` int(11) unsigned DEFAULT NULL,
  `NEW_GROUP_ID` int(11) unsigned DEFAULT NULL,
  `CURRENT_JOB_FAMILY_ID` int(11) unsigned DEFAULT NULL,
  `CURRENT_JOB_ID` int(11) unsigned DEFAULT NULL,
  `NEW_JOB_ID` int(11) unsigned DEFAULT NULL,
  `CURRENT_JOB_LEVEL_ID` int(11) unsigned DEFAULT NULL,
  `NEW_JOB_LEVEL_ID` int(11) unsigned DEFAULT NULL,
  `NEW_JOB_FAMILY_ID` int(11) unsigned DEFAULT NULL,
  `CURRENT_JOB_ROLE_ID` int(11) unsigned DEFAULT NULL,
  `NEW_JOB_ROLE_ID` int(11) unsigned DEFAULT NULL,
  `CURRENT_JOB_GRADE_ID` int(11) unsigned DEFAULT NULL,
  `NEW_JOB_GRADE_ID` int(11) unsigned DEFAULT NULL,
  `CURRENT_PERF_RATING_ID` int(11) unsigned DEFAULT NULL,
  `NEW_PERF_RATING_ID` int(11) unsigned DEFAULT NULL,
  `CURRENT_PERF_RATING_EXTRA_ID` int(11) unsigned DEFAULT NULL,
  `NEW_PERF_RATING_EXTRA_ID` int(11) unsigned DEFAULT NULL,
  `AUDIT_ID` int(11) unsigned DEFAULT NULL,
  `COUNTRY_CURRENCY_ID` int(11) unsigned DEFAULT NULL,
  `CURRENT_INTERNAL_ANALYSIS_DATA_ID` int(11) unsigned DEFAULT NULL,
  `NEW_INTERNAL_ANALYSIS_DATA_ID` int(11) unsigned DEFAULT NULL,
  `CURRENT_EXTERNAL_ANALYSIS_DATA_ID` int(11) unsigned DEFAULT NULL,
  `NEW_EXTERNAL_ANALYSIS_DATA_ID` int(11) unsigned DEFAULT NULL,
  `customer_data_id` int(11) unsigned DEFAULT NULL,
  `LAST_UPDATED` timestamp NOT NULL DEFAULT CURRENT_TIMESTAMP ON UPDATE CURRENT_TIMESTAMP,
  PRIMARY KEY (`EMPLOYEE_DATA_ID`),
  KEY `FK_EMPLOYEE_DATA_TENANT` (`TENANT_ID`),
  KEY `FK_EMPLOYEE_DATA_ORGANIZATION` (`ORG_ID`),
  KEY `FK_EMPLOYEE_DATA_BUSINESS_UNIT` (`CURRENT_BUSINESS_UNIT_ID`),
  KEY `FK_EMPLOYEE_DATA_DEPARTMENT` (`CURRENT_DEPT_ID`),
  KEY `FK_EMPLOYEE_DATA_GROUP` (`CURRENT_GROUP_ID`),
  KEY `FK_EMPLOYEE_DATA_CURRENT_JOB` (`CURRENT_JOB_ID`),
  KEY `FK_EMPLOYEE_DATA_NEW_JOB` (`NEW_JOB_ID`),
  KEY `FK_EMPLOYEE_DATA_AUDIT` (`AUDIT_ID`),
  KEY `FK_EMPLOYEE_DATA_PERFORMANCE_RATING` (`CURRENT_PERF_RATING_ID`),
  KEY `FK_EMPLOYEE_DATA_EMPLOYEE_MASTER` (`EMPLOYEE_MASTER_ID`),
  KEY `FK_EMPLOYEE_DATA_COUNTRY_CURRENCY` (`COUNTRY_CURRENCY_ID`),
  KEY `FK_EMPLOYEE_DATA_INTERNAL_ANALYSIS_DATA` (`CURRENT_INTERNAL_ANALYSIS_DATA_ID`),
  KEY `FK_EMPLOYEE_DATA_EXTERNAL_ANALYSIS_DATA` (`CURRENT_EXTERNAL_ANALYSIS_DATA_ID`),
  KEY `FK_employee_data_customer_data` (`customer_data_id`),
  KEY `FK_employee_data_job_family` (`CURRENT_JOB_FAMILY_ID`),
  KEY `FK_employee_data_job_role` (`CURRENT_JOB_ROLE_ID`),
  KEY `FK_employee_data_job_grade` (`CURRENT_JOB_GRADE_ID`),
  KEY `FK_employee_data_job_level` (`CURRENT_JOB_LEVEL_ID`),
  KEY `FK_employee_data_business_unit2` (`NEW_BUSINESS_UNIT_ID`),
  KEY `FK_employee_data_department2` (`NEW_DEPT_ID`),
  KEY `FK_employee_data_employee_group2` (`NEW_GROUP_ID`),
  KEY `FK_employee_data_job_family_2` (`NEW_JOB_FAMILY_ID`),
  KEY `FK_employee_data_job_role_2` (`NEW_JOB_ROLE_ID`),
  KEY `FK_employee_data_job_grade_2` (`NEW_JOB_GRADE_ID`),
  KEY `FK_employee_data_performance_rating2` (`NEW_PERF_RATING_ID`),
  KEY `FK_employee_data_job_level_2` (`NEW_JOB_LEVEL_ID`),
  KEY `FK_employee_data_performance_rating_extra` (`CURRENT_PERF_RATING_EXTRA_ID`),
  KEY `FK_employee_data_performance_rating_extra_2` (`NEW_PERF_RATING_EXTRA_ID`),
  KEY `FK_employee_data_internal_analysis_data2` (`NEW_INTERNAL_ANALYSIS_DATA_ID`),
  KEY `FK_employee_data_external_analysis_data2` (`NEW_EXTERNAL_ANALYSIS_DATA_ID`),
  CONSTRAINT `FK_EMPLOYEE_DATA_AUDIT` FOREIGN KEY (`AUDIT_ID`) REFERENCES `audit` (`AUDIT_ID`),
  CONSTRAINT `FK_EMPLOYEE_DATA_BUSINESS_UNIT` FOREIGN KEY (`CURRENT_BUSINESS_UNIT_ID`) REFERENCES `business_unit` (`BUSINESS_UNIT_ID`),
  CONSTRAINT `FK_EMPLOYEE_DATA_COUNTRY_CURRENCY` FOREIGN KEY (`COUNTRY_CURRENCY_ID`) REFERENCES `country_currency` (`COUNTRY_CURRENCY_ID`),
  CONSTRAINT `FK_EMPLOYEE_DATA_CURRENT_JOB` FOREIGN KEY (`CURRENT_JOB_ID`) REFERENCES `job` (`JOB_ID`),
  CONSTRAINT `FK_EMPLOYEE_DATA_DEPARTMENT` FOREIGN KEY (`CURRENT_DEPT_ID`) REFERENCES `department` (`DEPT_ID`),
  CONSTRAINT `FK_EMPLOYEE_DATA_EMPLOYEE_MASTER` FOREIGN KEY (`EMPLOYEE_MASTER_ID`) REFERENCES `employee_master` (`EMPLOYEE_MASTER_ID`),
  CONSTRAINT `FK_EMPLOYEE_DATA_EXTERNAL_ANALYSIS_DATA` FOREIGN KEY (`CURRENT_EXTERNAL_ANALYSIS_DATA_ID`) REFERENCES `external_analysis_data` (`EXTERNAL_ANALYSIS_DATA_ID`),
  CONSTRAINT `FK_EMPLOYEE_DATA_GROUP` FOREIGN KEY (`CURRENT_GROUP_ID`) REFERENCES `employee_group` (`GROUP_ID`),
  CONSTRAINT `FK_EMPLOYEE_DATA_INTERNAL_ANALYSIS_DATA` FOREIGN KEY (`CURRENT_INTERNAL_ANALYSIS_DATA_ID`) REFERENCES `internal_analysis_data` (`INTERNAL_ANALYSIS_DATA_ID`),
  CONSTRAINT `FK_EMPLOYEE_DATA_NEW_JOB` FOREIGN KEY (`NEW_JOB_ID`) REFERENCES `job` (`JOB_ID`),
  CONSTRAINT `FK_EMPLOYEE_DATA_ORGANIZATION` FOREIGN KEY (`ORG_ID`) REFERENCES `organization` (`ORG_ID`),
  CONSTRAINT `FK_EMPLOYEE_DATA_PERFORMANCE_RATING` FOREIGN KEY (`CURRENT_PERF_RATING_ID`) REFERENCES `performance_rating` (`PERF_RATING_ID`),
  CONSTRAINT `FK_EMPLOYEE_DATA_TENANT` FOREIGN KEY (`TENANT_ID`) REFERENCES `tenant` (`TENANT_ID`),
  CONSTRAINT `FK_employee_data_business_unit2` FOREIGN KEY (`NEW_BUSINESS_UNIT_ID`) REFERENCES `business_unit` (`BUSINESS_UNIT_ID`),
  CONSTRAINT `FK_employee_data_customer_data` FOREIGN KEY (`customer_data_id`) REFERENCES `customer_data` (`customer_data_id`),
  CONSTRAINT `FK_employee_data_department2` FOREIGN KEY (`NEW_DEPT_ID`) REFERENCES `department` (`DEPT_ID`),
  CONSTRAINT `FK_employee_data_employee_group2` FOREIGN KEY (`NEW_GROUP_ID`) REFERENCES `employee_group` (`GROUP_ID`),
  CONSTRAINT `FK_employee_data_external_analysis_data2` FOREIGN KEY (`NEW_EXTERNAL_ANALYSIS_DATA_ID`) REFERENCES `external_analysis_data` (`EXTERNAL_ANALYSIS_DATA_ID`),
  CONSTRAINT `FK_employee_data_internal_analysis_data2` FOREIGN KEY (`NEW_INTERNAL_ANALYSIS_DATA_ID`) REFERENCES `internal_analysis_data` (`INTERNAL_ANALYSIS_DATA_ID`),
  CONSTRAINT `FK_employee_data_job_family` FOREIGN KEY (`CURRENT_JOB_FAMILY_ID`) REFERENCES `job_family` (`JOB_FAMILY_ID`),
  CONSTRAINT `FK_employee_data_job_family_2` FOREIGN KEY (`NEW_JOB_FAMILY_ID`) REFERENCES `job_family` (`JOB_FAMILY_ID`),
  CONSTRAINT `FK_employee_data_job_grade` FOREIGN KEY (`CURRENT_JOB_GRADE_ID`) REFERENCES `job_grade` (`JOB_GRADE_ID`),
  CONSTRAINT `FK_employee_data_job_grade_2` FOREIGN KEY (`NEW_JOB_GRADE_ID`) REFERENCES `job_grade` (`JOB_GRADE_ID`),
  CONSTRAINT `FK_employee_data_job_level` FOREIGN KEY (`CURRENT_JOB_LEVEL_ID`) REFERENCES `job_level` (`JOB_LEVEL_ID`),
  CONSTRAINT `FK_employee_data_job_level_2` FOREIGN KEY (`NEW_JOB_LEVEL_ID`) REFERENCES `job_level` (`JOB_LEVEL_ID`),
  CONSTRAINT `FK_employee_data_job_role` FOREIGN KEY (`CURRENT_JOB_ROLE_ID`) REFERENCES `job_role` (`JOB_ROLE_ID`),
  CONSTRAINT `FK_employee_data_job_role_2` FOREIGN KEY (`NEW_JOB_ROLE_ID`) REFERENCES `job_role` (`JOB_ROLE_ID`),
  CONSTRAINT `FK_employee_data_performance_rating2` FOREIGN KEY (`NEW_PERF_RATING_ID`) REFERENCES `performance_rating` (`PERF_RATING_ID`),
  CONSTRAINT `FK_employee_data_performance_rating_extra` FOREIGN KEY (`CURRENT_PERF_RATING_EXTRA_ID`) REFERENCES `performance_rating_extra` (`PERF_RATING_EXTRA_ID`),
  CONSTRAINT `FK_employee_data_performance_rating_extra_2` FOREIGN KEY (`NEW_PERF_RATING_EXTRA_ID`) REFERENCES `performance_rating_extra` (`PERF_RATING_EXTRA_ID`)
) ENGINE=InnoDB AUTO_INCREMENT=14 DEFAULT CHARSET=utf8;

-- Dumping data for table univision.employee_data: ~0 rows (approximately)
DELETE FROM `employee_data`;
/*!40000 ALTER TABLE `employee_data` DISABLE KEYS */;
INSERT INTO `employee_data` (`EMPLOYEE_DATA_ID`, `EMPLOYEE_MASTER_ID`, `TENANT_ID`, `ORG_ID`, `CURRENT_BUSINESS_UNIT_ID`, `NEW_BUSINESS_UNIT_ID`, `CURRENT_DEPT_ID`, `NEW_DEPT_ID`, `CURRENT_GROUP_ID`, `NEW_GROUP_ID`, `CURRENT_JOB_FAMILY_ID`, `CURRENT_JOB_ID`, `NEW_JOB_ID`, `CURRENT_JOB_LEVEL_ID`, `NEW_JOB_LEVEL_ID`, `NEW_JOB_FAMILY_ID`, `CURRENT_JOB_ROLE_ID`, `NEW_JOB_ROLE_ID`, `CURRENT_JOB_GRADE_ID`, `NEW_JOB_GRADE_ID`, `CURRENT_PERF_RATING_ID`, `NEW_PERF_RATING_ID`, `CURRENT_PERF_RATING_EXTRA_ID`, `NEW_PERF_RATING_EXTRA_ID`, `AUDIT_ID`, `COUNTRY_CURRENCY_ID`, `CURRENT_INTERNAL_ANALYSIS_DATA_ID`, `NEW_INTERNAL_ANALYSIS_DATA_ID`, `CURRENT_EXTERNAL_ANALYSIS_DATA_ID`, `NEW_EXTERNAL_ANALYSIS_DATA_ID`, `customer_data_id`, `LAST_UPDATED`) VALUES
	(13, 13, 1, 1, NULL, NULL, NULL, NULL, NULL, NULL, NULL, NULL, NULL, NULL, NULL, NULL, NULL, NULL, NULL, NULL, NULL, NULL, NULL, NULL, NULL, 1, NULL, NULL, NULL, NULL, 13, '2019-12-26 19:19:23');
/*!40000 ALTER TABLE `employee_data` ENABLE KEYS */;


-- Dumping structure for table univision.employee_group
CREATE TABLE IF NOT EXISTS `employee_group` (
  `GROUP_ID` int(11) unsigned NOT NULL AUTO_INCREMENT,
  `TENANT_ID` int(11) unsigned NOT NULL,
  `ORG_ID` int(11) unsigned NOT NULL,
  `BUSINESS_UNIT_ID` int(11) unsigned NOT NULL,
  `DEPT_ID` int(11) unsigned NOT NULL,
  `IDENTIFICATION_NO` varchar(50) DEFAULT NULL,
  `GROUP_CODE` varchar(50) DEFAULT NULL,
  `GROUP_NAME` varchar(50) NOT NULL,
  `DISPLAY_NAME` varchar(50) DEFAULT NULL,
  `GROUP_DESC` varchar(50) DEFAULT NULL,
  `ACTUAL_REVENUE` double DEFAULT NULL,
  `ACTUAL_SALES` double DEFAULT NULL,
  `ACTUAL_PROFIT` double DEFAULT NULL,
  `FREQUENCY` varchar(50) DEFAULT NULL,
  `PERIOD_START_DATE` date DEFAULT NULL,
  `PERIOD_END_DATE` date DEFAULT NULL,
  `TARGET_REVENUE` double DEFAULT NULL,
  `TARGET_SALES` double DEFAULT NULL,
  `TARGET_PROFIT` double DEFAULT NULL,
  `REVENUE_MULTIPLIER` double DEFAULT NULL,
  `SALES_MULTIPLIER` double DEFAULT NULL,
  `PROFIT_MULTIPLIER` double DEFAULT NULL,
  `STATUS` enum('ACTIVE','INACTIVE') NOT NULL DEFAULT 'ACTIVE',
  `STATUS_TLM` datetime NOT NULL,
  `WHEN_CREATED` datetime NOT NULL,
  `LAST_UPDATED` timestamp NOT NULL DEFAULT CURRENT_TIMESTAMP ON UPDATE CURRENT_TIMESTAMP,
  PRIMARY KEY (`GROUP_ID`),
  KEY `FK_GROUP_TENANT` (`TENANT_ID`),
  KEY `FK_GROUP_ORGANIZATION` (`ORG_ID`),
  KEY `FK_GROUP_BUSINESS_UNIT` (`BUSINESS_UNIT_ID`),
  KEY `FK_GROUP_DEPARTMENT` (`DEPT_ID`),
  CONSTRAINT `FK_GROUP_BUSINESS_UNIT` FOREIGN KEY (`BUSINESS_UNIT_ID`) REFERENCES `business_unit` (`BUSINESS_UNIT_ID`),
  CONSTRAINT `FK_GROUP_DEPARTMENT` FOREIGN KEY (`DEPT_ID`) REFERENCES `department` (`DEPT_ID`),
  CONSTRAINT `FK_GROUP_ORGANIZATION` FOREIGN KEY (`ORG_ID`) REFERENCES `organization` (`ORG_ID`),
  CONSTRAINT `FK_GROUP_TENANT` FOREIGN KEY (`TENANT_ID`) REFERENCES `tenant` (`TENANT_ID`)
) ENGINE=InnoDB AUTO_INCREMENT=2 DEFAULT CHARSET=utf8 ROW_FORMAT=COMPACT;

-- Dumping data for table univision.employee_group: ~0 rows (approximately)
DELETE FROM `employee_group`;
/*!40000 ALTER TABLE `employee_group` DISABLE KEYS */;
INSERT INTO `employee_group` (`GROUP_ID`, `TENANT_ID`, `ORG_ID`, `BUSINESS_UNIT_ID`, `DEPT_ID`, `IDENTIFICATION_NO`, `GROUP_CODE`, `GROUP_NAME`, `DISPLAY_NAME`, `GROUP_DESC`, `ACTUAL_REVENUE`, `ACTUAL_SALES`, `ACTUAL_PROFIT`, `FREQUENCY`, `PERIOD_START_DATE`, `PERIOD_END_DATE`, `TARGET_REVENUE`, `TARGET_SALES`, `TARGET_PROFIT`, `REVENUE_MULTIPLIER`, `SALES_MULTIPLIER`, `PROFIT_MULTIPLIER`, `STATUS`, `STATUS_TLM`, `WHEN_CREATED`, `LAST_UPDATED`) VALUES
	(1, 1, 1, 1, 1, 'fs254435', '452', 'HR Group', 'hr group', 'HR group', 121, 22, 23, '34324', '2018-07-16', '2016-07-16', 12, 22, 22, 22, 22, 22, 'ACTIVE', '2016-07-16 20:17:09', '2016-07-16 20:17:09', '2018-09-02 12:58:28');
/*!40000 ALTER TABLE `employee_group` ENABLE KEYS */;


-- Dumping structure for table univision.employee_master
CREATE TABLE IF NOT EXISTS `employee_master` (
  `EMPLOYEE_MASTER_ID` int(11) unsigned NOT NULL AUTO_INCREMENT,
  `TENANT_ID` int(11) unsigned NOT NULL,
  `ORG_ID` int(11) unsigned NOT NULL,
  `AUTHENTICATION_ID` int(11) unsigned DEFAULT NULL,
  `COMPANY_EMPLOYEE_ID` varchar(50) DEFAULT NULL,
  `EMPLOYEE_CODE` varchar(50) DEFAULT NULL,
  `FIRST_NAME` varchar(50) NOT NULL,
  `LAST_NAME` varchar(50) DEFAULT NULL,
  `MIDDLE_NAME` varchar(50) DEFAULT NULL,
  `FULL_NAME` varchar(50) DEFAULT NULL,
  `ALIAS_NAME` varchar(50) DEFAULT NULL,
  `SALUTE` varchar(50) DEFAULT NULL,
  `OFFICE_PHONE` varchar(50) DEFAULT NULL,
  `CELL_PHONE` varchar(50) DEFAULT NULL,
  `EMAIL` varchar(50) DEFAULT NULL,
  `GENDER` varchar(50) DEFAULT NULL,
  `ADDRESS1` varchar(50) DEFAULT NULL,
  `CITY` varchar(50) DEFAULT NULL,
  `STATE` varchar(50) DEFAULT NULL,
  `ZIP` bigint(20) DEFAULT NULL,
  `COUNTRY` varchar(50) DEFAULT NULL,
  `REGION` varchar(50) DEFAULT NULL,
  `ETHNICITY` enum('AMERICAN_INDIAN','ASIAN','AFRICAN_AMERICAN','WHITE','HISPANIC','OTHERS','UNDISCLOSE') DEFAULT NULL,
  `RACE` enum('AMERICAN_INDIAN','ASIAN','BLACK','NATIVE_HAWAIIAN','WHITE') DEFAULT NULL,
  `PHOTO` varchar(500) DEFAULT NULL,
  `JOB_TITLE` varchar(50) DEFAULT NULL,
  `IDENTIFICATION_NO` varchar(50) DEFAULT NULL,
  `DOB` date DEFAULT NULL,
  `IDENTIFICATION_NAME` varchar(50) DEFAULT NULL,
  `SUPERVISOR_ID` int(11) unsigned DEFAULT NULL,
  `HR_ID` int(11) unsigned DEFAULT NULL,
  `HR_CONTACT` varchar(500) DEFAULT NULL,
  `SUPERVISOR_NAME` varchar(50) DEFAULT NULL,
  `LEVEL_POSITION` int(11) DEFAULT NULL,
  `HIRE_DATE` date DEFAULT NULL,
  `REHIRE_DATE` date DEFAULT NULL,
  `STATUS` enum('ACTIVE','INACTIVE') NOT NULL DEFAULT 'ACTIVE',
  `EMPLOYMENT_TYPE` varchar(50) DEFAULT NULL,
  `EMPLOYEE_TYPE` varchar(50) DEFAULT NULL,
  `HOURS_WORKED` int(11) DEFAULT NULL,
  `HOURS_STANDARD` int(11) DEFAULT NULL,
  `CURRENT_ANNUAL_BASEPAY` double NOT NULL,
  `HOURLY_WAGE` double DEFAULT NULL,
  `CURRENT_TOTAL_COMPENSATION` double DEFAULT '0',
  `NEW_TOTAL_COMPENSATION` double DEFAULT '0',
  `TOTAL_COMPENSATION_INCREASE` double DEFAULT '0',
  `YTD_BASE` double DEFAULT '0',
  `INVITATION_STATUS` bit(1) NOT NULL DEFAULT b'0',
  `CREATED_BY` int(11) unsigned NOT NULL,
  `CREATED_DATE` datetime DEFAULT NULL,
  `STATUS_TLM` datetime NOT NULL,
  `UPDATE_BY` int(10) unsigned NOT NULL,
  `LAST_UPDATE` timestamp NULL DEFAULT CURRENT_TIMESTAMP ON UPDATE CURRENT_TIMESTAMP,
  PRIMARY KEY (`EMPLOYEE_MASTER_ID`),
  KEY `FK_EMPLOYEE_MASTER_TENANT` (`TENANT_ID`),
  KEY `FK_EMPLOYEE_MASTER_ORGANIZATION` (`ORG_ID`),
  KEY `FK_EMPLOYEE_MASTER_AUTHENTICATION` (`AUTHENTICATION_ID`),
  KEY `FK_EMPLOYEE_MASTER_EMPLOYEE_MASTER` (`SUPERVISOR_ID`),
  KEY `FK_EMPLOYEE_MASTER_EMPLOYEE_MASTER_2` (`CREATED_BY`),
  KEY `FK_EMPLOYEE_MASTER_EMPLOYEE_MASTER_3` (`UPDATE_BY`),
  KEY `FK_EMPLOYEE_MASTER_EMPLOYEE_MASTER_4` (`FULL_NAME`),
  KEY `FK_EMPLOYEE_MASTER_EMPLOYEE_MASTER_5` (`HR_ID`),
  CONSTRAINT `FK_EMPLOYEE_MASTER_AUTHENTICATION` FOREIGN KEY (`AUTHENTICATION_ID`) REFERENCES `authentication` (`AUTHENTICATION_ID`),
  CONSTRAINT `FK_EMPLOYEE_MASTER_EMPLOYEE_MASTER` FOREIGN KEY (`SUPERVISOR_ID`) REFERENCES `employee_master` (`EMPLOYEE_MASTER_ID`),
  CONSTRAINT `FK_EMPLOYEE_MASTER_EMPLOYEE_MASTER_2` FOREIGN KEY (`CREATED_BY`) REFERENCES `employee_master` (`EMPLOYEE_MASTER_ID`),
  CONSTRAINT `FK_EMPLOYEE_MASTER_EMPLOYEE_MASTER_3` FOREIGN KEY (`UPDATE_BY`) REFERENCES `employee_master` (`EMPLOYEE_MASTER_ID`),
  CONSTRAINT `FK_EMPLOYEE_MASTER_EMPLOYEE_MASTER_5` FOREIGN KEY (`HR_ID`) REFERENCES `employee_master` (`EMPLOYEE_MASTER_ID`),
  CONSTRAINT `FK_EMPLOYEE_MASTER_ORGANIZATION` FOREIGN KEY (`ORG_ID`) REFERENCES `organization` (`ORG_ID`),
  CONSTRAINT `FK_EMPLOYEE_MASTER_TENANT` FOREIGN KEY (`TENANT_ID`) REFERENCES `tenant` (`TENANT_ID`)
) ENGINE=InnoDB AUTO_INCREMENT=14 DEFAULT CHARSET=utf8 COMMENT='BASIC INFORMATION OF EMPLOYEES';

-- Dumping data for table univision.employee_master: ~0 rows (approximately)
DELETE FROM `employee_master`;
/*!40000 ALTER TABLE `employee_master` DISABLE KEYS */;
INSERT INTO `employee_master` (`EMPLOYEE_MASTER_ID`, `TENANT_ID`, `ORG_ID`, `AUTHENTICATION_ID`, `COMPANY_EMPLOYEE_ID`, `EMPLOYEE_CODE`, `FIRST_NAME`, `LAST_NAME`, `MIDDLE_NAME`, `FULL_NAME`, `ALIAS_NAME`, `SALUTE`, `OFFICE_PHONE`, `CELL_PHONE`, `EMAIL`, `GENDER`, `ADDRESS1`, `CITY`, `STATE`, `ZIP`, `COUNTRY`, `REGION`, `ETHNICITY`, `RACE`, `PHOTO`, `JOB_TITLE`, `IDENTIFICATION_NO`, `DOB`, `IDENTIFICATION_NAME`, `SUPERVISOR_ID`, `HR_ID`, `HR_CONTACT`, `SUPERVISOR_NAME`, `LEVEL_POSITION`, `HIRE_DATE`, `REHIRE_DATE`, `STATUS`, `EMPLOYMENT_TYPE`, `EMPLOYEE_TYPE`, `HOURS_WORKED`, `HOURS_STANDARD`, `CURRENT_ANNUAL_BASEPAY`, `HOURLY_WAGE`, `CURRENT_TOTAL_COMPENSATION`, `NEW_TOTAL_COMPENSATION`, `TOTAL_COMPENSATION_INCREASE`, `YTD_BASE`, `INVITATION_STATUS`, `CREATED_BY`, `CREATED_DATE`, `STATUS_TLM`, `UPDATE_BY`, `LAST_UPDATE`) VALUES
	(13, 1, 1, 13, '20977', 'DEV', 'John', 'Doe', NULL, 'John Doe', 'John', 'MR', '1234567891', '1244567891', 'john.doe@compensationcloud.com', 'MALE', 'California', 'Alexandria', 'CA', NULL, 'USA', NULL, 'WHITE', 'ASIAN', 'app/img/user/02.jpg', 'General Manager-OP', NULL, '1963-07-27', 'comp00013', NULL, NULL, NULL, 'Alex Martin', NULL, '2016-09-15', NULL, 'ACTIVE', 'SALARIED', 'FTE', NULL, NULL, 100000, 288.46, 0, 100000, 0, NULL, b'0', 13, '2016-05-26 19:25:57', '2016-09-15 14:31:53', 13, '2019-11-01 21:53:36');
/*!40000 ALTER TABLE `employee_master` ENABLE KEYS */;


-- Dumping structure for table univision.external_analysis_data
CREATE TABLE IF NOT EXISTS `external_analysis_data` (
  `EXTERNAL_ANALYSIS_DATA_ID` int(11) unsigned NOT NULL AUTO_INCREMENT,
  `ORG_ID` int(11) unsigned NOT NULL,
  `TENANT_ID` int(11) unsigned NOT NULL,
  `NAME` varchar(50) NOT NULL,
  `EXTERNAL_ANALYSIS_DATA_SOURCE_ID` int(11) unsigned NOT NULL,
  `JOB_ID` int(11) unsigned DEFAULT NULL,
  `JOB_LEVEL_ID` int(11) unsigned DEFAULT NULL,
  `JOB_ROLE_ID` int(11) unsigned DEFAULT NULL,
  `JOB_GRADE_ID` int(11) unsigned DEFAULT NULL,
  `JOB_FAMILY_ID` int(11) unsigned DEFAULT NULL,
  `MIN_VALUE` double unsigned NOT NULL DEFAULT '0',
  `MID_VALUE` double unsigned DEFAULT '0',
  `MAX_VALUE` double unsigned NOT NULL DEFAULT '0',
  `STATUS` enum('ACTIVE','INACTIVE') NOT NULL DEFAULT 'ACTIVE',
  `DESCRIPTION` varchar(100) DEFAULT NULL,
  `STATUS_TLM` datetime NOT NULL,
  `WHEN_CREATED` datetime DEFAULT NULL,
  `LAST_UPDATED` timestamp NOT NULL DEFAULT CURRENT_TIMESTAMP ON UPDATE CURRENT_TIMESTAMP,
  PRIMARY KEY (`EXTERNAL_ANALYSIS_DATA_ID`),
  KEY `FK_EXTERNAL_ANALYSIS_DATA_ORGANIZATION` (`ORG_ID`),
  KEY `FK_EXTERNAL_ANALYSIS_DATA_TENANT` (`TENANT_ID`),
  KEY `FK_EXTERNAL_ANALYSIS_DATA_EXTERNAL_ANALYSIS_DATA_SOURCE` (`EXTERNAL_ANALYSIS_DATA_SOURCE_ID`),
  KEY `FK_external_analysis_data_job` (`JOB_ID`),
  KEY `FK_external_analysis_data_job_level` (`JOB_LEVEL_ID`),
  KEY `FK_external_analysis_data_job_role` (`JOB_ROLE_ID`),
  KEY `FK_external_analysis_data_job_grade` (`JOB_GRADE_ID`),
  KEY `FK_external_analysis_data_job_family` (`JOB_FAMILY_ID`),
  CONSTRAINT `FK_EXTERNAL_ANALYSIS_DATA_EXTERNAL_ANALYSIS_DATA_SOURCE` FOREIGN KEY (`EXTERNAL_ANALYSIS_DATA_SOURCE_ID`) REFERENCES `external_analysis_data_source` (`EXTERNAL_ANALYSIS_DATA_SOURCE_ID`),
  CONSTRAINT `FK_EXTERNAL_ANALYSIS_DATA_ORGANIZATION` FOREIGN KEY (`ORG_ID`) REFERENCES `organization` (`ORG_ID`),
  CONSTRAINT `FK_EXTERNAL_ANALYSIS_DATA_TENANT` FOREIGN KEY (`TENANT_ID`) REFERENCES `tenant` (`TENANT_ID`),
  CONSTRAINT `FK_external_analysis_data_job` FOREIGN KEY (`JOB_ID`) REFERENCES `job` (`JOB_ID`),
  CONSTRAINT `FK_external_analysis_data_job_family` FOREIGN KEY (`JOB_FAMILY_ID`) REFERENCES `job_family` (`JOB_FAMILY_ID`),
  CONSTRAINT `FK_external_analysis_data_job_grade` FOREIGN KEY (`JOB_GRADE_ID`) REFERENCES `job_grade` (`JOB_GRADE_ID`),
  CONSTRAINT `FK_external_analysis_data_job_level` FOREIGN KEY (`JOB_LEVEL_ID`) REFERENCES `job_level` (`JOB_LEVEL_ID`),
  CONSTRAINT `FK_external_analysis_data_job_role` FOREIGN KEY (`JOB_ROLE_ID`) REFERENCES `job_role` (`JOB_ROLE_ID`)
) ENGINE=InnoDB DEFAULT CHARSET=latin1;

-- Dumping data for table univision.external_analysis_data: ~0 rows (approximately)
DELETE FROM `external_analysis_data`;
/*!40000 ALTER TABLE `external_analysis_data` DISABLE KEYS */;
/*!40000 ALTER TABLE `external_analysis_data` ENABLE KEYS */;


-- Dumping structure for table univision.external_analysis_data_source
CREATE TABLE IF NOT EXISTS `external_analysis_data_source` (
  `EXTERNAL_ANALYSIS_DATA_SOURCE_ID` int(11) unsigned NOT NULL AUTO_INCREMENT,
  `NAME` varchar(50) NOT NULL,
  `STATUS` enum('ACTIVE','INACTIVE') NOT NULL DEFAULT 'ACTIVE',
  `STATUS_TLM` datetime NOT NULL,
  `WHEN_CREATED` datetime DEFAULT NULL,
  `LAST_UPDATED` timestamp NOT NULL DEFAULT CURRENT_TIMESTAMP ON UPDATE CURRENT_TIMESTAMP,
  PRIMARY KEY (`EXTERNAL_ANALYSIS_DATA_SOURCE_ID`),
  UNIQUE KEY `NAME` (`NAME`)
) ENGINE=InnoDB AUTO_INCREMENT=3 DEFAULT CHARSET=latin1;

-- Dumping data for table univision.external_analysis_data_source: ~2 rows (approximately)
DELETE FROM `external_analysis_data_source`;
/*!40000 ALTER TABLE `external_analysis_data_source` DISABLE KEYS */;
INSERT INTO `external_analysis_data_source` (`EXTERNAL_ANALYSIS_DATA_SOURCE_ID`, `NAME`, `STATUS`, `STATUS_TLM`, `WHEN_CREATED`, `LAST_UPDATED`) VALUES
	(1, 'datasource1', 'ACTIVE', '2016-06-25 13:38:08', '2018-09-30 10:10:14', '2017-11-08 16:58:20'),
	(2, 'datasource2', 'ACTIVE', '2016-06-25 13:38:08', '2018-09-30 10:10:15', '2017-11-08 16:58:20');
/*!40000 ALTER TABLE `external_analysis_data_source` ENABLE KEYS */;


-- Dumping structure for table univision.external_analysis_data_source_organisation_mapper
CREATE TABLE IF NOT EXISTS `external_analysis_data_source_organisation_mapper` (
  `EXTERNAL_ANALYSIS_DATA_SOURCE_ORGANISATION_MAPPER_ID` int(11) unsigned NOT NULL AUTO_INCREMENT,
  `ORG_ID` int(11) unsigned NOT NULL,
  `TENANT_ID` int(11) unsigned NOT NULL,
  `EXTERNAL_ANALYSIS_DATA_SOURCE_ID` int(11) unsigned NOT NULL,
  `STATUS` enum('ACTIVE','INACTIVE') NOT NULL DEFAULT 'ACTIVE',
  PRIMARY KEY (`EXTERNAL_ANALYSIS_DATA_SOURCE_ORGANISATION_MAPPER_ID`),
  KEY `FK_EXTERNAL_ANALYSIS_DATASOURCE_ORG_MAPPER_ORG` (`ORG_ID`),
  KEY `FK_EXTERNAL_ANALYSIS_DATASOURCE_ORG_MAPPER_TENANT` (`TENANT_ID`),
  KEY `FK_EXTERNAL_ANALYSIS_DATASOURCE_ORG_MAPPER_EDS` (`EXTERNAL_ANALYSIS_DATA_SOURCE_ID`),
  CONSTRAINT `FK_EXTERNAL_ANALYSIS_DATASOURCE_ORG_MAPPER_EDS` FOREIGN KEY (`EXTERNAL_ANALYSIS_DATA_SOURCE_ID`) REFERENCES `external_analysis_data_source` (`EXTERNAL_ANALYSIS_DATA_SOURCE_ID`),
  CONSTRAINT `FK_EXTERNAL_ANALYSIS_DATASOURCE_ORG_MAPPER_ORG` FOREIGN KEY (`ORG_ID`) REFERENCES `organization` (`ORG_ID`),
  CONSTRAINT `FK_EXTERNAL_ANALYSIS_DATASOURCE_ORG_MAPPER_TENANT` FOREIGN KEY (`TENANT_ID`) REFERENCES `tenant` (`TENANT_ID`)
) ENGINE=InnoDB AUTO_INCREMENT=5 DEFAULT CHARSET=latin1;

-- Dumping data for table univision.external_analysis_data_source_organisation_mapper: ~4 rows (approximately)
DELETE FROM `external_analysis_data_source_organisation_mapper`;
/*!40000 ALTER TABLE `external_analysis_data_source_organisation_mapper` DISABLE KEYS */;
INSERT INTO `external_analysis_data_source_organisation_mapper` (`EXTERNAL_ANALYSIS_DATA_SOURCE_ORGANISATION_MAPPER_ID`, `ORG_ID`, `TENANT_ID`, `EXTERNAL_ANALYSIS_DATA_SOURCE_ID`, `STATUS`) VALUES
	(1, 1, 1, 1, 'ACTIVE'),
	(2, 1, 1, 2, 'INACTIVE'),
	(3, 1, 1, 2, 'INACTIVE'),
	(4, 1, 1, 2, 'ACTIVE');
/*!40000 ALTER TABLE `external_analysis_data_source_organisation_mapper` ENABLE KEYS */;


-- Dumping structure for table univision.grid_view
CREATE TABLE IF NOT EXISTS `grid_view` (
  `GRID_VIEW_ID` int(11) unsigned NOT NULL AUTO_INCREMENT,
  `ORG_ID` int(11) unsigned NOT NULL,
  `TENANT_ID` int(11) unsigned NOT NULL,
  `LOADED` bit(1) NOT NULL DEFAULT b'0',
  `STATUS` enum('ACTIVE','INACTIVE') NOT NULL DEFAULT 'ACTIVE',
  `STATUS_TLM` datetime NOT NULL,
  `NAME` varchar(200) NOT NULL,
  `DESCRIPTION` varchar(2000) NOT NULL,
  `TEMPLATE` longtext NOT NULL,
  `WHEN_CREATED` datetime NOT NULL,
  `MODIFIED_BY` int(11) unsigned NOT NULL,
  `CREATED_BY` int(11) unsigned NOT NULL,
  `LAST_UPDATED` timestamp NOT NULL DEFAULT CURRENT_TIMESTAMP ON UPDATE CURRENT_TIMESTAMP,
  PRIMARY KEY (`GRID_VIEW_ID`),
  KEY `FK_GRID_VIEW_ORGANIZATION` (`ORG_ID`),
  KEY `FK_GRID_VIEW_TENANT` (`TENANT_ID`),
  KEY `FK_GRID_VIEW_EMPLOYEE_MASTER` (`MODIFIED_BY`),
  KEY `FK_GRID_VIEW_EMPLOYEE_MASTER_2` (`CREATED_BY`),
  CONSTRAINT `FK_GRID_VIEW_EMPLOYEE_MASTER` FOREIGN KEY (`MODIFIED_BY`) REFERENCES `employee_master` (`EMPLOYEE_MASTER_ID`),
  CONSTRAINT `FK_GRID_VIEW_EMPLOYEE_MASTER_2` FOREIGN KEY (`CREATED_BY`) REFERENCES `employee_master` (`EMPLOYEE_MASTER_ID`),
  CONSTRAINT `FK_GRID_VIEW_ORGANIZATION` FOREIGN KEY (`ORG_ID`) REFERENCES `organization` (`ORG_ID`),
  CONSTRAINT `FK_GRID_VIEW_TENANT` FOREIGN KEY (`TENANT_ID`) REFERENCES `tenant` (`TENANT_ID`)
) ENGINE=InnoDB AUTO_INCREMENT=12 DEFAULT CHARSET=latin1;

-- Dumping data for table univision.grid_view: ~0 rows (approximately)
DELETE FROM `grid_view`;
/*!40000 ALTER TABLE `grid_view` DISABLE KEYS */;
INSERT INTO `grid_view` (`GRID_VIEW_ID`, `ORG_ID`, `TENANT_ID`, `LOADED`, `STATUS`, `STATUS_TLM`, `NAME`, `DESCRIPTION`, `TEMPLATE`, `WHEN_CREATED`, `MODIFIED_BY`, `CREATED_BY`, `LAST_UPDATED`) VALUES
	(11, 1, 1, b'1', 'ACTIVE', '2018-09-02 23:24:44', 'Planning Budget', 'Planning Budget', '[ {\r\n  "id" : 0,\r\n  "fields" : [ {\r\n    "id" : "26",\r\n    "type" : "metadata"\r\n  }, {\r\n    "id" : "31",\r\n    "type" : "metadata"\r\n  }, {\r\n    "id" : "25",\r\n    "type" : "metadata"\r\n  }, {\r\n    "id" : "61",\r\n    "type" : "metadata"\r\n  }, {\r\n    "id" : "185",\r\n    "type" : "metadata"\r\n  }, {\r\n    "id" : "60",\r\n    "type" : "metadata"\r\n  }, {\r\n    "id" : "245",\r\n    "type" : "metadata"\r\n  }, {\r\n    "id" : "240",\r\n    "type" : "metadata"\r\n  }, {\r\n    "id" : "32",\r\n    "type" : "metadata"\r\n  } ]\r\n} ]', '2018-09-02 23:24:44', 13, 13, '2019-11-01 21:59:06');
/*!40000 ALTER TABLE `grid_view` ENABLE KEYS */;


-- Dumping structure for table univision.guideline
CREATE TABLE IF NOT EXISTS `guideline` (
  `GUIDELINE_ID` int(11) unsigned NOT NULL AUTO_INCREMENT,
  `ORG_ID` int(11) unsigned NOT NULL,
  `TENANT_ID` int(11) unsigned NOT NULL,
  `GUIDELINE_STATUS` enum('ACTIVE','INACTIVE') NOT NULL DEFAULT 'ACTIVE',
  `STATUS_TLM` datetime NOT NULL,
  `LAST_UPDATED` datetime NOT NULL,
  PRIMARY KEY (`GUIDELINE_ID`),
  KEY `FK_GUIDELINE_ORGANIZATION` (`ORG_ID`),
  KEY `FK_GUIDELINE_TENANT` (`TENANT_ID`),
  CONSTRAINT `FK_GUIDELINE_ORGANIZATION` FOREIGN KEY (`ORG_ID`) REFERENCES `organization` (`ORG_ID`),
  CONSTRAINT `FK_GUIDELINE_TENANT` FOREIGN KEY (`TENANT_ID`) REFERENCES `tenant` (`TENANT_ID`)
) ENGINE=InnoDB AUTO_INCREMENT=2 DEFAULT CHARSET=latin1;

-- Dumping data for table univision.guideline: ~0 rows (approximately)
DELETE FROM `guideline`;
/*!40000 ALTER TABLE `guideline` DISABLE KEYS */;
INSERT INTO `guideline` (`GUIDELINE_ID`, `ORG_ID`, `TENANT_ID`, `GUIDELINE_STATUS`, `STATUS_TLM`, `LAST_UPDATED`) VALUES
	(1, 1, 1, 'ACTIVE', '2016-08-25 09:49:40', '2016-08-25 09:49:41');
/*!40000 ALTER TABLE `guideline` ENABLE KEYS */;


-- Dumping structure for table univision.history
CREATE TABLE IF NOT EXISTS `history` (
  `HISTORY_ID` int(11) unsigned NOT NULL AUTO_INCREMENT,
  `ORG_ID` int(11) unsigned NOT NULL,
  `TENANT_ID` int(11) unsigned NOT NULL,
  `CREATED_BY` int(11) unsigned NOT NULL,
  `TYPE` varchar(500) NOT NULL,
  `PREVIOUS_VALUE` varchar(500) DEFAULT NULL,
  `CHANGED_VALUE` varchar(500) DEFAULT NULL,
  `CHANGED_PERCENT` varchar(500) DEFAULT NULL,
  `NOTE` varchar(500) DEFAULT NULL,
  `HISTORY_STATUS` enum('ACTIVE','INACTIVE') NOT NULL DEFAULT 'ACTIVE',
  `WHEN_CREATED` datetime NOT NULL,
  `CHANGED_DATE` datetime NOT NULL,
  `STATUS_TLM` datetime NOT NULL,
  `LAST_UPDATED` timestamp NOT NULL DEFAULT CURRENT_TIMESTAMP ON UPDATE CURRENT_TIMESTAMP,
  PRIMARY KEY (`HISTORY_ID`),
  KEY `FK_HISTORY_ORGANIZATION` (`ORG_ID`),
  KEY `FK_HISTORY_TENANT` (`TENANT_ID`),
  KEY `FK_HISTORY_EMPLOYEE_MASTER` (`CREATED_BY`),
  CONSTRAINT `FK_HISTORY_EMPLOYEE_MASTER` FOREIGN KEY (`CREATED_BY`) REFERENCES `employee_master` (`EMPLOYEE_MASTER_ID`),
  CONSTRAINT `FK_HISTORY_ORGANIZATION` FOREIGN KEY (`ORG_ID`) REFERENCES `organization` (`ORG_ID`),
  CONSTRAINT `FK_HISTORY_TENANT` FOREIGN KEY (`TENANT_ID`) REFERENCES `tenant` (`TENANT_ID`)
) ENGINE=InnoDB DEFAULT CHARSET=latin1;

-- Dumping data for table univision.history: ~0 rows (approximately)
DELETE FROM `history`;
/*!40000 ALTER TABLE `history` DISABLE KEYS */;
/*!40000 ALTER TABLE `history` ENABLE KEYS */;


-- Dumping structure for table univision.important_date
CREATE TABLE IF NOT EXISTS `important_date` (
  `IMPORTANT_DATE_ID` int(11) unsigned NOT NULL AUTO_INCREMENT,
  `TENANT_ID` int(11) unsigned NOT NULL,
  `ORG_ID` int(11) unsigned NOT NULL,
  `EVENT_NAME` varchar(100) NOT NULL,
  `EVENT_CATEGORY` varchar(100) NOT NULL,
  `EVENT_DESCRIPTION` varchar(100) NOT NULL,
  `EVENT_SEVERITY_INDEX` int(11) unsigned NOT NULL,
  `MANAGER_LEVEL` int(11) NOT NULL,
  `CREATED_BY_ID` int(11) unsigned NOT NULL,
  `START_DATE` datetime NOT NULL,
  `END_DATE` datetime DEFAULT NULL,
  `STATUS` enum('ACTIVE','INACTIVE') NOT NULL DEFAULT 'ACTIVE',
  `LAST_UPDATED` datetime DEFAULT NULL,
  `WHEN_CREATED` timestamp NOT NULL DEFAULT CURRENT_TIMESTAMP ON UPDATE CURRENT_TIMESTAMP,
  PRIMARY KEY (`IMPORTANT_DATE_ID`),
  KEY `FK_IMPORTANT_DATE_LOG_TENANT` (`TENANT_ID`),
  KEY `FK_IMPORTANT_DATE_ORGANIZATION` (`ORG_ID`),
  KEY `FK_IMPORTANT_DATE_EMPLOYEE_MASTER` (`CREATED_BY_ID`),
  CONSTRAINT `FK_IMPORTANT_DATE_EMPLOYEE_MASTER` FOREIGN KEY (`CREATED_BY_ID`) REFERENCES `employee_master` (`EMPLOYEE_MASTER_ID`),
  CONSTRAINT `FK_IMPORTANT_DATE_ORGANIZATION` FOREIGN KEY (`ORG_ID`) REFERENCES `organization` (`ORG_ID`),
  CONSTRAINT `FK_IMPORTANT_DATE_TENANT` FOREIGN KEY (`TENANT_ID`) REFERENCES `tenant` (`TENANT_ID`)
) ENGINE=InnoDB AUTO_INCREMENT=79 DEFAULT CHARSET=latin1;

-- Dumping data for table univision.important_date: ~35 rows (approximately)
DELETE FROM `important_date`;
/*!40000 ALTER TABLE `important_date` DISABLE KEYS */;
INSERT INTO `important_date` (`IMPORTANT_DATE_ID`, `TENANT_ID`, `ORG_ID`, `EVENT_NAME`, `EVENT_CATEGORY`, `EVENT_DESCRIPTION`, `EVENT_SEVERITY_INDEX`, `MANAGER_LEVEL`, `CREATED_BY_ID`, `START_DATE`, `END_DATE`, `STATUS`, `LAST_UPDATED`, `WHEN_CREATED`) VALUES
	(38, 1, 1, 'Planning By HR1', 'planning', 'Planning By HR1', 1, 1, 13, '2019-07-29 15:23:47', '2019-08-04 15:23:50', 'ACTIVE', NULL, '2019-10-21 10:28:47'),
	(39, 1, 1, 'Manager Review', 'budget', 'Manager Review', 2, 1, 13, '2019-08-06 15:23:47', '2019-08-14 15:23:50', 'ACTIVE', NULL, '2019-07-30 23:17:43'),
	(40, 1, 1, 'Final Approval', 'budget', 'Final Approval', 1, 1, 13, '2019-08-14 15:23:47', '2019-08-19 15:23:50', 'ACTIVE', NULL, '2019-07-30 23:19:02'),
	(41, 1, 1, 'Employee Notification Start', 'budget', 'Employee Notification Start', 3, 1, 13, '2019-08-21 15:23:47', '2019-08-30 15:23:50', 'ACTIVE', NULL, '2019-07-27 23:38:47'),
	(48, 1, 1, 'Comp Process Opens', 'planning', 'Comp Process Opens', 1, 2, 13, '2019-11-04 15:23:47', '2019-08-04 15:23:50', 'ACTIVE', NULL, '2019-10-21 13:00:46'),
	(49, 1, 1, 'Recommendations finalized', 'planning', 'Planning By HR3', 1, 3, 13, '2019-07-29 15:23:47', '2019-08-04 15:23:50', 'ACTIVE', NULL, '2019-10-21 13:02:33'),
	(50, 1, 1, 'Planning By HR4', 'planning', 'Planning By HR4', 1, 4, 13, '2019-07-29 15:23:47', '2019-08-04 15:23:50', 'ACTIVE', NULL, '2019-10-21 10:28:52'),
	(51, 1, 1, 'Planning By HR', 'planning', 'Planning By HR', 1, 5, 13, '2019-07-29 15:23:47', '2019-08-04 15:23:50', 'ACTIVE', NULL, '2019-07-20 15:30:38'),
	(52, 1, 1, 'Planning By HR', 'planning', 'Planning By HR', 1, 6, 13, '2019-07-29 15:23:47', '2019-08-04 15:23:50', 'ACTIVE', NULL, '2019-07-20 15:30:39'),
	(53, 1, 1, 'Planning By HR', 'planning', 'Planning By HR', 1, 7, 13, '2019-07-29 15:23:47', '2019-08-04 15:23:50', 'ACTIVE', NULL, '2019-07-20 15:30:41'),
	(54, 1, 1, 'Talent Review Begins', 'budget', 'Talent Review Begins', 2, 2, 13, '2019-11-11 15:23:47', '2019-08-14 15:23:50', 'ACTIVE', NULL, '2019-10-21 13:03:37'),
	(55, 1, 1, 'Manager Review', 'budget', 'Manager Review', 2, 3, 13, '2019-08-06 15:23:47', '2019-08-14 15:23:50', 'ACTIVE', NULL, '2019-07-30 23:17:58'),
	(56, 1, 1, 'Manager Review', 'budget', 'Manager Review', 2, 4, 13, '2019-08-06 15:23:47', '2019-08-14 15:23:50', 'ACTIVE', NULL, '2019-07-30 23:17:55'),
	(57, 1, 1, 'Manager Review', 'budget', 'Manager Review', 2, 5, 13, '2019-08-06 15:23:47', '2019-08-14 15:23:50', 'ACTIVE', NULL, '2019-07-30 23:17:53'),
	(58, 1, 1, 'Manager Review', 'budget', 'Manager Review', 2, 6, 13, '2019-08-06 15:23:47', '2019-08-14 15:23:50', 'ACTIVE', NULL, '2019-07-30 23:17:51'),
	(59, 1, 1, 'Manager Review', 'budget', 'Manager Review', 2, 7, 13, '2019-08-06 15:23:47', '2019-08-14 15:23:50', 'ACTIVE', NULL, '2019-07-30 23:17:48'),
	(60, 1, 1, 'Recommendations finalized', 'budget', 'Recommendations finalized', 1, 2, 13, '2020-02-15 15:23:47', '2019-08-19 15:23:50', 'ACTIVE', NULL, '2019-10-21 13:05:02'),
	(61, 1, 1, 'Final Approval', 'budget', 'Final Approval', 1, 3, 13, '2019-08-14 15:23:47', '2019-08-19 15:23:50', 'ACTIVE', NULL, '2019-07-30 23:19:06'),
	(62, 1, 1, 'Final Approval', 'budget', 'Final Approval', 1, 4, 13, '2019-08-14 15:23:47', '2019-08-19 15:23:50', 'ACTIVE', NULL, '2019-07-30 23:19:09'),
	(63, 1, 1, 'Final Approval', 'budget', 'Final Approval', 1, 5, 13, '2019-08-14 15:23:47', '2019-08-19 15:23:50', 'ACTIVE', NULL, '2019-07-30 23:19:11'),
	(64, 1, 1, 'Final Approval', 'budget', 'Final Approval', 1, 6, 13, '2019-08-14 15:23:47', '2019-08-19 15:23:50', 'ACTIVE', NULL, '2019-07-30 23:19:13'),
	(65, 1, 1, 'Final Approval', 'budget', 'Final Approval', 1, 7, 13, '2019-08-14 15:23:47', '2019-08-19 15:23:50', 'ACTIVE', NULL, '2019-07-30 23:18:58'),
	(66, 1, 1, 'Submit for Approval ', 'budget', 'Submit for Approval ', 3, 2, 13, '2019-12-15 15:23:47', '2019-08-30 15:23:50', 'ACTIVE', NULL, '2019-10-21 13:04:15'),
	(67, 1, 1, 'Employee Notification Start', 'budget', 'Employee Notification Start', 3, 3, 13, '2019-08-21 15:23:47', '2019-08-30 15:23:50', 'ACTIVE', NULL, '2019-07-27 23:39:02'),
	(68, 1, 1, 'Employee Notification Start', 'budget', 'Employee Notification Start', 3, 4, 13, '2019-08-21 15:23:47', '2019-08-30 15:23:50', 'ACTIVE', NULL, '2019-07-27 23:38:41'),
	(69, 1, 1, 'Employee Notification Start5', 'budget', 'Employee Notification Start5', 3, 5, 13, '2019-08-21 15:23:47', '2019-08-30 15:23:50', 'ACTIVE', NULL, '2019-10-21 10:29:04'),
	(70, 1, 1, 'Employee Notification Start', 'budget', 'Employee Notification Start', 3, 6, 13, '2019-08-21 15:23:47', '2019-08-30 15:23:50', 'ACTIVE', NULL, '2019-07-27 23:38:45'),
	(71, 1, 1, 'Employee Notification Start', 'budget', 'Employee Notification Start', 3, 7, 13, '2019-08-21 15:23:47', '2019-08-30 15:23:50', 'ACTIVE', NULL, '2019-07-27 23:38:48'),
	(72, 1, 1, 'Employee Notification End', 'budget', 'Employee Notification End', 4, 4, 13, '2019-09-13 15:23:47', '2019-09-22 15:23:50', 'ACTIVE', NULL, '2019-07-29 11:51:56'),
	(73, 1, 1, 'Employee Notification End', 'budget', 'Employee Notification End', 4, 1, 13, '2019-09-13 15:23:47', '2019-09-22 15:23:50', 'ACTIVE', NULL, '2019-07-29 11:51:48'),
	(74, 1, 1, 'Conversations Begin ', 'budget', 'Conversations Begin ', 4, 2, 13, '2020-03-01 15:23:47', '2019-09-22 15:23:50', 'ACTIVE', NULL, '2019-10-21 13:05:50'),
	(75, 1, 1, 'Employee Notification End', 'budget', 'Employee Notification End', 4, 3, 13, '2019-09-13 15:23:47', '2019-09-22 15:23:50', 'ACTIVE', NULL, '2019-07-29 11:51:30'),
	(76, 1, 1, 'Employee Notification End', 'budget', 'Employee Notification End', 4, 5, 13, '2019-09-13 15:23:47', '2019-09-22 15:23:50', 'ACTIVE', NULL, '2019-07-29 11:51:26'),
	(77, 1, 1, 'Employee Notification End', 'budget', 'Employee Notification End', 4, 6, 13, '2019-09-13 15:23:47', '2019-09-22 15:23:50', 'ACTIVE', NULL, '2019-07-29 11:51:20'),
	(78, 1, 1, 'Employee Notification End', 'budget', 'Employee Notification End', 4, 7, 13, '2019-09-13 15:23:47', '2019-09-22 15:23:50', 'ACTIVE', NULL, '2019-07-29 11:51:11');
/*!40000 ALTER TABLE `important_date` ENABLE KEYS */;


-- Dumping structure for table univision.internal_analysis_data
CREATE TABLE IF NOT EXISTS `internal_analysis_data` (
  `INTERNAL_ANALYSIS_DATA_ID` int(11) unsigned NOT NULL AUTO_INCREMENT,
  `ORG_ID` int(11) unsigned NOT NULL,
  `TENANT_ID` int(11) unsigned NOT NULL,
  `NAME` varchar(500) NOT NULL,
  `CURRENT_MIN_VALUE` double unsigned DEFAULT NULL,
  `CURRENT_MID_VALUE` double unsigned DEFAULT NULL,
  `CURRENT_MAX_VALUE` double unsigned DEFAULT NULL,
  `PAYSCALE_MIN_VALUE` double unsigned NOT NULL,
  `PAYSCALE_MID_VALUE` double unsigned DEFAULT NULL,
  `PAYSCALE_MAX_VALUE` double unsigned NOT NULL,
  `MALE_MIN_VALUE` double unsigned DEFAULT NULL,
  `MALE_MID_VALUE` double unsigned DEFAULT NULL,
  `MALE_MAX_VALUE` double unsigned DEFAULT NULL,
  `JOB_ID` int(11) unsigned DEFAULT NULL,
  `JOB_FAMILY_ID` int(11) unsigned DEFAULT NULL,
  `JOB_ROLE_ID` int(11) unsigned DEFAULT NULL,
  `JOB_GRADE_ID` int(11) unsigned DEFAULT NULL,
  `JOB_LEVEL_ID` int(11) unsigned DEFAULT NULL,
  `STATUS` enum('ACTIVE','INACTIVE') NOT NULL DEFAULT 'ACTIVE',
  `DESCRIPTION` varchar(100) DEFAULT NULL,
  `STATUS_TLM` datetime NOT NULL,
  `WHEN_CREATED` datetime NOT NULL,
  `LAST_UPDATED` timestamp NOT NULL DEFAULT CURRENT_TIMESTAMP ON UPDATE CURRENT_TIMESTAMP,
  PRIMARY KEY (`INTERNAL_ANALYSIS_DATA_ID`),
  KEY `FK_INTERNAL_ANALYSIS_DATA_ORGANIZATION` (`ORG_ID`),
  KEY `FK_INTERNAL_ANALYSIS_DATA_TENANT` (`TENANT_ID`),
  KEY `FK_internal_analysis_data_job_family` (`JOB_FAMILY_ID`),
  KEY `FK_internal_analysis_data_job_role` (`JOB_ROLE_ID`),
  KEY `FK_internal_analysis_data_job_grade` (`JOB_GRADE_ID`),
  KEY `FK_internal_analysis_data_job_level` (`JOB_LEVEL_ID`),
  KEY `FK_internal_analysis_data_job` (`JOB_ID`),
  CONSTRAINT `FK_INTERNAL_ANALYSIS_DATA_ORGANIZATION` FOREIGN KEY (`ORG_ID`) REFERENCES `organization` (`ORG_ID`),
  CONSTRAINT `FK_INTERNAL_ANALYSIS_DATA_TENANT` FOREIGN KEY (`TENANT_ID`) REFERENCES `tenant` (`TENANT_ID`),
  CONSTRAINT `FK_internal_analysis_data_job` FOREIGN KEY (`JOB_ID`) REFERENCES `job` (`JOB_ID`),
  CONSTRAINT `FK_internal_analysis_data_job_family` FOREIGN KEY (`JOB_FAMILY_ID`) REFERENCES `job_family` (`JOB_FAMILY_ID`),
  CONSTRAINT `FK_internal_analysis_data_job_grade` FOREIGN KEY (`JOB_GRADE_ID`) REFERENCES `job_grade` (`JOB_GRADE_ID`),
  CONSTRAINT `FK_internal_analysis_data_job_level` FOREIGN KEY (`JOB_LEVEL_ID`) REFERENCES `job_level` (`JOB_LEVEL_ID`),
  CONSTRAINT `FK_internal_analysis_data_job_role` FOREIGN KEY (`JOB_ROLE_ID`) REFERENCES `job_role` (`JOB_ROLE_ID`)
) ENGINE=InnoDB DEFAULT CHARSET=latin1;

-- Dumping data for table univision.internal_analysis_data: ~0 rows (approximately)
DELETE FROM `internal_analysis_data`;
/*!40000 ALTER TABLE `internal_analysis_data` DISABLE KEYS */;
/*!40000 ALTER TABLE `internal_analysis_data` ENABLE KEYS */;


-- Dumping structure for table univision.job
CREATE TABLE IF NOT EXISTS `job` (
  `JOB_ID` int(11) unsigned NOT NULL AUTO_INCREMENT,
  `TENANT_ID` int(11) unsigned NOT NULL,
  `ORG_ID` int(11) unsigned NOT NULL,
  `JOB_NAME` varchar(100) NOT NULL,
  `JOB_CODE` varchar(100) DEFAULT NULL,
  `JOB_TITLE` varchar(100) DEFAULT NULL,
  `DESCRIPTION` varchar(100) DEFAULT NULL,
  `LOCATION` varchar(100) DEFAULT NULL,
  `JOB_STATUS` enum('ACTIVE','INACTIVE') NOT NULL DEFAULT 'ACTIVE',
  `STATUS_TLM` datetime NOT NULL,
  `WHEN_CREATED` datetime NOT NULL,
  `LAST_UPDATED` timestamp NOT NULL DEFAULT CURRENT_TIMESTAMP ON UPDATE CURRENT_TIMESTAMP,
  PRIMARY KEY (`JOB_ID`),
  KEY `FK_JOB_TENANT` (`TENANT_ID`),
  KEY `FK_JOB_ORGANIZATION` (`ORG_ID`),
  CONSTRAINT `FK_JOB_ORGANIZATION` FOREIGN KEY (`ORG_ID`) REFERENCES `organization` (`ORG_ID`),
  CONSTRAINT `FK_JOB_TENANT` FOREIGN KEY (`TENANT_ID`) REFERENCES `tenant` (`TENANT_ID`)
) ENGINE=InnoDB AUTO_INCREMENT=16 DEFAULT CHARSET=latin1;

-- Dumping data for table univision.job: ~15 rows (approximately)
DELETE FROM `job`;
/*!40000 ALTER TABLE `job` DISABLE KEYS */;
INSERT INTO `job` (`JOB_ID`, `TENANT_ID`, `ORG_ID`, `JOB_NAME`, `JOB_CODE`, `JOB_TITLE`, `DESCRIPTION`, `LOCATION`, `JOB_STATUS`, `STATUS_TLM`, `WHEN_CREATED`, `LAST_UPDATED`) VALUES
	(13, 1, 1, 'MGMT-I', 'EVPDEV', 'General Manager', 'General Manager', NULL, 'ACTIVE', '2016-06-25 13:38:08', '2018-01-01 18:31:24', '2018-10-30 15:28:04');
/*!40000 ALTER TABLE `job` ENABLE KEYS */;


-- Dumping structure for table univision.job_family
CREATE TABLE IF NOT EXISTS `job_family` (
  `JOB_FAMILY_ID` int(11) unsigned NOT NULL AUTO_INCREMENT,
  `TENANT_ID` int(11) unsigned NOT NULL,
  `ORG_ID` int(11) unsigned NOT NULL,
  `JOB_FAMILY_NAME` varchar(100) NOT NULL,
  `JOB_FAMILY_CODE` varchar(20) DEFAULT NULL,
  `JOB_FAMILY_STATUS` enum('ACTIVE','INACTIVE') NOT NULL DEFAULT 'ACTIVE',
  `DESCRIPTION` varchar(100) DEFAULT NULL,
  `WHEN_CREATED` datetime NOT NULL,
  `STATUS_TLM` datetime NOT NULL,
  `LAST_UPDATED` timestamp NOT NULL DEFAULT CURRENT_TIMESTAMP ON UPDATE CURRENT_TIMESTAMP,
  PRIMARY KEY (`JOB_FAMILY_ID`),
  UNIQUE KEY `JOB_FAMILY_NAME` (`JOB_FAMILY_NAME`),
  KEY `FK_JOB_FAMILY_TENANT` (`TENANT_ID`),
  KEY `FK_JOB_FAMILY_ORGANIZATION` (`ORG_ID`),
  CONSTRAINT `FK_JOB_FAMILY_ORGANIZATION` FOREIGN KEY (`ORG_ID`) REFERENCES `organization` (`ORG_ID`),
  CONSTRAINT `FK_JOB_FAMILY_TENANT` FOREIGN KEY (`TENANT_ID`) REFERENCES `tenant` (`TENANT_ID`)
) ENGINE=InnoDB AUTO_INCREMENT=23 DEFAULT CHARSET=latin1;

-- Dumping data for table univision.job_family: ~0 rows (approximately)
DELETE FROM `job_family`;
/*!40000 ALTER TABLE `job_family` DISABLE KEYS */;
INSERT INTO `job_family` (`JOB_FAMILY_ID`, `TENANT_ID`, `ORG_ID`, `JOB_FAMILY_NAME`, `JOB_FAMILY_CODE`, `JOB_FAMILY_STATUS`, `DESCRIPTION`, `WHEN_CREATED`, `STATUS_TLM`, `LAST_UPDATED`) VALUES
	(22, 1, 1, 'Job Family12', 'JF1', 'ACTIVE', 'Job Family1', '2018-09-02 23:45:20', '2018-09-02 23:45:20', '2019-03-01 00:03:14');
/*!40000 ALTER TABLE `job_family` ENABLE KEYS */;


-- Dumping structure for table univision.job_grade
CREATE TABLE IF NOT EXISTS `job_grade` (
  `JOB_GRADE_ID` int(11) unsigned NOT NULL AUTO_INCREMENT,
  `TENANT_ID` int(11) unsigned NOT NULL,
  `ORG_ID` int(11) unsigned NOT NULL,
  `JOB_GRADE_NAME` varchar(100) NOT NULL,
  `JOB_GRADE_CODE` varchar(20) DEFAULT NULL,
  `JOB_GRADE_STATUS` enum('ACTIVE','INACTIVE') NOT NULL DEFAULT 'ACTIVE',
  `DESCRIPTION` varchar(100) DEFAULT NULL,
  `WHEN_CREATED` datetime NOT NULL,
  `STATUS_TLM` datetime NOT NULL,
  `LAST_UPDATED` timestamp NOT NULL DEFAULT CURRENT_TIMESTAMP ON UPDATE CURRENT_TIMESTAMP,
  PRIMARY KEY (`JOB_GRADE_ID`),
  UNIQUE KEY `JOB_GRADE_NAME` (`JOB_GRADE_NAME`),
  KEY `FK_JOB_GRADE_TENANT` (`TENANT_ID`),
  KEY `FK_JOB_GRADE_ORGANIZATION` (`ORG_ID`),
  CONSTRAINT `FK_JOB_GRADE_ORGANIZATION` FOREIGN KEY (`ORG_ID`) REFERENCES `organization` (`ORG_ID`),
  CONSTRAINT `FK_JOB_GRADE_TENANT` FOREIGN KEY (`TENANT_ID`) REFERENCES `tenant` (`TENANT_ID`)
) ENGINE=InnoDB AUTO_INCREMENT=6 DEFAULT CHARSET=latin1;

-- Dumping data for table univision.job_grade: ~0 rows (approximately)
DELETE FROM `job_grade`;
/*!40000 ALTER TABLE `job_grade` DISABLE KEYS */;
INSERT INTO `job_grade` (`JOB_GRADE_ID`, `TENANT_ID`, `ORG_ID`, `JOB_GRADE_NAME`, `JOB_GRADE_CODE`, `JOB_GRADE_STATUS`, `DESCRIPTION`, `WHEN_CREATED`, `STATUS_TLM`, `LAST_UPDATED`) VALUES
	(5, 1, 1, 'Job Grade1', 'JG1', 'ACTIVE', 'Job Grade1', '2018-09-02 23:46:11', '2018-09-02 23:46:11', '2018-09-02 23:46:11');
/*!40000 ALTER TABLE `job_grade` ENABLE KEYS */;


-- Dumping structure for table univision.job_level
CREATE TABLE IF NOT EXISTS `job_level` (
  `JOB_LEVEL_ID` int(11) unsigned NOT NULL AUTO_INCREMENT,
  `TENANT_ID` int(11) unsigned NOT NULL,
  `ORG_ID` int(11) unsigned NOT NULL,
  `JOB_LEVEL_NAME` varchar(100) NOT NULL,
  `JOB_LEVEL_CODE` varchar(20) DEFAULT NULL,
  `JOB_LEVEL_STATUS` enum('ACTIVE','INACTIVE') NOT NULL DEFAULT 'ACTIVE',
  `DESCRIPTION` varchar(100) DEFAULT NULL,
  `WHEN_CREATED` datetime NOT NULL,
  `STATUS_TLM` datetime NOT NULL,
  `LAST_UPDATED` timestamp NOT NULL DEFAULT CURRENT_TIMESTAMP ON UPDATE CURRENT_TIMESTAMP,
  PRIMARY KEY (`JOB_LEVEL_ID`),
  UNIQUE KEY `JOB_LEVEL_NAME` (`JOB_LEVEL_NAME`),
  KEY `FK_JOB_LEVEL_TENANT` (`TENANT_ID`),
  KEY `FK_JOB_LEVEL_ORGANIZATION` (`ORG_ID`),
  CONSTRAINT `FK_JOB_LEVEL_ORGANIZATION` FOREIGN KEY (`ORG_ID`) REFERENCES `organization` (`ORG_ID`),
  CONSTRAINT `FK_JOB_LEVEL_TENANT` FOREIGN KEY (`TENANT_ID`) REFERENCES `tenant` (`TENANT_ID`)
) ENGINE=InnoDB AUTO_INCREMENT=6 DEFAULT CHARSET=latin1;

-- Dumping data for table univision.job_level: ~0 rows (approximately)
DELETE FROM `job_level`;
/*!40000 ALTER TABLE `job_level` DISABLE KEYS */;
INSERT INTO `job_level` (`JOB_LEVEL_ID`, `TENANT_ID`, `ORG_ID`, `JOB_LEVEL_NAME`, `JOB_LEVEL_CODE`, `JOB_LEVEL_STATUS`, `DESCRIPTION`, `WHEN_CREATED`, `STATUS_TLM`, `LAST_UPDATED`) VALUES
	(5, 1, 1, 'Job Level11', 'JL1', 'ACTIVE', 'Job Level1', '2018-09-02 23:45:38', '2018-09-02 23:45:38', '2019-03-01 00:18:00');
/*!40000 ALTER TABLE `job_level` ENABLE KEYS */;


-- Dumping structure for table univision.job_role
CREATE TABLE IF NOT EXISTS `job_role` (
  `JOB_ROLE_ID` int(11) unsigned NOT NULL AUTO_INCREMENT,
  `TENANT_ID` int(11) unsigned NOT NULL,
  `ORG_ID` int(11) unsigned NOT NULL,
  `JOB_ROLE_NAME` varchar(100) NOT NULL,
  `JOB_ROLE_CODE` varchar(20) DEFAULT NULL,
  `JOB_ROLE_STATUS` enum('ACTIVE','INACTIVE') NOT NULL DEFAULT 'ACTIVE',
  `DESCRIPTION` varchar(100) DEFAULT NULL,
  `WHEN_CREATED` datetime NOT NULL,
  `STATUS_TLM` datetime NOT NULL,
  `LAST_UPDATED` timestamp NOT NULL DEFAULT CURRENT_TIMESTAMP ON UPDATE CURRENT_TIMESTAMP,
  PRIMARY KEY (`JOB_ROLE_ID`),
  UNIQUE KEY `JOB_ROLE_NAME` (`JOB_ROLE_NAME`),
  KEY `FK_JOB_ROLE_TENANT` (`TENANT_ID`),
  KEY `FK_JOB_ROLE_ORGANIZATION` (`ORG_ID`),
  CONSTRAINT `FK_JOB_ROLE_ORGANIZATION` FOREIGN KEY (`ORG_ID`) REFERENCES `organization` (`ORG_ID`),
  CONSTRAINT `FK_JOB_ROLE_TENANT` FOREIGN KEY (`TENANT_ID`) REFERENCES `tenant` (`TENANT_ID`)
) ENGINE=InnoDB AUTO_INCREMENT=6 DEFAULT CHARSET=latin1;

-- Dumping data for table univision.job_role: ~0 rows (approximately)
DELETE FROM `job_role`;
/*!40000 ALTER TABLE `job_role` DISABLE KEYS */;
INSERT INTO `job_role` (`JOB_ROLE_ID`, `TENANT_ID`, `ORG_ID`, `JOB_ROLE_NAME`, `JOB_ROLE_CODE`, `JOB_ROLE_STATUS`, `DESCRIPTION`, `WHEN_CREATED`, `STATUS_TLM`, `LAST_UPDATED`) VALUES
	(5, 1, 1, 'Job Role1', 'JR1', 'ACTIVE', 'Job Role1', '2018-09-02 23:46:32', '2018-09-02 23:46:32', '2018-09-02 23:46:32');
/*!40000 ALTER TABLE `job_role` ENABLE KEYS */;


-- Dumping structure for table univision.mapping_data_file_tracker
CREATE TABLE IF NOT EXISTS `mapping_data_file_tracker` (
  `MAPPING_DATA_FILE_TRACKER_ID` int(11) unsigned NOT NULL AUTO_INCREMENT,
  `TENANT_ID` int(11) unsigned NOT NULL,
  `ORG_ID` int(11) unsigned NOT NULL,
  `FILE_NAME` varchar(50) NOT NULL,
  `COMPLETE_FILE_PATH` varchar(100) NOT NULL,
  `FILE_SIZE` varchar(50) NOT NULL,
  `NUMBER_OF_RECORDS` varchar(50) NOT NULL,
  `USER_ID` int(11) unsigned NOT NULL,
  `USER_NAME` varchar(50) NOT NULL,
  `UPLOADED_DATE` datetime NOT NULL DEFAULT CURRENT_TIMESTAMP,
  `LAST_UPDATED` timestamp NOT NULL DEFAULT CURRENT_TIMESTAMP ON UPDATE CURRENT_TIMESTAMP,
  PRIMARY KEY (`MAPPING_DATA_FILE_TRACKER_ID`)
) ENGINE=InnoDB DEFAULT CHARSET=utf8 COMMENT='CONNECTOR MAPPING DATA FILE';

-- Dumping data for table univision.mapping_data_file_tracker: ~0 rows (approximately)
DELETE FROM `mapping_data_file_tracker`;
/*!40000 ALTER TABLE `mapping_data_file_tracker` DISABLE KEYS */;
/*!40000 ALTER TABLE `mapping_data_file_tracker` ENABLE KEYS */;


-- Dumping structure for table univision.market_profile
CREATE TABLE IF NOT EXISTS `market_profile` (
  `MARKET_PROFILE_ID` int(11) unsigned NOT NULL AUTO_INCREMENT,
  `ORG_ID` int(11) unsigned NOT NULL,
  `TENANT_ID` int(11) unsigned NOT NULL,
  `MARKET_PROFILE_STATUS` enum('ACTIVE','INACTIVE') NOT NULL DEFAULT 'ACTIVE',
  `STATUS_TLM` datetime NOT NULL,
  `LAST_UPDATED` datetime NOT NULL,
  PRIMARY KEY (`MARKET_PROFILE_ID`),
  KEY `FK_MARKET_PROFILE_ORGANIZATION` (`ORG_ID`),
  KEY `FK_MARKET_PROFILE_TENANT` (`TENANT_ID`),
  CONSTRAINT `FK_MARKET_PROFILE_ORGANIZATION` FOREIGN KEY (`ORG_ID`) REFERENCES `organization` (`ORG_ID`),
  CONSTRAINT `FK_MARKET_PROFILE_TENANT` FOREIGN KEY (`TENANT_ID`) REFERENCES `tenant` (`TENANT_ID`)
) ENGINE=InnoDB DEFAULT CHARSET=latin1;

-- Dumping data for table univision.market_profile: ~0 rows (approximately)
DELETE FROM `market_profile`;
/*!40000 ALTER TABLE `market_profile` DISABLE KEYS */;
/*!40000 ALTER TABLE `market_profile` ENABLE KEYS */;


-- Dumping structure for table univision.meta_data
CREATE TABLE IF NOT EXISTS `meta_data` (
  `META_DATA_ID` int(11) unsigned NOT NULL AUTO_INCREMENT,
  `TENANT_ID` int(11) unsigned NOT NULL,
  `ORG_ID` int(11) unsigned NOT NULL,
  `META_DATA_NAME` varchar(50) NOT NULL,
  `META_DATA_DESCRIPTION` varchar(50) DEFAULT NULL,
  `DISPLAY_NAME` varchar(50) NOT NULL,
  `EXECUTION_FLOW` text NOT NULL,
  `DB_TABLE` varchar(50) NOT NULL,
  `DB_TABLE_FIELD` varchar(50) NOT NULL,
  `METADATA_CATEGORY` varchar(100) DEFAULT NULL,
  `META_DATA_DEFAULT_VALUE` varchar(50) DEFAULT NULL,
  `META_DATA_VALUE_TYPE` enum('SINGLE','MULTI') NOT NULL,
  `META_DATA_FORMAT` int(11) unsigned NOT NULL,
  `META_DATA_EQUATION_ID` int(11) unsigned DEFAULT NULL,
  `META_DATA_VISIBILITY_RULE_ID` int(11) unsigned DEFAULT NULL,
  `META_DATA_EDIT_RULE_ID` int(11) unsigned DEFAULT NULL,
  `IS_AGGREGATE` bit(1) NOT NULL DEFAULT b'0',
  `IS_MANDATORY` bit(1) NOT NULL DEFAULT b'0',
  `AGGREGATE_FUNCTION` enum('SUM','MIN','MAX','AVERAGE') DEFAULT 'SUM',
  `META_DATA_STATUS` enum('ACTIVE','INACTIVE') NOT NULL DEFAULT 'ACTIVE',
  `META_DATA_WHEN_CREATED` datetime NOT NULL,
  `LAST_UPDATED` timestamp NOT NULL DEFAULT CURRENT_TIMESTAMP ON UPDATE CURRENT_TIMESTAMP,
  PRIMARY KEY (`META_DATA_ID`),
  UNIQUE KEY `META_DATA_NAME` (`META_DATA_NAME`),
  KEY `FK_META_DATA_TENANT` (`TENANT_ID`),
  KEY `FK_META_DATA_ORGANIZATION` (`ORG_ID`),
  KEY `FK_META_DATA_META_DATA_EQUATION` (`META_DATA_EQUATION_ID`),
  KEY `FK_META_DATA_META_DATA_EDIT_RULE` (`META_DATA_EDIT_RULE_ID`),
  KEY `FK_META_DATA_META_DATA_FORMAT` (`META_DATA_FORMAT`),
  KEY `FK_meta_data_meta_data_rule` (`META_DATA_VISIBILITY_RULE_ID`),
  CONSTRAINT `FK_META_DATA_META_DATA_EQUATION` FOREIGN KEY (`META_DATA_EQUATION_ID`) REFERENCES `meta_data_equation` (`META_DATA_EQUATION_ID`),
  CONSTRAINT `FK_META_DATA_META_DATA_FORMAT` FOREIGN KEY (`META_DATA_FORMAT`) REFERENCES `meta_data_format` (`META_DATA_FORMAT_ID`),
  CONSTRAINT `FK_META_DATA_ORGANIZATION` FOREIGN KEY (`ORG_ID`) REFERENCES `organization` (`ORG_ID`),
  CONSTRAINT `FK_META_DATA_RULE` FOREIGN KEY (`META_DATA_EDIT_RULE_ID`) REFERENCES `meta_data_rule` (`META_DATA_RULE_ID`),
  CONSTRAINT `FK_META_DATA_TENANT` FOREIGN KEY (`TENANT_ID`) REFERENCES `tenant` (`TENANT_ID`),
  CONSTRAINT `FK_meta_data_meta_data_rule` FOREIGN KEY (`META_DATA_VISIBILITY_RULE_ID`) REFERENCES `meta_data_rule` (`META_DATA_RULE_ID`)
) ENGINE=InnoDB AUTO_INCREMENT=340 DEFAULT CHARSET=latin1;

-- Dumping data for table univision.meta_data: ~305 rows (approximately)
DELETE FROM `meta_data`;
/*!40000 ALTER TABLE `meta_data` DISABLE KEYS */;
INSERT INTO `meta_data` (`META_DATA_ID`, `TENANT_ID`, `ORG_ID`, `META_DATA_NAME`, `META_DATA_DESCRIPTION`, `DISPLAY_NAME`, `EXECUTION_FLOW`, `DB_TABLE`, `DB_TABLE_FIELD`, `METADATA_CATEGORY`, `META_DATA_DEFAULT_VALUE`, `META_DATA_VALUE_TYPE`, `META_DATA_FORMAT`, `META_DATA_EQUATION_ID`, `META_DATA_VISIBILITY_RULE_ID`, `META_DATA_EDIT_RULE_ID`, `IS_AGGREGATE`, `IS_MANDATORY`, `AGGREGATE_FUNCTION`, `META_DATA_STATUS`, `META_DATA_WHEN_CREATED`, `LAST_UPDATED`) VALUES
	(1, 1, 1, 'First_Name', 'First name of employee', 'First Name', '{\n  "steps": [\n    {\n      "table": "EMPLOYEE_MASTER",\n      "inMappingColumn": "",\n      "outMappingColumn": "EMPLOYEE_MASTER_ID",\n      "level": 1,\n      "conditions": {\n        "andType": [],\n        "orType": []\n      }\n    }\n  ]\n}', 'EMPLOYEE_MASTER', 'FIRST_NAME', 'EMPLOYEE_INFORMATION', 'Mittie', 'SINGLE', 1, NULL, NULL, NULL, b'0', b'1', NULL, 'ACTIVE', '2015-06-08 15:37:10', '2019-04-15 20:04:07'),
	(2, 1, 1, 'Last_Name', 'Last name of employee', 'Last Name', '{\n  "steps": [\n    {\n      "table": "EMPLOYEE_MASTER",\n      "inMappingColumn": "",\n      "outMappingColumn": "EMPLOYEE_MASTER_ID",\n      "level": 1,\n      "conditions": {\n        "andType": [],\n        "orType": []\n      }\n    }\n  ]\n}', 'EMPLOYEE_MASTER', 'LAST_NAME', 'EMPLOYEE_INFORMATION', 'Jeong', 'SINGLE', 1, NULL, NULL, NULL, b'0', b'0', NULL, 'ACTIVE', '2015-06-08 15:38:29', '2019-04-15 20:05:01'),
	(3, 1, 1, 'Middle_Name', 'Middle name of employee', 'Middle Name', '{\n  "steps": [\n    {\n      "table": "EMPLOYEE_MASTER",\n      "inMappingColumn": "",\n      "outMappingColumn": "EMPLOYEE_MASTER_ID",\n      "level": 1,\n      "conditions": {\n        "andType": [],\n        "orType": []\n      }\n    }\n  ]\n}', 'EMPLOYEE_MASTER', 'MIDDLE_NAME', 'EMPLOYEE_INFORMATION', 'Christoper', 'SINGLE', 1, NULL, NULL, NULL, b'0', b'0', NULL, 'ACTIVE', '2015-06-08 15:37:10', '2019-04-15 20:05:04'),
	(4, 1, 1, 'Full_Name', 'Full name of employee', 'Full Name', '{\n  "steps": [\n    {\n      "table": "EMPLOYEE_MASTER",\n      "inMappingColumn": "",\n      "outMappingColumn": "EMPLOYEE_MASTER_ID",\n      "level": 1,\n      "conditions": {\n        "andType": [],\n        "orType": []\n      }\n    }\n  ]\n}', 'EMPLOYEE_MASTER', 'FULL_NAME', 'EMPLOYEE_INFORMATION', 'Mittie Christoper Jeong', 'SINGLE', 1, NULL, NULL, NULL, b'0', b'0', NULL, 'ACTIVE', '2016-04-27 01:41:35', '2019-04-15 20:04:12'),
	(5, 1, 1, 'Employee_Alias_Name', 'Alias name of employee', 'Employee Alias Name', '{\n  "steps": [\n    {\n      "table": "EMPLOYEE_MASTER",\n      "inMappingColumn": "",\n      "outMappingColumn": "EMPLOYEE_MASTER_ID",\n      "level": 1,\n      "conditions": {\n        "andType": [],\n        "orType": []\n      }\n    }\n  ]\n}', 'EMPLOYEE_MASTER', 'ALIAS_NAME', 'EMPLOYEE_INFORMATION', 'Mike', 'SINGLE', 1, NULL, NULL, NULL, b'0', b'0', 'SUM', 'ACTIVE', '2016-04-27 01:42:44', '2019-04-15 20:03:04'),
	(6, 1, 1, 'Salute', 'Salute of employee', 'Salute', '{\n  "steps": [\n    {\n      "table": "EMPLOYEE_MASTER",\n      "inMappingColumn": "",\n      "outMappingColumn": "EMPLOYEE_MASTER_ID",\n      "level": 1,\n      "conditions": {\n        "andType": [],\n        "orType": []\n      }\n    }\n  ]\n}', 'EMPLOYEE_MASTER', 'SALUTE', 'EMPLOYEE_INFORMATION', 'Mr', 'SINGLE', 1, NULL, NULL, NULL, b'0', b'0', NULL, 'ACTIVE', '2016-04-27 01:43:53', '2019-04-15 20:05:57'),
	(7, 1, 1, 'Employee_Email', 'Email of employee', 'Employee Email', '{\n  "steps": [\n    {\n      "table": "EMPLOYEE_MASTER",\n      "inMappingColumn": "",\n      "outMappingColumn": "EMPLOYEE_MASTER_ID",\n      "level": 1,\n      "conditions": {\n        "andType": [],\n        "orType": []\n      }\n    }\n  ]\n}', 'EMPLOYEE_MASTER', 'EMAIL', 'EMPLOYEE_INFORMATION', 'mittie_ch@gmail.com', 'SINGLE', 1, NULL, NULL, NULL, b'0', b'1', NULL, 'ACTIVE', '2015-06-08 15:37:10', '2019-04-15 20:03:52'),
	(8, 1, 1, 'Office_Phone', 'Office phone of employee', 'Office Phone', '{\n  "steps": [\n    {\n      "table": "EMPLOYEE_MASTER",\n      "inMappingColumn": "",\n      "outMappingColumn": "EMPLOYEE_MASTER_ID",\n      "level": 1,\n      "conditions": {\n        "andType": [],\n        "orType": []\n      }\n    }\n  ]\n}', 'EMPLOYEE_MASTER', 'OFFICE_PHONE', 'EMPLOYEE_INFORMATION', '8028782345', 'SINGLE', 1, NULL, NULL, NULL, b'0', b'0', NULL, 'ACTIVE', '2015-06-08 15:37:10', '2019-04-15 20:05:12'),
	(9, 1, 1, 'Cell_Phone', 'Cell phone of employee', 'Cell Phone', '{\n  "steps": [\n    {\n      "table": "EMPLOYEE_MASTER",\n      "inMappingColumn": "",\n      "outMappingColumn": "EMPLOYEE_MASTER_ID",\n      "level": 1,\n      "conditions": {\n        "andType": [],\n        "orType": []\n      }\n    }\n  ]\n}', 'EMPLOYEE_MASTER', 'CELL_PHONE', 'EMPLOYEE_INFORMATION', '9177723980', 'SINGLE', 1, NULL, NULL, NULL, b'1', b'0', NULL, 'ACTIVE', '2016-04-27 01:51:03', '2019-04-15 20:03:28'),
	(10, 1, 1, 'Gender', 'Gender of employee', 'Gender', '{\n  "steps": [\n    {\n      "table": "EMPLOYEE_MASTER",\n      "inMappingColumn": "",\n      "outMappingColumn": "EMPLOYEE_MASTER_ID",\n      "level": 1,\n      "conditions": {\n        "andType": [],\n        "orType": []\n      }\n    }\n  ]\n}', 'EMPLOYEE_MASTER', 'GENDER', 'EMPLOYEE_INFORMATION', 'Male', 'SINGLE', 1, NULL, NULL, NULL, b'0', b'1', NULL, 'ACTIVE', '2016-04-27 01:53:11', '2019-04-15 20:04:23'),
	(11, 1, 1, 'Employee_Address', 'Address1 of employee', 'Employee Address', '{\n  "steps": [\n    {\n      "table": "EMPLOYEE_MASTER",\n      "inMappingColumn": "",\n      "outMappingColumn": "EMPLOYEE_MASTER_ID",\n      "level": 1,\n      "conditions": {\n        "andType": [],\n        "orType": []\n      }\n    }\n  ]\n}', 'EMPLOYEE_MASTER', 'ADDRESS1', 'EMPLOYEE_INFORMATION', '5140 Deerfield Drive', 'SINGLE', 1, NULL, NULL, NULL, b'0', b'0', NULL, 'ACTIVE', '2016-04-27 01:54:29', '2019-04-15 20:03:01'),
	(12, 1, 1, 'City', 'City of employee', 'City', '{\n  "steps": [\n    {\n      "table": "EMPLOYEE_MASTER",\n      "inMappingColumn": "",\n      "outMappingColumn": "EMPLOYEE_MASTER_ID",\n      "level": 1,\n      "conditions": {\n        "andType": [],\n        "orType": []\n      }\n    }\n  ]\n}', 'EMPLOYEE_MASTER', 'CITY', 'EMPLOYEE_INFORMATION', 'Greenville', 'SINGLE', 1, NULL, NULL, NULL, b'0', b'0', NULL, 'ACTIVE', '2016-04-27 01:56:08', '2019-04-15 20:03:27'),
	(13, 1, 1, 'State', 'State of employee', 'State', '{\n  "steps": [\n    {\n      "table": "EMPLOYEE_MASTER",\n      "inMappingColumn": "",\n      "outMappingColumn": "EMPLOYEE_MASTER_ID",\n      "level": 1,\n      "conditions": {\n        "andType": [],\n        "orType": []\n      }\n    }\n  ]\n}', 'EMPLOYEE_MASTER', 'STATE', 'EMPLOYEE_INFORMATION', 'NC', 'SINGLE', 1, NULL, NULL, NULL, b'0', b'0', NULL, 'ACTIVE', '2016-04-27 01:56:40', '2019-04-15 20:02:34'),
	(14, 1, 1, 'Zip', 'Zip of employee', 'Zip', '{\n  "steps": [\n    {\n      "table": "EMPLOYEE_MASTER",\n      "inMappingColumn": "",\n      "outMappingColumn": "EMPLOYEE_MASTER_ID",\n      "level": 1,\n      "conditions": {\n        "andType": [],\n        "orType": []\n      }\n    }\n  ]\n}', 'EMPLOYEE_MASTER', 'ZIP', 'EMPLOYEE_INFORMATION', '27834', 'SINGLE', 2, NULL, NULL, NULL, b'0', b'0', NULL, 'ACTIVE', '2016-04-27 01:56:50', '2019-04-15 20:02:39'),
	(16, 1, 1, 'Region', 'Region of employee', 'Region', '{\n  "steps": [\n    {\n      "table": "EMPLOYEE_MASTER",\n      "inMappingColumn": "",\n      "outMappingColumn": "EMPLOYEE_MASTER_ID",\n      "level": 1,\n      "conditions": {\n        "andType": [],\n        "orType": []\n      }\n    }\n  ]\n}', 'EMPLOYEE_MASTER', 'REGION', 'EMPLOYEE_INFORMATION', 'Northeast', 'SINGLE', 1, NULL, NULL, NULL, b'0', b'0', NULL, 'ACTIVE', '2016-04-27 01:57:16', '2019-04-15 20:05:36'),
	(17, 1, 1, 'Employee_Identification_No', 'Identification no of employee', 'Employee Identification No', '{\n  "steps": [\n    {\n      "table": "EMPLOYEE_MASTER",\n      "inMappingColumn": "",\n      "outMappingColumn": "EMPLOYEE_MASTER_ID",\n      "level": 1,\n      "conditions": {\n        "andType": [],\n        "orType": []\n      }\n    }\n  ]\n}', 'EMPLOYEE_MASTER', 'IDENTIFICATION_NO', 'EMPLOYEE_INFORMATION', 'AC1900', 'SINGLE', 1, NULL, NULL, NULL, b'0', b'0', NULL, 'ACTIVE', '2016-04-27 02:05:38', '2019-04-15 20:04:31'),
	(18, 1, 1, 'Hire_Date', 'Hire date of employee', 'Hire Date', '{\n  "steps": [\n    {\n      "table": "EMPLOYEE_MASTER",\n      "inMappingColumn": "",\n      "outMappingColumn": "EMPLOYEE_MASTER_ID",\n      "level": 1,\n      "conditions": {\n        "andType": [],\n        "orType": []\n      }\n    }\n  ]\n}', 'EMPLOYEE_MASTER', 'HIRE_DATE', 'EMPLOYEE_INFORMATION', '2015-01-20', 'SINGLE', 7, NULL, NULL, NULL, b'0', b'0', NULL, 'ACTIVE', '2016-04-27 02:05:48', '2019-04-15 20:07:04'),
	(19, 1, 1, 'Rehire_Date', 'Rehire date of employee', 'Rehire Date', '{\n  "steps": [\n    {\n      "table": "EMPLOYEE_MASTER",\n      "inMappingColumn": "",\n      "outMappingColumn": "EMPLOYEE_MASTER_ID",\n      "level": 1,\n      "conditions": {\n        "andType": [],\n        "orType": []\n      }\n    }\n  ]\n}', 'EMPLOYEE_MASTER', 'REHIRE_DATE', 'EMPLOYEE_INFORMATION', '2016-02-25', 'SINGLE', 7, NULL, NULL, NULL, b'0', b'0', NULL, 'ACTIVE', '2016-04-27 02:05:59', '2019-04-15 20:07:12'),
	(20, 1, 1, 'Employment_Type', 'Employment type of employee', 'Employment Type', '{\n  "steps": [\n    {\n      "table": "EMPLOYEE_MASTER",\n      "inMappingColumn": "",\n      "outMappingColumn": "EMPLOYEE_MASTER_ID",\n      "level": 1,\n      "conditions": {\n        "andType": [],\n        "orType": []\n      }\n    }\n  ]\n}', 'EMPLOYEE_MASTER', 'EMPLOYMENT_TYPE', 'EMPLOYEE_INFORMATION', 'Salaried', 'SINGLE', 1, NULL, NULL, NULL, b'0', b'0', NULL, 'ACTIVE', '2016-04-27 02:06:07', '2019-04-15 20:04:06'),
	(21, 1, 1, 'Employee_Business_Unit_Name', 'Business unit of employee', 'Employee Business Unit Name', '{\n  "steps": [\n    {\n      "table": "EMPLOYEE_MASTER",\n      "inMappingColumn": "",\n      "outMappingColumn": "EMPLOYEE_MASTER_ID",\n      "level": 1,\n      "conditions": {\n        "andType": [],\n        "orType": []\n      }\n    },\n    {\n      "table": "EMPLOYEE_DATA",\n      "inMappingColumn": "EMPLOYEE_MASTER_ID",\n      "outMappingColumn": "CURRENT_BUSINESS_UNIT_ID",\n      "level": 2,\n      "conditions": {\n        "andType": [],\n        "orType": []\n      }\n    },\n    {\n      "table": "BUSINESS_UNIT",\n      "inMappingColumn": "BUSINESS_UNIT_ID",\n      "outMappingColumn": "",\n      "level": 3,\n      "conditions": {\n        "andType": [],\n        "orType": []\n      }\n    }\n  ]\n}', 'BUSINESS_UNIT', 'BUSINESS_UNIT_NAME', NULL, 'Offsore', 'SINGLE', 1, NULL, NULL, NULL, b'0', b'0', NULL, 'ACTIVE', '2015-06-08 15:37:10', '2019-10-20 20:25:53'),
	(22, 1, 1, 'Department_Name', 'Department name of employee', 'Department Name', '{\n  "steps": [\n    {\n      "table": "EMPLOYEE_MASTER",\n      "inMappingColumn": "",\n      "outMappingColumn": "EMPLOYEE_MASTER_ID",\n      "level": 1,\n      "conditions": {\n        "andType": [],\n        "orType": []\n      }\n    },\n    {\n      "table": "EMPLOYEE_DATA",\n      "inMappingColumn": "EMPLOYEE_MASTER_ID",\n      "outMappingColumn": "CURRENT_DEPT_ID",\n      "level": 2,\n      "conditions": {\n        "andType": [],\n        "orType": []\n      }\n    },\n    {\n      "table": "DEPARTMENT",\n      "inMappingColumn": "DEPT_ID",\n      "outMappingColumn": "",\n      "level": 3,\n      "conditions": {\n        "andType": [],\n        "orType": []\n      }\n    }\n  ]\n}', 'DEPARTMENT', 'DEPT_NAME', 'DEPARTMENT', 'Finance', 'SINGLE', 1, NULL, NULL, NULL, b'0', b'1', NULL, 'ACTIVE', '2015-06-08 15:37:10', '2019-10-20 20:20:32'),
	(23, 1, 1, 'Group_Name', 'Group name of employee', 'Group Name', '{\n  "steps": [\n    {\n      "table": "EMPLOYEE_MASTER",\n      "inMappingColumn": "",\n      "outMappingColumn": "EMPLOYEE_MASTER_ID",\n      "level": 1,\n      "conditions": {\n        "andType": [],\n        "orType": []\n      }\n    },\n    {\n      "table": "EMPLOYEE_DATA",\n      "inMappingColumn": "EMPLOYEE_MASTER_ID",\n      "outMappingColumn": "CURRENT_GROUP_ID",\n      "level": 2,\n      "conditions": {\n        "andType": [],\n        "orType": []\n      }\n    },\n    {\n      "table": "EMPLOYEE_GROUP",\n      "inMappingColumn": "GROUP_ID",\n      "outMappingColumn": "",\n      "level": 3,\n      "conditions": {\n        "andType": [],\n        "orType": []\n      }\n    }\n  ]\n}', 'EMPLOYEE_GROUP', 'GROUP_NAME', NULL, 'Audit Team', 'SINGLE', 1, NULL, NULL, NULL, b'0', b'0', NULL, 'ACTIVE', '2016-04-27 02:15:50', '2019-10-20 20:19:24'),
	(25, 1, 1, 'Merit_Amount_Increase', 'Merit Increase Amount', 'High performance Amount Increase', '{\n  "steps": [\n    {\n      "table": "BASEPAY_MASTER",\n      "inMappingColumn": "",\n      "outMappingColumn": "EMPLOYEE_MASTER_ID",\n      "level": 1,\n      "conditions": {\n        "andType": [\n{\n            "columnName": "COMPENSATION_INCREASE_TYPE_ID", \n             "columnValue": 1\n         }\n         ],\n        "orType": []\n      }\n    }\n  ]\n}', 'BASEPAY_MASTER', 'BASEPAY_AMOUNT_INCREASE', '1', '100.0', 'SINGLE', 5, NULL, NULL, NULL, b'0', b'0', 'SUM', 'ACTIVE', '2016-08-25 11:48:30', '2019-05-04 15:38:59'),
	(26, 1, 1, 'Current_Job_Title', 'Current Job TItle', 'Current Job Title', '{\n  "steps": [\n    {\n      "table": "EMPLOYEE_MASTER",\n      "inMappingColumn": "",\n      "outMappingColumn": "EMPLOYEE_MASTER_ID",\n      "level": 1,\n      "conditions": {\n        "andType": [],\n        "orType": []\n      }\n    },\n    {\n      "table": "EMPLOYEE_DATA",\n      "inMappingColumn": "EMPLOYEE_MASTER_ID",\n      "outMappingColumn": "CURRENT_JOB_ID",\n      "level": 2,\n      "conditions": {\n        "andType": [],\n        "orType": []\n      }\n    },\n    {\n      "table": "JOB",\n      "inMappingColumn": "JOB_ID",\n      "outMappingColumn": "",\n      "level": 3,\n      "conditions": {\n        "andType": [],\n        "orType": []\n      }\n    }\n  ]\n}', 'JOB', 'JOB_TITLE', 'EMPLOYEE_INFORMATION', '3', 'SINGLE', 1, NULL, NULL, NULL, b'0', b'0', NULL, 'ACTIVE', '2016-04-27 01:57:16', '2019-04-15 20:03:44'),
	(27, 1, 1, 'New_Job_Title', 'New Job TItle', 'New Job Title', '{\n"onChange": true,\n  "steps": [\n    {\n      "table": "EMPLOYEE_MASTER",\n      "inMappingColumn": "",\n      "outMappingColumn": "EMPLOYEE_MASTER_ID",\n      "level": 1,\n      "conditions": {\n        "andType": [],\n        "orType": []\n      }\n    },\n    {\n      "table": "EMPLOYEE_DATA",\n      "inMappingColumn": "EMPLOYEE_MASTER_ID",\n      "outMappingColumn": "NEW_JOB_ID",\n      "level": 2,\n      "conditions": {\n        "andType": [],\n        "orType": []\n      }\n    },\n    {\n      "table": "JOB",\n      "inMappingColumn": "JOB_ID",\n      "outMappingColumn": "",\n      "level": 3,\n      "keepsDuplicate": true,\n      "conditions": {\n        "andType": [],\n        "orType": []\n      }\n    }\n  ]\n}', 'JOB', 'JOB_TITLE', 'EMPLOYEE_INFORMATION', '3', 'MULTI', 1, NULL, NULL, NULL, b'0', b'0', 'SUM', 'ACTIVE', '2016-04-27 01:57:16', '2019-11-23 09:29:46'),
	(28, 1, 1, 'Current_Job_Code', 'Current Job Code', 'Current Job Code', '{\n  "steps": [\n    {\n      "table": "EMPLOYEE_MASTER",\n      "inMappingColumn": "",\n      "outMappingColumn": "EMPLOYEE_MASTER_ID",\n      "level": 1,\n      "conditions": {\n        "andType": [],\n        "orType": []\n      }\n    },\n    {\n      "table": "EMPLOYEE_DATA",\n      "inMappingColumn": "EMPLOYEE_MASTER_ID",\n      "outMappingColumn": "CURRENT_JOB_ID",\n      "level": 2,\n      "conditions": {\n        "andType": [],\n        "orType": []\n      }\n    },\n    {\n      "table": "JOB",\n      "inMappingColumn": "JOB_ID",\n      "outMappingColumn": "",\n      "level": 3,\n      "conditions": {\n        "andType": [],\n        "orType": []\n      }\n    }\n  ]\n}', 'JOB', 'JOB_CODE', 'EMPLOYEE_INFORMATION', '3', 'SINGLE', 1, NULL, NULL, NULL, b'0', b'0', NULL, 'ACTIVE', '2016-04-27 01:57:16', '2019-04-15 20:03:45'),
	(29, 1, 1, 'New_Job_Code', 'New Job Code', 'New Job Code', '{\n"managerSpecific": true,\n  "steps": [\n    {\n      "table": "EMPLOYEE_MASTER",\n      "inMappingColumn": "",\n      "outMappingColumn": "EMPLOYEE_MASTER_ID",\n      "level": 1,\n      "conditions": {\n        "andType": [],\n        "orType": []\n      }\n    },\n    {\n      "table": "EMPLOYEE_DATA",\n      "inMappingColumn": "EMPLOYEE_MASTER_ID",\n      "outMappingColumn": "NEW_JOB_ID",\n      "level": 2,\n      "conditions": {\n        "andType": [],\n        "orType": []\n      }\n    },\n    {\n      "table": "JOB",\n      "inMappingColumn": "JOB_ID",\n      "outMappingColumn": "",\n      "level": 3,\n      "keepsDuplicate": true,\n      "conditions": {\n        "andType": [],\n        "orType": []\n      }\n    }\n  ]\n}', 'JOB', 'JOB_CODE', 'EMPLOYEE_INFORMATION', '3', 'SINGLE', 1, NULL, NULL, NULL, b'0', b'0', NULL, 'ACTIVE', '2016-04-27 01:57:16', '2019-11-23 09:31:17'),
	(30, 1, 1, 'Q1_Rewards_Eligible', 'Bonus Increase Eligible of employee', 'Q1 Rewards Eligible', '{\n  "steps": [\n    {\n      "table": "BONUS_MASTER",\n      "inMappingColumn": "",\n      "outMappingColumn": "EMPLOYEE_MASTER_ID",\n      "level": 1,\n      "conditions": {\n        "andType": [{\n            "columnName": "COMPENSATION_INCREASE_TYPE_ID", \n             "columnValue": 3\n         }],\n        "orType": []\n      }\n    }\n  ]\n}', 'BONUS_MASTER', 'BONUS_INCREASE_ELIGIBLE', 'COMPENSATION_DATA', '50.0', 'SINGLE', 5, NULL, NULL, NULL, b'0', b'0', NULL, 'ACTIVE', '2016-08-25 11:57:00', '2019-04-13 11:11:18'),
	(31, 1, 1, 'Current_Annual_Basepay', 'Current Annual Basepay of employee', 'Current Annual Basepay', '{\n  "steps": [\n    {\n      "table": "EMPLOYEE_MASTER",\n      "inMappingColumn": "",\n      "outMappingColumn": "EMPLOYEE_MASTER_ID",\n      "level": 1,\n      "conditions": {\n        "andType": [],\n        "orType": []\n      }\n    }\n  ]\n}', 'EMPLOYEE_MASTER', 'CURRENT_ANNUAL_BASEPAY', 'EMPLOYEE_INFORMATION', '100.0', 'SINGLE', 5, NULL, NULL, NULL, b'1', b'1', 'SUM', 'ACTIVE', '2016-08-25 11:48:30', '2019-04-13 11:11:18'),
	(32, 1, 1, 'New_Annual_Basepay', 'New Annual Basepay of employee', 'New Annual Basepay', '{\n  "steps": [\n    {\n      "table": "BASEPAY_MASTER",\n      "inMappingColumn": "",\n      "outMappingColumn": "EMPLOYEE_MASTER_ID",\n      "level": 1,\n      "conditions": {\n        "andType": [],\n        "orType": []\n      }\n    }\n  ]\n}', 'BASEPAY_MASTER', 'NEW_ANNUAL_BASEPAY', NULL, '120.0', 'SINGLE', 5, 17, NULL, NULL, b'1', b'0', 'SUM', 'ACTIVE', '2016-08-25 11:48:30', '2019-04-13 11:11:18'),
	(33, 1, 1, 'Current_Annual_Bonus', 'Current Annual Bonus of employee', 'Current Annual Bonus', '{\n  "steps": [\n    {\n      "table": "BONUS_MASTER",\n      "inMappingColumn": "",\n      "outMappingColumn": "EMPLOYEE_MASTER_ID",\n      "level": 1,\n      "conditions": {\n        "andType": [],\n        "orType": []\n      }\n    }\n  ]\n}', 'BONUS_MASTER', 'CURRENT_ANNUAL_BONUS', 'COMPENSATION_DATA', '60.0', 'SINGLE', 5, NULL, NULL, NULL, b'1', b'0', 'SUM', 'ACTIVE', '2016-08-25 11:48:30', '2019-04-13 11:11:18'),
	(34, 1, 1, 'New_Annual_Bonus', 'New Annual Bonus of employee', 'New Annual Bonus', '{\n  "steps": [\n    {\n      "table": "BONUS_MASTER",\n      "inMappingColumn": "",\n      "outMappingColumn": "EMPLOYEE_MASTER_ID",\n      "level": 1,\n      "conditions": {\n        "andType": [\n{\n            "columnName": "COMPENSATION_INCREASE_TYPE_ID", \n             "columnValue": 3\n         }],\n        "orType": []\n      }\n    }\n  ]\n}', 'BONUS_MASTER', 'NEW_ANNUAL_BONUS', 'COMPENSATION_DATA', '70.0', 'SINGLE', 5, 21, NULL, NULL, b'1', b'0', 'SUM', 'ACTIVE', '2016-08-25 11:48:30', '2019-04-13 11:11:18'),
	(35, 1, 1, 'Option_Current_Amt', 'Current Annual Price of employee', 'Option Current Amt', '{\n  "steps": [\n    {\n      "table": "STOCK_MASTER",\n      "inMappingColumn": "",\n      "outMappingColumn": "EMPLOYEE_MASTER_ID",\n      "level": 1,\n      "conditions": {\n        "andType": [{\n            "columnName": "COMPENSATION_INCREASE_TYPE_ID", \n             "columnValue": 5\n         }],\n        "orType": []\n      }\n    }\n  ]\n}', 'STOCK_MASTER', 'CURRENT_ANNUAL_PRICE', NULL, '75.0', 'SINGLE', 5, NULL, NULL, NULL, b'1', b'0', 'SUM', 'ACTIVE', '2016-08-25 11:48:30', '2019-04-13 11:11:18'),
	(36, 1, 1, 'Option_New_Amt', 'New Annual Price of employee', 'Option New Amt', '{\n  "steps": [\n    {\n      "table": "STOCK_MASTER",\n      "inMappingColumn": "",\n      "outMappingColumn": "EMPLOYEE_MASTER_ID",\n      "level": 1,\n      "conditions": {\n        "andType": [{\n            "columnName": "COMPENSATION_INCREASE_TYPE_ID", \n             "columnValue": 5\n         }],\n        "orType": []\n      }\n    }\n  ]\n}', 'STOCK_MASTER', 'NEW_ANNUAL_PRICE', NULL, '80.0', 'SINGLE', 5, NULL, NULL, NULL, b'1', b'0', 'SUM', 'ACTIVE', '2016-08-25 11:48:30', '2019-04-13 11:11:18'),
	(37, 1, 1, 'Supervisor_Name', 'Supervisor Name of employee', 'Supervisor Name', '{\n  "steps": [\n    {\n      "table": "EMPLOYEE_MASTER",\n      "inMappingColumn": "",\n      "outMappingColumn": "EMPLOYEE_MASTER_ID",\n      "level": 1,\n      "conditions": {\n        "andType": [],\n        "orType": []\n      }\n    }\n  ]\n}', 'EMPLOYEE_MASTER', 'SUPERVISOR_NAME', 'EMPLOYEE_INFORMATION', 'Michael King', 'SINGLE', 1, NULL, NULL, NULL, b'0', b'0', NULL, 'ACTIVE', '2016-04-27 01:57:16', '2019-04-15 20:02:13'),
	(38, 1, 1, 'Merit_Budget_Total_Amount', 'Budget Total Amount of employee', 'High Performance Budget Total Amount', '{\n  "steps": [\n    {\n      "table": "BASEPAY_BUDGET_MASTER",\n      "inMappingColumn": "",\n      "outMappingColumn": "EMPLOYEE_MASTER_ID",\n      "level": 1,\n      "conditions": {\n        "andType": [ {\n             "columnName": "COMPENSATION_INCREASE_TYPE_ID", \n             "columnValue": 1\n            }\n         ],\n        "orType": []\n      }\n    }\n  ]\n}', 'BASEPAY_BUDGET_MASTER', 'DIRECT_REPORTS_BUDGET_TOTAL', NULL, '25000.0', 'SINGLE', 5, NULL, NULL, NULL, b'0', b'0', NULL, 'ACTIVE', '2016-04-27 01:57:16', '2019-09-23 09:01:18'),
	(39, 1, 1, 'Merit_Budget_Allocated_Amount', 'Budget Allocated Amount of employee', 'High Performance Budget Allocated Amount', '{\n  "steps": [\n    {\n      "table": "BASEPAY_BUDGET_MASTER",\n      "inMappingColumn": "",\n      "outMappingColumn": "EMPLOYEE_MASTER_ID",\n      "level": 1,\n      "conditions": {\n        "andType": [{\n            "columnName": "COMPENSATION_INCREASE_TYPE_ID", \n             "columnValue": 1\n             }\n          ],\n        "orType": []\n      }\n    }\n  ]\n}', 'BASEPAY_BUDGET_MASTER', 'DIRECT_REPORTS_BUDGET_ALLOCATED', NULL, '15000.0', 'SINGLE', 5, 24, NULL, NULL, b'0', b'0', 'SUM', 'ACTIVE', '2016-04-27 01:57:16', '2019-09-23 09:01:19'),
	(40, 1, 1, 'Merit_Budget_Remaining_Amount', 'Budget Remaining Amount of employee', 'High Performance Budget Remaining Amount', '{\n  "steps": [\n    {\n      "table": "BASEPAY_BUDGET_MASTER",\n      "inMappingColumn": "",\n      "outMappingColumn": "EMPLOYEE_MASTER_ID",\n      "level": 1,\n      "conditions": {\n        "andType": [{\n              "columnName": "COMPENSATION_INCREASE_TYPE_ID", \n             "columnValue": 1\n          }\n        ],\n        "orType": []\n      }\n    }\n  ]\n}', 'BASEPAY_BUDGET_MASTER', 'DIRECT_REPORTS_BUDGET_REMAINING', NULL, '10000.0', 'SINGLE', 5, NULL, NULL, NULL, b'0', b'0', 'SUM', 'ACTIVE', '2016-04-27 01:57:16', '2019-09-23 09:01:19'),
	(41, 1, 1, 'Merit_Eligible_Employees', 'Nos Eligible Employees of employee', 'Merit Eligible Employees', '{\n  "steps": [\n    {\n      "table": "BASEPAY_BUDGET_MASTER",\n      "inMappingColumn": "",\n      "outMappingColumn": "EMPLOYEE_MASTER_ID",\n      "level": 1,\n      "conditions": {\n        "andType": [{\n            "columnName": "COMPENSATION_INCREASE_TYPE_ID", \n             "columnValue": 1\n         }],\n        "orType": []\n      }\n    }\n  ]\n}', 'BASEPAY_BUDGET_MASTER', 'NOS_ELIGIBLE_EMPLOYEES', NULL, '250', 'SINGLE', 2, NULL, NULL, NULL, b'0', b'0', NULL, 'ACTIVE', '2016-04-27 01:57:16', '2019-04-13 11:11:18'),
	(42, 1, 1, 'Merit_Ineligible_Employees', 'Nos Ineligible Employees of employee', 'Merit Ineligible Employees', '{\n  "steps": [\n    {\n      "table": "BASEPAY_BUDGET_MASTER",\n      "inMappingColumn": "",\n      "outMappingColumn": "EMPLOYEE_MASTER_ID",\n      "level": 1,\n      "conditions": {\n        "andType": [{\n            "columnName": "COMPENSATION_INCREASE_TYPE_ID", \n             "columnValue": 1\n         }],\n        "orType": []\n      }\n    }\n  ]\n}', 'BASEPAY_BUDGET_MASTER', 'NOS_INELIGIBLE_EMPLOYEES', NULL, '20', 'SINGLE', 2, NULL, NULL, NULL, b'1', b'0', 'SUM', 'ACTIVE', '2016-04-27 01:57:16', '2019-04-13 11:11:18'),
	(43, 1, 1, 'Basepay_Budget_Action_Status', 'Action Status of employee', 'Basepay Budget Action Status', '{\n  "steps": [\n    {\n      "table": "BASEPAY_BUDGET_MASTER",\n      "inMappingColumn": "",\n      "outMappingColumn": "EMPLOYEE_MASTER_ID",\n      "level": 1,\n      "conditions": {\n        "andType": [],\n        "orType": []\n      }\n    }\n  ]\n}', 'BASEPAY_BUDGET_MASTER', 'ACTION_STATUS', NULL, 'Approved', 'SINGLE', 1, NULL, NULL, NULL, b'1', b'0', 'SUM', 'ACTIVE', '2016-04-27 01:57:16', '2019-04-15 20:02:44'),
	(44, 1, 1, 'RSU_Increase_Eligible', 'Stock Increase Eligible of employee', 'RSU Increase Eligible', '{\n  "steps": [\n    {\n      "table": "STOCK_MASTER",\n      "inMappingColumn": "",\n      "outMappingColumn": "EMPLOYEE_MASTER_ID",\n      "level": 1,\n      "conditions": {\n        "andType": [{\n            "columnName": "COMPENSATION_INCREASE_TYPE_ID", \n             "columnValue": 6\n         }],\n        "orType": []\n      }\n    }\n  ]\n}', 'STOCK_MASTER', 'STOCK_INCREASE_ELIGIBLE', NULL, '10.0', 'SINGLE', 5, NULL, NULL, NULL, b'0', b'0', NULL, 'ACTIVE', '2016-08-25 11:57:00', '2019-04-13 11:11:18'),
	(45, 1, 1, 'Promotion_Budget_Total_Amount', 'Budget Total Amount of employee', 'Expanded Role Budget Total Amount', '{\n  "steps": [\n    {\n      "table": "BASEPAY_BUDGET_MASTER",\n      "inMappingColumn": "",\n      "outMappingColumn": "EMPLOYEE_MASTER_ID",\n      "level": 1,\n      "conditions": {\n        "andType": [{\n            "columnName": "COMPENSATION_INCREASE_TYPE_ID", \n             "columnValue": 2\n         }\n       ],\n        "orType": []\n      }\n    }\n  ]\n}', 'BASEPAY_BUDGET_MASTER', 'DIRECT_REPORTS_BUDGET_TOTAL', NULL, '25000.0', 'SINGLE', 5, NULL, NULL, NULL, b'0', b'0', NULL, 'ACTIVE', '2016-04-27 01:57:16', '2019-09-23 09:01:18'),
	(46, 1, 1, 'Promotion_Budget_Allocated_Amount', 'Budget Allocated Amount of employee', 'Expanded Role Budget Allocated Amount', '{\n  "steps": [\n    {\n      "table": "BASEPAY_BUDGET_MASTER",\n      "inMappingColumn": "",\n      "outMappingColumn": "EMPLOYEE_MASTER_ID",\n      "level": 1,\n      "conditions": {\n        "andType": [{\n           "columnName": "COMPENSATION_INCREASE_TYPE_ID", \n            "columnValue": 2\n         }\n        ],\n        "orType": []\n      }\n    }\n  ]\n}', 'BASEPAY_BUDGET_MASTER', 'DIRECT_REPORTS_BUDGET_ALLOCATED', NULL, '15000.0', 'SINGLE', 5, NULL, NULL, NULL, b'0', b'0', NULL, 'ACTIVE', '2016-04-27 01:57:16', '2019-09-23 09:01:19'),
	(47, 1, 1, 'Promotion_Budget_Remaining_Amount', 'Budget Remaining Amount of employee', 'Expanded Role Budget Remaining Amount', '{\n  "steps": [\n    {\n      "table": "BASEPAY_BUDGET_MASTER",\n      "inMappingColumn": "",\n      "outMappingColumn": "EMPLOYEE_MASTER_ID",\n      "level": 1,\n      "conditions": {\n        "andType": [{\n           "columnName": "COMPENSATION_INCREASE_TYPE_ID", \n            "columnValue": 2\n           }\n         ],\n        "orType": []\n      }\n    }\n  ]\n}', 'BASEPAY_BUDGET_MASTER', 'DIRECT_REPORTS_BUDGET_REMAINING', NULL, '10000.0', 'SINGLE', 5, NULL, NULL, NULL, b'0', b'0', NULL, 'ACTIVE', '2016-04-27 01:57:16', '2019-09-23 09:01:19'),
	(48, 1, 1, 'Promotion_Eligible_Employees', 'Nos Eligible Employees of employee', 'Promotion Eligible Employees', '{\n  "steps": [\n    {\n      "table": "BASEPAY_BUDGET_MASTER",\n      "inMappingColumn": "",\n      "outMappingColumn": "EMPLOYEE_MASTER_ID",\n      "level": 1,\n      "conditions": {\n        "andType": [{\n            "columnName": "COMPENSATION_INCREASE_TYPE_ID", \n             "columnValue": 2\n         }],\n        "orType": []\n      }\n    }\n  ]\n}', 'BASEPAY_BUDGET_MASTER', 'NOS_ELIGIBLE_EMPLOYEES', NULL, '250', 'SINGLE', 2, NULL, NULL, NULL, b'0', b'0', NULL, 'ACTIVE', '2016-04-27 01:57:16', '2019-04-13 11:11:18'),
	(49, 1, 1, 'Promotion_Ineligible_Employees', 'Nos Ineligible Employees of employee', 'Promotion Ineligible Employees', '{\n  "steps": [\n    {\n      "table": "BASEPAY_BUDGET_MASTER",\n      "inMappingColumn": "",\n      "outMappingColumn": "EMPLOYEE_MASTER_ID",\n      "level": 1,\n      "conditions": {\n        "andType": [{\n            "columnName": "COMPENSATION_INCREASE_TYPE_ID", \n             "columnValue": 2\n         }],\n        "orType": []\n      }\n    }\n  ]\n}', 'BASEPAY_BUDGET_MASTER', 'NOS_INELIGIBLE_EMPLOYEES', NULL, '20', 'SINGLE', 2, NULL, NULL, NULL, b'0', b'0', NULL, 'ACTIVE', '2016-04-27 01:57:16', '2019-04-13 11:11:18'),
	(50, 1, 1, 'Q1_Rewards_Budget_Total_Amount', 'Budget Total Amount of employee', 'Q1 Rewards Budget Total Amount', '{\n  "steps": [\n    {\n      "table": "BONUS_BUDGET_MASTER",\n      "inMappingColumn": "",\n      "outMappingColumn": "EMPLOYEE_MASTER_ID",\n      "level": 1,\n      "conditions": {\n        "andType": [{\n           "columnName": "COMPENSATION_INCREASE_TYPE_ID", \n           "columnValue": 3\n         }\n        ],\n        "orType": []\n      }\n    }\n  ]\n}', 'BONUS_BUDGET_MASTER', 'DIRECT_REPORTS_BUDGET_TOTAL', NULL, '25000.0', 'SINGLE', 5, NULL, NULL, NULL, b'0', b'0', NULL, 'ACTIVE', '2016-04-27 01:57:16', '2019-09-23 09:01:18'),
	(51, 1, 1, 'Q1_Rewards_Budget_Allocated_Amount', 'Budget Allocated Amount of employee', 'Q1 Rewards Budget Allocated Amount', '{\n  "steps": [\n    {\n      "table": "BONUS_BUDGET_MASTER",\n      "inMappingColumn": "",\n      "outMappingColumn": "EMPLOYEE_MASTER_ID",\n      "level": 1,\n      "conditions": {\n        "andType": [ {\n          "columnName": "COMPENSATION_INCREASE_TYPE_ID", \n          "columnValue": 3\n          }\n        ],\n        "orType": []\n      }\n    }\n  ]\n}', 'BONUS_BUDGET_MASTER', 'DIRECT_REPORTS_BUDGET_ALLOCATED', NULL, '15000.0', 'SINGLE', 5, NULL, NULL, NULL, b'0', b'0', NULL, 'ACTIVE', '2016-04-27 01:57:16', '2019-09-23 09:01:19'),
	(52, 1, 1, 'Q1_Rewards_Budget_Remaining_Amount', 'Budget Remaining Amount of employee', 'Q1 Rewards Budget Remaining Amount', '{\n  "steps": [\n    {\n      "table": "BONUS_BUDGET_MASTER",\n      "inMappingColumn": "",\n      "outMappingColumn": "EMPLOYEE_MASTER_ID",\n      "level": 1,\n      "conditions": {\n        "andType": [ {\n             "columnName": "COMPENSATION_INCREASE_TYPE_ID", \n             "columnValue": 3\n            }\n         ],\n        "orType": []\n      }\n    }\n  ]\n}', 'BONUS_BUDGET_MASTER', 'DIRECT_REPORTS_BUDGET_REMAINING', NULL, '10000.0', 'SINGLE', 5, NULL, NULL, NULL, b'0', b'0', NULL, 'ACTIVE', '2016-04-27 01:57:16', '2019-09-23 09:01:19'),
	(53, 1, 1, 'Q1_Rewards_Eligible_Employees', 'Nos Eligible Employees of employee', 'Q1 Rewards Eligible Employees', '{\n  "steps": [\n    {\n      "table": "BONUS_BUDGET_MASTER",\n      "inMappingColumn": "",\n      "outMappingColumn": "EMPLOYEE_MASTER_ID",\n      "level": 1,\n      "conditions": {\n        "andType": [{\n            "columnName": "COMPENSATION_INCREASE_TYPE_ID", \n             "columnValue": 3\n         }],\n        "orType": []\n      }\n    }\n  ]\n}', 'BONUS_BUDGET_MASTER', 'NOS_ELIGIBLE_EMPLOYEES', NULL, '250', 'SINGLE', 2, NULL, NULL, NULL, b'0', b'0', NULL, 'ACTIVE', '2016-04-27 01:57:16', '2019-04-13 11:11:18'),
	(54, 1, 1, 'Q1_Rewards_Ineligible_Employees', 'Nos Ineligible Employees of employee', 'Q1 Rewards Ineligible Employees', '{\n  "steps": [\n    {\n      "table": "BONUS_BUDGET_MASTER",\n      "inMappingColumn": "",\n      "outMappingColumn": "EMPLOYEE_MASTER_ID",\n      "level": 1,\n      "conditions": {\n        "andType": [{\n            "columnName": "COMPENSATION_INCREASE_TYPE_ID", \n             "columnValue": 3\n         }],\n        "orType": []\n      }\n    }\n  ]\n}', 'BONUS_BUDGET_MASTER', 'NOS_INELIGIBLE_EMPLOYEES', NULL, '20', 'SINGLE', 2, NULL, NULL, NULL, b'0', b'0', NULL, 'ACTIVE', '2016-04-27 01:57:16', '2019-04-13 11:11:18'),
	(55, 1, 1, 'RSU_Budget_Total_Amount', 'Budget Total Amount of employee', 'RSU Budget Total Amount', '{\n  "steps": [\n    {\n      "table": "STOCK_BUDGET_MASTER",\n      "inMappingColumn": "",\n      "outMappingColumn": "EMPLOYEE_MASTER_ID",\n      "level": 1,\n      "conditions": {\n        "andType": [ {\n            "columnName": "COMPENSATION_INCREASE_TYPE_ID", \n            "columnValue": 6\n        }\n         ],\n        "orType": []\n      }\n    }\n  ]\n}', 'STOCK_BUDGET_MASTER', 'DIRECT_REPORTS_BUDGET_TOTAL', NULL, '25000.0', 'SINGLE', 5, NULL, NULL, NULL, b'0', b'0', NULL, 'ACTIVE', '2016-04-27 01:57:16', '2019-09-23 09:01:18'),
	(56, 1, 1, 'RSU_Budget_Allocated_Amount', 'Budget Allocated Amount of employee', 'RSU Budget Allocated Amount', '{\n  "steps": [\n    {\n      "table": "STOCK_BUDGET_MASTER",\n      "inMappingColumn": "",\n      "outMappingColumn": "EMPLOYEE_MASTER_ID",\n      "level": 1,\n      "conditions": {\n        "andType": [ {\n            "columnName": "COMPENSATION_INCREASE_TYPE_ID", \n            "columnValue": 6\n          }\n         ],\n        "orType": []\n      }\n    }\n  ]\n}', 'STOCK_BUDGET_MASTER', 'DIRECT_REPORTS_BUDGET_ALLOCATED', NULL, '15000.0', 'SINGLE', 5, NULL, NULL, NULL, b'0', b'0', NULL, 'ACTIVE', '2016-04-27 01:57:16', '2019-09-23 09:01:19'),
	(57, 1, 1, 'RSU_Budget_Remaining_Amount', 'Budget Remaining Amount of employee', 'RSU Budget Remaining Amount', '{\n  "steps": [\n    {\n      "table": "STOCK_BUDGET_MASTER",\n      "inMappingColumn": "",\n      "outMappingColumn": "EMPLOYEE_MASTER_ID",\n      "level": 1,\n      "conditions": {\n        "andType": [ {\n            "columnName": "COMPENSATION_INCREASE_TYPE_ID", \n             "columnValue": 6\n           }\n         ],\n        "orType": []\n      }\n    }\n  ]\n}', 'STOCK_BUDGET_MASTER', 'DIRECT_REPORTS_BUDGET_REMAINING', NULL, '10000.0', 'SINGLE', 5, NULL, NULL, NULL, b'0', b'0', NULL, 'ACTIVE', '2016-04-27 01:57:16', '2019-09-23 09:01:19'),
	(58, 1, 1, 'RSU_Eligible_Employees', 'Nos Eligible Employees of employee', 'RSU Eligible Employees', '{\n  "steps": [\n    {\n      "table": "STOCK_BUDGET_MASTER",\n      "inMappingColumn": "",\n      "outMappingColumn": "EMPLOYEE_MASTER_ID",\n      "level": 1,\n      "conditions": {\n        "andType": [{\n            "columnName": "COMPENSATION_INCREASE_TYPE_ID", \n             "columnValue": 6\n         }],\n        "orType": []\n      }\n    }\n  ]\n}', 'STOCK_BUDGET_MASTER', 'NOS_ELIGIBLE_EMPLOYEES', NULL, '250', 'SINGLE', 2, NULL, NULL, NULL, b'0', b'0', NULL, 'ACTIVE', '2016-04-27 01:57:16', '2019-04-13 11:11:18'),
	(59, 1, 1, 'RSU_Nos_Ineligible_Employees', 'Nos Ineligible Employees of employee', 'RSU Nos Ineligible Employees', '{\n  "steps": [\n    {\n      "table": "STOCK_BUDGET_MASTER",\n      "inMappingColumn": "",\n      "outMappingColumn": "EMPLOYEE_MASTER_ID",\n      "level": 1,\n      "conditions": {\n        "andType": [{\n            "columnName": "COMPENSATION_INCREASE_TYPE_ID", \n             "columnValue": 6\n         }],\n        "orType": []\n      }\n    }\n  ]\n}', 'STOCK_BUDGET_MASTER', 'NOS_INELIGIBLE_EMPLOYEES', NULL, '20', 'SINGLE', 2, NULL, NULL, NULL, b'0', b'0', NULL, 'ACTIVE', '2016-04-27 01:57:16', '2019-04-13 11:11:18'),
	(60, 1, 1, 'Promotion_Amount_Increase', 'Promotion Amount Increase of employee', 'Expanded Role Amount Increase', '{\n  "steps": [\n    {\n      "table": "BASEPAY_MASTER",\n      "inMappingColumn": "",\n      "outMappingColumn": "EMPLOYEE_MASTER_ID",\n      "level": 1,\n      "conditions": {\n        "andType": [{\n            "columnName": "COMPENSATION_INCREASE_TYPE_ID", \n             "columnValue": 2\n         }],\n        "orType": []\n      }\n    }\n  ]\n}', 'BASEPAY_MASTER', 'BASEPAY_AMOUNT_INCREASE', NULL, '25000.0', 'SINGLE', 5, NULL, NULL, NULL, b'0', b'0', 'SUM', 'ACTIVE', '2016-04-27 01:57:16', '2019-04-13 11:11:18'),
	(61, 1, 1, 'Merit_Percent_Increase', 'Basepay Percent Increase of employee', 'High performance Percent Increase', '{\n  "steps": [\n    {\n      "table": "BASEPAY_MASTER",\n      "inMappingColumn": "",\n      "outMappingColumn": "EMPLOYEE_MASTER_ID",\n      "level": 1,\n      "conditions": {\n        "andType": [\n{\n            "columnName": "COMPENSATION_INCREASE_TYPE_ID", \n             "columnValue": 1\n         }],\n        "orType": []\n      }\n    }\n  ]\n}', 'BASEPAY_MASTER', 'BASEPAY_PERCENT_INCREASE', NULL, '3', 'SINGLE', 11, 20, NULL, NULL, b'0', b'0', 'SUM', 'ACTIVE', '2016-04-27 01:57:16', '2019-05-04 16:08:04'),
	(62, 1, 1, 'Q1_Rewards_Amount_Increase', 'Bonus Amount Increase of employee', 'Q1 Rewards Amount Increase', '{\n  "steps": [\n    {\n      "table": "BONUS_MASTER",\n      "inMappingColumn": "",\n      "outMappingColumn": "EMPLOYEE_MASTER_ID",\n      "level": 1,\n      "conditions": {\n        "andType": [{\n            "columnName": "COMPENSATION_INCREASE_TYPE_ID", \n             "columnValue": 3\n         }],\n        "orType": []\n      }\n    }\n  ]\n}', 'BONUS_MASTER', 'BONUS_AMOUNT_INCREASE', 'COMPENSATION_DATA', '25000.0', 'SINGLE', 5, NULL, NULL, NULL, b'0', b'0', 'SUM', 'ACTIVE', '2016-04-27 01:57:16', '2019-04-13 11:11:18'),
	(63, 1, 1, 'Q1_Rewards_Percent_Increase', 'Bonus Percent Increase of employee', 'Q1 Rewards Percent Increase', '{\n  "steps": [\n    {\n      "table": "BONUS_MASTER",\n      "inMappingColumn": "",\n      "outMappingColumn": "EMPLOYEE_MASTER_ID",\n      "level": 1,\n      "conditions": {\n        "andType": [{\n            "columnName": "COMPENSATION_INCREASE_TYPE_ID", \n             "columnValue": 3\n         }],\n        "orType": []\n      }\n    }\n  ]\n}', 'BONUS_MASTER', 'BONUS_PERCENT_INCREASE', 'COMPENSATION_DATA', '3', 'SINGLE', 11, NULL, NULL, NULL, b'0', b'0', 'SUM', 'ACTIVE', '2016-04-27 01:57:16', '2019-05-04 16:08:06'),
	(64, 1, 1, 'Units_Percent_Increase', 'Units Percent Increase of employee', 'Units Percent Increase', '{\n  "steps": [\n    {\n      "table": "STOCK_MASTER",\n      "inMappingColumn": "",\n      "outMappingColumn": "EMPLOYEE_MASTER_ID",\n      "level": 1,\n      "conditions": {\n        "andType": [],\n        "orType": []\n      }\n    }\n  ]\n}', 'STOCK_MASTER', 'UNITS_PERCENT_INCREASE', NULL, '3', 'SINGLE', 11, NULL, NULL, NULL, b'0', b'0', NULL, 'ACTIVE', '2016-04-27 01:57:16', '2019-05-04 16:08:08'),
	(65, 1, 1, 'Employee_ID', 'Emp ID of employee', 'Employee ID', '{\n  "steps": [\n    {\n      "table": "EMPLOYEE_MASTER",\n      "inMappingColumn": "",\n      "outMappingColumn": "EMPLOYEE_MASTER_ID",\n      "level": 1,\n      "conditions": {\n        "andType": [],\n        "orType": []\n      }\n    }\n  ]\n}', 'EMPLOYEE_MASTER', 'COMPANY_EMPLOYEE_ID', 'EMPLOYEE_INFORMATION', 'test', 'SINGLE', 1, NULL, NULL, NULL, b'0', b'1', NULL, 'ACTIVE', '2016-04-27 01:57:16', '2019-04-15 20:04:04'),
	(66, 1, 1, 'Manager_ID', 'Manager ID of employee', 'Manager ID', '{\n  "steps": [\n    {\n      "table": "EMPLOYEE_MASTER",\n      "inMappingColumn": "",\n      "outMappingColumn": "EMPLOYEE_MASTER_ID",\n      "level": 1,\n      "conditions": {\n        "andType": [],\n        "orType": []\n      }\n    }\n  ]\n}', 'EMPLOYEE_MASTER', 'SUPERVISOR_ID', 'EMPLOYEE_INFORMATION', '3', 'SINGLE', 2, NULL, NULL, NULL, b'0', b'0', NULL, 'ACTIVE', '2016-04-27 01:57:16', '2019-04-13 11:11:18'),
	(67, 1, 1, 'Employee_Code', 'Emp Code of employee', 'Employee Code', '{\n  "steps": [\n    {\n      "table": "EMPLOYEE_MASTER",\n      "inMappingColumn": "",\n      "outMappingColumn": "EMPLOYEE_MASTER_ID",\n      "level": 1,\n      "conditions": {\n        "andType": [],\n        "orType": []\n      }\n    }\n  ]\n}', 'EMPLOYEE_MASTER', 'EMPLOYEE_CODE', 'EMPLOYEE_INFORMATION', 'test', 'SINGLE', 1, NULL, NULL, NULL, b'0', b'0', NULL, 'ACTIVE', '2016-04-27 01:57:16', '2019-04-15 20:04:03'),
	(68, 1, 1, 'Photo', 'Photo of employee', 'Photo', '{\n  "steps": [\n    {\n      "table": "EMPLOYEE_MASTER",\n      "inMappingColumn": "",\n      "outMappingColumn": "EMPLOYEE_MASTER_ID",\n      "level": 1,\n      "conditions": {\n        "andType": [],\n        "orType": []\n      }\n    }\n  ]\n}', 'EMPLOYEE_MASTER', 'PHOTO', 'EMPLOYEE_INFORMATION', '3', 'SINGLE', 1, NULL, NULL, NULL, b'0', b'0', NULL, 'ACTIVE', '2016-04-27 01:57:16', '2019-04-15 20:05:23'),
	(69, 1, 1, 'Status', 'Status of employee', 'Status', '{\n  "steps": [\n    {\n      "table": "EMPLOYEE_MASTER",\n      "inMappingColumn": "",\n      "outMappingColumn": "EMPLOYEE_MASTER_ID",\n      "level": 1,\n      "conditions": {\n        "andType": [],\n        "orType": []\n      }\n    }\n  ]\n}', 'EMPLOYEE_MASTER', 'STATUS', 'EMPLOYEE_INFORMATION', 'test', 'SINGLE', 1, NULL, NULL, NULL, b'0', b'0', NULL, 'ACTIVE', '2016-04-27 01:57:16', '2019-04-15 20:02:30'),
	(70, 1, 1, 'Employee_Type', 'Employee Type of employee', 'Employee Type', '{\n  "steps": [\n    {\n      "table": "EMPLOYEE_MASTER",\n      "inMappingColumn": "",\n      "outMappingColumn": "EMPLOYEE_MASTER_ID",\n      "level": 1,\n      "conditions": {\n        "andType": [],\n        "orType": []\n      }\n    }\n  ]\n}', 'EMPLOYEE_MASTER', 'EMPLOYEE_TYPE', 'EMPLOYEE_INFORMATION', 'test', 'SINGLE', 1, NULL, NULL, NULL, b'0', b'1', NULL, 'ACTIVE', '2016-04-27 01:57:16', '2019-04-15 20:04:05'),
	(71, 1, 1, 'Hours_Worked_Weekly', 'Hours Worked Weekly', 'Hours Worked Weekly', '{\n  "steps": [\n    {\n      "table": "EMPLOYEE_MASTER",\n      "inMappingColumn": "",\n      "outMappingColumn": "EMPLOYEE_MASTER_ID",\n      "level": 1,\n      "conditions": {\n        "andType": [],\n        "orType": []\n      }\n    }\n  ]\n}', 'EMPLOYEE_MASTER', 'HOURS_WORKED', 'EMPLOYEE_INFORMATION', '3', 'SINGLE', 2, NULL, NULL, NULL, b'0', b'0', NULL, 'ACTIVE', '2016-04-27 01:57:16', '2019-04-13 11:11:18'),
	(72, 1, 1, 'Standard_Hours_Weekly', 'Standard Hours Weekly', 'Standard Hours Weekly', '{\n  "steps": [\n    {\n      "table": "EMPLOYEE_MASTER",\n      "inMappingColumn": "",\n      "outMappingColumn": "EMPLOYEE_MASTER_ID",\n      "level": 1,\n      "conditions": {\n        "andType": [],\n        "orType": []\n      }\n    }\n  ]\n}', 'EMPLOYEE_MASTER', 'HOURS_STANDARD', 'EMPLOYEE_INFORMATION', '3', 'SINGLE', 2, NULL, NULL, NULL, b'0', b'0', NULL, 'ACTIVE', '2016-04-27 01:57:16', '2019-04-13 11:11:18'),
	(73, 1, 1, 'Organization_Name', 'Organisation name', 'Organization Name', '{\r\n  "steps": [\r\n    {\r\n      "table": "EMPLOYEE_MASTER",\r\n      "inMappingColumn": "",\r\n      "outMappingColumn": "ORG_ID",\r\n      "level": 1,\r\n      "conditions": {\r\n        "andType": [],\r\n        "orType": []\r\n      }\r\n    },\r\n    {\r\n      "table": "ORGANIZATION",\r\n      "inMappingColumn": "ORG_ID",\r\n      "outMappingColumn": "",\r\n      "level": 2,\r\n      "conditions": {\r\n        "andType": [],\r\n        "orType": []\r\n      }\r\n    }\r\n  ]\r\n}', 'ORGANIZATION', 'ORG_NAME', 'ORGANISATION_DATA,BUSINESS_UNIT,EMPLOYEE_INFORMATION,JOB_DATA,JOB_FAMILY_DATA,JOB_ROLE_DATA,JOB_LEVE', '3', 'SINGLE', 1, NULL, NULL, NULL, b'0', b'1', NULL, 'ACTIVE', '2016-04-27 01:57:16', '2019-04-15 20:05:13'),
	(74, 1, 1, 'Organization_Display_Name', 'Display name', 'Organization Display Name', '{\r\n  "steps": [\r\n    {\r\n      "table": "EMPLOYEE_MASTER",\r\n      "inMappingColumn": "",\r\n      "outMappingColumn": "ORG_ID",\r\n      "level": 1,\r\n      "conditions": {\r\n        "andType": [],\r\n        "orType": []\r\n      }\r\n    },\r\n    {\r\n      "table": "ORGANIZATION",\r\n      "inMappingColumn": "ORG_ID",\r\n      "outMappingColumn": "",\r\n      "level": 2,\r\n      "conditions": {\r\n        "andType": [],\r\n        "orType": []\r\n      }\r\n    }\r\n  ]\r\n}', 'ORGANIZATION', 'DISPLAY_NAME', 'ORGANISATION_DATA', '3', 'SINGLE', 1, NULL, NULL, NULL, b'0', b'0', NULL, 'ACTIVE', '2016-04-27 01:57:16', '2019-04-15 20:03:59'),
	(75, 1, 1, 'Organization_Description', 'Description', 'Organization Description', '{\r\n  "steps": [\r\n    {\r\n      "table": "EMPLOYEE_MASTER",\r\n      "inMappingColumn": "",\r\n      "outMappingColumn": "ORG_ID",\r\n      "level": 1,\r\n      "conditions": {\r\n        "andType": [],\r\n        "orType": []\r\n      }\r\n    },\r\n    {\r\n      "table": "ORGANIZATION",\r\n      "inMappingColumn": "ORG_ID",\r\n      "outMappingColumn": "",\r\n      "level": 2,\r\n      "conditions": {\r\n        "andType": [],\r\n        "orType": []\r\n      }\r\n    }\r\n  ]\r\n}', 'ORGANIZATION', 'ORG_DESC', 'ORGANISATION_DATA', '3', 'SINGLE', 1, NULL, NULL, NULL, b'0', b'0', NULL, 'INACTIVE', '2016-04-27 01:57:16', '2019-11-15 21:38:00'),
	(76, 1, 1, 'Organization_Address', 'address', 'Organization Address', '{\r\n  "steps": [\r\n    {\r\n      "table": "EMPLOYEE_MASTER",\r\n      "inMappingColumn": "",\r\n      "outMappingColumn": "ORG_ID",\r\n      "level": 1,\r\n      "conditions": {\r\n        "andType": [],\r\n        "orType": []\r\n      }\r\n    },\r\n    {\r\n      "table": "ORGANIZATION",\r\n      "inMappingColumn": "ORG_ID",\r\n      "outMappingColumn": "",\r\n      "level": 2,\r\n      "conditions": {\r\n        "andType": [],\r\n        "orType": []\r\n      }\r\n    }\r\n  ]\r\n}', 'ORGANIZATION', 'ORG_ADDRESS', 'ORGANISATION_DATA', '3', 'SINGLE', 1, NULL, NULL, NULL, b'0', b'0', NULL, 'INACTIVE', '2016-04-27 01:57:16', '2019-11-15 21:38:00'),
	(77, 1, 1, 'Organization_Phone', 'phone', 'Organization Phone', '{\r\n  "steps": [\r\n    {\r\n      "table": "EMPLOYEE_MASTER",\r\n      "inMappingColumn": "",\r\n      "outMappingColumn": "ORG_ID",\r\n      "level": 1,\r\n      "conditions": {\r\n        "andType": [],\r\n        "orType": []\r\n      }\r\n    },\r\n    {\r\n      "table": "ORGANIZATION",\r\n      "inMappingColumn": "ORG_ID",\r\n      "outMappingColumn": "",\r\n      "level": 2,\r\n      "conditions": {\r\n        "andType": [],\r\n        "orType": []\r\n      }\r\n    }\r\n  ]\r\n}', 'ORGANIZATION', 'ORG_PHONE', 'ORGANISATION_DATA', '3', 'SINGLE', 1, NULL, NULL, NULL, b'0', b'0', NULL, 'INACTIVE', '2016-04-27 01:57:16', '2019-11-15 21:38:00'),
	(78, 1, 1, 'Organization_Email', 'email', 'Organization Email', '{\r\n  "steps": [\r\n    {\r\n      "table": "EMPLOYEE_MASTER",\r\n      "inMappingColumn": "",\r\n      "outMappingColumn": "ORG_ID",\r\n      "level": 1,\r\n      "conditions": {\r\n        "andType": [],\r\n        "orType": []\r\n      }\r\n    },\r\n    {\r\n      "table": "ORGANIZATION",\r\n      "inMappingColumn": "ORG_ID",\r\n      "outMappingColumn": "",\r\n      "level": 2,\r\n      "conditions": {\r\n        "andType": [],\r\n        "orType": []\r\n      }\r\n    }\r\n  ]\r\n}', 'ORGANIZATION', 'ORG_EMAIL', 'ORGANISATION_DATA', '3', 'SINGLE', 1, NULL, NULL, NULL, b'0', b'0', NULL, 'INACTIVE', '2016-04-27 01:57:16', '2019-11-15 21:38:00'),
	(79, 1, 1, 'Organization_ID', 'identification', 'Organization ID', '{\r\n  "steps": [\r\n    {\r\n      "table": "EMPLOYEE_MASTER",\r\n      "inMappingColumn": "",\r\n      "outMappingColumn": "ORG_ID",\r\n      "level": 1,\r\n      "conditions": {\r\n        "andType": [],\r\n        "orType": []\r\n      }\r\n    },\r\n    {\r\n      "table": "ORGANIZATION",\r\n      "inMappingColumn": "ORG_ID",\r\n      "outMappingColumn": "",\r\n      "level": 2,\r\n      "conditions": {\r\n        "andType": [],\r\n        "orType": []\r\n      }\r\n    }\r\n  ]\r\n}', 'ORGANIZATION', 'IDENTIFICATION_NO', 'ORGANISATION_DATA', '3', 'SINGLE', 1, NULL, NULL, NULL, b'0', b'0', NULL, 'INACTIVE', '2016-04-27 01:57:16', '2019-11-15 21:38:00'),
	(80, 1, 1, 'Organization_Code', 'code', 'Organization Code', '{\r\n  "steps": [\r\n    {\r\n      "table": "EMPLOYEE_MASTER",\r\n      "inMappingColumn": "",\r\n      "outMappingColumn": "ORG_ID",\r\n      "level": 1,\r\n      "conditions": {\r\n        "andType": [],\r\n        "orType": []\r\n      }\r\n    },\r\n    {\r\n      "table": "ORGANIZATION",\r\n      "inMappingColumn": "ORG_ID",\r\n      "outMappingColumn": "",\r\n      "level": 2,\r\n      "conditions": {\r\n        "andType": [],\r\n        "orType": []\r\n      }\r\n    }\r\n  ]\r\n}', 'ORGANIZATION', 'ORG_CODE', 'ORGANISATION_DATA', '3', 'SINGLE', 1, NULL, NULL, NULL, b'0', b'0', NULL, 'INACTIVE', '2016-04-27 01:57:16', '2019-11-15 21:38:00'),
	(81, 1, 1, 'Organization_Actual_Revenue', 'actual_revenue', 'Organization Actual Revenue', '{\r\n  "steps": [\r\n    {\r\n      "table": "EMPLOYEE_MASTER",\r\n      "inMappingColumn": "",\r\n      "outMappingColumn": "ORG_ID",\r\n      "level": 1,\r\n      "conditions": {\r\n        "andType": [],\r\n        "orType": []\r\n      }\r\n    },\r\n    {\r\n      "table": "ORGANIZATION",\r\n      "inMappingColumn": "ORG_ID",\r\n      "outMappingColumn": "",\r\n      "level": 2,\r\n      "conditions": {\r\n        "andType": [],\r\n        "orType": []\r\n      }\r\n    }\r\n  ]\r\n}', 'ORGANIZATION', 'ACTUAL_REVENUE', 'ORGANISATION_DATA', '3', 'SINGLE', 1, NULL, NULL, NULL, b'0', b'0', NULL, 'INACTIVE', '2016-04-27 01:57:16', '2019-11-15 21:38:00'),
	(82, 1, 1, 'Organization_Actual_Sales', 'actual_sales', 'Organization Actual Sales', '{\r\n  "steps": [\r\n    {\r\n      "table": "EMPLOYEE_MASTER",\r\n      "inMappingColumn": "",\r\n      "outMappingColumn": "ORG_ID",\r\n      "level": 1,\r\n      "conditions": {\r\n        "andType": [],\r\n        "orType": []\r\n      }\r\n    },\r\n    {\r\n      "table": "ORGANIZATION",\r\n      "inMappingColumn": "ORG_ID",\r\n      "outMappingColumn": "",\r\n      "level": 2,\r\n      "conditions": {\r\n        "andType": [],\r\n        "orType": []\r\n      }\r\n    }\r\n  ]\r\n}', 'ORGANIZATION', 'ACTUAL_SALES', 'ORGANISATION_DATA', '3', 'SINGLE', 1, NULL, NULL, NULL, b'0', b'0', NULL, 'INACTIVE', '2016-04-27 01:57:16', '2019-11-15 21:38:00'),
	(83, 1, 1, 'Organization_Actual_Profit', 'actual_profit', 'Organization Actual Profit', '{\n  "steps": [\n    {\n      "table": "EMPLOYEE_MASTER",\n      "inMappingColumn": "",\n      "outMappingColumn": "ORG_ID",\n      "level": 1,\n      "conditions": {\n        "andType": [],\n        "orType": []\n      }\n    },\n    {\n      "table": "ORGANIZATION",\n      "inMappingColumn": "ORG_ID",\n      "outMappingColumn": "",\n      "level": 2,\n      "conditions": {\n        "andType": [],\n        "orType": []\n      }\n    }\n  ]\n}', 'ORGANIZATION', 'ACTUAL_PROFIT', 'ORGANISATION_DATA', '3', 'SINGLE', 1, NULL, NULL, NULL, b'0', b'0', NULL, 'INACTIVE', '2016-04-27 01:57:16', '2019-11-15 21:38:00'),
	(84, 1, 1, 'Organization_Start_Date', 'period_start_date', 'Organization Start Date', '{\r\n  "steps": [\r\n    {\r\n      "table": "EMPLOYEE_MASTER",\r\n      "inMappingColumn": "",\r\n      "outMappingColumn": "ORG_ID",\r\n      "level": 1,\r\n      "conditions": {\r\n        "andType": [],\r\n        "orType": []\r\n      }\r\n    },\r\n    {\r\n      "table": "ORGANIZATION",\r\n      "inMappingColumn": "ORG_ID",\r\n      "outMappingColumn": "",\r\n      "level": 2,\r\n      "conditions": {\r\n        "andType": [],\r\n        "orType": []\r\n      }\r\n    }\r\n  ]\r\n}', 'ORGANIZATION', 'PERIOD_START_DATE', 'ORGANISATION_DATA', '3', 'SINGLE', 1, NULL, NULL, NULL, b'0', b'0', NULL, 'INACTIVE', '2016-04-27 01:57:16', '2019-11-15 21:38:00'),
	(85, 1, 1, 'Organization_End_Date', 'period_end_date', 'Organization End Date', '{\r\n  "steps": [\r\n    {\r\n      "table": "EMPLOYEE_MASTER",\r\n      "inMappingColumn": "",\r\n      "outMappingColumn": "ORG_ID",\r\n      "level": 1,\r\n      "conditions": {\r\n        "andType": [],\r\n        "orType": []\r\n      }\r\n    },\r\n    {\r\n      "table": "ORGANIZATION",\r\n      "inMappingColumn": "ORG_ID",\r\n      "outMappingColumn": "",\r\n      "level": 2,\r\n      "conditions": {\r\n        "andType": [],\r\n        "orType": []\r\n      }\r\n    }\r\n  ]\r\n}', 'ORGANIZATION', 'PERIOD_END_DATE', 'ORGANISATION_DATA', '3', 'SINGLE', 1, NULL, NULL, NULL, b'0', b'0', NULL, 'INACTIVE', '2016-04-27 01:57:16', '2019-11-15 21:38:00'),
	(86, 1, 1, 'Organization_Target_Revenue', 'target_revenue', 'Organization Target Revenue', '{\r\n  "steps": [\r\n    {\r\n      "table": "EMPLOYEE_MASTER",\r\n      "inMappingColumn": "",\r\n      "outMappingColumn": "ORG_ID",\r\n      "level": 1,\r\n      "conditions": {\r\n        "andType": [],\r\n        "orType": []\r\n      }\r\n    },\r\n    {\r\n      "table": "ORGANIZATION",\r\n      "inMappingColumn": "ORG_ID",\r\n      "outMappingColumn": "",\r\n      "level": 2,\r\n      "conditions": {\r\n        "andType": [],\r\n        "orType": []\r\n      }\r\n    }\r\n  ]\r\n}', 'ORGANIZATION', 'TARGET_REVENUE', 'ORGANISATION_DATA', '3', 'SINGLE', 1, NULL, NULL, NULL, b'0', b'0', NULL, 'INACTIVE', '2016-04-27 01:57:16', '2019-11-15 21:38:00'),
	(87, 1, 1, 'Organization_Target_Sales', 'target_sales', 'Organization Target Sales', '{\r\n  "steps": [\r\n    {\r\n      "table": "EMPLOYEE_MASTER",\r\n      "inMappingColumn": "",\r\n      "outMappingColumn": "ORG_ID",\r\n      "level": 1,\r\n      "conditions": {\r\n        "andType": [],\r\n        "orType": []\r\n      }\r\n    },\r\n    {\r\n      "table": "ORGANIZATION",\r\n      "inMappingColumn": "ORG_ID",\r\n      "outMappingColumn": "",\r\n      "level": 2,\r\n      "conditions": {\r\n        "andType": [],\r\n        "orType": []\r\n      }\r\n    }\r\n  ]\r\n}', 'ORGANIZATION', 'TARGET_SALES', 'ORGANISATION_DATA', '3', 'SINGLE', 1, NULL, NULL, NULL, b'0', b'0', NULL, 'INACTIVE', '2016-04-27 01:57:16', '2019-11-15 21:38:00'),
	(88, 1, 1, 'Organization_Target_Profit', 'target_profit', 'Organization Target Profit', '{\r\n  "steps": [\r\n    {\r\n      "table": "EMPLOYEE_MASTER",\r\n      "inMappingColumn": "",\r\n      "outMappingColumn": "ORG_ID",\r\n      "level": 1,\r\n      "conditions": {\r\n        "andType": [],\r\n        "orType": []\r\n      }\r\n    },\r\n    {\r\n      "table": "ORGANIZATION",\r\n      "inMappingColumn": "ORG_ID",\r\n      "outMappingColumn": "",\r\n      "level": 2,\r\n      "conditions": {\r\n        "andType": [],\r\n        "orType": []\r\n      }\r\n    }\r\n  ]\r\n}', 'ORGANIZATION', 'TARGET_PROFIT', 'ORGANISATION_DATA', '3', 'SINGLE', 1, NULL, NULL, NULL, b'0', b'0', NULL, 'INACTIVE', '2016-04-27 01:57:16', '2019-11-15 21:38:00'),
	(89, 1, 1, 'Organization_Revenue_Multiplier', 'revenue_multiplier', 'Organization Revenue Multiplier', '{\r\n  "steps": [\r\n    {\r\n      "table": "EMPLOYEE_MASTER",\r\n      "inMappingColumn": "",\r\n      "outMappingColumn": "ORG_ID",\r\n      "level": 1,\r\n      "conditions": {\r\n        "andType": [],\r\n        "orType": []\r\n      }\r\n    },\r\n    {\r\n      "table": "ORGANIZATION",\r\n      "inMappingColumn": "ORG_ID",\r\n      "outMappingColumn": "",\r\n      "level": 2,\r\n      "conditions": {\r\n        "andType": [],\r\n        "orType": []\r\n      }\r\n    }\r\n  ]\r\n}', 'ORGANIZATION', 'REVENUE_MULTIPLIER', 'ORGANISATION_DATA', '3', 'SINGLE', 1, NULL, NULL, NULL, b'0', b'0', NULL, 'INACTIVE', '2016-04-27 01:57:16', '2019-11-15 21:38:00'),
	(90, 1, 1, 'Organization_Sales_Multiplier', 'sales_multiplier', 'Organization Sales Multiplier', '{\r\n  "steps": [\r\n    {\r\n      "table": "EMPLOYEE_MASTER",\r\n      "inMappingColumn": "",\r\n      "outMappingColumn": "ORG_ID",\r\n      "level": 1,\r\n      "conditions": {\r\n        "andType": [],\r\n        "orType": []\r\n      }\r\n    },\r\n    {\r\n      "table": "ORGANIZATION",\r\n      "inMappingColumn": "ORG_ID",\r\n      "outMappingColumn": "",\r\n      "level": 2,\r\n      "conditions": {\r\n        "andType": [],\r\n        "orType": []\r\n      }\r\n    }\r\n  ]\r\n}', 'ORGANIZATION', 'SALES_MULTIPLIER', 'ORGANISATION_DATA', '3', 'SINGLE', 1, NULL, NULL, NULL, b'0', b'0', NULL, 'INACTIVE', '2016-04-27 01:57:16', '2019-11-15 21:38:00'),
	(91, 1, 1, 'Organization_Profit_Multiplier', 'profit_multiplier', 'Organization Profit Multiplier', '{\r\n  "steps": [\r\n    {\r\n      "table": "EMPLOYEE_MASTER",\r\n      "inMappingColumn": "",\r\n      "outMappingColumn": "ORG_ID",\r\n      "level": 1,\r\n      "conditions": {\r\n        "andType": [],\r\n        "orType": []\r\n      }\r\n    },\r\n    {\r\n      "table": "ORGANIZATION",\r\n      "inMappingColumn": "ORG_ID",\r\n      "outMappingColumn": "",\r\n      "level": 2,\r\n      "conditions": {\r\n        "andType": [],\r\n        "orType": []\r\n      }\r\n    }\r\n  ]\r\n}', 'ORGANIZATION', 'PROFIT_MULTIPLIER', 'ORGANISATION_DATA', '3', 'SINGLE', 1, NULL, NULL, NULL, b'0', b'0', NULL, 'ACTIVE', '2016-04-27 01:57:16', '2019-04-15 20:05:32'),
	(92, 1, 1, 'Business_Unit_Name', 'Display name', 'Business Unit Name', '{\n  "steps": [\n    {\n      "table": "EMPLOYEE_MASTER",\n      "inMappingColumn": "",\n      "outMappingColumn": "EMPLOYEE_MASTER_ID",\n      "level": 1,\n      "conditions": {\n        "andType": [],\n        "orType": []\n      }\n    },\n    {\n      "table": "EMPLOYEE_DATA",\n      "inMappingColumn": "EMPLOYEE_MASTER_ID",\n      "outMappingColumn": "CURRENT_BUSINESS_UNIT_ID",\n      "level": 2,\n      "conditions": {\n        "andType": [],\n        "orType": []\n      }\n    },\n    {\n      "table": "BUSINESS_UNIT",\n      "inMappingColumn": "BUSINESS_UNIT_ID",\n      "outMappingColumn": "",\n      "level": 3,\n      "conditions": {\n        "andType": [],\n        "orType": []\n      }\n    }\n  ]\n}', 'BUSINESS_UNIT', 'BUSINESS_UNIT_NAME', 'BUSINESS_UNIT_DATA', 'Unit1', 'SINGLE', 1, NULL, NULL, NULL, b'0', b'1', NULL, 'ACTIVE', '2016-04-27 01:57:16', '2019-10-20 20:24:35'),
	(93, 1, 1, 'Business_Unit_Display_Name', 'Display name', 'Business Unit Display Name', '{\n  "steps": [\n    {\n      "table": "EMPLOYEE_MASTER",\n      "inMappingColumn": "",\n      "outMappingColumn": "EMPLOYEE_MASTER_ID",\n      "level": 1,\n      "conditions": {\n        "andType": [],\n        "orType": []\n      }\n    },\n    {\n      "table": "EMPLOYEE_DATA",\n      "inMappingColumn": "EMPLOYEE_MASTER_ID",\n      "outMappingColumn": "CURRENT_BUSINESS_UNIT_ID",\n      "level": 2,\n      "conditions": {\n        "andType": [],\n        "orType": []\n      }\n    },\n    {\n      "table": "BUSINESS_UNIT",\n      "inMappingColumn": "BUSINESS_UNIT_ID",\n      "outMappingColumn": "",\n      "level": 3,\n      "conditions": {\n        "andType": [],\n        "orType": []\n      }\n    }\n  ]\n}', 'BUSINESS_UNIT', 'DISPLAY_NAME', 'BUSINESS_UNIT_DATA', '3', 'SINGLE', 1, NULL, NULL, NULL, b'0', b'0', NULL, 'ACTIVE', '2016-04-27 01:57:16', '2019-10-20 20:24:15'),
	(94, 1, 1, 'Business_Unit_Description', 'Description', 'Business Unit', '{\n  "steps": [\n    {\n      "table": "EMPLOYEE_MASTER",\n      "inMappingColumn": "",\n      "outMappingColumn": "EMPLOYEE_MASTER_ID",\n      "level": 1,\n      "conditions": {\n        "andType": [],\n        "orType": []\n      }\n    },\n    {\n      "table": "EMPLOYEE_DATA",\n      "inMappingColumn": "EMPLOYEE_MASTER_ID",\n      "outMappingColumn": "CURRENT_BUSINESS_UNIT_ID",\n      "level": 2,\n      "conditions": {\n        "andType": [],\n        "orType": []\n      }\n    },\n    {\n      "table": "BUSINESS_UNIT",\n      "inMappingColumn": "BUSINESS_UNIT_ID",\n      "outMappingColumn": "",\n      "level": 3,\n      "conditions": {\n        "andType": [],\n        "orType": []\n      }\n    }\n  ]\n}', 'BUSINESS_UNIT', 'BUSINESS_UNIT_DESC', 'BUSINESS_UNIT_DATA', '3', 'SINGLE', 1, NULL, NULL, NULL, b'0', b'0', NULL, 'ACTIVE', '2016-04-27 01:57:16', '2019-10-20 20:24:07'),
	(95, 1, 1, 'Business_Unit_Address', 'address', 'Business Unit Address', '{\n  "steps": [\n    {\n      "table": "EMPLOYEE_MASTER",\n      "inMappingColumn": "",\n      "outMappingColumn": "EMPLOYEE_MASTER_ID",\n      "level": 1,\n      "conditions": {\n        "andType": [],\n        "orType": []\n      }\n    },\n    {\n      "table": "EMPLOYEE_DATA",\n      "inMappingColumn": "EMPLOYEE_MASTER_ID",\n      "outMappingColumn": "CURRENT_BUSINESS_UNIT_ID",\n      "level": 2,\n      "conditions": {\n        "andType": [],\n        "orType": []\n      }\n    },\n    {\n      "table": "BUSINESS_UNIT",\n      "inMappingColumn": "BUSINESS_UNIT_ID",\n      "outMappingColumn": "",\n      "level": 3,\n      "conditions": {\n        "andType": [],\n        "orType": []\n      }\n    }\n  ]\n}', 'BUSINESS_UNIT', 'BUSINESS_UNIT_ADDRESS', 'BUSINESS_UNIT_DATA', '3', 'SINGLE', 1, NULL, NULL, NULL, b'0', b'0', NULL, 'INACTIVE', '2016-04-27 01:57:16', '2019-11-15 21:36:26'),
	(96, 1, 1, 'Business_Unit_Phone', 'phone', 'Business Unit Phone', '{\n  "steps": [\n    {\n      "table": "EMPLOYEE_MASTER",\n      "inMappingColumn": "",\n      "outMappingColumn": "EMPLOYEE_MASTER_ID",\n      "level": 1,\n      "conditions": {\n        "andType": [],\n        "orType": []\n      }\n    },\n    {\n      "table": "EMPLOYEE_DATA",\n      "inMappingColumn": "EMPLOYEE_MASTER_ID",\n      "outMappingColumn": "CURRENT_BUSINESS_UNIT_ID",\n      "level": 2,\n      "conditions": {\n        "andType": [],\n        "orType": []\n      }\n    },\n    {\n      "table": "BUSINESS_UNIT",\n      "inMappingColumn": "BUSINESS_UNIT_ID",\n      "outMappingColumn": "",\n      "level": 3,\n      "conditions": {\n        "andType": [],\n        "orType": []\n      }\n    }\n  ]\n}', 'BUSINESS_UNIT', 'BUSINESS_UNIT_PHONE', 'BUSINESS_UNIT_DATA', '3', 'SINGLE', 1, NULL, NULL, NULL, b'0', b'0', NULL, 'INACTIVE', '2016-04-27 01:57:16', '2019-11-15 21:36:26'),
	(97, 1, 1, 'Business_Unit_Email', 'email', 'Business Unit Email', '{\n  "steps": [\n    {\n      "table": "EMPLOYEE_MASTER",\n      "inMappingColumn": "",\n      "outMappingColumn": "EMPLOYEE_MASTER_ID",\n      "level": 1,\n      "conditions": {\n        "andType": [],\n        "orType": []\n      }\n    },\n    {\n      "table": "EMPLOYEE_DATA",\n      "inMappingColumn": "EMPLOYEE_MASTER_ID",\n      "outMappingColumn": "CURRENT_BUSINESS_UNIT_ID",\n      "level": 2,\n      "conditions": {\n        "andType": [],\n        "orType": []\n      }\n    },\n    {\n      "table": "BUSINESS_UNIT",\n      "inMappingColumn": "BUSINESS_UNIT_ID",\n      "outMappingColumn": "",\n      "level": 3,\n      "conditions": {\n        "andType": [],\n        "orType": []\n      }\n    }\n  ]\n}', 'BUSINESS_UNIT', 'BUSINESS_UNIT_EMAIL', 'BUSINESS_UNIT_DATA', '3', 'SINGLE', 1, NULL, NULL, NULL, b'0', b'0', NULL, 'INACTIVE', '2016-04-27 01:57:16', '2019-11-15 21:36:26'),
	(98, 1, 1, 'Business_ID', 'identification', 'Business ID', '{\n  "steps": [\n    {\n      "table": "EMPLOYEE_MASTER",\n      "inMappingColumn": "",\n      "outMappingColumn": "EMPLOYEE_MASTER_ID",\n      "level": 1,\n      "conditions": {\n        "andType": [],\n        "orType": []\n      }\n    },\n    {\n      "table": "EMPLOYEE_DATA",\n      "inMappingColumn": "EMPLOYEE_MASTER_ID",\n      "outMappingColumn": "CURRENT_BUSINESS_UNIT_ID",\n      "level": 2,\n      "conditions": {\n        "andType": [],\n        "orType": []\n      }\n    },\n    {\n      "table": "BUSINESS_UNIT",\n      "inMappingColumn": "BUSINESS_UNIT_ID",\n      "outMappingColumn": "",\n      "level": 3,\n      "conditions": {\n        "andType": [],\n        "orType": []\n      }\n    }\n  ]\n}', 'BUSINESS_UNIT', 'IDENTIFICATION_NO', 'BUSINESS_UNIT_DATA', '3', 'SINGLE', 1, NULL, NULL, NULL, b'0', b'0', NULL, 'INACTIVE', '2016-04-27 01:57:16', '2019-11-15 21:36:26'),
	(99, 1, 1, 'Business_Unit_Code', 'code', 'Business Unit Code', '{\n  "steps": [\n    {\n      "table": "EMPLOYEE_MASTER",\n      "inMappingColumn": "",\n      "outMappingColumn": "EMPLOYEE_MASTER_ID",\n      "level": 1,\n      "conditions": {\n        "andType": [],\n        "orType": []\n      }\n    },\n    {\n      "table": "EMPLOYEE_DATA",\n      "inMappingColumn": "EMPLOYEE_MASTER_ID",\n      "outMappingColumn": "CURRENT_BUSINESS_UNIT_ID",\n      "level": 2,\n      "conditions": {\n        "andType": [],\n        "orType": []\n      }\n    },\n    {\n      "table": "BUSINESS_UNIT",\n      "inMappingColumn": "BUSINESS_UNIT_ID",\n      "outMappingColumn": "",\n      "level": 3,\n      "conditions": {\n        "andType": [],\n        "orType": []\n      }\n    }\n  ]\n}', 'BUSINESS_UNIT', 'BUSINESS_UNIT_CODE', 'BUSINESS_UNIT_DATA', '3', 'SINGLE', 1, NULL, NULL, NULL, b'0', b'0', NULL, 'INACTIVE', '2016-04-27 01:57:16', '2019-11-15 21:36:26'),
	(100, 1, 1, 'Business_Unit_Actual_Revenue', 'actual_revenue', 'Business Unit Actual Revenue', '{\n  "steps": [\n    {\n      "table": "EMPLOYEE_MASTER",\n      "inMappingColumn": "",\n      "outMappingColumn": "EMPLOYEE_MASTER_ID",\n      "level": 1,\n      "conditions": {\n        "andType": [],\n        "orType": []\n      }\n    },\n    {\n      "table": "EMPLOYEE_DATA",\n      "inMappingColumn": "EMPLOYEE_MASTER_ID",\n      "outMappingColumn": "CURRENT_BUSINESS_UNIT_ID",\n      "level": 2,\n      "conditions": {\n        "andType": [],\n        "orType": []\n      }\n    },\n    {\n      "table": "BUSINESS_UNIT",\n      "inMappingColumn": "BUSINESS_UNIT_ID",\n      "outMappingColumn": "",\n      "level": 3,\n      "conditions": {\n        "andType": [],\n        "orType": []\n      }\n    }\n  ]\n}', 'BUSINESS_UNIT', 'ACTUAL_REVENUE', 'BUSINESS_UNIT_DATA', '3', 'SINGLE', 1, NULL, NULL, NULL, b'0', b'0', NULL, 'INACTIVE', '2016-04-27 01:57:16', '2019-11-15 21:36:26'),
	(101, 1, 1, 'Business_Unit_Actual_Sales', 'actual_sales', 'Business Unit Actual Sales', '{\n  "steps": [\n    {\n      "table": "EMPLOYEE_MASTER",\n      "inMappingColumn": "",\n      "outMappingColumn": "EMPLOYEE_MASTER_ID",\n      "level": 1,\n      "conditions": {\n        "andType": [],\n        "orType": []\n      }\n    },\n    {\n      "table": "EMPLOYEE_DATA",\n      "inMappingColumn": "EMPLOYEE_MASTER_ID",\n      "outMappingColumn": "CURRENT_BUSINESS_UNIT_ID",\n      "level": 2,\n      "conditions": {\n        "andType": [],\n        "orType": []\n      }\n    },\n    {\n      "table": "BUSINESS_UNIT",\n      "inMappingColumn": "BUSINESS_UNIT_ID",\n      "outMappingColumn": "",\n      "level": 3,\n      "conditions": {\n        "andType": [],\n        "orType": []\n      }\n    }\n  ]\n}', 'BUSINESS_UNIT', 'ACTUAL_SALES', 'BUSINESS_UNIT_DATA', '3', 'SINGLE', 1, NULL, NULL, NULL, b'0', b'0', NULL, 'INACTIVE', '2016-04-27 01:57:16', '2019-11-15 21:36:26'),
	(102, 1, 1, 'Business_Unit_Actual_Profit', 'actual_profit', 'Business Unit Actual Profit', '{\n  "steps": [\n    {\n      "table": "EMPLOYEE_MASTER",\n      "inMappingColumn": "",\n      "outMappingColumn": "EMPLOYEE_MASTER_ID",\n      "level": 1,\n      "conditions": {\n        "andType": [],\n        "orType": []\n      }\n    },\n    {\n      "table": "EMPLOYEE_DATA",\n      "inMappingColumn": "EMPLOYEE_MASTER_ID",\n      "outMappingColumn": "CURRENT_BUSINESS_UNIT_ID",\n      "level": 2,\n      "conditions": {\n        "andType": [],\n        "orType": []\n      }\n    },\n    {\n      "table": "BUSINESS_UNIT",\n      "inMappingColumn": "BUSINESS_UNIT_ID",\n      "outMappingColumn": "",\n      "level": 3,\n      "conditions": {\n        "andType": [],\n        "orType": []\n      }\n    }\n  ]\n}', 'BUSINESS_UNIT', 'ACTUAL_PROFIT', 'BUSINESS_UNIT_DATA', '3', 'SINGLE', 1, NULL, NULL, NULL, b'0', b'0', NULL, 'INACTIVE', '2016-04-27 01:57:16', '2019-11-15 21:36:26'),
	(103, 1, 1, 'Business_Unit_Frequency', 'frequency', 'Business Unit Frequency', '{\n  "steps": [\n    {\n      "table": "EMPLOYEE_MASTER",\n      "inMappingColumn": "",\n      "outMappingColumn": "EMPLOYEE_MASTER_ID",\n      "level": 1,\n      "conditions": {\n        "andType": [],\n        "orType": []\n      }\n    },\n    {\n      "table": "EMPLOYEE_DATA",\n      "inMappingColumn": "EMPLOYEE_MASTER_ID",\n      "outMappingColumn": "CURRENT_BUSINESS_UNIT_ID",\n      "level": 2,\n      "conditions": {\n        "andType": [],\n        "orType": []\n      }\n    },\n    {\n      "table": "BUSINESS_UNIT",\n      "inMappingColumn": "BUSINESS_UNIT_ID",\n      "outMappingColumn": "",\n      "level": 3,\n      "conditions": {\n        "andType": [],\n        "orType": []\n      }\n    }\n  ]\n}', 'BUSINESS_UNIT', 'FREQUENCY', 'BUSINESS_UNIT_DATA', '3', 'SINGLE', 1, NULL, NULL, NULL, b'0', b'0', NULL, 'INACTIVE', '2016-04-27 01:57:16', '2019-11-15 21:36:26'),
	(104, 1, 1, 'Business_Unit_Period_Start_Date', 'period_start_date', 'Business Unit Period Start Date', '{\n  "steps": [\n    {\n      "table": "EMPLOYEE_MASTER",\n      "inMappingColumn": "",\n      "outMappingColumn": "EMPLOYEE_MASTER_ID",\n      "level": 1,\n      "conditions": {\n        "andType": [],\n        "orType": []\n      }\n    },\n    {\n      "table": "EMPLOYEE_DATA",\n      "inMappingColumn": "EMPLOYEE_MASTER_ID",\n      "outMappingColumn": "CURRENT_BUSINESS_UNIT_ID",\n      "level": 2,\n      "conditions": {\n        "andType": [],\n        "orType": []\n      }\n    },\n    {\n      "table": "BUSINESS_UNIT",\n      "inMappingColumn": "BUSINESS_UNIT_ID",\n      "outMappingColumn": "",\n      "level": 3,\n      "conditions": {\n        "andType": [],\n        "orType": []\n      }\n    }\n  ]\n}', 'BUSINESS_UNIT', 'PERIOD_START_DATE', 'BUSINESS_UNIT_DATA', '3', 'SINGLE', 1, NULL, NULL, NULL, b'0', b'0', NULL, 'INACTIVE', '2016-04-27 01:57:16', '2019-11-15 21:36:26'),
	(105, 1, 1, 'Business_Unit_Period_End_Date', 'period_end_date', 'Business Unit Period End Date', '{\n  "steps": [\n    {\n      "table": "EMPLOYEE_MASTER",\n      "inMappingColumn": "",\n      "outMappingColumn": "EMPLOYEE_MASTER_ID",\n      "level": 1,\n      "conditions": {\n        "andType": [],\n        "orType": []\n      }\n    },\n    {\n      "table": "EMPLOYEE_DATA",\n      "inMappingColumn": "EMPLOYEE_MASTER_ID",\n      "outMappingColumn": "CURRENT_BUSINESS_UNIT_ID",\n      "level": 2,\n      "conditions": {\n        "andType": [],\n        "orType": []\n      }\n    },\n    {\n      "table": "BUSINESS_UNIT",\n      "inMappingColumn": "BUSINESS_UNIT_ID",\n      "outMappingColumn": "",\n      "level": 3,\n      "conditions": {\n        "andType": [],\n        "orType": []\n      }\n    }\n  ]\n}', 'BUSINESS_UNIT', 'PERIOD_END_DATE', 'BUSINESS_UNIT_DATA', '3', 'SINGLE', 1, NULL, NULL, NULL, b'0', b'0', NULL, 'INACTIVE', '2016-04-27 01:57:16', '2019-11-15 21:36:26'),
	(106, 1, 1, 'Business_Unit_Target_Revenue', 'target_revenue', 'Business Unit Target Revenue', '{\n  "steps": [\n    {\n      "table": "EMPLOYEE_MASTER",\n      "inMappingColumn": "",\n      "outMappingColumn": "EMPLOYEE_MASTER_ID",\n      "level": 1,\n      "conditions": {\n        "andType": [],\n        "orType": []\n      }\n    },\n    {\n      "table": "EMPLOYEE_DATA",\n      "inMappingColumn": "EMPLOYEE_MASTER_ID",\n      "outMappingColumn": "CURRENT_BUSINESS_UNIT_ID",\n      "level": 2,\n      "conditions": {\n        "andType": [],\n        "orType": []\n      }\n    },\n    {\n      "table": "BUSINESS_UNIT",\n      "inMappingColumn": "BUSINESS_UNIT_ID",\n      "outMappingColumn": "",\n      "level": 3,\n      "conditions": {\n        "andType": [],\n        "orType": []\n      }\n    }\n  ]\n}', 'BUSINESS_UNIT', 'TARGET_REVENUE', 'BUSINESS_UNIT_DATA', '3', 'SINGLE', 1, NULL, NULL, NULL, b'0', b'0', NULL, 'INACTIVE', '2016-04-27 01:57:16', '2019-11-15 21:36:26'),
	(107, 1, 1, 'Business_Unit_Target_Sales', 'target_sales', 'Business Unit Target Sales', '{\n  "steps": [\n    {\n      "table": "EMPLOYEE_MASTER",\n      "inMappingColumn": "",\n      "outMappingColumn": "EMPLOYEE_MASTER_ID",\n      "level": 1,\n      "conditions": {\n        "andType": [],\n        "orType": []\n      }\n    },\n    {\n      "table": "EMPLOYEE_DATA",\n      "inMappingColumn": "EMPLOYEE_MASTER_ID",\n      "outMappingColumn": "CURRENT_BUSINESS_UNIT_ID",\n      "level": 2,\n      "conditions": {\n        "andType": [],\n        "orType": []\n      }\n    },\n    {\n      "table": "BUSINESS_UNIT",\n      "inMappingColumn": "BUSINESS_UNIT_ID",\n      "outMappingColumn": "",\n      "level": 3,\n      "conditions": {\n        "andType": [],\n        "orType": []\n      }\n    }\n  ]\n}', 'BUSINESS_UNIT', 'TARGET_SALES', 'BUSINESS_UNIT_DATA', '3', 'SINGLE', 1, NULL, NULL, NULL, b'0', b'0', NULL, 'INACTIVE', '2016-04-27 01:57:16', '2019-11-15 21:36:26'),
	(108, 1, 1, 'Business_Unit_Target_Profit', 'target_profit', 'Business Unit Target Profit', '{\n  "steps": [\n    {\n      "table": "EMPLOYEE_MASTER",\n      "inMappingColumn": "",\n      "outMappingColumn": "EMPLOYEE_MASTER_ID",\n      "level": 1,\n      "conditions": {\n        "andType": [],\n        "orType": []\n      }\n    },\n    {\n      "table": "EMPLOYEE_DATA",\n      "inMappingColumn": "EMPLOYEE_MASTER_ID",\n      "outMappingColumn": "CURRENT_BUSINESS_UNIT_ID",\n      "level": 2,\n      "conditions": {\n        "andType": [],\n        "orType": []\n      }\n    },\n    {\n      "table": "BUSINESS_UNIT",\n      "inMappingColumn": "BUSINESS_UNIT_ID",\n      "outMappingColumn": "",\n      "level": 3,\n      "conditions": {\n        "andType": [],\n        "orType": []\n      }\n    }\n  ]\n}', 'BUSINESS_UNIT', 'TARGET_PROFIT', 'BUSINESS_UNIT_DATA', '3', 'SINGLE', 1, NULL, NULL, NULL, b'0', b'0', NULL, 'INACTIVE', '2016-04-27 01:57:16', '2019-11-15 21:36:26'),
	(109, 1, 1, 'Business_Revenue_Multiplier', 'revenue_multiplier', 'Business Revenue Multiplier', '{\n  "steps": [\n    {\n      "table": "EMPLOYEE_MASTER",\n      "inMappingColumn": "",\n      "outMappingColumn": "EMPLOYEE_MASTER_ID",\n      "level": 1,\n      "conditions": {\n        "andType": [],\n        "orType": []\n      }\n    },\n    {\n      "table": "EMPLOYEE_DATA",\n      "inMappingColumn": "EMPLOYEE_MASTER_ID",\n      "outMappingColumn": "CURRENT_BUSINESS_UNIT_ID",\n      "level": 2,\n      "conditions": {\n        "andType": [],\n        "orType": []\n      }\n    },\n    {\n      "table": "BUSINESS_UNIT",\n      "inMappingColumn": "BUSINESS_UNIT_ID",\n      "outMappingColumn": "",\n      "level": 3,\n      "conditions": {\n        "andType": [],\n        "orType": []\n      }\n    }\n  ]\n}', 'BUSINESS_UNIT', 'REVENUE_MULTIPLIER', 'BUSINESS_UNIT_DATA', '3', 'SINGLE', 1, NULL, NULL, NULL, b'0', b'0', NULL, 'INACTIVE', '2016-04-27 01:57:16', '2019-11-15 21:36:26'),
	(110, 1, 1, 'Business_Sales_Multiplier', 'sales_multiplier', 'Business Sales Multiplier', '{\n  "steps": [\n    {\n      "table": "EMPLOYEE_MASTER",\n      "inMappingColumn": "",\n      "outMappingColumn": "EMPLOYEE_MASTER_ID",\n      "level": 1,\n      "conditions": {\n        "andType": [],\n        "orType": []\n      }\n    },\n    {\n      "table": "EMPLOYEE_DATA",\n      "inMappingColumn": "EMPLOYEE_MASTER_ID",\n      "outMappingColumn": "CURRENT_BUSINESS_UNIT_ID",\n      "level": 2,\n      "conditions": {\n        "andType": [],\n        "orType": []\n      }\n    },\n    {\n      "table": "BUSINESS_UNIT",\n      "inMappingColumn": "BUSINESS_UNIT_ID",\n      "outMappingColumn": "",\n      "level": 3,\n      "conditions": {\n        "andType": [],\n        "orType": []\n      }\n    }\n  ]\n}', 'BUSINESS_UNIT', 'SALES_MULTIPLIER', 'BUSINESS_UNIT_DATA', '3', 'SINGLE', 1, NULL, NULL, NULL, b'0', b'0', NULL, 'INACTIVE', '2016-04-27 01:57:16', '2019-11-15 21:36:26'),
	(111, 1, 1, 'Business_Unit_Profit_Multiplier', 'profit_multiplier', 'Business Unit Profit Multiplier', '{\n  "steps": [\n    {\n      "table": "EMPLOYEE_MASTER",\n      "inMappingColumn": "",\n      "outMappingColumn": "EMPLOYEE_MASTER_ID",\n      "level": 1,\n      "conditions": {\n        "andType": [],\n        "orType": []\n      }\n    },\n    {\n      "table": "EMPLOYEE_DATA",\n      "inMappingColumn": "EMPLOYEE_MASTER_ID",\n      "outMappingColumn": "CURRENT_BUSINESS_UNIT_ID",\n      "level": 2,\n      "conditions": {\n        "andType": [],\n        "orType": []\n      }\n    },\n    {\n      "table": "BUSINESS_UNIT",\n      "inMappingColumn": "BUSINESS_UNIT_ID",\n      "outMappingColumn": "",\n      "level": 3,\n      "conditions": {\n        "andType": [],\n        "orType": []\n      }\n    }\n  ]\n}', 'BUSINESS_UNIT', 'PROFIT_MULTIPLIER', 'BUSINESS_UNIT_DATA', '3', 'SINGLE', 1, NULL, NULL, NULL, b'0', b'0', NULL, 'ACTIVE', '2016-04-27 01:57:16', '2019-10-20 20:25:09'),
	(112, 1, 1, 'Department_Display_Name', 'Display name', 'Department Display Name', '{\n  "steps": [\n    {\n      "table": "EMPLOYEE_MASTER",\n      "inMappingColumn": "",\n      "outMappingColumn": "EMPLOYEE_MASTER_ID",\n      "level": 1,\n      "conditions": {\n        "andType": [],\n        "orType": []\n      }\n    },\n    {\n      "table": "EMPLOYEE_DATA",\n      "inMappingColumn": "EMPLOYEE_MASTER_ID",\n      "outMappingColumn": "CURRENT_DEPT_ID",\n      "level": 2,\n      "conditions": {\n        "andType": [],\n        "orType": []\n      }\n    },\n    {\n      "table": "DEPARTMENT",\n      "inMappingColumn": "DEPT_ID",\n      "outMappingColumn": "",\n      "level": 3,\n      "conditions": {\n        "andType": [],\n        "orType": []\n      }\n    }\n  ]\n}', 'DEPARTMENT', 'DISPLAY_NAME', 'DEPARTMENT', '3', 'SINGLE', 1, NULL, NULL, NULL, b'0', b'0', NULL, 'ACTIVE', '2016-04-27 01:57:16', '2019-10-20 20:20:07'),
	(113, 1, 1, 'Department_Description', 'Description', 'Department Description', '{\n  "steps": [\n    {\n      "table": "EMPLOYEE_MASTER",\n      "inMappingColumn": "",\n      "outMappingColumn": "EMPLOYEE_MASTER_ID",\n      "level": 1,\n      "conditions": {\n        "andType": [],\n        "orType": []\n      }\n    },\n    {\n      "table": "EMPLOYEE_DATA",\n      "inMappingColumn": "EMPLOYEE_MASTER_ID",\n      "outMappingColumn": "CURRENT_DEPT_ID",\n      "level": 2,\n      "conditions": {\n        "andType": [],\n        "orType": []\n      }\n    },\n    {\n      "table": "DEPARTMENT",\n      "inMappingColumn": "DEPT_ID",\n      "outMappingColumn": "",\n      "level": 3,\n      "conditions": {\n        "andType": [],\n        "orType": []\n      }\n    }\n  ]\n}', 'DEPARTMENT', 'DEPT_DESC', 'DEPARTMENT', '3', 'SINGLE', 1, NULL, NULL, NULL, b'0', b'0', NULL, 'ACTIVE', '2016-04-27 01:57:16', '2019-10-20 20:20:01'),
	(114, 1, 1, 'Department_Address', 'address', 'Department Address', '{\n  "steps": [\n    {\n      "table": "EMPLOYEE_MASTER",\n      "inMappingColumn": "",\n      "outMappingColumn": "EMPLOYEE_MASTER_ID",\n      "level": 1,\n      "conditions": {\n        "andType": [],\n        "orType": []\n      }\n    },\n    {\n      "table": "EMPLOYEE_DATA",\n      "inMappingColumn": "EMPLOYEE_MASTER_ID",\n      "outMappingColumn": "CURRENT_DEPT_ID",\n      "level": 2,\n      "conditions": {\n        "andType": [],\n        "orType": []\n      }\n    },\n    {\n      "table": "DEPARTMENT",\n      "inMappingColumn": "DEPT_ID",\n      "outMappingColumn": "",\n      "level": 3,\n      "conditions": {\n        "andType": [],\n        "orType": []\n      }\n    }\n  ]\n}', 'DEPARTMENT', 'DEPT_ADDRESS', 'DEPARTMENT', '3', 'SINGLE', 1, NULL, NULL, NULL, b'0', b'0', NULL, 'INACTIVE', '2016-04-27 01:57:16', '2019-11-15 21:37:20'),
	(115, 1, 1, 'Department_Phone', 'phone', 'Department Phone', '{\n  "steps": [\n    {\n      "table": "EMPLOYEE_MASTER",\n      "inMappingColumn": "",\n      "outMappingColumn": "EMPLOYEE_MASTER_ID",\n      "level": 1,\n      "conditions": {\n        "andType": [],\n        "orType": []\n      }\n    },\n    {\n      "table": "EMPLOYEE_DATA",\n      "inMappingColumn": "EMPLOYEE_MASTER_ID",\n      "outMappingColumn": "CURRENT_DEPT_ID",\n      "level": 2,\n      "conditions": {\n        "andType": [],\n        "orType": []\n      }\n    },\n    {\n      "table": "DEPARTMENT",\n      "inMappingColumn": "DEPT_ID",\n      "outMappingColumn": "",\n      "level": 3,\n      "conditions": {\n        "andType": [],\n        "orType": []\n      }\n    }\n  ]\n}', 'DEPARTMENT', 'DEPT_PHONE', 'DEPARTMENT', '3', 'SINGLE', 1, NULL, NULL, NULL, b'0', b'0', NULL, 'INACTIVE', '2016-04-27 01:57:16', '2019-11-15 21:37:20'),
	(116, 1, 1, 'Department_Email', 'email', 'Department Email', '{\n  "steps": [\n    {\n      "table": "EMPLOYEE_MASTER",\n      "inMappingColumn": "",\n      "outMappingColumn": "EMPLOYEE_MASTER_ID",\n      "level": 1,\n      "conditions": {\n        "andType": [],\n        "orType": []\n      }\n    },\n    {\n      "table": "EMPLOYEE_DATA",\n      "inMappingColumn": "EMPLOYEE_MASTER_ID",\n      "outMappingColumn": "CURRENT_DEPT_ID",\n      "level": 2,\n      "conditions": {\n        "andType": [],\n        "orType": []\n      }\n    },\n    {\n      "table": "DEPARTMENT",\n      "inMappingColumn": "DEPT_ID",\n      "outMappingColumn": "",\n      "level": 3,\n      "conditions": {\n        "andType": [],\n        "orType": []\n      }\n    }\n  ]\n}', 'DEPARTMENT', 'DEPT_EMAIL', 'DEPARTMENT', '3', 'SINGLE', 1, NULL, NULL, NULL, b'0', b'0', NULL, 'INACTIVE', '2016-04-27 01:57:16', '2019-11-15 21:37:20'),
	(117, 1, 1, 'Department_ID', 'identification', 'Department ID', '{\n  "steps": [\n    {\n      "table": "EMPLOYEE_MASTER",\n      "inMappingColumn": "",\n      "outMappingColumn": "EMPLOYEE_MASTER_ID",\n      "level": 1,\n      "conditions": {\n        "andType": [],\n        "orType": []\n      }\n    },\n    {\n      "table": "EMPLOYEE_DATA",\n      "inMappingColumn": "EMPLOYEE_MASTER_ID",\n      "outMappingColumn": "CURRENT_DEPT_ID",\n      "level": 2,\n      "conditions": {\n        "andType": [],\n        "orType": []\n      }\n    },\n    {\n      "table": "DEPARTMENT",\n      "inMappingColumn": "DEPT_ID",\n      "outMappingColumn": "",\n      "level": 3,\n      "conditions": {\n        "andType": [],\n        "orType": []\n      }\n    }\n  ]\n}', 'DEPARTMENT', 'IDENTIFICATION_NO', 'DEPARTMENT', '3', 'SINGLE', 1, NULL, NULL, NULL, b'0', b'0', NULL, 'INACTIVE', '2016-04-27 01:57:16', '2019-11-15 21:37:20'),
	(118, 1, 1, 'Department_Code', 'code', 'Department Code', '{\n  "steps": [\n    {\n      "table": "EMPLOYEE_MASTER",\n      "inMappingColumn": "",\n      "outMappingColumn": "EMPLOYEE_MASTER_ID",\n      "level": 1,\n      "conditions": {\n        "andType": [],\n        "orType": []\n      }\n    },\n    {\n      "table": "EMPLOYEE_DATA",\n      "inMappingColumn": "EMPLOYEE_MASTER_ID",\n      "outMappingColumn": "CURRENT_DEPT_ID",\n      "level": 2,\n      "conditions": {\n        "andType": [],\n        "orType": []\n      }\n    },\n    {\n      "table": "DEPARTMENT",\n      "inMappingColumn": "DEPT_ID",\n      "outMappingColumn": "",\n      "level": 3,\n      "conditions": {\n        "andType": [],\n        "orType": []\n      }\n    }\n  ]\n}', 'DEPARTMENT', 'DEPT_CODE', 'DEPARTMENT', '3', 'SINGLE', 1, NULL, NULL, NULL, b'0', b'0', NULL, 'INACTIVE', '2016-04-27 01:57:16', '2019-11-15 21:37:20'),
	(119, 1, 1, 'Department_Actual_Revenue', 'actual_revenue', 'Department Actual Revenue', '{\n  "steps": [\n    {\n      "table": "EMPLOYEE_MASTER",\n      "inMappingColumn": "",\n      "outMappingColumn": "EMPLOYEE_MASTER_ID",\n      "level": 1,\n      "conditions": {\n        "andType": [],\n        "orType": []\n      }\n    },\n    {\n      "table": "EMPLOYEE_DATA",\n      "inMappingColumn": "EMPLOYEE_MASTER_ID",\n      "outMappingColumn": "CURRENT_DEPT_ID",\n      "level": 2,\n      "conditions": {\n        "andType": [],\n        "orType": []\n      }\n    },\n    {\n      "table": "DEPARTMENT",\n      "inMappingColumn": "DEPT_ID",\n      "outMappingColumn": "",\n      "level": 3,\n      "conditions": {\n        "andType": [],\n        "orType": []\n      }\n    }\n  ]\n}', 'DEPARTMENT', 'ACTUAL_REVENUE', 'DEPARTMENT', '3', 'SINGLE', 1, NULL, NULL, NULL, b'0', b'0', NULL, 'INACTIVE', '2016-04-27 01:57:16', '2019-11-15 21:37:20'),
	(120, 1, 1, 'Department_Actual_Sales', 'actual_sales', 'Department Actual Sales', '{\n  "steps": [\n    {\n      "table": "EMPLOYEE_MASTER",\n      "inMappingColumn": "",\n      "outMappingColumn": "EMPLOYEE_MASTER_ID",\n      "level": 1,\n      "conditions": {\n        "andType": [],\n        "orType": []\n      }\n    },\n    {\n      "table": "EMPLOYEE_DATA",\n      "inMappingColumn": "EMPLOYEE_MASTER_ID",\n      "outMappingColumn": "CURRENT_DEPT_ID",\n      "level": 2,\n      "conditions": {\n        "andType": [],\n        "orType": []\n      }\n    },\n    {\n      "table": "DEPARTMENT",\n      "inMappingColumn": "DEPT_ID",\n      "outMappingColumn": "",\n      "level": 3,\n      "conditions": {\n        "andType": [],\n        "orType": []\n      }\n    }\n  ]\n}', 'DEPARTMENT', 'ACTUAL_SALES', 'DEPARTMENT', '3', 'SINGLE', 1, NULL, NULL, NULL, b'0', b'0', NULL, 'INACTIVE', '2016-04-27 01:57:16', '2019-11-15 21:37:20'),
	(121, 1, 1, 'Department_Actual_Profit', 'actual_profit', 'Department Actual Profit', '{\n  "steps": [\n    {\n      "table": "EMPLOYEE_MASTER",\n      "inMappingColumn": "",\n      "outMappingColumn": "EMPLOYEE_MASTER_ID",\n      "level": 1,\n      "conditions": {\n        "andType": [],\n        "orType": []\n      }\n    },\n    {\n      "table": "EMPLOYEE_DATA",\n      "inMappingColumn": "EMPLOYEE_MASTER_ID",\n      "outMappingColumn": "CURRENT_DEPT_ID",\n      "level": 2,\n      "conditions": {\n        "andType": [],\n        "orType": []\n      }\n    },\n    {\n      "table": "DEPARTMENT",\n      "inMappingColumn": "DEPT_ID",\n      "outMappingColumn": "",\n      "level": 3,\n      "conditions": {\n        "andType": [],\n        "orType": []\n      }\n    }\n  ]\n}', 'DEPARTMENT', 'ACTUAL_PROFIT', 'DEPARTMENT', '3', 'SINGLE', 1, NULL, NULL, NULL, b'0', b'0', NULL, 'INACTIVE', '2016-04-27 01:57:16', '2019-11-15 21:37:20'),
	(122, 1, 1, 'Department_Frequency', 'frequency', 'Department Frequency', '{\n  "steps": [\n    {\n      "table": "EMPLOYEE_MASTER",\n      "inMappingColumn": "",\n      "outMappingColumn": "EMPLOYEE_MASTER_ID",\n      "level": 1,\n      "conditions": {\n        "andType": [],\n        "orType": []\n      }\n    },\n    {\n      "table": "EMPLOYEE_DATA",\n      "inMappingColumn": "EMPLOYEE_MASTER_ID",\n      "outMappingColumn": "CURRENT_DEPT_ID",\n      "level": 2,\n      "conditions": {\n        "andType": [],\n        "orType": []\n      }\n    },\n    {\n      "table": "DEPARTMENT",\n      "inMappingColumn": "DEPT_ID",\n      "outMappingColumn": "",\n      "level": 3,\n      "conditions": {\n        "andType": [],\n        "orType": []\n      }\n    }\n  ]\n}', 'DEPARTMENT', 'FREQUENCY', 'DEPARTMENT', '3', 'SINGLE', 1, NULL, NULL, NULL, b'0', b'0', NULL, 'INACTIVE', '2016-04-27 01:57:16', '2019-11-15 21:37:20'),
	(123, 1, 1, 'Department_Period_Start_Date', 'period_start_date', 'Department Period Start Date', '{\n  "steps": [\n    {\n      "table": "EMPLOYEE_MASTER",\n      "inMappingColumn": "",\n      "outMappingColumn": "EMPLOYEE_MASTER_ID",\n      "level": 1,\n      "conditions": {\n        "andType": [],\n        "orType": []\n      }\n    },\n    {\n      "table": "EMPLOYEE_DATA",\n      "inMappingColumn": "EMPLOYEE_MASTER_ID",\n      "outMappingColumn": "CURRENT_DEPT_ID",\n      "level": 2,\n      "conditions": {\n        "andType": [],\n        "orType": []\n      }\n    },\n    {\n      "table": "DEPARTMENT",\n      "inMappingColumn": "DEPT_ID",\n      "outMappingColumn": "",\n      "level": 3,\n      "conditions": {\n        "andType": [],\n        "orType": []\n      }\n    }\n  ]\n}', 'DEPARTMENT', 'PERIOD_START_DATE', 'DEPARTMENT', '3', 'SINGLE', 1, NULL, NULL, NULL, b'0', b'0', NULL, 'INACTIVE', '2016-04-27 01:57:16', '2019-11-15 21:37:20'),
	(124, 1, 1, 'Department_Period_End_Date', 'period_end_date', 'Department Period End Date', '{\n  "steps": [\n    {\n      "table": "EMPLOYEE_MASTER",\n      "inMappingColumn": "",\n      "outMappingColumn": "EMPLOYEE_MASTER_ID",\n      "level": 1,\n      "conditions": {\n        "andType": [],\n        "orType": []\n      }\n    },\n    {\n      "table": "EMPLOYEE_DATA",\n      "inMappingColumn": "EMPLOYEE_MASTER_ID",\n      "outMappingColumn": "CURRENT_DEPT_ID",\n      "level": 2,\n      "conditions": {\n        "andType": [],\n        "orType": []\n      }\n    },\n    {\n      "table": "DEPARTMENT",\n      "inMappingColumn": "DEPT_ID",\n      "outMappingColumn": "",\n      "level": 3,\n      "conditions": {\n        "andType": [],\n        "orType": []\n      }\n    }\n  ]\n}', 'DEPARTMENT', 'PERIOD_END_DATE', 'DEPARTMENT', '3', 'SINGLE', 1, NULL, NULL, NULL, b'0', b'0', NULL, 'INACTIVE', '2016-04-27 01:57:16', '2019-11-15 21:37:20'),
	(125, 1, 1, 'Department_Target_Revenue', 'target_revenue', 'Department Target Revenue', '{\n  "steps": [\n    {\n      "table": "EMPLOYEE_MASTER",\n      "inMappingColumn": "",\n      "outMappingColumn": "EMPLOYEE_MASTER_ID",\n      "level": 1,\n      "conditions": {\n        "andType": [],\n        "orType": []\n      }\n    },\n    {\n      "table": "EMPLOYEE_DATA",\n      "inMappingColumn": "EMPLOYEE_MASTER_ID",\n      "outMappingColumn": "CURRENT_DEPT_ID",\n      "level": 2,\n      "conditions": {\n        "andType": [],\n        "orType": []\n      }\n    },\n    {\n      "table": "DEPARTMENT",\n      "inMappingColumn": "DEPT_ID",\n      "outMappingColumn": "",\n      "level": 3,\n      "conditions": {\n        "andType": [],\n        "orType": []\n      }\n    }\n  ]\n}', 'DEPARTMENT', 'TARGET_REVENUE', 'DEPARTMENT', '3', 'SINGLE', 1, NULL, NULL, NULL, b'0', b'0', NULL, 'INACTIVE', '2016-04-27 01:57:16', '2019-11-15 21:37:20'),
	(126, 1, 1, 'Department_Target_Sales', 'target_sales', 'Department Target Sales', '{\n  "steps": [\n    {\n      "table": "EMPLOYEE_MASTER",\n      "inMappingColumn": "",\n      "outMappingColumn": "EMPLOYEE_MASTER_ID",\n      "level": 1,\n      "conditions": {\n        "andType": [],\n        "orType": []\n      }\n    },\n    {\n      "table": "EMPLOYEE_DATA",\n      "inMappingColumn": "EMPLOYEE_MASTER_ID",\n      "outMappingColumn": "CURRENT_DEPT_ID",\n      "level": 2,\n      "conditions": {\n        "andType": [],\n        "orType": []\n      }\n    },\n    {\n      "table": "DEPARTMENT",\n      "inMappingColumn": "DEPT_ID",\n      "outMappingColumn": "",\n      "level": 3,\n      "conditions": {\n        "andType": [],\n        "orType": []\n      }\n    }\n  ]\n}', 'DEPARTMENT', 'TARGET_SALES', 'DEPARTMENT', '3', 'SINGLE', 1, NULL, NULL, NULL, b'0', b'0', NULL, 'INACTIVE', '2016-04-27 01:57:16', '2019-11-15 21:37:20'),
	(127, 1, 1, 'Department_Target_Profit', 'target_profit', 'Department Target Profit', '{\n  "steps": [\n    {\n      "table": "EMPLOYEE_MASTER",\n      "inMappingColumn": "",\n      "outMappingColumn": "EMPLOYEE_MASTER_ID",\n      "level": 1,\n      "conditions": {\n        "andType": [],\n        "orType": []\n      }\n    },\n    {\n      "table": "EMPLOYEE_DATA",\n      "inMappingColumn": "EMPLOYEE_MASTER_ID",\n      "outMappingColumn": "CURRENT_DEPT_ID",\n      "level": 2,\n      "conditions": {\n        "andType": [],\n        "orType": []\n      }\n    },\n    {\n      "table": "DEPARTMENT",\n      "inMappingColumn": "DEPT_ID",\n      "outMappingColumn": "",\n      "level": 3,\n      "conditions": {\n        "andType": [],\n        "orType": []\n      }\n    }\n  ]\n}', 'DEPARTMENT', 'TARGET_PROFIT', 'DEPARTMENT', '3', 'SINGLE', 1, NULL, NULL, NULL, b'0', b'0', NULL, 'INACTIVE', '2016-04-27 01:57:16', '2019-11-15 21:37:20'),
	(128, 1, 1, 'Department_Revenue_Multiplier', 'revenue_multiplier', 'Department Revenue Multiplier', '{\n  "steps": [\n    {\n      "table": "EMPLOYEE_MASTER",\n      "inMappingColumn": "",\n      "outMappingColumn": "EMPLOYEE_MASTER_ID",\n      "level": 1,\n      "conditions": {\n        "andType": [],\n        "orType": []\n      }\n    },\n    {\n      "table": "EMPLOYEE_DATA",\n      "inMappingColumn": "EMPLOYEE_MASTER_ID",\n      "outMappingColumn": "CURRENT_DEPT_ID",\n      "level": 2,\n      "conditions": {\n        "andType": [],\n        "orType": []\n      }\n    },\n    {\n      "table": "DEPARTMENT",\n      "inMappingColumn": "DEPT_ID",\n      "outMappingColumn": "",\n      "level": 3,\n      "conditions": {\n        "andType": [],\n        "orType": []\n      }\n    }\n  ]\n}', 'DEPARTMENT', 'REVENUE_MULTIPLIER', 'DEPARTMENT', '3', 'SINGLE', 1, NULL, NULL, NULL, b'0', b'0', NULL, 'INACTIVE', '2016-04-27 01:57:16', '2019-11-15 21:37:20'),
	(129, 1, 1, 'Department_Sales_Multiplier', 'sales_multiplier', 'Department Sales Multiplier', '{\n  "steps": [\n    {\n      "table": "EMPLOYEE_MASTER",\n      "inMappingColumn": "",\n      "outMappingColumn": "EMPLOYEE_MASTER_ID",\n      "level": 1,\n      "conditions": {\n        "andType": [],\n        "orType": []\n      }\n    },\n    {\n      "table": "EMPLOYEE_DATA",\n      "inMappingColumn": "EMPLOYEE_MASTER_ID",\n      "outMappingColumn": "CURRENT_DEPT_ID",\n      "level": 2,\n      "conditions": {\n        "andType": [],\n        "orType": []\n      }\n    },\n    {\n      "table": "DEPARTMENT",\n      "inMappingColumn": "DEPT_ID",\n      "outMappingColumn": "",\n      "level": 3,\n      "conditions": {\n        "andType": [],\n        "orType": []\n      }\n    }\n  ]\n}', 'DEPARTMENT', 'SALES_MULTIPLIER', 'DEPARTMENT', '3', 'SINGLE', 1, NULL, NULL, NULL, b'0', b'0', NULL, 'INACTIVE', '2016-04-27 01:57:16', '2019-11-15 21:37:20'),
	(130, 1, 1, 'Department_Profit_Multiplier', 'profit_multiplier', 'Department Profit Multiplier', '{\n  "steps": [\n    {\n      "table": "EMPLOYEE_MASTER",\n      "inMappingColumn": "",\n      "outMappingColumn": "EMPLOYEE_MASTER_ID",\n      "level": 1,\n      "conditions": {\n        "andType": [],\n        "orType": []\n      }\n    },\n    {\n      "table": "EMPLOYEE_DATA",\n      "inMappingColumn": "EMPLOYEE_MASTER_ID",\n      "outMappingColumn": "CURRENT_DEPT_ID",\n      "level": 2,\n      "conditions": {\n        "andType": [],\n        "orType": []\n      }\n    },\n    {\n      "table": "DEPARTMENT",\n      "inMappingColumn": "DEPT_ID",\n      "outMappingColumn": "",\n      "level": 3,\n      "conditions": {\n        "andType": [],\n        "orType": []\n      }\n    }\n  ]\n}', 'DEPARTMENT', 'PROFIT_MULTIPLIER', 'DEPARTMENT', '3', 'SINGLE', 1, NULL, NULL, NULL, b'0', b'0', NULL, 'ACTIVE', '2016-04-27 01:57:16', '2019-10-20 20:20:50'),
	(131, 1, 1, 'Cost_Center_Name', 'Cost Center name', 'Cost Center Name', '{\n  "steps": [\n    {\n      "table": "EMPLOYEE_MASTER",\n      "inMappingColumn": "",\n      "outMappingColumn": "ORG_ID",\n      "level": 1,\n      "conditions": {\n        "andType": [],\n        "orType": []\n      }\n    },\n    {\n      "table": "ORGANIZATION",\n      "inMappingColumn": "ORG_ID",\n      "outMappingColumn": "ORG_ID",\n      "level": 2,\n      "conditions": {\n        "andType": [],\n        "orType": []\n      }\n    },\n    {\n      "table": "COST_CENTER",\n      "inMappingColumn": "ORG_ID",\n      "outMappingColumn": "",\n      "level": 3,\n      "conditions": {\n        "andType": [],\n        "orType": []\n      }\n    }\n  ]\n}', 'COST_CENTER', 'COST_CENTER_NAME', 'COST_CENTER', '3', 'SINGLE', 1, NULL, NULL, NULL, b'0', b'1', NULL, 'ACTIVE', '2016-04-27 01:57:16', '2019-04-15 20:03:37'),
	(132, 1, 1, 'Cost_Center_Display_Name', 'Display name', 'Cost Center Display Name', '{\n  "steps": [\n    {\n      "table": "EMPLOYEE_MASTER",\n      "inMappingColumn": "",\n      "outMappingColumn": "ORG_ID",\n      "level": 1,\n      "conditions": {\n        "andType": [],\n        "orType": []\n      }\n    },\n    {\n      "table": "ORGANIZATION",\n      "inMappingColumn": "ORG_ID",\n      "outMappingColumn": "ORG_ID",\n      "level": 2,\n      "conditions": {\n        "andType": [],\n        "orType": []\n      }\n    },\n    {\n      "table": "COST_CENTER",\n      "inMappingColumn": "ORG_ID",\n      "outMappingColumn": "",\n      "level": 3,\n      "conditions": {\n        "andType": [],\n        "orType": []\n      }\n    }\n  ]\n}', 'COST_CENTER', 'DISPLAY_NAME', 'COST_CENTER', '3', 'SINGLE', 1, NULL, NULL, NULL, b'0', b'0', NULL, 'ACTIVE', '2016-04-27 01:57:16', '2019-04-15 20:03:54'),
	(133, 1, 1, 'Cost_Center_Description', 'Description', 'Cost Center Description', '{\n  "steps": [\n    {\n      "table": "EMPLOYEE_MASTER",\n      "inMappingColumn": "",\n      "outMappingColumn": "ORG_ID",\n      "level": 1,\n      "conditions": {\n        "andType": [],\n        "orType": []\n      }\n    },\n    {\n      "table": "ORGANIZATION",\n      "inMappingColumn": "ORG_ID",\n      "outMappingColumn": "ORG_ID",\n      "level": 2,\n      "conditions": {\n        "andType": [],\n        "orType": []\n      }\n    },\n    {\n      "table": "COST_CENTER",\n      "inMappingColumn": "ORG_ID",\n      "outMappingColumn": "",\n      "level": 3,\n      "conditions": {\n        "andType": [],\n        "orType": []\n      }\n    }\n  ]\n}', 'COST_CENTER', 'COST_CENTER_DESC', 'COST_CENTER', '3', 'SINGLE', 1, NULL, NULL, NULL, b'0', b'0', NULL, 'ACTIVE', '2016-04-27 01:57:16', '2019-04-15 20:03:48'),
	(134, 1, 1, 'Cost_Center_Address', 'address', 'Cost Center Address', '{\n  "steps": [\n    {\n      "table": "EMPLOYEE_MASTER",\n      "inMappingColumn": "",\n      "outMappingColumn": "ORG_ID",\n      "level": 1,\n      "conditions": {\n        "andType": [],\n        "orType": []\n      }\n    },\n    {\n      "table": "ORGANIZATION",\n      "inMappingColumn": "ORG_ID",\n      "outMappingColumn": "ORG_ID",\n      "level": 2,\n      "conditions": {\n        "andType": [],\n        "orType": []\n      }\n    },\n    {\n      "table": "COST_CENTER",\n      "inMappingColumn": "ORG_ID",\n      "outMappingColumn": "",\n      "level": 3,\n      "conditions": {\n        "andType": [],\n        "orType": []\n      }\n    }\n  ]\n}', 'COST_CENTER', 'COST_CENTER_ADDRESS', 'COST_CENTER', '3', 'SINGLE', 1, NULL, NULL, NULL, b'0', b'0', NULL, 'INACTIVE', '2016-04-27 01:57:16', '2019-11-15 21:36:49'),
	(135, 1, 1, 'Cost_Center_Phone', 'phone', 'Cost Center Phone', '{\n  "steps": [\n    {\n      "table": "EMPLOYEE_MASTER",\n      "inMappingColumn": "",\n      "outMappingColumn": "ORG_ID",\n      "level": 1,\n      "conditions": {\n        "andType": [],\n        "orType": []\n      }\n    },\n    {\n      "table": "ORGANIZATION",\n      "inMappingColumn": "ORG_ID",\n      "outMappingColumn": "ORG_ID",\n      "level": 2,\n      "conditions": {\n        "andType": [],\n        "orType": []\n      }\n    },\n    {\n      "table": "COST_CENTER",\n      "inMappingColumn": "ORG_ID",\n      "outMappingColumn": "",\n      "level": 3,\n      "conditions": {\n        "andType": [],\n        "orType": []\n      }\n    }\n  ]\n}', 'COST_CENTER', 'COST_CENTER_PHONE', 'COST_CENTER', '3', 'SINGLE', 1, NULL, NULL, NULL, b'0', b'0', NULL, 'INACTIVE', '2016-04-27 01:57:16', '2019-11-15 21:36:49'),
	(136, 1, 1, 'Cost_Center_Email', 'email', 'Cost Center Email', '{\n  "steps": [\n    {\n      "table": "EMPLOYEE_MASTER",\n      "inMappingColumn": "",\n      "outMappingColumn": "ORG_ID",\n      "level": 1,\n      "conditions": {\n        "andType": [],\n        "orType": []\n      }\n    },\n    {\n      "table": "ORGANIZATION",\n      "inMappingColumn": "ORG_ID",\n      "outMappingColumn": "ORG_ID",\n      "level": 2,\n      "conditions": {\n        "andType": [],\n        "orType": []\n      }\n    },\n    {\n      "table": "COST_CENTER",\n      "inMappingColumn": "ORG_ID",\n      "outMappingColumn": "",\n      "level": 3,\n      "conditions": {\n        "andType": [],\n        "orType": []\n      }\n    }\n  ]\n}', 'COST_CENTER', 'COST_CENTER_EMAIL', 'COST_CENTER', '3', 'SINGLE', 1, NULL, NULL, NULL, b'0', b'0', NULL, 'INACTIVE', '2016-04-27 01:57:16', '2019-11-15 21:36:49'),
	(137, 1, 1, 'Cost_Center_ID', 'identification', 'Cost Center ID', '{\n  "steps": [\n    {\n      "table": "EMPLOYEE_MASTER",\n      "inMappingColumn": "",\n      "outMappingColumn": "ORG_ID",\n      "level": 1,\n      "conditions": {\n        "andType": [],\n        "orType": []\n      }\n    },\n    {\n      "table": "ORGANIZATION",\n      "inMappingColumn": "ORG_ID",\n      "outMappingColumn": "ORG_ID",\n      "level": 2,\n      "conditions": {\n        "andType": [],\n        "orType": []\n      }\n    },\n    {\n      "table": "COST_CENTER",\n      "inMappingColumn": "ORG_ID",\n      "outMappingColumn": "",\n      "level": 3,\n      "conditions": {\n        "andType": [],\n        "orType": []\n      }\n    }\n  ]\n}', 'COST_CENTER', 'IDENTIFICATION_NO', 'COST_CENTER', '3', 'SINGLE', 1, NULL, NULL, NULL, b'0', b'0', NULL, 'INACTIVE', '2016-04-27 01:57:16', '2019-11-15 21:36:49'),
	(138, 1, 1, 'Cost_Center_Code', 'code', 'Cost Center Code', '{\n  "steps": [\n    {\n      "table": "EMPLOYEE_MASTER",\n      "inMappingColumn": "",\n      "outMappingColumn": "ORG_ID",\n      "level": 1,\n      "conditions": {\n        "andType": [],\n        "orType": []\n      }\n    },\n    {\n      "table": "ORGANIZATION",\n      "inMappingColumn": "ORG_ID",\n      "outMappingColumn": "ORG_ID",\n      "level": 2,\n      "conditions": {\n        "andType": [],\n        "orType": []\n      }\n    },\n    {\n      "table": "COST_CENTER",\n      "inMappingColumn": "ORG_ID",\n      "outMappingColumn": "",\n      "level": 3,\n      "conditions": {\n        "andType": [],\n        "orType": []\n      }\n    }\n  ]\n}', 'COST_CENTER', 'COST_CENTER_CODE', 'COST_CENTER', '3', 'SINGLE', 1, NULL, NULL, NULL, b'0', b'0', NULL, 'INACTIVE', '2016-04-27 01:57:16', '2019-11-15 21:36:49'),
	(139, 1, 1, 'Cost_Center_Actual_Revenue', 'actual_revenue', 'Cost Center Actual Revenue', '{\n  "steps": [\n    {\n      "table": "EMPLOYEE_MASTER",\n      "inMappingColumn": "",\n      "outMappingColumn": "ORG_ID",\n      "level": 1,\n      "conditions": {\n        "andType": [],\n        "orType": []\n      }\n    },\n    {\n      "table": "ORGANIZATION",\n      "inMappingColumn": "ORG_ID",\n      "outMappingColumn": "ORG_ID",\n      "level": 2,\n      "conditions": {\n        "andType": [],\n        "orType": []\n      }\n    },\n    {\n      "table": "COST_CENTER",\n      "inMappingColumn": "ORG_ID",\n      "outMappingColumn": "",\n      "level": 3,\n      "conditions": {\n        "andType": [],\n        "orType": []\n      }\n    }\n  ]\n}', 'COST_CENTER', 'ACTUAL_REVENUE', 'COST_CENTER', '3', 'SINGLE', 1, NULL, NULL, NULL, b'0', b'0', NULL, 'INACTIVE', '2016-04-27 01:57:16', '2019-11-15 21:36:49'),
	(140, 1, 1, 'Cost_Center_Actual_Sales', 'actual_sales', 'Cost Center Actual Sales', '{\n  "steps": [\n    {\n      "table": "EMPLOYEE_MASTER",\n      "inMappingColumn": "",\n      "outMappingColumn": "ORG_ID",\n      "level": 1,\n      "conditions": {\n        "andType": [],\n        "orType": []\n      }\n    },\n    {\n      "table": "ORGANIZATION",\n      "inMappingColumn": "ORG_ID",\n      "outMappingColumn": "ORG_ID",\n      "level": 2,\n      "conditions": {\n        "andType": [],\n        "orType": []\n      }\n    },\n    {\n      "table": "COST_CENTER",\n      "inMappingColumn": "ORG_ID",\n      "outMappingColumn": "",\n      "level": 3,\n      "conditions": {\n        "andType": [],\n        "orType": []\n      }\n    }\n  ]\n}', 'COST_CENTER', 'ACTUAL_SALES', 'COST_CENTER', '3', 'SINGLE', 1, NULL, NULL, NULL, b'0', b'0', NULL, 'INACTIVE', '2016-04-27 01:57:16', '2019-11-15 21:36:49'),
	(141, 1, 1, 'Cost_Center_Actual_Profit', 'actual_profit', 'Cost Center Actual Profit', '{\n  "steps": [\n    {\n      "table": "EMPLOYEE_MASTER",\n      "inMappingColumn": "",\n      "outMappingColumn": "ORG_ID",\n      "level": 1,\n      "conditions": {\n        "andType": [],\n        "orType": []\n      }\n    },\n    {\n      "table": "ORGANIZATION",\n      "inMappingColumn": "ORG_ID",\n      "outMappingColumn": "ORG_ID",\n      "level": 2,\n      "conditions": {\n        "andType": [],\n        "orType": []\n      }\n    },\n    {\n      "table": "COST_CENTER",\n      "inMappingColumn": "ORG_ID",\n      "outMappingColumn": "",\n      "level": 3,\n      "conditions": {\n        "andType": [],\n        "orType": []\n      }\n    }\n  ]\n}', 'COST_CENTER', 'ACTUAL_PROFIT', 'COST_CENTER', '3', 'SINGLE', 1, NULL, NULL, NULL, b'0', b'0', NULL, 'INACTIVE', '2016-04-27 01:57:16', '2019-11-15 21:36:49'),
	(142, 1, 1, 'Cost_Center_Frequency', 'frequency', 'Cost Center Frequency', '{\n  "steps": [\n    {\n      "table": "EMPLOYEE_MASTER",\n      "inMappingColumn": "",\n      "outMappingColumn": "ORG_ID",\n      "level": 1,\n      "conditions": {\n        "andType": [],\n        "orType": []\n      }\n    },\n    {\n      "table": "ORGANIZATION",\n      "inMappingColumn": "ORG_ID",\n      "outMappingColumn": "ORG_ID",\n      "level": 2,\n      "conditions": {\n        "andType": [],\n        "orType": []\n      }\n    },\n    {\n      "table": "COST_CENTER",\n      "inMappingColumn": "ORG_ID",\n      "outMappingColumn": "",\n      "level": 3,\n      "conditions": {\n        "andType": [],\n        "orType": []\n      }\n    }\n  ]\n}', 'COST_CENTER', 'FREQUENCY', 'COST_CENTER', '3', 'SINGLE', 1, NULL, NULL, NULL, b'0', b'0', NULL, 'INACTIVE', '2016-04-27 01:57:16', '2019-11-15 21:36:49'),
	(143, 1, 1, 'Cost_Center_Period_Start_Date', 'period_start_date', 'Cost Center Period Start Date', '{\n  "steps": [\n    {\n      "table": "EMPLOYEE_MASTER",\n      "inMappingColumn": "",\n      "outMappingColumn": "ORG_ID",\n      "level": 1,\n      "conditions": {\n        "andType": [],\n        "orType": []\n      }\n    },\n    {\n      "table": "ORGANIZATION",\n      "inMappingColumn": "ORG_ID",\n      "outMappingColumn": "ORG_ID",\n      "level": 2,\n      "conditions": {\n        "andType": [],\n        "orType": []\n      }\n    },\n    {\n      "table": "COST_CENTER",\n      "inMappingColumn": "ORG_ID",\n      "outMappingColumn": "",\n      "level": 3,\n      "conditions": {\n        "andType": [],\n        "orType": []\n      }\n    }\n  ]\n}', 'COST_CENTER', 'PERIOD_START_DATE', 'COST_CENTER', '3', 'SINGLE', 1, NULL, NULL, NULL, b'0', b'0', NULL, 'INACTIVE', '2016-04-27 01:57:16', '2019-11-15 21:36:49'),
	(144, 1, 1, 'Cost_Center_Period_End_Date', 'period_end_date', 'Cost Center Period End Date', '{\n  "steps": [\n    {\n      "table": "EMPLOYEE_MASTER",\n      "inMappingColumn": "",\n      "outMappingColumn": "ORG_ID",\n      "level": 1,\n      "conditions": {\n        "andType": [],\n        "orType": []\n      }\n    },\n    {\n      "table": "ORGANIZATION",\n      "inMappingColumn": "ORG_ID",\n      "outMappingColumn": "ORG_ID",\n      "level": 2,\n      "conditions": {\n        "andType": [],\n        "orType": []\n      }\n    },\n    {\n      "table": "COST_CENTER",\n      "inMappingColumn": "ORG_ID",\n      "outMappingColumn": "",\n      "level": 3,\n      "conditions": {\n        "andType": [],\n        "orType": []\n      }\n    }\n  ]\n}', 'COST_CENTER', 'PERIOD_END_DATE', 'COST_CENTER', '3', 'SINGLE', 1, NULL, NULL, NULL, b'0', b'0', NULL, 'INACTIVE', '2016-04-27 01:57:16', '2019-11-15 21:36:49'),
	(145, 1, 1, 'Cost_Center_Target_Revenue', 'target_revenue', 'Cost Center Target Revenue', '{\n  "steps": [\n    {\n      "table": "EMPLOYEE_MASTER",\n      "inMappingColumn": "",\n      "outMappingColumn": "ORG_ID",\n      "level": 1,\n      "conditions": {\n        "andType": [],\n        "orType": []\n      }\n    },\n    {\n      "table": "ORGANIZATION",\n      "inMappingColumn": "ORG_ID",\n      "outMappingColumn": "ORG_ID",\n      "level": 2,\n      "conditions": {\n        "andType": [],\n        "orType": []\n      }\n    },\n    {\n      "table": "COST_CENTER",\n      "inMappingColumn": "ORG_ID",\n      "outMappingColumn": "",\n      "level": 3,\n      "conditions": {\n        "andType": [],\n        "orType": []\n      }\n    }\n  ]\n}', 'COST_CENTER', 'TARGET_REVENUE', 'COST_CENTER', '3', 'SINGLE', 1, NULL, NULL, NULL, b'0', b'0', NULL, 'INACTIVE', '2016-04-27 01:57:16', '2019-11-15 21:36:49'),
	(146, 1, 1, 'Cost_Center_Target_Sales', 'target_sales', 'Cost Center Target Sales', '{\n  "steps": [\n    {\n      "table": "EMPLOYEE_MASTER",\n      "inMappingColumn": "",\n      "outMappingColumn": "ORG_ID",\n      "level": 1,\n      "conditions": {\n        "andType": [],\n        "orType": []\n      }\n    },\n    {\n      "table": "ORGANIZATION",\n      "inMappingColumn": "ORG_ID",\n      "outMappingColumn": "ORG_ID",\n      "level": 2,\n      "conditions": {\n        "andType": [],\n        "orType": []\n      }\n    },\n    {\n      "table": "COST_CENTER",\n      "inMappingColumn": "ORG_ID",\n      "outMappingColumn": "",\n      "level": 3,\n      "conditions": {\n        "andType": [],\n        "orType": []\n      }\n    }\n  ]\n}', 'COST_CENTER', 'TARGET_SALES', 'COST_CENTER', '3', 'SINGLE', 1, NULL, NULL, NULL, b'0', b'0', NULL, 'INACTIVE', '2016-04-27 01:57:16', '2019-11-15 21:36:49'),
	(147, 1, 1, 'Cost_Center_Target_Profit', 'target_profit', 'Cost Center Target Profit', '{\n  "steps": [\n    {\n      "table": "EMPLOYEE_MASTER",\n      "inMappingColumn": "",\n      "outMappingColumn": "ORG_ID",\n      "level": 1,\n      "conditions": {\n        "andType": [],\n        "orType": []\n      }\n    },\n    {\n      "table": "ORGANIZATION",\n      "inMappingColumn": "ORG_ID",\n      "outMappingColumn": "ORG_ID",\n      "level": 2,\n      "conditions": {\n        "andType": [],\n        "orType": []\n      }\n    },\n    {\n      "table": "COST_CENTER",\n      "inMappingColumn": "ORG_ID",\n      "outMappingColumn": "",\n      "level": 3,\n      "conditions": {\n        "andType": [],\n        "orType": []\n      }\n    }\n  ]\n}', 'COST_CENTER', 'TARGET_PROFIT', 'COST_CENTER', '3', 'SINGLE', 1, NULL, NULL, NULL, b'0', b'0', NULL, 'INACTIVE', '2016-04-27 01:57:16', '2019-11-15 21:36:49'),
	(148, 1, 1, 'Cost_Center_Revenue_Multiplier', 'revenue_multiplier', 'Cost Center Revenue Multiplier', '{\n  "steps": [\n    {\n      "table": "EMPLOYEE_MASTER",\n      "inMappingColumn": "",\n      "outMappingColumn": "ORG_ID",\n      "level": 1,\n      "conditions": {\n        "andType": [],\n        "orType": []\n      }\n    },\n    {\n      "table": "ORGANIZATION",\n      "inMappingColumn": "ORG_ID",\n      "outMappingColumn": "ORG_ID",\n      "level": 2,\n      "conditions": {\n        "andType": [],\n        "orType": []\n      }\n    },\n    {\n      "table": "COST_CENTER",\n      "inMappingColumn": "ORG_ID",\n      "outMappingColumn": "",\n      "level": 3,\n      "conditions": {\n        "andType": [],\n        "orType": []\n      }\n    }\n  ]\n}', 'COST_CENTER', 'REVENUE_MULTIPLIER', 'COST_CENTER', '3', 'SINGLE', 1, NULL, NULL, NULL, b'0', b'0', NULL, 'INACTIVE', '2016-04-27 01:57:16', '2019-11-15 21:36:49'),
	(149, 1, 1, 'Cost_Center_Sales_Multiplier', 'sales_multiplier', 'Cost Center Sales Multiplier', '{\n  "steps": [\n    {\n      "table": "EMPLOYEE_MASTER",\n      "inMappingColumn": "",\n      "outMappingColumn": "ORG_ID",\n      "level": 1,\n      "conditions": {\n        "andType": [],\n        "orType": []\n      }\n    },\n    {\n      "table": "ORGANIZATION",\n      "inMappingColumn": "ORG_ID",\n      "outMappingColumn": "ORG_ID",\n      "level": 2,\n      "conditions": {\n        "andType": [],\n        "orType": []\n      }\n    },\n    {\n      "table": "COST_CENTER",\n      "inMappingColumn": "ORG_ID",\n      "outMappingColumn": "",\n      "level": 3,\n      "conditions": {\n        "andType": [],\n        "orType": []\n      }\n    }\n  ]\n}', 'COST_CENTER', 'SALES_MULTIPLIER', 'COST_CENTER', '3', 'SINGLE', 1, NULL, NULL, NULL, b'0', b'0', NULL, 'INACTIVE', '2016-04-27 01:57:16', '2019-11-15 21:36:49'),
	(150, 1, 1, 'Cost_Center_Profit_Multiplier', 'profit_multiplier', 'Cost Center Profit Multiplier', '{\n  "steps": [\n    {\n      "table": "EMPLOYEE_MASTER",\n      "inMappingColumn": "",\n      "outMappingColumn": "ORG_ID",\n      "level": 1,\n      "conditions": {\n        "andType": [],\n        "orType": []\n      }\n    },\n    {\n      "table": "ORGANIZATION",\n      "inMappingColumn": "ORG_ID",\n      "outMappingColumn": "ORG_ID",\n      "level": 2,\n      "conditions": {\n        "andType": [],\n        "orType": []\n      }\n    },\n    {\n      "table": "COST_CENTER",\n      "inMappingColumn": "ORG_ID",\n      "outMappingColumn": "",\n      "level": 3,\n      "conditions": {\n        "andType": [],\n        "orType": []\n      }\n    }\n  ]\n}', 'COST_CENTER', 'PROFIT_MULTIPLIER', 'COST_CENTER', '3', 'SINGLE', 1, NULL, NULL, NULL, b'0', b'0', NULL, 'ACTIVE', '2016-04-27 01:57:16', '2019-04-15 20:05:35'),
	(152, 1, 1, 'Q1_Rewards_Target_Percent', 'Bonus Target Percent', 'Q1 Rewards Target Percent', '{\n  "steps": [\n    {\n      "table": "BONUS_MASTER",\n      "inMappingColumn": "",\n      "outMappingColumn": "EMPLOYEE_MASTER_ID",\n      "level": 1,\n      "conditions": {\n        "andType": [{\n            "columnName": "COMPENSATION_INCREASE_TYPE_ID", \n             "columnValue": 3\n         }],\n        "orType": []\n      }\n    }\n  ]\n}', 'BONUS_MASTER', 'BONUS_TARGET_PERCENT', 'COMPENSATION_DATA', '3', 'SINGLE', 11, NULL, NULL, NULL, b'0', b'0', 'SUM', 'ACTIVE', '2016-04-27 01:57:16', '2019-05-04 16:08:10'),
	(153, 1, 1, 'Q1_Rewards_Target_Amount', 'Bonus Target Amount', 'Q1 Rewards Target Amount', '{\n  "steps": [\n    {\n      "table": "BONUS_MASTER",\n      "inMappingColumn": "",\n      "outMappingColumn": "EMPLOYEE_MASTER_ID",\n      "level": 1,\n      "conditions": {\n        "andType": [{\n            "columnName": "COMPENSATION_INCREASE_TYPE_ID", \n             "columnValue": 3\n         }],\n        "orType": []\n      }\n    }\n  ]\n}', 'BONUS_MASTER', 'BONUS_TARGET_AMOUNT', 'COMPENSATION_DATA', '3', 'SINGLE', 5, NULL, NULL, NULL, b'0', b'0', 'SUM', 'ACTIVE', '2016-04-27 01:57:16', '2019-04-13 11:11:18'),
	(154, 1, 1, 'Q1_Rewards_Frequency', 'Bonus Frequency', 'Q1 Rewards Frequency', '{\n  "steps": [\n    {\n      "table": "BONUS_MASTER",\n      "inMappingColumn": "",\n      "outMappingColumn": "EMPLOYEE_MASTER_ID",\n      "level": 1,\n      "conditions": {\n        "andType": [{\n            "columnName": "COMPENSATION_INCREASE_TYPE_ID", \n             "columnValue": 3\n         }],\n        "orType": []\n      }\n    }\n  ]\n}', 'BONUS_MASTER', 'BONUS_FREQUENCY', 'COMPENSATION_DATA', '3', 'SINGLE', 5, NULL, NULL, NULL, b'0', b'0', NULL, 'ACTIVE', '2016-04-27 01:57:16', '2019-04-15 20:03:24'),
	(156, 1, 1, 'Current_Job_Name', 'Job name', 'Job Name', '{\n  "steps": [\n    {\n      "table": "EMPLOYEE_MASTER",\n      "inMappingColumn": "",\n      "outMappingColumn": "EMPLOYEE_MASTER_ID",\n      "level": 1,\n      "conditions": {\n        "andType": [],\n        "orType": []\n      }\n    },\n    {\n      "table": "EMPLOYEE_DATA",\n      "inMappingColumn": "EMPLOYEE_MASTER_ID",\n      "outMappingColumn": "CURRENT_JOB_ID",\n      "level": 2,\n      "conditions": {\n        "andType": [],\n        "orType": []\n      }\n    },\n    {\n      "table": "JOB",\n      "inMappingColumn": "JOB_ID",\n      "outMappingColumn": "",\n      "level": 3,\n      "keepsDuplicate": true,\n      "conditions": {\n        "andType": [],\n        "orType": []\n      }\n    }\n  ]\n}', 'JOB', 'JOB_NAME', 'JOB_DATA,JOB_FAMILY_DATA,JOB_ROLE_DATA,JOB_LEVEL_DATA,JOB_GRADE_DATA', 'Job1', 'MULTI', 1, NULL, NULL, NULL, b'0', b'1', 'SUM', 'ACTIVE', '2016-04-27 01:57:16', '2019-10-20 11:12:02'),
	(158, 1, 1, 'Current_Job_Description', 'Job Description', 'Job Description', '{\n  "steps": [\n    {\n      "table": "EMPLOYEE_MASTER",\n      "inMappingColumn": "",\n      "outMappingColumn": "EMPLOYEE_MASTER_ID",\n      "level": 1,\n      "conditions": {\n        "andType": [],\n        "orType": []\n      }\n    },\n    {\n      "table": "EMPLOYEE_DATA",\n      "inMappingColumn": "EMPLOYEE_MASTER_ID",\n      "outMappingColumn": "CURRENT_JOB_ID",\n      "level": 2,\n      "conditions": {\n        "andType": [],\n        "orType": []\n      }\n    },\n    {\n      "table": "JOB",\n      "inMappingColumn": "JOB_ID",\n      "outMappingColumn": "",\n      "level": 3,\n      "conditions": {\n        "andType": [],\n        "orType": []\n      }\n    }\n  ]\n}', 'JOB', 'DESCRIPTION', 'JOB_DATA', '3', 'SINGLE', 1, NULL, NULL, NULL, b'0', b'0', NULL, 'ACTIVE', '2016-04-27 01:57:16', '2019-10-20 11:12:53'),
	(159, 1, 1, 'Current_Job_Location', 'Job Location', 'Job Location', '{\n  "steps": [\n    {\n      "table": "EMPLOYEE_MASTER",\n      "inMappingColumn": "",\n      "outMappingColumn": "EMPLOYEE_MASTER_ID",\n      "level": 1,\n      "conditions": {\n        "andType": [],\n        "orType": []\n      }\n    },\n    {\n      "table": "EMPLOYEE_DATA",\n      "inMappingColumn": "EMPLOYEE_MASTER_ID",\n      "outMappingColumn": "CURRENT_JOB_ID",\n      "level": 2,\n      "conditions": {\n        "andType": [],\n        "orType": []\n      }\n    },\n    {\n      "table": "JOB",\n      "inMappingColumn": "JOB_ID",\n      "outMappingColumn": "",\n      "level": 3,\n      "conditions": {\n        "andType": [],\n        "orType": []\n      }\n    }\n  ]\n}', 'JOB', 'LOCATION', 'JOB_DATA', '3', 'SINGLE', 1, NULL, NULL, NULL, b'0', b'0', NULL, 'ACTIVE', '2016-04-27 01:57:16', '2019-10-20 11:12:57'),
	(160, 1, 1, 'Currency_Country_Name', 'Job Country Name', 'Currency Country Name', '{\n  "steps": [\n    {\n      "table": "EMPLOYEE_MASTER",\n      "inMappingColumn": "",\n      "outMappingColumn": "EMPLOYEE_MASTER_ID",\n      "level": 1,\n      "conditions": {\n        "andType": [],\n        "orType": []\n      }\n    },\n    {\n      "table": "EMPLOYEE_DATA",\n      "inMappingColumn": "EMPLOYEE_MASTER_ID",\n      "outMappingColumn": "COUNTRY_CURRENCY_ID",\n      "level": 2,\n      "conditions": {\n        "andType": [],\n        "orType": []\n      }\n    },\n    {\n      "table": "COUNTRY_CURRENCY",\n      "inMappingColumn": "COUNTRY_CURRENCY_ID",\n      "outMappingColumn": "",\n      "level": 3,\n      "conditions": {\n        "andType": [],\n        "orType": []\n      }\n    }\n  ]\n}', 'COUNTRY_CURRENCY', 'country_name', 'JOB_DATA', '3', 'SINGLE', 1, NULL, NULL, NULL, b'0', b'1', NULL, 'ACTIVE', '2016-04-27 01:57:16', '2019-04-15 20:04:33'),
	(161, 1, 1, 'Compensation_Type', 'Compensation Type', 'Compensation Type', '{\n  "steps": [\n    {\n      "table": "EMPLOYEE_MASTER",\n      "inMappingColumn": "",\n      "outMappingColumn": "ORG_ID",\n      "level": 1,\n      "conditions": {\n        "andType": [],\n        "orType": []\n      }\n    },\n    {\n      "table": "ORGANIZATION",\n      "inMappingColumn": "ORG_ID",\n      "outMappingColumn": "ORG_ID",\n      "level": 2,\n      "conditions": {\n        "andType": [],\n        "orType": []\n      }\n    },\n    {\n      "table": "COMPENSATION_TYPE",\n      "inMappingColumn": "ORG_ID",\n      "outMappingColumn": "",\n      "level": 3,\n      "conditions": {\n        "andType": [],\n        "orType": []\n      }\n    }\n  ]\n}', 'COMPENSATION_TYPE', 'TYPE_NAME', 'JOB_DATA', '3', 'SINGLE', 1, NULL, NULL, NULL, b'0', b'1', NULL, 'ACTIVE', '2016-04-27 01:57:16', '2019-04-15 20:03:31'),
	(162, 1, 1, 'Current_External_Data_Name', 'External Analysyis Data Name', 'External Analysis Data Name', '{\n  "steps": [\n    {\n      "table": "EMPLOYEE_MASTER",\n      "inMappingColumn": "",\n      "outMappingColumn": "EMPLOYEE_MASTER_ID",\n      "level": 1,\n      "conditions": {\n        "andType": [],\n        "orType": []\n      }\n    },\n    {\n      "table": "EMPLOYEE_DATA",\n      "inMappingColumn": "EMPLOYEE_MASTER_ID",\n      "outMappingColumn": "CURRENT_EXTERNAL_ANALYSIS_DATA_ID",\n      "level": 2,\n      "conditions": {\n        "andType": [],\n        "orType": []\n      }\n    },\n    {\n      "table": "EXTERNAL_ANALYSIS_DATA",\n      "inMappingColumn": "EXTERNAL_ANALYSIS_DATA_ID",\n      "outMappingColumn": "",\n      "level": 3,\n      "conditions": {\n        "andType": [],\n        "orType": []\n      }\n    }\n  ]\n}', 'EXTERNAL_ANALYSIS_DATA', 'NAME', 'JOB_DATA', '3', 'SINGLE', 1, NULL, NULL, NULL, b'0', b'1', NULL, 'ACTIVE', '2016-04-27 01:57:16', '2019-11-11 13:42:43'),
	(163, 1, 1, 'Current_External_Data_Min', 'External_Data_Min', 'External_Data_Min', '{\n  "steps": [\n    {\n      "table": "EMPLOYEE_MASTER",\n      "inMappingColumn": "",\n      "outMappingColumn": "EMPLOYEE_MASTER_ID",\n      "level": 1,\n      "conditions": {\n        "andType": [],\n        "orType": []\n      }\n    },\n    {\n      "table": "EMPLOYEE_DATA",\n      "inMappingColumn": "EMPLOYEE_MASTER_ID",\n      "outMappingColumn": "CURRENT_EXTERNAL_ANALYSIS_DATA_ID",\n      "level": 2,\n      "conditions": {\n        "andType": [],\n        "orType": []\n      }\n    },\n    {\n      "table": "EXTERNAL_ANALYSIS_DATA",\n      "inMappingColumn": "EXTERNAL_ANALYSIS_DATA_ID",\n      "outMappingColumn": "",\n      "level": 3,\n      "conditions": {\n        "andType": [],\n        "orType": []\n      }\n    }\n  ]\n}', 'EXTERNAL_ANALYSIS_DATA', 'MIN_VALUE', 'JOB_DATA', '3', 'SINGLE', 1, NULL, NULL, NULL, b'0', b'0', NULL, 'ACTIVE', '2016-04-27 01:57:16', '2019-11-11 13:42:48'),
	(164, 1, 1, 'Current_External_Data_Mid', 'External_Data_Mid', 'External_Data_Mid', '{\n  "steps": [\n    {\n      "table": "EMPLOYEE_MASTER",\n      "inMappingColumn": "",\n      "outMappingColumn": "EMPLOYEE_MASTER_ID",\n      "level": 1,\n      "conditions": {\n        "andType": [],\n        "orType": []\n      }\n    },\n    {\n      "table": "EMPLOYEE_DATA",\n      "inMappingColumn": "EMPLOYEE_MASTER_ID",\n      "outMappingColumn": "CURRENT_EXTERNAL_ANALYSIS_DATA_ID",\n      "level": 2,\n      "conditions": {\n        "andType": [],\n        "orType": []\n      }\n    },\n    {\n      "table": "EXTERNAL_ANALYSIS_DATA",\n      "inMappingColumn": "EXTERNAL_ANALYSIS_DATA_ID",\n      "outMappingColumn": "",\n      "level": 3,\n      "conditions": {\n        "andType": [],\n        "orType": []\n      }\n    }\n  ]\n}', 'EXTERNAL_ANALYSIS_DATA', 'MID_VALUE', 'JOB_DATA', '3', 'SINGLE', 1, NULL, NULL, NULL, b'0', b'0', NULL, 'ACTIVE', '2016-04-27 01:57:16', '2019-11-11 13:42:53'),
	(165, 1, 1, 'Current_External_Data_Max', 'External_Data_Max', 'External_Data_Max', '{\n  "steps": [\n    {\n      "table": "EMPLOYEE_MASTER",\n      "inMappingColumn": "",\n      "outMappingColumn": "EMPLOYEE_MASTER_ID",\n      "level": 1,\n      "conditions": {\n        "andType": [],\n        "orType": []\n      }\n    },\n    {\n      "table": "EMPLOYEE_DATA",\n      "inMappingColumn": "EMPLOYEE_MASTER_ID",\n      "outMappingColumn": "CURRENT_EXTERNAL_ANALYSIS_DATA_ID",\n      "level": 2,\n      "conditions": {\n        "andType": [],\n        "orType": []\n      }\n    },\n    {\n      "table": "EXTERNAL_ANALYSIS_DATA",\n      "inMappingColumn": "EXTERNAL_ANALYSIS_DATA_ID",\n      "outMappingColumn": "",\n      "level": 3,\n      "conditions": {\n        "andType": [],\n        "orType": []\n      }\n    }\n  ]\n}', 'EXTERNAL_ANALYSIS_DATA', 'MAX_VALUE', 'JOB_DATA', '3', 'SINGLE', 1, NULL, NULL, NULL, b'0', b'0', NULL, 'ACTIVE', '2016-04-27 01:57:16', '2019-11-11 13:42:56'),
	(166, 1, 1, 'Current_Job_Grade_Name', 'Job Grade Name', 'Job Grade Name', '{\n  "steps": [\n    {\n      "table": "EMPLOYEE_MASTER",\n      "inMappingColumn": "",\n      "outMappingColumn": "EMPLOYEE_MASTER_ID",\n      "level": 1,\n      "conditions": {\n        "andType": [],\n        "orType": []\n      }\n    },\n    {\n      "table": "EMPLOYEE_DATA",\n      "inMappingColumn": "EMPLOYEE_MASTER_ID",\n      "outMappingColumn": "CURRENT_JOB_GRADE_ID",\n      "level": 2,\n      "conditions": {\n        "andType": [],\n        "orType": []\n      }\n    },\n    {\n      "table": "JOB_GRADE",\n      "inMappingColumn": "JOB_GRADE_ID",\n      "outMappingColumn": "",\n      "level": 3,\n      "conditions": {\n        "andType": [],\n        "orType": []\n      }\n    }\n  ]\n}', 'JOB_GRADE', 'JOB_GRADE_NAME', 'JOB_GRADE_DATA', '3', 'MULTI', 1, NULL, NULL, NULL, b'0', b'1', 'SUM', 'ACTIVE', '2016-04-27 01:57:16', '2019-10-20 11:13:00'),
	(167, 1, 1, 'Current_Job_Grade_Code', 'Job Grade Code', 'Job Grade Code', '{\n  "steps": [\n    {\n      "table": "EMPLOYEE_MASTER",\n      "inMappingColumn": "",\n      "outMappingColumn": "EMPLOYEE_MASTER_ID",\n      "level": 1,\n      "conditions": {\n        "andType": [],\n        "orType": []\n      }\n    },\n    {\n      "table": "EMPLOYEE_DATA",\n      "inMappingColumn": "EMPLOYEE_MASTER_ID",\n      "outMappingColumn": "CURRENT_JOB_GRADE_ID",\n      "level": 2,\n      "conditions": {\n        "andType": [],\n        "orType": []\n      }\n    },\n    {\n      "table": "JOB_GRADE",\n      "inMappingColumn": "JOB_GRADE_ID",\n      "outMappingColumn": "",\n      "level": 3,\n      "conditions": {\n        "andType": [],\n        "orType": []\n      }\n    }\n  ]\n}', 'JOB_GRADE', 'JOB_GRADE_CODE', 'JOB_GRADE_DATA', '3', 'SINGLE', 1, NULL, NULL, NULL, b'0', b'0', NULL, 'ACTIVE', '2016-04-27 01:57:16', '2019-10-20 11:18:01'),
	(168, 1, 1, 'Current_Job_Grade_Description', 'Job Grade Description', 'Job Grade Description', '{\n  "steps": [\n    {\n      "table": "EMPLOYEE_MASTER",\n      "inMappingColumn": "",\n      "outMappingColumn": "EMPLOYEE_MASTER_ID",\n      "level": 1,\n      "conditions": {\n        "andType": [],\n        "orType": []\n      }\n    },\n    {\n      "table": "EMPLOYEE_DATA",\n      "inMappingColumn": "EMPLOYEE_MASTER_ID",\n      "outMappingColumn": "CURRENT_JOB_GRADE_ID",\n      "level": 2,\n      "conditions": {\n        "andType": [],\n        "orType": []\n      }\n    },\n    {\n      "table": "JOB_GRADE",\n      "inMappingColumn": "JOB_GRADE_ID",\n      "outMappingColumn": "",\n      "level": 3,\n      "conditions": {\n        "andType": [],\n        "orType": []\n      }\n    }\n  ]\n}', 'JOB_GRADE', 'DESCRIPTION', 'JOB_GRADE_DATA', '3', 'SINGLE', 1, NULL, NULL, NULL, b'0', b'0', NULL, 'ACTIVE', '2016-04-27 01:57:16', '2019-10-20 11:18:08'),
	(169, 1, 1, 'Current_Job_Role_Name', 'Job Role Name', 'Job Role Name', '{\n  "steps": [\n    {\n      "table": "EMPLOYEE_MASTER",\n      "inMappingColumn": "",\n      "outMappingColumn": "EMPLOYEE_MASTER_ID",\n      "level": 1,\n      "conditions": {\n        "andType": [],\n        "orType": []\n      }\n    },\n    {\n      "table": "EMPLOYEE_DATA",\n      "inMappingColumn": "EMPLOYEE_MASTER_ID",\n      "outMappingColumn": "CURRENT_JOB_ROLE_ID",\n      "level": 2,\n      "conditions": {\n        "andType": [],\n        "orType": []\n      }\n    },\n    {\n      "table": "JOB_ROLE",\n      "inMappingColumn": "JOB_ROLE_ID",\n      "outMappingColumn": "",\n      "level": 3,\n      "conditions": {\n        "andType": [],\n        "orType": []\n      }\n    }\n  ]\n}', 'JOB_ROLE', 'JOB_ROLE_NAME', 'JOB_ROLE_DATA', '3', 'MULTI', 1, NULL, NULL, NULL, b'0', b'1', 'SUM', 'ACTIVE', '2016-04-27 01:57:16', '2019-10-20 11:18:14'),
	(170, 1, 1, 'Current_Job_Role_Code', 'Job Role Code', 'Job Role Code', '{\n  "steps": [\n    {\n      "table": "EMPLOYEE_MASTER",\n      "inMappingColumn": "",\n      "outMappingColumn": "EMPLOYEE_MASTER_ID",\n      "level": 1,\n      "conditions": {\n        "andType": [],\n        "orType": []\n      }\n    },\n    {\n      "table": "EMPLOYEE_DATA",\n      "inMappingColumn": "EMPLOYEE_MASTER_ID",\n      "outMappingColumn": "CURRENT_JOB_ROLE_ID",\n      "level": 2,\n      "conditions": {\n        "andType": [],\n        "orType": []\n      }\n    },\n    {\n      "table": "JOB_ROLE",\n      "inMappingColumn": "JOB_ROLE_ID",\n      "outMappingColumn": "",\n      "level": 3,\n      "conditions": {\n        "andType": [],\n        "orType": []\n      }\n    }\n  ]\n}', 'JOB_ROLE', 'JOB_ROLE_CODE', 'JOB_ROLE_DATA', '3', 'SINGLE', 1, NULL, NULL, NULL, b'0', b'0', NULL, 'ACTIVE', '2016-04-27 01:57:16', '2019-10-20 11:18:21'),
	(171, 1, 1, 'Current_Job_Role_Description', 'Job Role Description', 'Job Role Description', '{\n  "steps": [\n    {\n      "table": "EMPLOYEE_MASTER",\n      "inMappingColumn": "",\n      "outMappingColumn": "EMPLOYEE_MASTER_ID",\n      "level": 1,\n      "conditions": {\n        "andType": [],\n        "orType": []\n      }\n    },\n    {\n      "table": "EMPLOYEE_DATA",\n      "inMappingColumn": "EMPLOYEE_MASTER_ID",\n      "outMappingColumn": "CURRENT_JOB_ROLE_ID",\n      "level": 2,\n      "conditions": {\n        "andType": [],\n        "orType": []\n      }\n    },\n    {\n      "table": "JOB_ROLE",\n      "inMappingColumn": "JOB_ROLE_ID",\n      "outMappingColumn": "",\n      "level": 3,\n      "conditions": {\n        "andType": [],\n        "orType": []\n      }\n    }\n  ]\n}', 'JOB_ROLE', 'DESCRIPTION', 'JOB_ROLE_DATA', '3', 'SINGLE', 1, NULL, NULL, NULL, b'0', b'0', NULL, 'ACTIVE', '2016-04-27 01:57:16', '2019-10-20 11:18:26'),
	(172, 1, 1, 'Current_Job_Level_Name', 'Job Level Name', 'Job Level Name', '{\n  "steps": [\n    {\n      "table": "EMPLOYEE_MASTER",\n      "inMappingColumn": "",\n      "outMappingColumn": "EMPLOYEE_MASTER_ID",\n      "level": 1,\n      "conditions": {\n        "andType": [],\n        "orType": []\n      }\n    },\n    {\n      "table": "EMPLOYEE_DATA",\n      "inMappingColumn": "EMPLOYEE_MASTER_ID",\n      "outMappingColumn": "CURRENT_JOB_LEVEL_ID",\n      "level": 2,\n      "conditions": {\n        "andType": [],\n        "orType": []\n      }\n    },\n    {\n      "table": "JOB_LEVEL",\n      "inMappingColumn": "JOB_LEVEL_ID",\n      "outMappingColumn": "",\n      "level": 3,\n      "conditions": {\n        "andType": [],\n        "orType": []\n      }\n    }\n  ]\n}', 'JOB_LEVEL', 'JOB_LEVEL_NAME', 'JOB_LEVEL_DATA', '3', 'MULTI', 1, NULL, NULL, NULL, b'0', b'1', 'SUM', 'ACTIVE', '2016-04-27 01:57:16', '2019-10-20 11:18:32'),
	(173, 1, 1, 'Current_Job_Level_Code', 'Job Level Code', 'Job Level Code', '{\n  "steps": [\n    {\n      "table": "EMPLOYEE_MASTER",\n      "inMappingColumn": "",\n      "outMappingColumn": "EMPLOYEE_MASTER_ID",\n      "level": 1,\n      "conditions": {\n        "andType": [],\n        "orType": []\n      }\n    },\n    {\n      "table": "EMPLOYEE_DATA",\n      "inMappingColumn": "EMPLOYEE_MASTER_ID",\n      "outMappingColumn": "CURRENT_JOB_LEVEL_ID",\n      "level": 2,\n      "conditions": {\n        "andType": [],\n        "orType": []\n      }\n    },\n    {\n      "table": "JOB_LEVEL",\n      "inMappingColumn": "JOB_LEVEL_ID",\n      "outMappingColumn": "",\n      "level": 3,\n      "conditions": {\n        "andType": [],\n        "orType": []\n      }\n    }\n  ]\n}', 'JOB_LEVEL', 'JOB_LEVEL_CODE', 'JOB_LEVEL_DATA', '3', 'SINGLE', 1, NULL, NULL, NULL, b'0', b'0', NULL, 'ACTIVE', '2016-04-27 01:57:16', '2019-10-20 11:18:38'),
	(174, 1, 1, 'Current_Job_Level_Description', 'Job Level Description', 'Job Level Description', '{\n  "steps": [\n    {\n      "table": "EMPLOYEE_MASTER",\n      "inMappingColumn": "",\n      "outMappingColumn": "EMPLOYEE_MASTER_ID",\n      "level": 1,\n      "conditions": {\n        "andType": [],\n        "orType": []\n      }\n    },\n    {\n      "table": "EMPLOYEE_DATA",\n      "inMappingColumn": "EMPLOYEE_MASTER_ID",\n      "outMappingColumn": "CURRENT_JOB_LEVEL_ID",\n      "level": 2,\n      "conditions": {\n        "andType": [],\n        "orType": []\n      }\n    },\n    {\n      "table": "JOB_LEVEL",\n      "inMappingColumn": "JOB_LEVEL_ID",\n      "outMappingColumn": "",\n      "level": 3,\n      "conditions": {\n        "andType": [],\n        "orType": []\n      }\n    }\n  ]\n}', 'JOB_LEVEL', 'DESCRIPTION', 'JOB_LEVEL_DATA', '3', 'SINGLE', 1, NULL, NULL, NULL, b'0', b'0', NULL, 'ACTIVE', '2016-04-27 01:57:16', '2019-10-20 11:18:44'),
	(175, 1, 1, 'Current_Job_Family_Name', 'Job Family Name', 'Job Family Name', '{\n  "steps": [\n    {\n      "table": "EMPLOYEE_MASTER",\n      "inMappingColumn": "",\n      "outMappingColumn": "EMPLOYEE_MASTER_ID",\n      "level": 1,\n      "conditions": {\n        "andType": [],\n        "orType": []\n      }\n    },\n    {\n      "table": "EMPLOYEE_DATA",\n      "inMappingColumn": "EMPLOYEE_MASTER_ID",\n      "outMappingColumn": "CURRENT_JOB_FAMILY_ID",\n      "level": 2,\n      "conditions": {\n        "andType": [],\n        "orType": []\n      }\n    },\n    {\n      "table": "JOB_FAMILY",\n      "inMappingColumn": "JOB_FAMILY_ID",\n      "outMappingColumn": "",\n      "level": 3,\n      "conditions": {\n        "andType": [],\n        "orType": []\n      }\n    }\n  ]\n}', 'JOB_FAMILY', 'JOB_FAMILY_NAME', 'JOB_FAMILY_DATA', '3', 'MULTI', 1, NULL, NULL, NULL, b'0', b'1', 'SUM', 'ACTIVE', '2016-04-27 01:57:16', '2019-10-20 11:18:49'),
	(176, 1, 1, 'Current_Job_Family_Code', 'Job Family Code', 'Job Family Code', '{\n  "steps": [\n    {\n      "table": "EMPLOYEE_MASTER",\n      "inMappingColumn": "",\n      "outMappingColumn": "EMPLOYEE_MASTER_ID",\n      "level": 1,\n      "conditions": {\n        "andType": [],\n        "orType": []\n      }\n    },\n    {\n      "table": "EMPLOYEE_DATA",\n      "inMappingColumn": "EMPLOYEE_MASTER_ID",\n      "outMappingColumn": "CURRENT_JOB_FAMILY_ID",\n      "level": 2,\n      "conditions": {\n        "andType": [],\n        "orType": []\n      }\n    },\n    {\n      "table": "JOB_FAMILY",\n      "inMappingColumn": "JOB_FAMILY_ID",\n      "outMappingColumn": "",\n      "level": 3,\n      "conditions": {\n        "andType": [],\n        "orType": []\n      }\n    }\n  ]\n}', 'JOB_FAMILY', 'JOB_FAMILY_CODE', 'JOB_FAMILY_DATA', '3', 'SINGLE', 1, NULL, NULL, NULL, b'0', b'0', NULL, 'ACTIVE', '2016-04-27 01:57:16', '2019-10-20 11:18:55'),
	(177, 1, 1, 'Current_Job_Family_Description', 'Job Family Description', 'Job Family Description', '{\n  "steps": [\n    {\n      "table": "EMPLOYEE_MASTER",\n      "inMappingColumn": "",\n      "outMappingColumn": "EMPLOYEE_MASTER_ID",\n      "level": 1,\n      "conditions": {\n        "andType": [],\n        "orType": []\n      }\n    },\n    {\n      "table": "EMPLOYEE_DATA",\n      "inMappingColumn": "EMPLOYEE_MASTER_ID",\n      "outMappingColumn": "CURRENT_JOB_FAMILY_ID",\n      "level": 2,\n      "conditions": {\n        "andType": [],\n        "orType": []\n      }\n    },\n    {\n      "table": "JOB_FAMILY",\n      "inMappingColumn": "JOB_FAMILY_ID",\n      "outMappingColumn": "",\n      "level": 3,\n      "conditions": {\n        "andType": [],\n        "orType": []\n      }\n    }\n  ]\n}', 'JOB_FAMILY', 'DESCRIPTION', 'JOB_FAMILY_DATA', '3', 'SINGLE', 1, NULL, NULL, NULL, b'0', b'0', NULL, 'ACTIVE', '2016-04-27 01:57:16', '2019-10-20 11:19:01'),
	(178, 1, 1, 'Country_Name', 'Country of employee', 'Country Name', '{\r\n  "steps": [\r\n    {\r\n      "table": "EMPLOYEE_MASTER",\r\n      "inMappingColumn": "",\r\n      "outMappingColumn": "EMPLOYEE_MASTER_ID",\r\n      "level": 1,\r\n      "conditions": {\r\n        "andType": [],\r\n        "orType": []\r\n      }\r\n    },\r\n    {\r\n      "table": "EMPLOYEE_DATA",\r\n      "inMappingColumn": "EMPLOYEE_MASTER_ID",\r\n      "outMappingColumn": "COUNTRY_CURRENCY_ID",\r\n      "level": 2,\r\n      "conditions": {\r\n        "andType": [],\r\n        "orType": []\r\n      }\r\n    },\r\n    {\r\n      "table": "COUNTRY_CURRENCY",\r\n      "inMappingColumn": "COUNTRY_CURRENCY_ID",\r\n      "outMappingColumn": "",\r\n      "level": 3,\r\n      "conditions": {\r\n        "andType": [],\r\n        "orType": []\r\n      }\r\n    }\r\n  ]\r\n}', 'COUNTRY_CURRENCY', 'COUNTRY_NAME', 'EMPLOYEE_INFORMATION', 'United States', 'SINGLE', 1, NULL, NULL, NULL, b'0', b'0', NULL, 'ACTIVE', '2016-04-27 01:57:04', '2019-04-15 20:03:37'),
	(179, 1, 1, 'Performace_Rating', 'Performance rating of employee', 'Performace Rating', '{\n  "steps": [\n    {\n      "table": "EMPLOYEE_MASTER",\n      "inMappingColumn": "",\n      "outMappingColumn": "EMPLOYEE_MASTER_ID",\n      "level": 1,\n      "conditions": {\n        "andType": [],\n        "orType": []\n      }\n    },\n    {\n      "table": "EMPLOYEE_DATA",\n      "inMappingColumn": "EMPLOYEE_MASTER_ID",\n      "outMappingColumn": "CURRENT_PERF_RATING_ID",\n      "level": 2,\n      "conditions": {\n        "andType": [],\n        "orType": []\n      }\n    },\n    {\n      "table": "PERFORMANCE_RATING",\n      "inMappingColumn": "PERF_RATING_ID",\n      "outMappingColumn": "",\n      "level": 3,\n      "conditions": {\n        "andType": [],\n        "orType": []\n      }\n    }\n  ]\n}', 'PERFORMANCE_RATING', 'PERF_RATING_NAME', 'PERFORMANCE_RATING', 'Average', 'SINGLE', 1, NULL, NULL, NULL, b'0', b'0', 'SUM', 'ACTIVE', '2016-04-27 01:57:16', '2019-10-20 20:31:23'),
	(180, 1, 1, 'Performace_Rating_Code', 'Performance rating code of employee', 'Performace Rating Code', '{\n  "steps": [\n    {\n      "table": "EMPLOYEE_MASTER",\n      "inMappingColumn": "",\n      "outMappingColumn": "EMPLOYEE_MASTER_ID",\n      "level": 1,\n      "conditions": {\n        "andType": [],\n        "orType": []\n      }\n    },\n    {\n      "table": "EMPLOYEE_DATA",\n      "inMappingColumn": "EMPLOYEE_MASTER_ID",\n      "outMappingColumn": "CURRENT_PERF_RATING_ID",\n      "level": 2,\n      "conditions": {\n        "andType": [],\n        "orType": []\n      }\n    },\n    {\n      "table": "PERFORMANCE_RATING",\n      "inMappingColumn": "PERF_RATING_ID",\n      "outMappingColumn": "",\n      "level": 3,\n      "conditions": {\n        "andType": [],\n        "orType": []\n      }\n    }\n  ]\n}', 'PERFORMANCE_RATING', 'PERF_RATING_CODE', 'PERFORMANCE_RATING', '3', 'SINGLE', 2, NULL, NULL, NULL, b'0', b'0', NULL, 'ACTIVE', '2016-04-27 01:57:16', '2019-10-20 20:31:29'),
	(181, 1, 1, 'Employee_Group', 'Employee Group of employee', 'Employee Group', '{\n  "steps": [\n    {\n      "table": "EMPLOYEE_MASTER",\n      "inMappingColumn": "",\n      "outMappingColumn": "EMPLOYEE_MASTER_ID",\n      "level": 1,\n      "conditions": {\n        "andType": [],\n        "orType": []\n      }\n    },\n    {\n      "table": "EMPLOYEE_DATA",\n      "inMappingColumn": "EMPLOYEE_MASTER_ID",\n      "outMappingColumn": "CURRENT_GROUP_ID",\n      "level": 2,\n      "conditions": {\n        "andType": [],\n        "orType": []\n      }\n    },\n    {\n      "table": "EMPLOYEE_GROUP",\n      "inMappingColumn": "GROUP_ID",\n      "outMappingColumn": "",\n      "level": 3,\n      "conditions": {\n        "andType": [],\n        "orType": []\n      }\n    }\n  ]\n}', 'EMPLOYEE_GROUP', 'GROUP_NAME', 'EMPLOYEE_INFORMATION', 'Group1', 'SINGLE', 1, NULL, NULL, NULL, b'0', b'0', NULL, 'ACTIVE', '2015-06-08 15:37:10', '2019-10-20 20:19:18'),
	(182, 1, 1, 'Employee_Currency', 'Country of employee', 'Employee Currency', '{\n  "steps": [\n    {\n      "table": "EMPLOYEE_MASTER",\n      "inMappingColumn": "",\n      "outMappingColumn": "EMPLOYEE_MASTER_ID",\n      "level": 1,\n      "conditions": {\n        "andType": [],\n        "orType": []\n      }\n    },\n    {\n      "table": "EMPLOYEE_DATA",\n      "inMappingColumn": "EMPLOYEE_MASTER_ID",\n      "outMappingColumn": "COUNTRY_CURRENCY_ID",\n      "level": 2,\n      "conditions": {\n        "andType": [],\n        "orType": []\n      }\n    },\n    {\n      "table": "COUNTRY_CURRENCY",\n      "inMappingColumn": "COUNTRY_CURRENCY_ID",\n      "outMappingColumn": "",\n      "level": 3,\n      "conditions": {\n        "andType": [],\n        "orType": []\n      }\n    }\n  ]\n}', 'COUNTRY_CURRENCY', 'code', 'EMPLOYEE_INFORMATION', 'United States', 'SINGLE', 1, NULL, NULL, NULL, b'0', b'0', NULL, 'ACTIVE', '2016-04-27 01:57:04', '2019-04-15 20:03:38'),
	(183, 1, 1, 'Merit_Basepay_Guideline', 'Basepay minimum guideline of employee', 'Total Basepay Increase Guideline', '{\n  "steps": [\n    {\n      "table": "BASEPAY_MASTER",\n      "inMappingColumn": "",\n      "outMappingColumn": "EMPLOYEE_MASTER_ID",\n      "level": 1,\n      "conditions": {\n        "andType": [\n{\n            "columnName": "COMPENSATION_INCREASE_TYPE_ID", \n             "columnValue": 1\n         }],\n        "orType": []\n      }\n    }\n  ]\n}', 'BASEPAY_MASTER', 'GUIDELINE_STR', 'EMPLOYEE_INFORMATION', '3', 'SINGLE', 1, NULL, NULL, NULL, b'0', b'0', NULL, 'ACTIVE', '2016-04-27 01:57:16', '2019-04-24 20:15:09'),
	(184, 1, 1, 'Promotion_Basepay_Guideline', 'Basepay minimum guideline of employee', 'Promotion Basepay Guideline', '{\n  "steps": [\n    {\n      "table": "BASEPAY_MASTER",\n      "inMappingColumn": "",\n      "outMappingColumn": "EMPLOYEE_MASTER_ID",\n      "level": 1,\n      "conditions": {\n        "andType": [\n{\n            "columnName": "COMPENSATION_INCREASE_TYPE_ID", \n             "columnValue": 2\n         }],\n        "orType": []\n      }\n    }\n  ]\n}', 'BASEPAY_MASTER', 'GUIDELINE_STR', 'EMPLOYEE_INFORMATION', '3', 'SINGLE', 1, NULL, NULL, NULL, b'0', b'0', NULL, 'ACTIVE', '2016-04-27 01:57:16', '2019-04-24 20:15:12'),
	(185, 1, 1, 'Promotion_Percent_Increase', 'Basepay Percent Increase of employee', 'Expanded Role Percent Increase', '{\n  "steps": [\n    {\n      "table": "BASEPAY_MASTER",\n      "inMappingColumn": "",\n      "outMappingColumn": "EMPLOYEE_MASTER_ID",\n      "level": 1,\n      "conditions": {\n        "andType": [\n{\n            "columnName": "COMPENSATION_INCREASE_TYPE_ID", \n             "columnValue": 2\n         }],\n        "orType": []\n      }\n    }\n  ]\n}', 'BASEPAY_MASTER', 'BASEPAY_PERCENT_INCREASE', NULL, '3', 'SINGLE', 11, 23, NULL, NULL, b'0', b'0', 'SUM', 'ACTIVE', '2016-04-27 01:57:16', '2019-05-04 16:08:11'),
	(191, 1, 1, 'Male_Min_Value', 'Lowest value of male salary', 'Male Min Value', '{\n  "steps": [\n    {\n      "table": "EMPLOYEE_MASTER",\n      "inMappingColumn": "",\n      "outMappingColumn": "EMPLOYEE_MASTER_ID",\n      "level": 1,\n      "conditions": {\n        "andType": [],\n        "orType": []\n      }\n    },\n    {\n      "table": "EMPLOYEE_DATA",\n      "inMappingColumn": "EMPLOYEE_MASTER_ID",\n      "outMappingColumn": "CURRENT_INTERNAL_ANALYSIS_DATA_ID",\n      "level": 2,\n      "conditions": {\n        "andType": [],\n        "orType": []\n      }\n    },\n    {\n      "table": "INTERNAL_ANALYSIS_DATA",\n      "inMappingColumn": "INTERNAL_ANALYSIS_DATA_ID",\n      "outMappingColumn": "",\n      "level": 3,\n      "conditions": {\n        "andType": [],\n        "orType": []\n      }\n    }\n  ]\n}', 'INTERNAL_ANALYSIS_DATA', 'MALE_MIN_VALUE', 'INTERNAL_ANALYSIS_DATA', '90000', 'SINGLE', 5, NULL, NULL, NULL, b'0', b'1', NULL, 'ACTIVE', '2015-06-08 15:37:10', '2019-10-20 20:17:38'),
	(192, 1, 1, 'Spot_Bonus_Budget_Total_Amount', 'Budget Total Amount of employee', 'Spot Bonus Budget Total Amount', '{\n  "steps": [\n    {\n      "table": "BONUS_BUDGET_MASTER",\n      "inMappingColumn": "",\n      "outMappingColumn": "EMPLOYEE_MASTER_ID",\n      "level": 1,\n      "conditions": {\n        "andType": [{\n           "columnName": "COMPENSATION_INCREASE_TYPE_ID", \n           "columnValue": 4\n          }\n        ],\n        "orType": []\n      }\n    }\n  ]\n}', 'BONUS_BUDGET_MASTER', 'DIRECT_REPORTS_BUDGET_TOTAL', NULL, '25000.0', 'SINGLE', 5, NULL, NULL, NULL, b'0', b'0', NULL, 'ACTIVE', '2016-04-27 01:57:16', '2019-09-23 09:01:18'),
	(193, 1, 1, 'Spot_Bonus_Budget_Allocated_Amount', 'Budget Total Amount of employee', 'Spot Bonus Budget Allocated Amount', '{\n  "steps": [\n    {\n      "table": "BONUS_BUDGET_MASTER",\n      "inMappingColumn": "",\n      "outMappingColumn": "EMPLOYEE_MASTER_ID",\n      "level": 1,\n      "conditions": {\n        "andType": [{\n           "columnName": "COMPENSATION_INCREASE_TYPE_ID", \n           "columnValue": 4\n           }\n        ],\n        "orType": []\n      }\n    }\n  ]\n}', 'BONUS_BUDGET_MASTER', 'DIRECT_REPORTS_BUDGET_ALLOCATED', NULL, '25000.0', 'SINGLE', 5, NULL, NULL, NULL, b'0', b'0', NULL, 'ACTIVE', '2016-04-27 01:57:16', '2019-09-23 09:01:19'),
	(194, 1, 1, 'Spot_Bonus_Budget_Remaining_Amount', 'Budget Total Amount of employee', 'Spot Bonus Budget Remaining Amount', '{\n  "steps": [\n    {\n      "table": "BONUS_BUDGET_MASTER",\n      "inMappingColumn": "",\n      "outMappingColumn": "EMPLOYEE_MASTER_ID",\n      "level": 1,\n      "conditions": {\n        "andType": [ {\n            "columnName": "COMPENSATION_INCREASE_TYPE_ID", \n             "columnValue": 4\n          }\n         ],\n        "orType": []\n      }\n    }\n  ]\n}', 'BONUS_BUDGET_MASTER', 'DIRECT_REPORTS_BUDGET_REMAINING', NULL, '25000.0', 'SINGLE', 5, NULL, NULL, NULL, b'0', b'0', NULL, 'ACTIVE', '2016-04-27 01:57:16', '2019-09-23 09:01:19'),
	(195, 1, 1, 'Current_Total_Compensation', 'Current Total Compensation', 'Total Basepay Increase', '{\n  "steps": [\n    {\n      "table": "EMPLOYEE_MASTER",\n      "inMappingColumn": "",\n      "outMappingColumn": "EMPLOYEE_MASTER_ID",\n      "level": 1,\n      "conditions": {\n        "andType": [],\n        "orType": []\n      }\n    }\n  ]\n}', 'EMPLOYEE_MASTER', 'CURRENT_TOTAL_COMPENSATION', 'EMPLOYEE_INFORMATION', '100', 'SINGLE', 5, 42, NULL, NULL, b'0', b'0', 'SUM', 'ACTIVE', '2016-04-27 01:56:40', '2019-04-13 11:11:18'),
	(196, 1, 1, 'New_Total_Compensation', 'New Total Compensation', 'New Total Compensation', '{\n  "steps": [\n    {\n      "table": "EMPLOYEE_MASTER",\n      "inMappingColumn": "",\n      "outMappingColumn": "EMPLOYEE_MASTER_ID",\n      "level": 1,\n      "conditions": {\n        "andType": [],\n        "orType": []\n      }\n    }\n  ]\n}', 'EMPLOYEE_MASTER', 'NEW_TOTAL_COMPENSATION', 'EMPLOYEE_INFORMATION', '100', 'SINGLE', 5, 19, NULL, NULL, b'0', b'0', 'SUM', 'ACTIVE', '2016-04-27 01:56:40', '2019-04-13 11:11:18'),
	(197, 1, 1, 'Total_Compensation_Increase', 'Total Compensation Increase', 'Total Compensation Increase', '{\n  "steps": [\n    {\n      "table": "EMPLOYEE_MASTER",\n      "inMappingColumn": "",\n      "outMappingColumn": "EMPLOYEE_MASTER_ID",\n      "level": 1,\n      "conditions": {\n        "andType": [],\n        "orType": []\n      }\n    }\n  ]\n}', 'EMPLOYEE_MASTER', 'TOTAL_COMPENSATION_INCREASE', 'EMPLOYEE_INFORMATION', '100', 'SINGLE', 5, 18, NULL, NULL, b'0', b'0', 'SUM', 'ACTIVE', '2016-04-27 01:56:40', '2019-04-13 11:11:18'),
	(198, 1, 1, 'Job_Title', 'Job Title', 'Job Title', '{\n  "steps": [\n    {\n      "table": "EMPLOYEE_MASTER",\n      "inMappingColumn": "",\n      "outMappingColumn": "EMPLOYEE_MASTER_ID",\n      "level": 1,\n      "conditions": {\n        "andType": [],\n        "orType": []\n      }\n    },\n    {\n      "table": "EMPLOYEE_DATA",\n      "inMappingColumn": "EMPLOYEE_MASTER_ID",\n      "outMappingColumn": "CURRENT_JOB_ID",\n      "level": 2,\n      "conditions": {\n        "andType": [],\n        "orType": []\n      }\n    },\n    {\n      "table": "JOB",\n      "inMappingColumn": "JOB_ID",\n      "outMappingColumn": "",\n      "level": 3,\n      "keepsDuplicate": true,\n      "conditions": {\n        "andType": [],\n        "orType": []\n      }\n    }\n  ]\n}', 'JOB', 'JOB_TITLE', 'JOB_DATA,JOB_FAMILY_DATA,JOB_ROLE_DATA,JOB_LEVEL_DATA,JOB_GRADE_DATA', 'Job1', 'SINGLE', 1, NULL, NULL, NULL, b'0', b'1', NULL, 'ACTIVE', '2016-04-27 01:57:16', '2019-10-20 20:34:46'),
	(199, 1, 1, 'Country', 'country of employee', 'Country', '{\n  "steps": [\n    {\n      "table": "EMPLOYEE_MASTER",\n      "inMappingColumn": "",\n      "outMappingColumn": "EMPLOYEE_MASTER_ID",\n      "level": 1,\n      "conditions": {\n        "andType": [],\n        "orType": []\n      }\n    }\n  ]\n}', 'EMPLOYEE_MASTER', 'COUNTRY', 'EMPLOYEE_INFORMATION', 'USA', 'SINGLE', 1, NULL, NULL, NULL, b'0', b'0', NULL, 'ACTIVE', '2016-08-25 11:48:30', '2019-04-15 20:03:42'),
	(202, 1, 1, 'Role', 'role of employee', 'Role', '{\n  "steps": [\n    {\n      "table": "EMPLOYEE_MASTER",\n      "inMappingColumn": "",\n      "outMappingColumn": "EMPLOYEE_MASTER_ID",\n      "level": 1,\n      "conditions": {\n        "andType": [],\n        "orType": []\n      }\n    }\n  ]\n}', 'EMPLOYEE_MASTER', 'JOB_TITLE', 'EMPLOYEE_INFORMATION', 'ceo', 'SINGLE', 1, NULL, NULL, NULL, b'0', b'0', NULL, 'ACTIVE', '2016-08-25 11:48:30', '2019-04-15 20:05:57'),
	(203, 1, 1, 'My_Merit_Budget_Total', 'Basepay budget total amount of manager', 'My High Performance Budget Total', '{\n"managerSpecific": true,\n "associatedMetaData": 38,\n  "steps": [\n    {\n      "table": "BASEPAY_BUDGET_MASTER",\n      "inMappingColumn": "",\n      "outMappingColumn": "EMPLOYEE_MASTER_ID",\n      "level": 1,\n      "conditions": {\n        "andType": [\n            {\n             "columnName": "COMPENSATION_INCREASE_TYPE_ID", \n             "columnValue": 1\n            }\n        ],\n        "orType": []\n      }\n    }\n  ]\n}', 'BASEPAY_BUDGET_MASTER', 'DIRECT_REPORTS_BUDGET_TOTAL', NULL, '5000.00', 'SINGLE', 5, NULL, NULL, NULL, b'1', b'0', 'SUM', 'ACTIVE', '2016-04-27 01:57:16', '2019-09-23 09:01:19'),
	(204, 1, 1, 'My_Q1_Rewards_Budget_Total', 'Bonus budget total amount of manager', 'My Q1 Rewards Budget Total', '{\n"managerSpecific": true,\n "associatedMetaData": 50,\n  "steps": [\n    {\n      "table": "BONUS_BUDGET_MASTER",\n      "inMappingColumn": "",\n      "outMappingColumn": "EMPLOYEE_MASTER_ID",\n      "level": 1,\n      "conditions": {\n        "andType": [\n{\n           "columnName": "COMPENSATION_INCREASE_TYPE_ID", \n           "columnValue": 3\n         }],\n        "orType": []\n      }\n    }\n  ]\n}', 'BONUS_BUDGET_MASTER', 'DIRECT_REPORTS_BUDGET_TOTAL', NULL, '5000.00', 'SINGLE', 5, NULL, NULL, NULL, b'1', b'0', 'SUM', 'ACTIVE', '2016-04-27 01:57:16', '2019-09-23 09:01:19'),
	(205, 1, 1, 'My_RSU_Budget_Total', 'Stock budget total amount of manager', 'My RSU Budget Total', '{\n"managerSpecific": true,\n "associatedMetaData": 55,\n  "steps": [\n    {\n      "table": "STOCK_BUDGET_MASTER",\n      "inMappingColumn": "",\n      "outMappingColumn": "EMPLOYEE_MASTER_ID",\n      "level": 1,\n      "conditions": {\n        "andType": [\n {\n            "columnName": "COMPENSATION_INCREASE_TYPE_ID", \n            "columnValue": 6\n        }],\n        "orType": []\n      }\n    }\n  ]\n}', 'STOCK_BUDGET_MASTER', 'DIRECT_REPORTS_BUDGET_TOTAL', NULL, '5000.00', 'SINGLE', 5, NULL, NULL, NULL, b'1', b'0', 'SUM', 'ACTIVE', '2016-04-27 01:57:16', '2019-09-23 09:01:19'),
	(206, 1, 1, 'My_Merit_Budget_Allocated', 'Basepay budget allocated amount of manager', 'My High Performance Budget Allocated', '{\n"managerSpecific": true,\n "associatedMetaData": 39,\n  "steps": [\n    {\n      "table": "BASEPAY_BUDGET_MASTER",\n      "inMappingColumn": "",\n      "outMappingColumn": "EMPLOYEE_MASTER_ID",\n      "level": 1,\n      "conditions": {\n        "andType": [\n            {\n             "columnName": "COMPENSATION_INCREASE_TYPE_ID", \n             "columnValue": 1\n            }\n         ],\n        "orType": []\n      }\n    }\n  ]\n}', 'BASEPAY_BUDGET_MASTER', 'DIRECT_REPORTS_BUDGET_ALLOCATED', NULL, '3000.00', 'SINGLE', 5, 26, NULL, NULL, b'1', b'0', 'SUM', 'ACTIVE', '2016-04-27 01:57:16', '2019-09-23 09:01:19'),
	(207, 1, 1, 'My_Q1_Rewards_Budget_Allocated', 'Bonus budget allocated amount of manager', 'My Q1 Rewards Budget Allocated', '{\n"managerSpecific": true,\n "associatedMetaData": 51,\n  "steps": [\n    {\n      "table": "BONUS_BUDGET_MASTER",\n      "inMappingColumn": "",\n      "outMappingColumn": "EMPLOYEE_MASTER_ID",\n      "level": 1,\n      "conditions": {\n        "andType": [\n{\n           "columnName": "COMPENSATION_INCREASE_TYPE_ID", \n           "columnValue": 3\n         }],\n        "orType": []\n      }\n    }\n  ]\n}', 'BONUS_BUDGET_MASTER', 'DIRECT_REPORTS_BUDGET_ALLOCATED', NULL, '3000.00', 'SINGLE', 5, 36, NULL, NULL, b'1', b'0', 'SUM', 'ACTIVE', '2016-04-27 01:57:16', '2019-09-23 09:01:19'),
	(208, 1, 1, 'My_RSU_Budget_Allocated', 'Stock budget allocated amount of manager', 'My RSU Budget Allocated', '{\n"managerSpecific": true,\n "associatedMetaData": 56,\n  "steps": [\n    {\n      "table": "STOCK_BUDGET_MASTER",\n      "inMappingColumn": "",\n      "outMappingColumn": "EMPLOYEE_MASTER_ID",\n      "level": 1,\n      "conditions": {\n        "andType": [\n {\n            "columnName": "COMPENSATION_INCREASE_TYPE_ID", \n            "columnValue": 6\n        }],\n        "orType": []\n      }\n    }\n  ]\n}', 'STOCK_BUDGET_MASTER', 'DIRECT_REPORTS_BUDGET_ALLOCATED', NULL, '3000.00', 'SINGLE', 5, 40, NULL, NULL, b'1', b'0', 'SUM', 'ACTIVE', '2016-04-27 01:57:16', '2019-09-23 09:01:19'),
	(209, 1, 1, 'My_Merit_Budget_Remaining', 'Basepay budget remaining amount of manager', 'My High Performance Budget Remaining', '{\n"managerSpecific": true,\n "associatedMetaData": 40,\n  "steps": [\n    {\n      "table": "BASEPAY_BUDGET_MASTER",\n      "inMappingColumn": "",\n      "outMappingColumn": "EMPLOYEE_MASTER_ID",\n      "level": 1,\n      "conditions": {\n        "andType": [\n           {\n             "columnName": "COMPENSATION_INCREASE_TYPE_ID", \n             "columnValue": 1\n            }\n        ],\n        "orType": []\n      }\n    }\n  ]\n}', 'BASEPAY_BUDGET_MASTER', 'DIRECT_REPORTS_BUDGET_REMAINING', NULL, '2000.00', 'SINGLE', 5, 25, NULL, NULL, b'1', b'0', 'SUM', 'ACTIVE', '2016-04-27 01:57:16', '2019-09-23 09:01:19'),
	(210, 1, 1, 'My_Q1_Rewards_Budget_Remaining', 'Bonus budget remaining amount of manager', 'My Q1 Rewards Budget Remaining', '{\n"managerSpecific": true,\n "associatedMetaData": 52,\n  "steps": [\n    {\n      "table": "BONUS_BUDGET_MASTER",\n      "inMappingColumn": "",\n      "outMappingColumn": "EMPLOYEE_MASTER_ID",\n      "level": 1,\n      "conditions": {\n        "andType": [\n{\n           "columnName": "COMPENSATION_INCREASE_TYPE_ID", \n           "columnValue": 3\n         }],\n        "orType": []\n      }\n    }\n  ]\n}', 'BONUS_BUDGET_MASTER', 'DIRECT_REPORTS_BUDGET_REMAINING', NULL, '2000.00', 'SINGLE', 5, 35, NULL, NULL, b'1', b'0', 'SUM', 'ACTIVE', '2016-04-27 01:57:16', '2019-09-23 09:01:19'),
	(211, 1, 1, 'My_RSU_Budget_Remaining', 'Stock budget remaining amount of manager', 'My RSU Budget Remaining', '{\n"managerSpecific": true,\n "associatedMetaData": 57,\n  "steps": [\n    {\n      "table": "STOCK_BUDGET_MASTER",\n      "inMappingColumn": "",\n      "outMappingColumn": "EMPLOYEE_MASTER_ID",\n      "level": 1,\n      "conditions": {\n        "andType": [\n {\n            "columnName": "COMPENSATION_INCREASE_TYPE_ID", \n            "columnValue": 6\n        }],\n        "orType": []\n      }\n    }\n  ]\n}', 'STOCK_BUDGET_MASTER', 'DIRECT_REPORTS_BUDGET_REMAINING', NULL, '2000.00', 'SINGLE', 5, 39, NULL, NULL, b'1', b'0', 'SUM', 'ACTIVE', '2016-04-27 01:57:16', '2019-09-23 09:01:19'),
	(212, 1, 1, 'Performace_Rating_Multiplier', 'Performace Rating Multiplier', 'Performace Rating Multiplier', '{\n  "steps": [\n    {\n      "table": "EMPLOYEE_MASTER",\n      "inMappingColumn": "",\n      "outMappingColumn": "EMPLOYEE_MASTER_ID",\n      "level": 1,\n      "conditions": {\n        "andType": [],\n        "orType": []\n      }\n    },\n    {\n      "table": "EMPLOYEE_DATA",\n      "inMappingColumn": "EMPLOYEE_MASTER_ID",\n      "outMappingColumn": "CURRENT_PERF_RATING_ID",\n      "level": 2,\n      "conditions": {\n        "andType": [],\n        "orType": []\n      }\n    },\n    {\n      "table": "PERFORMANCE_RATING",\n      "inMappingColumn": "PERF_RATING_ID",\n      "outMappingColumn": "",\n      "level": 3,\n      "conditions": {\n        "andType": [],\n        "orType": []\n      }\n    }\n  ]\n}', 'PERFORMANCE_RATING', 'PERF_MULTIFLIER', 'PERFORMANCE_RATING', '1.0', 'SINGLE', 5, NULL, NULL, NULL, b'0', b'0', NULL, 'ACTIVE', '2016-04-27 01:57:16', '2019-10-20 20:31:39'),
	(213, 1, 1, 'My_Promotion_Budget_Total', 'Budget Total Amount of manager', 'My Expanded Role Budget Total', '{\n"managerSpecific": true,\n "associatedMetaData": 45,\n  "steps": [\n    {\n      "table": "BASEPAY_BUDGET_MASTER",\n      "inMappingColumn": "",\n      "outMappingColumn": "EMPLOYEE_MASTER_ID",\n      "level": 1,\n      "conditions": {\n        "andType": [{\n            "columnName": "COMPENSATION_INCREASE_TYPE_ID", \n             "columnValue": 2\n         }\n       ],\n        "orType": []\n      }\n    }\n  ]\n}', 'BASEPAY_BUDGET_MASTER', 'DIRECT_REPORTS_BUDGET_TOTAL', NULL, '25000.0', 'SINGLE', 5, NULL, NULL, NULL, b'0', b'0', NULL, 'ACTIVE', '2016-04-27 01:57:16', '2019-09-23 09:01:19'),
	(214, 1, 1, 'My_Promotion_Budget_Allocated', 'Budget Allocated Amount of manager', 'My Expanded Role Budget Allocated', '{\n"managerSpecific": true,\n "associatedMetaData": 46,\n  "steps": [\n    {\n      "table": "BASEPAY_BUDGET_MASTER",\n      "inMappingColumn": "",\n      "outMappingColumn": "EMPLOYEE_MASTER_ID",\n      "level": 1,\n      "conditions": {\n        "andType": [{\n           "columnName": "COMPENSATION_INCREASE_TYPE_ID", \n            "columnValue": 2\n         }\n        ],\n        "orType": []\n      }\n    }\n  ]\n}', 'BASEPAY_BUDGET_MASTER', 'DIRECT_REPORTS_BUDGET_ALLOCATED', NULL, '15000.0', 'SINGLE', 5, 30, NULL, NULL, b'0', b'0', 'SUM', 'ACTIVE', '2016-04-27 01:57:16', '2019-09-23 09:01:19'),
	(215, 1, 1, 'My_Promotion_Budget_Remaining', 'Budget Remaining Amount of manager', 'My Expanded Role Budget Remaining', '{\n"managerSpecific": true,\n "associatedMetaData": 47,\n  "steps": [\n    {\n      "table": "BASEPAY_BUDGET_MASTER",\n      "inMappingColumn": "",\n      "outMappingColumn": "EMPLOYEE_MASTER_ID",\n      "level": 1,\n      "conditions": {\n        "andType": [{\n           "columnName": "COMPENSATION_INCREASE_TYPE_ID", \n            "columnValue": 2\n           }\n         ],\n        "orType": []\n      }\n    }\n  ]\n}', 'BASEPAY_BUDGET_MASTER', 'DIRECT_REPORTS_BUDGET_REMAINING', NULL, '10000.0', 'SINGLE', 5, 29, NULL, NULL, b'0', b'0', 'SUM', 'ACTIVE', '2016-04-27 01:57:16', '2019-09-23 09:01:19'),
	(219, 1, 1, 'My_Spot_Bonus_Budget_Total', 'Budget Total Amount of manager', 'My Spot Bonus Budget Total', '{\n"managerSpecific": true,\n "associatedMetaData": 192,\n  "steps": [\n    {\n      "table": "BONUS_BUDGET_MASTER",\n      "inMappingColumn": "",\n      "outMappingColumn": "EMPLOYEE_MASTER_ID",\n      "level": 1,\n      "conditions": {\n        "andType": [{\n           "columnName": "COMPENSATION_INCREASE_TYPE_ID", \n           "columnValue": 4\n          }\n        ],\n        "orType": []\n      }\n    }\n  ]\n}', 'BONUS_BUDGET_MASTER', 'DIRECT_REPORTS_BUDGET_TOTAL', NULL, '25000.0', 'SINGLE', 5, NULL, NULL, NULL, b'0', b'0', NULL, 'ACTIVE', '2016-04-27 01:57:16', '2019-09-23 09:01:19'),
	(220, 1, 1, 'My_Spot_Bonus_Budget_Allocated', 'Budget Total Amount of manager', 'My Spot Bonus Budget Allocated', '{\n"managerSpecific": true,\n "associatedMetaData": 193,\n  "steps": [\n    {\n      "table": "BONUS_BUDGET_MASTER",\n      "inMappingColumn": "",\n      "outMappingColumn": "EMPLOYEE_MASTER_ID",\n      "level": 1,\n      "conditions": {\n        "andType": [{\n           "columnName": "COMPENSATION_INCREASE_TYPE_ID", \n           "columnValue": 4\n           }\n        ],\n        "orType": []\n      }\n    }\n  ]\n}', 'BONUS_BUDGET_MASTER', 'DIRECT_REPORTS_BUDGET_ALLOCATED', NULL, '25000.0', 'SINGLE', 5, 32, NULL, NULL, b'0', b'0', 'SUM', 'ACTIVE', '2016-04-27 01:57:16', '2019-09-23 09:01:19'),
	(221, 1, 1, 'My_Spot_Bonus_Budget_Remaining', 'Budget Total Amount of manager', 'My Spot Bonus Budget Remaining', '{\n"managerSpecific": true,\n "associatedMetaData": 194,\n  "steps": [\n    {\n      "table": "BONUS_BUDGET_MASTER",\n      "inMappingColumn": "",\n      "outMappingColumn": "EMPLOYEE_MASTER_ID",\n      "level": 1,\n      "conditions": {\n        "andType": [ {\n            "columnName": "COMPENSATION_INCREASE_TYPE_ID", \n             "columnValue": 4\n          }\n         ],\n        "orType": []\n      }\n    }\n  ]\n}', 'BONUS_BUDGET_MASTER', 'DIRECT_REPORTS_BUDGET_REMAINING', NULL, '25000.0', 'SINGLE', 5, 33, NULL, NULL, b'0', b'0', 'SUM', 'ACTIVE', '2016-04-27 01:57:16', '2019-09-23 09:01:19'),
	(222, 1, 1, 'Merit_Min_Guideline', 'Basepay minimum guideline of employee', 'Merit Min Guideline', '{\n  "steps": [\n    {\n      "table": "BASEPAY_MASTER",\n      "inMappingColumn": "",\n      "outMappingColumn": "EMPLOYEE_MASTER_ID",\n      "level": 1,\n      "conditions": {\n        "andType": [\n{\n            "columnName": "COMPENSATION_INCREASE_TYPE_ID", \n             "columnValue": 1\n         }],\n        "orType": []\n      }\n    }\n  ]\n}', 'BASEPAY_MASTER', 'GUIDELINE_MIN', 'EMPLOYEE_INFORMATION', '3', 'SINGLE', 1, NULL, NULL, NULL, b'0', b'0', NULL, 'ACTIVE', '2016-04-27 01:57:16', '2019-04-24 20:15:14'),
	(223, 1, 1, 'Merit_Max_Guideline', 'Basepay maximum guideline of employee', 'Merit Max Guideline', '{\n  "steps": [\n    {\n      "table": "BASEPAY_MASTER",\n      "inMappingColumn": "",\n      "outMappingColumn": "EMPLOYEE_MASTER_ID",\n      "level": 1,\n      "conditions": {\n        "andType": [{\n            "columnName": "COMPENSATION_INCREASE_TYPE_ID", \n             "columnValue": 1\n         }],\n        "orType": []\n      }\n    }\n  ]\n}', 'BASEPAY_MASTER', 'GUIDELINE_MAX', 'EMPLOYEE_INFORMATION', '3', 'SINGLE', 1, NULL, NULL, NULL, b'0', b'0', NULL, 'ACTIVE', '2016-04-27 01:57:16', '2019-04-24 20:15:15'),
	(224, 1, 1, 'Current_Hourly_Wage', 'Current Hourly wage', 'Current Hourly Wage', '{\n  "steps": [\n    {\n      "table": "EMPLOYEE_MASTER",\n      "inMappingColumn": "",\n      "outMappingColumn": "EMPLOYEE_MASTER_ID",\n      "level": 1,\n      "conditions": {\n        "andType": [],\n        "orType": []\n      }\n    }\n  ]\n}', 'EMPLOYEE_MASTER', 'HOURLY_WAGE', 'EMPLOYEE_INFORMATION', '100', 'SINGLE', 5, NULL, NULL, NULL, b'0', b'0', 'SUM', 'ACTIVE', '2016-04-27 01:56:40', '2019-04-13 11:11:18'),
	(225, 1, 1, 'Basepay_Proration_Factor', 'Proration factor', 'Basepay Proration', '{\n  "steps": [\n    {\n      "table": "BASEPAY_MASTER",\n      "inMappingColumn": "",\n      "outMappingColumn": "EMPLOYEE_MASTER_ID",\n      "level": 1,\n      "conditions": {\n        "andType": [\n{\n            "columnName": "COMPENSATION_INCREASE_TYPE_ID", \n             "columnValue": 1\n         }],\n        "orType": []\n      }\n    }\n  ]\n}', 'BASEPAY_MASTER', 'BASEPAY_PRORATION_FACTOR', NULL, '3', 'SINGLE', 5, NULL, NULL, NULL, b'0', b'0', 'SUM', 'ACTIVE', '2016-04-27 01:57:16', '2019-04-13 11:11:18'),
	(226, 1, 1, 'Spot_Bonus_Percent_Increase', 'Spot Bonus Percent Increase', 'Spot Bonus Percent Increase', '{\n  "steps": [\n    {\n      "table": "BONUS_MASTER",\n      "inMappingColumn": "",\n      "outMappingColumn": "EMPLOYEE_MASTER_ID",\n      "level": 1,\n      "conditions": {\n        "andType": [{\n            "columnName": "COMPENSATION_INCREASE_TYPE_ID", \n             "columnValue": 4\n         }],\n        "orType": []\n      }\n    }\n  ]\n}', 'BONUS_MASTER', 'BONUS_PERCENT_INCREASE', 'COMPENSATION_DATA', '3', 'SINGLE', 11, 43, NULL, NULL, b'0', b'0', 'SUM', 'ACTIVE', '2016-04-27 01:57:16', '2019-05-04 16:08:13'),
	(227, 1, 1, 'Spot_Bonus_Amount_Increase', 'Bonus Amount Increase of employee', 'Spot Bonus Amount Increase', '{\n  "steps": [\n    {\n      "table": "BONUS_MASTER",\n      "inMappingColumn": "",\n      "outMappingColumn": "EMPLOYEE_MASTER_ID",\n      "level": 1,\n      "conditions": {\n        "andType": [{\n            "columnName": "COMPENSATION_INCREASE_TYPE_ID", \n             "columnValue": 4\n         }],\n        "orType": []\n      }\n    }\n  ]\n}', 'BONUS_MASTER', 'BONUS_AMOUNT_INCREASE', 'COMPENSATION_DATA', '25000.0', 'SINGLE', 5, NULL, NULL, NULL, b'0', b'0', 'SUM', 'ACTIVE', '2016-04-27 01:57:16', '2019-04-13 11:11:18'),
	(228, 1, 1, 'Stock_Price', 'price', 'Stock Price', '{\n  "steps": [\n    {\n      "table": "STOCK_MASTER",\n      "inMappingColumn": "",\n      "outMappingColumn": "EMPLOYEE_MASTER_ID",\n      "level": 1,\n      "conditions": {\n        "andType": [{\n            "columnName": "COMPENSATION_INCREASE_TYPE_ID", \n             "columnValue": 6\n         }],\n        "orType": []\n      }\n    }\n  ]\n}', 'STOCK_MASTER', 'STRICK_PRICE', NULL, '3', 'SINGLE', 5, NULL, NULL, NULL, b'0', b'0', NULL, 'ACTIVE', '2016-04-27 01:57:16', '2019-04-13 11:11:18'),
	(229, 1, 1, 'Units_Allocated', 'units', 'Units Allocated', '{\n  "steps": [\n    {\n      "table": "STOCK_MASTER",\n      "inMappingColumn": "",\n      "outMappingColumn": "EMPLOYEE_MASTER_ID",\n      "level": 1,\n      "conditions": {\n        "andType": [{\n            "columnName": "COMPENSATION_INCREASE_TYPE_ID", \n             "columnValue": 6\n         }],\n        "orType": []\n      }\n    }\n  ]\n}', 'STOCK_MASTER', 'CURRENT_ANNUAL_UNIT', NULL, '3', 'SINGLE', 5, NULL, NULL, NULL, b'0', b'0', 'SUM', 'ACTIVE', '2016-04-27 01:57:16', '2019-04-13 11:11:18'),
	(230, 1, 1, 'Units_Allocated_Price', 'Total Price', 'Units Allocated Price', '{\n  "steps": [\n    {\n      "table": "STOCK_MASTER",\n      "inMappingColumn": "",\n      "outMappingColumn": "EMPLOYEE_MASTER_ID",\n      "level": 1,\n      "conditions": {\n        "andType": [{\n            "columnName": "COMPENSATION_INCREASE_TYPE_ID", \n             "columnValue": 6\n         }],\n        "orType": []\n      }\n    }\n  ]\n}', 'STOCK_MASTER', 'CURRENT_ANNUAL_PRICE', NULL, '3', 'SINGLE', 5, 37, NULL, NULL, b'0', b'0', 'SUM', 'ACTIVE', '2016-04-27 01:57:16', '2019-04-13 11:11:18'),
	(231, 1, 1, 'Allocation_Date', 'ALLOCATION DATE', 'Allocation Date', '{\n  "steps": [\n    {\n      "table": "STOCK_MASTER",\n      "inMappingColumn": "",\n      "outMappingColumn": "EMPLOYEE_MASTER_ID",\n      "level": 1,\n      "conditions": {\n        "andType": [{\n            "columnName": "COMPENSATION_INCREASE_TYPE_ID", \n             "columnValue": 6\n         }],\n        "orType": []\n      }\n    }\n  ]\n}', 'STOCK_MASTER', 'ALLOCATION_DATE', NULL, '3', 'SINGLE', 7, NULL, NULL, NULL, b'0', b'0', NULL, 'ACTIVE', '2016-04-27 01:57:16', '2019-09-23 09:01:18'),
	(232, 1, 1, 'Cliff_in_Months', 'cliff', 'Cliff in Months', '{\n  "steps": [\n    {\n      "table": "STOCK_MASTER",\n      "inMappingColumn": "",\n      "outMappingColumn": "EMPLOYEE_MASTER_ID",\n      "level": 1,\n      "conditions": {\n        "andType": [{\n            "columnName": "COMPENSATION_INCREASE_TYPE_ID", \n             "columnValue": 5\n         }],\n        "orType": []\n      }\n    }\n  ]\n}', 'STOCK_MASTER', 'LOCKED_IN_MONTH', NULL, '3', 'SINGLE', 5, NULL, NULL, NULL, b'0', b'0', NULL, 'ACTIVE', '2016-04-27 01:57:16', '2019-04-13 11:11:18'),
	(233, 1, 1, 'Vesting_in_Months', 'vesting', 'Vesting in Months', '{\n  "steps": [\n    {\n      "table": "STOCK_MASTER",\n      "inMappingColumn": "",\n      "outMappingColumn": "EMPLOYEE_MASTER_ID",\n      "level": 1,\n      "conditions": {\n        "andType": [{\n            "columnName": "COMPENSATION_INCREASE_TYPE_ID", \n             "columnValue": 6\n         }],\n        "orType": []\n      }\n    }\n  ]\n}', 'STOCK_MASTER', 'VESTING_IN_MONTH', NULL, '3', 'SINGLE', 5, NULL, NULL, NULL, b'0', b'0', NULL, 'ACTIVE', '2016-04-27 01:57:16', '2019-04-13 11:11:18'),
	(234, 1, 1, 'Last_Merit_Increase', 'LAast Merit Increase Amount', 'Last Merit Amount Increase', '{\n  "steps": [\n    {\n      "table": "BASEPAY_MASTER",\n      "inMappingColumn": "",\n      "outMappingColumn": "EMPLOYEE_MASTER_ID",\n      "level": 1,\n      "conditions": {\n        "andType": [\n{\n            "columnName": "COMPENSATION_INCREASE_TYPE_ID", \n             "columnValue": 1\n         }\n         ],\n        "orType": []\n      }\n    }\n  ]\n}', 'BASEPAY_MASTER', 'LAST_BASEPAY_INCREASE', '1', '100.0', 'SINGLE', 5, 27, NULL, NULL, b'0', b'0', 'SUM', 'ACTIVE', '2016-08-25 11:48:30', '2019-04-13 11:11:18'),
	(235, 1, 1, 'Last_Promotion_Increase', 'Last Promotion Increase Amount', 'Last Promotion Amount Increase', '{\n  "steps": [\n    {\n      "table": "BASEPAY_MASTER",\n      "inMappingColumn": "",\n      "outMappingColumn": "EMPLOYEE_MASTER_ID",\n      "level": 1,\n      "conditions": {\n        "andType": [\n{\n            "columnName": "COMPENSATION_INCREASE_TYPE_ID", \n             "columnValue": 2\n         }\n         ],\n        "orType": []\n      }\n    }\n  ]\n}', 'BASEPAY_MASTER', 'LAST_BASEPAY_INCREASE', '1', '100.0', 'SINGLE', 5, 28, NULL, NULL, b'0', b'0', 'SUM', 'ACTIVE', '2016-08-25 11:48:30', '2019-04-13 11:11:18'),
	(236, 1, 1, 'Last_Spot_Bonus_Increase', 'Last Bonus Amount Increase of employee', 'Last Bonus Amount Increase', '{\n  "steps": [\n    {\n      "table": "BONUS_MASTER",\n      "inMappingColumn": "",\n      "outMappingColumn": "EMPLOYEE_MASTER_ID",\n      "level": 1,\n      "conditions": {\n        "andType": [{\n            "columnName": "COMPENSATION_INCREASE_TYPE_ID", \n             "columnValue": 4\n         }],\n        "orType": []\n      }\n    }\n  ]\n}', 'BONUS_MASTER', 'LAST_BONUS_INCREASE', 'COMPENSATION_DATA', '25000.0', 'SINGLE', 5, 31, NULL, NULL, b'0', b'0', 'SUM', 'ACTIVE', '2016-04-27 01:57:16', '2019-04-13 11:11:18'),
	(237, 1, 1, 'Last_Q1_Bonus_Increase', 'Last Bonus Amount Increase of employee', 'Last Bonus Amount Increase', '{\n  "steps": [\n    {\n      "table": "BONUS_MASTER",\n      "inMappingColumn": "",\n      "outMappingColumn": "EMPLOYEE_MASTER_ID",\n      "level": 1,\n      "conditions": {\n        "andType": [{\n            "columnName": "COMPENSATION_INCREASE_TYPE_ID", \n             "columnValue": 3\n         }],\n        "orType": []\n      }\n    }\n  ]\n}', 'BONUS_MASTER', 'LAST_BONUS_INCREASE', 'COMPENSATION_DATA', '25000.0', 'SINGLE', 5, 34, NULL, NULL, b'0', b'0', 'SUM', 'ACTIVE', '2016-04-27 01:57:16', '2019-04-13 11:11:18'),
	(238, 1, 1, 'Effective_Date', 'units', 'Effective Date', '{\n  "steps": [\n    {\n      "table": "STOCK_MASTER",\n      "inMappingColumn": "",\n      "outMappingColumn": "EMPLOYEE_MASTER_ID",\n      "level": 1,\n      "conditions": {\n        "andType": [{\n            "columnName": "COMPENSATION_INCREASE_TYPE_ID", \n             "columnValue": 6\n         }],\n        "orType": []\n      }\n    }\n  ]\n}', 'STOCK_MASTER', 'EFFECTIVE_DATE', NULL, '3', 'SINGLE', 5, NULL, NULL, NULL, b'0', b'0', 'SUM', 'ACTIVE', '2016-04-27 01:57:16', '2019-04-13 11:11:18'),
	(239, 1, 1, 'Last_RSU_Units', 'units', 'Last RSU Units ', '{\n  "steps": [\n    {\n      "table": "STOCK_MASTER",\n      "inMappingColumn": "",\n      "outMappingColumn": "EMPLOYEE_MASTER_ID",\n      "level": 1,\n      "conditions": {\n        "andType": [{\n            "columnName": "COMPENSATION_INCREASE_TYPE_ID", \n             "columnValue": 6\n         }],\n        "orType": []\n      }\n    }\n  ]\n}', 'STOCK_MASTER', 'LAST_UNITS_INCREASE', NULL, '3', 'SINGLE', 5, 38, NULL, NULL, b'0', b'0', 'SUM', 'ACTIVE', '2016-04-27 01:57:16', '2019-04-13 11:11:58'),
	(240, 1, 1, 'Adjustment_Percent_Increase', 'Basepay Percent Increase of employee', 'Adjustment Percent Increase', '{\n  "steps": [\n    {\n      "table": "BASEPAY_MASTER",\n      "inMappingColumn": "",\n      "outMappingColumn": "EMPLOYEE_MASTER_ID",\n      "level": 1,\n      "conditions": {\n        "andType": [\n{\n            "columnName": "COMPENSATION_INCREASE_TYPE_ID", \n             "columnValue": 7\n         }],\n        "orType": []\n      }\n    }\n  ]\n}', 'BASEPAY_MASTER', 'BASEPAY_PERCENT_INCREASE', NULL, '3', 'SINGLE', 11, 41, NULL, NULL, b'0', b'0', 'SUM', 'ACTIVE', '2016-04-27 01:57:16', '2019-05-04 16:08:12'),
	(242, 1, 1, 'My_Adjustment_Budget_Total', 'Basepay budget total amount of manager', 'My Adjustment Budget Total', '{\n"managerSpecific": true,\n "associatedMetaData": 38,\n  "steps": [\n    {\n      "table": "BASEPAY_BUDGET_MASTER",\n      "inMappingColumn": "",\n      "outMappingColumn": "EMPLOYEE_MASTER_ID",\n      "level": 1,\n      "conditions": {\n        "andType": [\n            {\n             "columnName": "COMPENSATION_INCREASE_TYPE_ID", \n             "columnValue": 7\n            }\n        ],\n        "orType": []\n      }\n    }\n  ]\n}', 'BASEPAY_BUDGET_MASTER', 'DIRECT_REPORTS_BUDGET_TOTAL', NULL, '5000.00', 'SINGLE', 5, NULL, NULL, NULL, b'1', b'0', 'SUM', 'ACTIVE', '2016-04-27 01:57:16', '2019-09-23 09:01:19'),
	(243, 1, 1, 'My_Adjustment_Budget_Remaining', 'Basepay budget remaining amount of manager', 'My Adjustment Budget Remaining', '{\n"managerSpecific": true,\n "associatedMetaData": 40,\n  "steps": [\n    {\n      "table": "BASEPAY_BUDGET_MASTER",\n      "inMappingColumn": "",\n      "outMappingColumn": "EMPLOYEE_MASTER_ID",\n      "level": 1,\n      "conditions": {\n        "andType": [\n           {\n             "columnName": "COMPENSATION_INCREASE_TYPE_ID", \n             "columnValue": 7\n            }\n        ],\n        "orType": []\n      }\n    }\n  ]\n}', 'BASEPAY_BUDGET_MASTER', 'DIRECT_REPORTS_BUDGET_REMAINING', NULL, '2000.00', 'SINGLE', 5, 45, NULL, NULL, b'1', b'0', 'SUM', 'ACTIVE', '2016-04-27 01:57:16', '2019-09-23 09:01:19'),
	(244, 1, 1, 'My_Adjustment_Budget_Allocated', 'Basepay budget allocated amount of manager', 'My Adjustment Budget Allocated', '{\n"managerSpecific": true,\n "associatedMetaData": 39,\n  "steps": [\n    {\n      "table": "BASEPAY_BUDGET_MASTER",\n      "inMappingColumn": "",\n      "outMappingColumn": "EMPLOYEE_MASTER_ID",\n      "level": 1,\n      "conditions": {\n        "andType": [\n            {\n             "columnName": "COMPENSATION_INCREASE_TYPE_ID", \n             "columnValue": 7\n            }\n         ],\n        "orType": []\n      }\n    }\n  ]\n}', 'BASEPAY_BUDGET_MASTER', 'DIRECT_REPORTS_BUDGET_ALLOCATED', NULL, '3000.00', 'SINGLE', 5, 46, NULL, NULL, b'1', b'0', 'SUM', 'ACTIVE', '2016-04-27 01:57:16', '2019-09-23 09:01:19'),
	(245, 1, 1, 'Adjustment_Amount_Increase', 'Basepay Percent Increase of employee', 'Adjustment Amount Increase', '{\n  "steps": [\n    {\n      "table": "BASEPAY_MASTER",\n      "inMappingColumn": "",\n      "outMappingColumn": "EMPLOYEE_MASTER_ID",\n      "level": 1,\n      "conditions": {\n        "andType": [\n{\n            "columnName": "COMPENSATION_INCREASE_TYPE_ID", \n             "columnValue": 7\n         }],\n        "orType": []\n      }\n    }\n  ]\n}', 'BASEPAY_MASTER', 'BASEPAY_AMOUNT_INCREASE', NULL, '3', 'SINGLE', 5, NULL, NULL, NULL, b'0', b'0', 'SUM', 'ACTIVE', '2016-04-27 01:57:16', '2019-04-13 11:11:18'),
	(246, 1, 1, 'Adjustment_Budget_Total_Amount', 'Budget Total Amount of employee', 'Adjustment Budget Total Amount', '{\n  "steps": [\n    {\n      "table": "BASEPAY_BUDGET_MASTER",\n      "inMappingColumn": "",\n      "outMappingColumn": "EMPLOYEE_MASTER_ID",\n      "level": 1,\n      "conditions": {\n        "andType": [ {\n             "columnName": "COMPENSATION_INCREASE_TYPE_ID", \n             "columnValue": 7\n            }\n         ],\n        "orType": []\n      }\n    }\n  ]\n}', 'BASEPAY_BUDGET_MASTER', 'DIRECT_REPORTS_BUDGET_TOTAL', NULL, '25000.0', 'SINGLE', 5, NULL, NULL, NULL, b'0', b'0', NULL, 'ACTIVE', '2016-04-27 01:57:16', '2019-09-23 09:01:19'),
	(247, 1, 1, 'Adjustment_Budget_Remaining_Amount', 'Budget Remaining Amount of employee', 'Adjustment Budget Remaining Amount', '{\n  "steps": [\n    {\n      "table": "BASEPAY_BUDGET_MASTER",\n      "inMappingColumn": "",\n      "outMappingColumn": "EMPLOYEE_MASTER_ID",\n      "level": 1,\n      "conditions": {\n        "andType": [{\n              "columnName": "COMPENSATION_INCREASE_TYPE_ID", \n             "columnValue": 7\n          }\n        ],\n        "orType": []\n      }\n    }\n  ]\n}', 'BASEPAY_BUDGET_MASTER', 'DIRECT_REPORTS_BUDGET_REMAINING', NULL, '10000.0', 'SINGLE', 5, NULL, NULL, NULL, b'0', b'0', 'SUM', 'ACTIVE', '2016-04-27 01:57:16', '2019-09-23 09:01:19'),
	(248, 1, 1, 'Adjustment_Budget_Allocated_Amount', 'Budget Allocated Amount of employee', 'Adjustment Budget Allocated Amount', '{\n  "steps": [\n    {\n      "table": "BASEPAY_BUDGET_MASTER",\n      "inMappingColumn": "",\n      "outMappingColumn": "EMPLOYEE_MASTER_ID",\n      "level": 1,\n      "conditions": {\n        "andType": [{\n            "columnName": "COMPENSATION_INCREASE_TYPE_ID", \n             "columnValue": 7\n             }\n          ],\n        "orType": []\n      }\n    }\n  ]\n}', 'BASEPAY_BUDGET_MASTER', 'DIRECT_REPORTS_BUDGET_ALLOCATED', NULL, '15000.0', 'SINGLE', 5, 24, NULL, NULL, b'0', b'0', 'SUM', 'ACTIVE', '2016-04-27 01:57:16', '2019-09-23 09:01:19'),
	(251, 1, 1, 'Last_Adjustment_Increase', 'Last Adjustment Increase Amount', 'Last Adjustment Amount Increase', '{\n  "steps": [\n    {\n      "table": "BASEPAY_MASTER",\n      "inMappingColumn": "",\n      "outMappingColumn": "EMPLOYEE_MASTER_ID",\n      "level": 1,\n      "conditions": {\n        "andType": [\n{\n            "columnName": "COMPENSATION_INCREASE_TYPE_ID", \n             "columnValue": 7\n         }\n         ],\n        "orType": []\n      }\n    }\n  ]\n}', 'BASEPAY_MASTER', 'LAST_BASEPAY_INCREASE', '1', '100.0', 'SINGLE', 5, 44, NULL, NULL, b'0', b'0', 'SUM', 'ACTIVE', '2016-08-25 11:48:30', '2019-09-01 18:23:19'),
	(252, 1, 1, 'Spot_Bonus_Guideline', 'Basepay minimum guideline of employee', 'Spot Bonus Guideline', '{\n  "steps": [\n    {\n      "table": "BONUS_MASTER",\n      "inMappingColumn": "",\n      "outMappingColumn": "EMPLOYEE_MASTER_ID",\n      "level": 1,\n      "conditions": {\n        "andType": [\n{\n            "columnName": "COMPENSATION_INCREASE_TYPE_ID", \n             "columnValue": 4\n         }],\n        "orType": []\n      }\n    }\n  ]\n}', 'BONUS_MASTER', 'GUIDELINE_STR', 'EMPLOYEE_INFORMATION', '3', 'SINGLE', 1, NULL, NULL, NULL, b'0', b'0', NULL, 'ACTIVE', '2016-04-27 01:57:16', '2019-04-24 20:15:17'),
	(257, 1, 1, 'Spot_Bonus_Max_Guideline', 'Basepay maximum guideline of employee', 'Spot Max Guideline', '{\n  "steps": [\n    {\n      "table": "BONUS_MASTER",\n      "inMappingColumn": "",\n      "outMappingColumn": "EMPLOYEE_MASTER_ID",\n      "level": 1,\n      "conditions": {\n        "andType": [{\n            "columnName": "COMPENSATION_INCREASE_TYPE_ID", \n             "columnValue": 4\n         }],\n        "orType": []\n      }\n    }\n  ]\n}', 'BONUS_MASTER', 'GUIDELINE_MAX', 'EMPLOYEE_INFORMATION', '3', 'SINGLE', 1, NULL, NULL, NULL, b'0', b'0', NULL, 'ACTIVE', '2016-04-27 01:57:16', '2019-08-02 01:20:21'),
	(258, 1, 1, 'Ethnicity', 'Ethnicity of employee', 'Ethnicity', '{\n  "steps": [\n    {\n      "table": "EMPLOYEE_MASTER",\n      "inMappingColumn": "",\n      "outMappingColumn": "EMPLOYEE_MASTER_ID",\n      "level": 1,\n      "conditions": {\n        "andType": [],\n        "orType": []\n      }\n    }\n  ]\n}', 'EMPLOYEE_MASTER', 'ETHNICITY', 'EMPLOYEE_INFORMATION', 'HISPANIC_OR_LATINO', 'SINGLE', 1, NULL, NULL, NULL, b'0', b'0', NULL, 'ACTIVE', '2015-06-08 15:37:10', '2019-05-05 22:52:40'),
	(260, 1, 1, 'Dob', 'Date of birth of employee', 'Dob', '{\n  "steps": [\n    {\n      "table": "EMPLOYEE_MASTER",\n      "inMappingColumn": "",\n      "outMappingColumn": "EMPLOYEE_MASTER_ID",\n      "level": 1,\n      "conditions": {\n        "andType": [],\n        "orType": []\n      }\n    }\n  ]\n}', 'EMPLOYEE_MASTER', 'DOB', 'EMPLOYEE_INFORMATION', '1980-01-20', 'SINGLE', 7, NULL, NULL, NULL, b'0', b'0', NULL, 'ACTIVE', '2016-04-27 02:05:48', '2019-05-05 12:22:22'),
	(261, 1, 1, 'Race', 'Race of employee', 'Race', '{\n  "steps": [\n    {\n      "table": "EMPLOYEE_MASTER",\n      "inMappingColumn": "",\n      "outMappingColumn": "EMPLOYEE_MASTER_ID",\n      "level": 1,\n      "conditions": {\n        "andType": [],\n        "orType": []\n      }\n    }\n  ]\n}', 'EMPLOYEE_MASTER', 'RACE', 'EMPLOYEE_INFORMATION', 'ASIAN', 'SINGLE', 1, NULL, NULL, NULL, b'0', b'0', NULL, 'ACTIVE', '2015-06-08 15:37:10', '2019-05-05 22:53:02'),
	(262, 1, 1, 'Payscale_Min_Value', 'Lowest value of internal data', 'Payscale_Min_Value', '{\n  "steps": [\n    {\n      "table": "EMPLOYEE_MASTER",\n      "inMappingColumn": "",\n      "outMappingColumn": "EMPLOYEE_MASTER_ID",\n      "level": 1,\n      "conditions": {\n        "andType": [],\n        "orType": []\n      }\n    },\n    {\n      "table": "EMPLOYEE_DATA",\n      "inMappingColumn": "EMPLOYEE_MASTER_ID",\n      "outMappingColumn": "CURRENT_INTERNAL_ANALYSIS_DATA_ID",\n      "level": 2,\n      "conditions": {\n        "andType": [],\n        "orType": []\n      }\n    },\n    {\n      "table": "INTERNAL_ANALYSIS_DATA",\n      "inMappingColumn": "INTERNAL_ANALYSIS_DATA_ID",\n      "outMappingColumn": "",\n      "level": 3,\n      "conditions": {\n        "andType": [],\n        "orType": []\n      }\n    }\n  ]\n}', 'INTERNAL_ANALYSIS_DATA', 'PAYSCALE_MIN_VALUE', 'INTERNAL_ANALYSIS_DATA', '90000', 'SINGLE', 5, NULL, NULL, NULL, b'0', b'1', NULL, 'ACTIVE', '2015-06-08 15:37:10', '2019-10-20 20:17:59'),
	(263, 1, 1, 'Payscale_Mid_Value', 'Mid value of internal data', 'Payscale_Mid_Value', '{\n  "steps": [\n    {\n      "table": "EMPLOYEE_MASTER",\n      "inMappingColumn": "",\n      "outMappingColumn": "EMPLOYEE_MASTER_ID",\n      "level": 1,\n      "conditions": {\n        "andType": [],\n        "orType": []\n      }\n    },\n    {\n      "table": "EMPLOYEE_DATA",\n      "inMappingColumn": "EMPLOYEE_MASTER_ID",\n      "outMappingColumn": "CURRENT_INTERNAL_ANALYSIS_DATA_ID",\n      "level": 2,\n      "conditions": {\n        "andType": [],\n        "orType": []\n      }\n    },\n    {\n      "table": "INTERNAL_ANALYSIS_DATA",\n      "inMappingColumn": "INTERNAL_ANALYSIS_DATA_ID",\n      "outMappingColumn": "",\n      "level": 3,\n      "conditions": {\n        "andType": [],\n        "orType": []\n      }\n    }\n  ]\n}', 'INTERNAL_ANALYSIS_DATA', 'PAYSCALE_MID_VALUE', 'INTERNAL_ANALYSIS_DATA', '90000', 'SINGLE', 5, NULL, NULL, NULL, b'0', b'1', NULL, 'ACTIVE', '2015-06-08 15:37:10', '2019-10-20 20:17:52'),
	(264, 1, 1, 'Payscale_Max_Value', 'Max value of internal data', 'Payscale_Max_Value', '{\n  "steps": [\n    {\n      "table": "EMPLOYEE_MASTER",\n      "inMappingColumn": "",\n      "outMappingColumn": "EMPLOYEE_MASTER_ID",\n      "level": 1,\n      "conditions": {\n        "andType": [],\n        "orType": []\n      }\n    },\n    {\n      "table": "EMPLOYEE_DATA",\n      "inMappingColumn": "EMPLOYEE_MASTER_ID",\n      "outMappingColumn": "CURRENT_INTERNAL_ANALYSIS_DATA_ID",\n      "level": 2,\n      "conditions": {\n        "andType": [],\n        "orType": []\n      }\n    },\n    {\n      "table": "INTERNAL_ANALYSIS_DATA",\n      "inMappingColumn": "INTERNAL_ANALYSIS_DATA_ID",\n      "outMappingColumn": "",\n      "level": 3,\n      "conditions": {\n        "andType": [],\n        "orType": []\n      }\n    }\n  ]\n}', 'INTERNAL_ANALYSIS_DATA', 'PAYSCALE_MAX_VALUE', 'INTERNAL_ANALYSIS_DATA', '90000', 'SINGLE', 5, NULL, NULL, NULL, b'0', b'1', NULL, 'ACTIVE', '2015-06-08 15:37:10', '2019-10-20 20:17:45'),
	(265, 1, 1, 'Current_Compa_Ratio', 'Current Compa Ratio', 'Current Compa Ratio', '{\n  "steps": [\n    {\n      "table": "BASEPAY_MASTER",\n      "inMappingColumn": "",\n      "outMappingColumn": "EMPLOYEE_MASTER_ID",\n      "level": 1,\n      "conditions": {\n        "andType": [\n{\n            "columnName": "COMPENSATION_INCREASE_TYPE_ID", \n             "columnValue": 2\n         }],\n        "orType": []\n      }\n    }\n  ]\n}', 'BASEPAY_MASTER', 'Current_Compa_Ratio', NULL, '3', 'SINGLE', 10, NULL, NULL, NULL, b'0', b'0', 'SUM', 'ACTIVE', '2016-04-27 01:57:16', '2019-04-13 11:11:18'),
	(269, 1, 1, 'New_Compa_Ratio', 'New Compa Ratio', 'New Compa Ratio', '{\n  "steps": [\n    {\n      "table": "BASEPAY_MASTER",\n      "inMappingColumn": "",\n      "outMappingColumn": "EMPLOYEE_MASTER_ID",\n      "level": 1,\n      "conditions": {\n        "andType": [\n{\n            "columnName": "COMPENSATION_INCREASE_TYPE_ID", \n             "columnValue": 2\n         }],\n        "orType": []\n      }\n    }\n  ]\n}', 'BASEPAY_MASTER', 'New_Compa_Ratio', NULL, '3', 'SINGLE', 10, 47, NULL, NULL, b'0', b'0', 'SUM', 'ACTIVE', '2016-04-27 01:57:16', '2019-04-13 11:11:18'),
	(270, 1, 1, 'YTD_BASE', 'YTD Basepay of employee', 'YTD_BASE', '{\n  "steps": [\n    {\n      "table": "EMPLOYEE_MASTER",\n      "inMappingColumn": "",\n      "outMappingColumn": "EMPLOYEE_MASTER_ID",\n      "level": 1,\n      "conditions": {\n        "andType": [],\n        "orType": []\n      }\n    }\n  ]\n}', 'EMPLOYEE_MASTER', 'YTD_BASE', 'EMPLOYEE_INFORMATION', '100.0', 'SINGLE', 5, NULL, NULL, NULL, b'1', b'1', 'SUM', 'ACTIVE', '2016-08-25 11:48:30', '2019-04-13 11:11:18'),
	(275, 1, 1, 'Basepay_Effective_Date', 'Effective_Date', 'High performance Amount Increase', '{\n  "steps": [\n    {\n      "table": "BASEPAY_MASTER",\n      "inMappingColumn": "",\n      "outMappingColumn": "EMPLOYEE_MASTER_ID",\n      "level": 1,\n      "conditions": {\n        "andType": [\n{\n            "columnName": "COMPENSATION_INCREASE_TYPE_ID", \n             "columnValue": 1\n         }\n         ],\n        "orType": []\n      }\n    }\n  ]\n}', 'BASEPAY_MASTER', 'EFFECTIVE_DATE', '1', '100.0', 'SINGLE', 7, NULL, NULL, NULL, b'0', b'0', 'SUM', 'ACTIVE', '2016-08-25 11:48:30', '2019-05-04 15:38:59'),
	(276, 1, 1, 'Merit_All_Reports_Budget_Total_Amount', 'Budget All Reports Total Amount of employee', 'High Performance Budget Total Amount', '{\n  "steps": [\n    {\n      "table": "BASEPAY_BUDGET_MASTER",\n      "inMappingColumn": "",\n      "outMappingColumn": "EMPLOYEE_MASTER_ID",\n      "level": 1,\n      "conditions": {\n        "andType": [ {\n             "columnName": "COMPENSATION_INCREASE_TYPE_ID", \n             "columnValue": 1\n            }\n         ],\n        "orType": []\n      }\n    }\n  ]\n}', 'BASEPAY_BUDGET_MASTER', 'ALL_REPORTS_BUDGET_TOTAL', NULL, '25000.0', 'SINGLE', 5, NULL, NULL, NULL, b'0', b'0', NULL, 'ACTIVE', '2016-04-27 01:57:16', '2019-09-18 17:40:02'),
	(277, 1, 1, 'Promotion_All_Reports_Budget_Total_Amount', 'Budget All Reports Total Amount of employee', 'Expanded Role Budget Total Amount', '{\n  "steps": [\n    {\n      "table": "BASEPAY_BUDGET_MASTER",\n      "inMappingColumn": "",\n      "outMappingColumn": "EMPLOYEE_MASTER_ID",\n      "level": 1,\n      "conditions": {\n        "andType": [{\n            "columnName": "COMPENSATION_INCREASE_TYPE_ID", \n             "columnValue": 2\n         }\n       ],\n        "orType": []\n      }\n    }\n  ]\n}', 'BASEPAY_BUDGET_MASTER', 'ALL_REPORTS_BUDGET_TOTAL', NULL, '25000.0', 'SINGLE', 5, NULL, NULL, NULL, b'0', b'0', NULL, 'ACTIVE', '2016-04-27 01:57:16', '2019-09-18 17:40:06'),
	(278, 1, 1, 'Q1_All_Reports_Rewards_Budget_Total_Amount', 'Budget All Reports Total Amount of employee', 'Q1 Rewards Budget Total Amount', '{\n  "steps": [\n    {\n      "table": "BONUS_BUDGET_MASTER",\n      "inMappingColumn": "",\n      "outMappingColumn": "EMPLOYEE_MASTER_ID",\n      "level": 1,\n      "conditions": {\n        "andType": [{\n           "columnName": "COMPENSATION_INCREASE_TYPE_ID", \n           "columnValue": 3\n         }\n        ],\n        "orType": []\n      }\n    }\n  ]\n}', 'BONUS_BUDGET_MASTER', 'ALL_REPORTS_BUDGET_TOTAL', NULL, '25000.0', 'SINGLE', 5, NULL, NULL, NULL, b'0', b'0', NULL, 'ACTIVE', '2016-04-27 01:57:16', '2019-09-18 17:40:09'),
	(279, 1, 1, 'RSU_All_Reports_Budget_Total_Amount', 'Budget All Reports Total Amount of employee', 'RSU Budget Total Amount', '{\n  "steps": [\n    {\n      "table": "STOCK_BUDGET_MASTER",\n      "inMappingColumn": "",\n      "outMappingColumn": "EMPLOYEE_MASTER_ID",\n      "level": 1,\n      "conditions": {\n        "andType": [ {\n            "columnName": "COMPENSATION_INCREASE_TYPE_ID", \n            "columnValue": 6\n        }\n         ],\n        "orType": []\n      }\n    }\n  ]\n}', 'STOCK_BUDGET_MASTER', 'ALL_REPORTS_BUDGET_TOTAL', NULL, '25000.0', 'SINGLE', 5, NULL, NULL, NULL, b'0', b'0', NULL, 'ACTIVE', '2016-04-27 01:57:16', '2019-09-18 17:40:10'),
	(280, 1, 1, 'Spot_All_Reports_Bonus_Budget_Total_Amount', 'Budget All Reports Total Amount of employee', 'Spot Bonus Budget Total Amount', '{\n  "steps": [\n    {\n      "table": "BONUS_BUDGET_MASTER",\n      "inMappingColumn": "",\n      "outMappingColumn": "EMPLOYEE_MASTER_ID",\n      "level": 1,\n      "conditions": {\n        "andType": [{\n           "columnName": "COMPENSATION_INCREASE_TYPE_ID", \n           "columnValue": 4\n          }\n        ],\n        "orType": []\n      }\n    }\n  ]\n}', 'BONUS_BUDGET_MASTER', 'ALL_REPORTS_BUDGET_TOTAL', NULL, '25000.0', 'SINGLE', 5, NULL, NULL, NULL, b'0', b'0', NULL, 'ACTIVE', '2016-04-27 01:57:16', '2019-09-18 17:40:12'),
	(281, 1, 1, 'Adjustment_All_Reports_Budget_Total_Amount', 'Budget All Reports Total Amount of employee', 'Adjustment Budget Total Amount', '{\n  "steps": [\n    {\n      "table": "BASEPAY_BUDGET_MASTER",\n      "inMappingColumn": "",\n      "outMappingColumn": "EMPLOYEE_MASTER_ID",\n      "level": 1,\n      "conditions": {\n        "andType": [ {\n             "columnName": "COMPENSATION_INCREASE_TYPE_ID", \n             "columnValue": 7\n            }\n         ],\n        "orType": []\n      }\n    }\n  ]\n}', 'BASEPAY_BUDGET_MASTER', 'ALL_REPORTS_BUDGET_TOTAL', NULL, '25000.0', 'SINGLE', 5, NULL, NULL, NULL, b'0', b'0', NULL, 'ACTIVE', '2016-04-27 01:57:16', '2019-09-18 17:40:13'),
	(282, 1, 1, 'Merit_All_Reports_Budget_Allocated_Amount', 'Budget All Reports Allocated Amount of employee', 'High Performance Budget Allocated Amount', '{\n  "steps": [\n    {\n      "table": "BASEPAY_BUDGET_MASTER",\n      "inMappingColumn": "",\n      "outMappingColumn": "EMPLOYEE_MASTER_ID",\n      "level": 1,\n      "conditions": {\n        "andType": [{\n            "columnName": "COMPENSATION_INCREASE_TYPE_ID", \n             "columnValue": 1\n             }\n          ],\n        "orType": []\n      }\n    }\n  ]\n}', 'BASEPAY_BUDGET_MASTER', 'ALL_REPORTS_BUDGET_ALLOCATED', NULL, '15000.0', 'SINGLE', 5, 24, NULL, NULL, b'0', b'0', 'SUM', 'ACTIVE', '2016-04-27 01:57:16', '2019-09-18 17:47:48'),
	(283, 1, 1, 'Promotion_All_Reports_Budget_Allocated_Amount', 'Budget All Reports Allocated Amount of employee', 'Expanded Role Budget Allocated Amount', '{\n  "steps": [\n    {\n      "table": "BASEPAY_BUDGET_MASTER",\n      "inMappingColumn": "",\n      "outMappingColumn": "EMPLOYEE_MASTER_ID",\n      "level": 1,\n      "conditions": {\n        "andType": [{\n           "columnName": "COMPENSATION_INCREASE_TYPE_ID", \n            "columnValue": 2\n         }\n        ],\n        "orType": []\n      }\n    }\n  ]\n}', 'BASEPAY_BUDGET_MASTER', 'ALL_REPORTS_BUDGET_ALLOCATED', NULL, '15000.0', 'SINGLE', 5, NULL, NULL, NULL, b'0', b'0', NULL, 'ACTIVE', '2016-04-27 01:57:16', '2019-09-18 17:47:49'),
	(284, 1, 1, 'Q1_All_Reports_Rewards_Budget_Allocated_Amount', 'Budget All Reports Allocated Amount of employee', 'Q1 Rewards Budget Allocated Amount', '{\n  "steps": [\n    {\n      "table": "BONUS_BUDGET_MASTER",\n      "inMappingColumn": "",\n      "outMappingColumn": "EMPLOYEE_MASTER_ID",\n      "level": 1,\n      "conditions": {\n        "andType": [ {\n          "columnName": "COMPENSATION_INCREASE_TYPE_ID", \n          "columnValue": 3\n          }\n        ],\n        "orType": []\n      }\n    }\n  ]\n}', 'BONUS_BUDGET_MASTER', 'ALL_REPORTS_BUDGET_ALLOCATED', NULL, '15000.0', 'SINGLE', 5, NULL, NULL, NULL, b'0', b'0', NULL, 'ACTIVE', '2016-04-27 01:57:16', '2019-09-18 17:47:50'),
	(285, 1, 1, 'RSU_All_Reports_Budget_Allocated_Amount', 'Budget All Reports Allocated Amount of employee', 'RSU Budget Allocated Amount', '{\n  "steps": [\n    {\n      "table": "STOCK_BUDGET_MASTER",\n      "inMappingColumn": "",\n      "outMappingColumn": "EMPLOYEE_MASTER_ID",\n      "level": 1,\n      "conditions": {\n        "andType": [ {\n            "columnName": "COMPENSATION_INCREASE_TYPE_ID", \n            "columnValue": 6\n          }\n         ],\n        "orType": []\n      }\n    }\n  ]\n}', 'STOCK_BUDGET_MASTER', 'ALL_REPORTS_BUDGET_ALLOCATED', NULL, '15000.0', 'SINGLE', 5, NULL, NULL, NULL, b'0', b'0', NULL, 'ACTIVE', '2016-04-27 01:57:16', '2019-09-18 17:47:51'),
	(286, 1, 1, 'Spot_All_Reports_Bonus_Budget_Allocated_Amount', 'Budget All Reports Total Amount of employee', 'Spot Bonus Budget Allocated Amount', '{\n  "steps": [\n    {\n      "table": "BONUS_BUDGET_MASTER",\n      "inMappingColumn": "",\n      "outMappingColumn": "EMPLOYEE_MASTER_ID",\n      "level": 1,\n      "conditions": {\n        "andType": [{\n           "columnName": "COMPENSATION_INCREASE_TYPE_ID", \n           "columnValue": 4\n           }\n        ],\n        "orType": []\n      }\n    }\n  ]\n}', 'BONUS_BUDGET_MASTER', 'ALL_REPORTS_BUDGET_ALLOCATED', NULL, '25000.0', 'SINGLE', 5, NULL, NULL, NULL, b'0', b'0', NULL, 'ACTIVE', '2016-04-27 01:57:16', '2019-09-18 17:47:53'),
	(287, 1, 1, 'Adjustment_All_Reports_Budget_Allocated_Amount', 'Budget All Reports Allocated Amount of employee', 'Adjustment Budget Allocated Amount', '{\n  "steps": [\n    {\n      "table": "BASEPAY_BUDGET_MASTER",\n      "inMappingColumn": "",\n      "outMappingColumn": "EMPLOYEE_MASTER_ID",\n      "level": 1,\n      "conditions": {\n        "andType": [{\n            "columnName": "COMPENSATION_INCREASE_TYPE_ID", \n             "columnValue": 7\n             }\n          ],\n        "orType": []\n      }\n    }\n  ]\n}', 'BASEPAY_BUDGET_MASTER', 'ALL_REPORTS_BUDGET_ALLOCATED', NULL, '15000.0', 'SINGLE', 5, 24, NULL, NULL, b'0', b'0', 'SUM', 'ACTIVE', '2016-04-27 01:57:16', '2019-09-18 17:47:54'),
	(288, 1, 1, 'Merit_All_Reports_Budget_Remaining_Amount', 'Budget All Reports Remaining Amount of employee', 'High Performance Budget Remaining Amount', '{\n  "steps": [\n    {\n      "table": "BASEPAY_BUDGET_MASTER",\n      "inMappingColumn": "",\n      "outMappingColumn": "EMPLOYEE_MASTER_ID",\n      "level": 1,\n      "conditions": {\n        "andType": [{\n              "columnName": "COMPENSATION_INCREASE_TYPE_ID", \n             "columnValue": 1\n          }\n        ],\n        "orType": []\n      }\n    }\n  ]\n}', 'BASEPAY_BUDGET_MASTER', 'ALL_REPORTS_BUDGET_REMAINING', NULL, '10000.0', 'SINGLE', 5, NULL, NULL, NULL, b'0', b'0', 'SUM', 'ACTIVE', '2016-04-27 01:57:16', '2019-09-18 17:49:00'),
	(289, 1, 1, 'Promotion_All_Reports_Budget_Remaining_Amount', 'Budget All Reports Remaining Amount of employee', 'Expanded Role Budget Remaining Amount', '{\n  "steps": [\n    {\n      "table": "BASEPAY_BUDGET_MASTER",\n      "inMappingColumn": "",\n      "outMappingColumn": "EMPLOYEE_MASTER_ID",\n      "level": 1,\n      "conditions": {\n        "andType": [{\n           "columnName": "COMPENSATION_INCREASE_TYPE_ID", \n            "columnValue": 2\n           }\n         ],\n        "orType": []\n      }\n    }\n  ]\n}', 'BASEPAY_BUDGET_MASTER', 'ALL_REPORTS_BUDGET_REMAINING', NULL, '10000.0', 'SINGLE', 5, NULL, NULL, NULL, b'0', b'0', NULL, 'ACTIVE', '2016-04-27 01:57:16', '2019-09-18 17:49:01'),
	(290, 1, 1, 'Q1_All_Reports_Rewards_Budget_Remaining_Amount', 'Budget All Reports Remaining Amount of employee', 'Q1 Rewards Budget Remaining Amount', '{\n  "steps": [\n    {\n      "table": "BONUS_BUDGET_MASTER",\n      "inMappingColumn": "",\n      "outMappingColumn": "EMPLOYEE_MASTER_ID",\n      "level": 1,\n      "conditions": {\n        "andType": [ {\n             "columnName": "COMPENSATION_INCREASE_TYPE_ID", \n             "columnValue": 3\n            }\n         ],\n        "orType": []\n      }\n    }\n  ]\n}', 'BONUS_BUDGET_MASTER', 'ALL_REPORTS_BUDGET_REMAINING', NULL, '10000.0', 'SINGLE', 5, NULL, NULL, NULL, b'0', b'0', NULL, 'ACTIVE', '2016-04-27 01:57:16', '2019-09-18 17:49:02'),
	(291, 1, 1, 'RSU_All_Reports_Budget_Remaining_Amount', 'Budget All Reports Remaining Amount of employee', 'RSU Budget Remaining Amount', '{\n  "steps": [\n    {\n      "table": "STOCK_BUDGET_MASTER",\n      "inMappingColumn": "",\n      "outMappingColumn": "EMPLOYEE_MASTER_ID",\n      "level": 1,\n      "conditions": {\n        "andType": [ {\n            "columnName": "COMPENSATION_INCREASE_TYPE_ID", \n             "columnValue": 6\n           }\n         ],\n        "orType": []\n      }\n    }\n  ]\n}', 'STOCK_BUDGET_MASTER', 'ALL_REPORTS_BUDGET_REMAINING', NULL, '10000.0', 'SINGLE', 5, NULL, NULL, NULL, b'0', b'0', NULL, 'ACTIVE', '2016-04-27 01:57:16', '2019-09-18 17:49:03'),
	(292, 1, 1, 'Spot_All_Reports_Bonus_Budget_Remaining_Amount', 'Budget All Reports Total Amount of employee', 'Spot Bonus Budget Remaining Amount', '{\n  "steps": [\n    {\n      "table": "BONUS_BUDGET_MASTER",\n      "inMappingColumn": "",\n      "outMappingColumn": "EMPLOYEE_MASTER_ID",\n      "level": 1,\n      "conditions": {\n        "andType": [ {\n            "columnName": "COMPENSATION_INCREASE_TYPE_ID", \n             "columnValue": 4\n          }\n         ],\n        "orType": []\n      }\n    }\n  ]\n}', 'BONUS_BUDGET_MASTER', 'ALL_REPORTS_BUDGET_REMAINING', NULL, '25000.0', 'SINGLE', 5, NULL, NULL, NULL, b'0', b'0', NULL, 'ACTIVE', '2016-04-27 01:57:16', '2019-09-18 17:49:04'),
	(293, 1, 1, 'Adjustment_All_Reports_Budget_Remaining_Amount', 'Budget All Reports Remaining Amount of employee', 'Adjustment Budget Remaining Amount', '{\n  "steps": [\n    {\n      "table": "BASEPAY_BUDGET_MASTER",\n      "inMappingColumn": "",\n      "outMappingColumn": "EMPLOYEE_MASTER_ID",\n      "level": 1,\n      "conditions": {\n        "andType": [{\n              "columnName": "COMPENSATION_INCREASE_TYPE_ID", \n             "columnValue": 7\n          }\n        ],\n        "orType": []\n      }\n    }\n  ]\n}', 'BASEPAY_BUDGET_MASTER', 'ALL_REPORTS_BUDGET_REMAINING', NULL, '10000.0', 'SINGLE', 5, NULL, NULL, NULL, b'0', b'0', 'SUM', 'ACTIVE', '2016-04-27 01:57:16', '2019-09-18 17:49:05'),
	(294, 1, 1, 'New_Job_Name', 'Job name', 'Job Name', '{\n  "steps": [\n    {\n      "table": "EMPLOYEE_MASTER",\n      "inMappingColumn": "",\n      "outMappingColumn": "EMPLOYEE_MASTER_ID",\n      "level": 1,\n      "conditions": {\n        "andType": [],\n        "orType": []\n      }\n    },\n    {\n      "table": "EMPLOYEE_DATA",\n      "inMappingColumn": "EMPLOYEE_MASTER_ID",\n      "outMappingColumn": "New_JOB_ID",\n      "level": 2,\n      "conditions": {\n        "andType": [],\n        "orType": []\n      }\n    },\n    {\n      "table": "JOB",\n      "inMappingColumn": "JOB_ID",\n      "outMappingColumn": "",\n      "level": 3,\n      "keepsDuplicate": true,\n      "conditions": {\n        "andType": [],\n        "orType": []\n      }\n    }\n  ]\n}', 'JOB', 'JOB_NAME', 'JOB_DATA,JOB_FAMILY_DATA,JOB_ROLE_DATA,JOB_LEVEL_DATA,JOB_GRADE_DATA', 'Job1', 'MULTI', 1, NULL, NULL, NULL, b'0', b'1', 'SUM', 'ACTIVE', '2016-04-27 01:57:16', '2019-10-20 11:12:02'),
	(295, 1, 1, 'New_Job_Description', 'Job Description', 'Job Description', '{\n  "steps": [\n    {\n      "table": "EMPLOYEE_MASTER",\n      "inMappingColumn": "",\n      "outMappingColumn": "EMPLOYEE_MASTER_ID",\n      "level": 1,\n      "conditions": {\n        "andType": [],\n        "orType": []\n      }\n    },\n    {\n      "table": "EMPLOYEE_DATA",\n      "inMappingColumn": "EMPLOYEE_MASTER_ID",\n      "outMappingColumn": "NEW_JOB_ID",\n      "level": 2,\n      "conditions": {\n        "andType": [],\n        "orType": []\n      }\n    },\n    {\n      "table": "JOB",\n      "inMappingColumn": "JOB_ID",\n      "outMappingColumn": "",\n      "level": 3,\n      "conditions": {\n        "andType": [],\n        "orType": []\n      }\n    }\n  ]\n}', 'JOB', 'DESCRIPTION', 'JOB_DATA', '3', 'SINGLE', 1, NULL, NULL, NULL, b'0', b'0', NULL, 'ACTIVE', '2016-04-27 01:57:16', '2019-10-20 11:12:53'),
	(296, 1, 1, 'New_Job_Location', 'Job Location', 'Job Location', '{\n  "steps": [\n    {\n      "table": "EMPLOYEE_MASTER",\n      "inMappingColumn": "",\n      "outMappingColumn": "EMPLOYEE_MASTER_ID",\n      "level": 1,\n      "conditions": {\n        "andType": [],\n        "orType": []\n      }\n    },\n    {\n      "table": "EMPLOYEE_DATA",\n      "inMappingColumn": "EMPLOYEE_MASTER_ID",\n      "outMappingColumn": "NEW_JOB_ID",\n      "level": 2,\n      "conditions": {\n        "andType": [],\n        "orType": []\n      }\n    },\n    {\n      "table": "JOB",\n      "inMappingColumn": "JOB_ID",\n      "outMappingColumn": "",\n      "level": 3,\n      "conditions": {\n        "andType": [],\n        "orType": []\n      }\n    }\n  ]\n}', 'JOB', 'LOCATION', 'JOB_DATA', '3', 'SINGLE', 1, NULL, NULL, NULL, b'0', b'0', NULL, 'ACTIVE', '2016-04-27 01:57:16', '2019-10-20 11:12:57'),
	(297, 1, 1, 'New_Job_Grade_Name', 'Job Grade Name', 'Job Grade Name', '{\n  "steps": [\n    {\n      "table": "EMPLOYEE_MASTER",\n      "inMappingColumn": "",\n      "outMappingColumn": "EMPLOYEE_MASTER_ID",\n      "level": 1,\n      "conditions": {\n        "andType": [],\n        "orType": []\n      }\n    },\n    {\n      "table": "EMPLOYEE_DATA",\n      "inMappingColumn": "EMPLOYEE_MASTER_ID",\n      "outMappingColumn": "NEW_JOB_GRADE_ID",\n      "level": 2,\n      "conditions": {\n        "andType": [],\n        "orType": []\n      }\n    },\n    {\n      "table": "JOB_GRADE",\n      "inMappingColumn": "JOB_GRADE_ID",\n      "outMappingColumn": "",\n      "level": 3,\n      "conditions": {\n        "andType": [],\n        "orType": []\n      }\n    }\n  ]\n}', 'JOB_GRADE', 'JOB_GRADE_NAME', 'JOB_GRADE_DATA', '3', 'MULTI', 1, NULL, NULL, NULL, b'0', b'1', 'SUM', 'ACTIVE', '2016-04-27 01:57:16', '2019-10-20 11:13:00'),
	(298, 1, 1, 'New_Job_Grade_Code', 'Job Grade Code', 'Job Grade Code', '{\n  "steps": [\n    {\n      "table": "EMPLOYEE_MASTER",\n      "inMappingColumn": "",\n      "outMappingColumn": "EMPLOYEE_MASTER_ID",\n      "level": 1,\n      "conditions": {\n        "andType": [],\n        "orType": []\n      }\n    },\n    {\n      "table": "EMPLOYEE_DATA",\n      "inMappingColumn": "EMPLOYEE_MASTER_ID",\n      "outMappingColumn": "NEW_JOB_GRADE_ID",\n      "level": 2,\n      "conditions": {\n        "andType": [],\n        "orType": []\n      }\n    },\n    {\n      "table": "JOB_GRADE",\n      "inMappingColumn": "JOB_GRADE_ID",\n      "outMappingColumn": "",\n      "level": 3,\n      "conditions": {\n        "andType": [],\n        "orType": []\n      }\n    }\n  ]\n}', 'JOB_GRADE', 'JOB_GRADE_CODE', 'JOB_GRADE_DATA', '3', 'SINGLE', 1, NULL, NULL, NULL, b'0', b'0', NULL, 'ACTIVE', '2016-04-27 01:57:16', '2019-10-20 11:18:01'),
	(299, 1, 1, 'New_Job_Grade_Description', 'Job Grade Description', 'Job Grade Description', '{\n  "steps": [\n    {\n      "table": "EMPLOYEE_MASTER",\n      "inMappingColumn": "",\n      "outMappingColumn": "EMPLOYEE_MASTER_ID",\n      "level": 1,\n      "conditions": {\n        "andType": [],\n        "orType": []\n      }\n    },\n    {\n      "table": "EMPLOYEE_DATA",\n      "inMappingColumn": "EMPLOYEE_MASTER_ID",\n      "outMappingColumn": "NEW_JOB_GRADE_ID",\n      "level": 2,\n      "conditions": {\n        "andType": [],\n        "orType": []\n      }\n    },\n    {\n      "table": "JOB_GRADE",\n      "inMappingColumn": "JOB_GRADE_ID",\n      "outMappingColumn": "",\n      "level": 3,\n      "conditions": {\n        "andType": [],\n        "orType": []\n      }\n    }\n  ]\n}', 'JOB_GRADE', 'DESCRIPTION', 'JOB_GRADE_DATA', '3', 'SINGLE', 1, NULL, NULL, NULL, b'0', b'0', NULL, 'ACTIVE', '2016-04-27 01:57:16', '2019-10-20 11:18:08'),
	(300, 1, 1, 'New_Job_Role_Name', 'Job Role Name', 'Job Role Name', '{\n  "steps": [\n    {\n      "table": "EMPLOYEE_MASTER",\n      "inMappingColumn": "",\n      "outMappingColumn": "EMPLOYEE_MASTER_ID",\n      "level": 1,\n      "conditions": {\n        "andType": [],\n        "orType": []\n      }\n    },\n    {\n      "table": "EMPLOYEE_DATA",\n      "inMappingColumn": "EMPLOYEE_MASTER_ID",\n      "outMappingColumn": "NEW_JOB_ROLE_ID",\n      "level": 2,\n      "conditions": {\n        "andType": [],\n        "orType": []\n      }\n    },\n    {\n      "table": "JOB_ROLE",\n      "inMappingColumn": "JOB_ROLE_ID",\n      "outMappingColumn": "",\n      "level": 3,\n      "conditions": {\n        "andType": [],\n        "orType": []\n      }\n    }\n  ]\n}', 'JOB_ROLE', 'JOB_ROLE_NAME', 'JOB_ROLE_DATA', '3', 'MULTI', 1, NULL, NULL, NULL, b'0', b'1', 'SUM', 'ACTIVE', '2016-04-27 01:57:16', '2019-10-20 11:18:14'),
	(301, 1, 1, 'New_Job_Role_Code', 'Job Role Code', 'Job Role Code', '{\n  "steps": [\n    {\n      "table": "EMPLOYEE_MASTER",\n      "inMappingColumn": "",\n      "outMappingColumn": "EMPLOYEE_MASTER_ID",\n      "level": 1,\n      "conditions": {\n        "andType": [],\n        "orType": []\n      }\n    },\n    {\n      "table": "EMPLOYEE_DATA",\n      "inMappingColumn": "EMPLOYEE_MASTER_ID",\n      "outMappingColumn": "NEW_JOB_ROLE_ID",\n      "level": 2,\n      "conditions": {\n        "andType": [],\n        "orType": []\n      }\n    },\n    {\n      "table": "JOB_ROLE",\n      "inMappingColumn": "JOB_ROLE_ID",\n      "outMappingColumn": "",\n      "level": 3,\n      "conditions": {\n        "andType": [],\n        "orType": []\n      }\n    }\n  ]\n}', 'JOB_ROLE', 'JOB_ROLE_CODE', 'JOB_ROLE_DATA', '3', 'SINGLE', 1, NULL, NULL, NULL, b'0', b'0', NULL, 'ACTIVE', '2016-04-27 01:57:16', '2019-10-20 11:18:21'),
	(302, 1, 1, 'New_Job_Role_Description', 'Job Role Description', 'Job Role Description', '{\n  "steps": [\n    {\n      "table": "EMPLOYEE_MASTER",\n      "inMappingColumn": "",\n      "outMappingColumn": "EMPLOYEE_MASTER_ID",\n      "level": 1,\n      "conditions": {\n        "andType": [],\n        "orType": []\n      }\n    },\n    {\n      "table": "EMPLOYEE_DATA",\n      "inMappingColumn": "EMPLOYEE_MASTER_ID",\n      "outMappingColumn": "NEW_JOB_ROLE_ID",\n      "level": 2,\n      "conditions": {\n        "andType": [],\n        "orType": []\n      }\n    },\n    {\n      "table": "JOB_ROLE",\n      "inMappingColumn": "JOB_ROLE_ID",\n      "outMappingColumn": "",\n      "level": 3,\n      "conditions": {\n        "andType": [],\n        "orType": []\n      }\n    }\n  ]\n}', 'JOB_ROLE', 'DESCRIPTION', 'JOB_ROLE_DATA', '3', 'SINGLE', 1, NULL, NULL, NULL, b'0', b'0', NULL, 'ACTIVE', '2016-04-27 01:57:16', '2019-10-20 11:18:26'),
	(303, 1, 1, 'New_Job_Level_Name', 'Job Level Name', 'Job Level Name', '{\n  "steps": [\n    {\n      "table": "EMPLOYEE_MASTER",\n      "inMappingColumn": "",\n      "outMappingColumn": "EMPLOYEE_MASTER_ID",\n      "level": 1,\n      "conditions": {\n        "andType": [],\n        "orType": []\n      }\n    },\n    {\n      "table": "EMPLOYEE_DATA",\n      "inMappingColumn": "EMPLOYEE_MASTER_ID",\n      "outMappingColumn": "NEW_JOB_LEVEL_ID",\n      "level": 2,\n      "conditions": {\n        "andType": [],\n        "orType": []\n      }\n    },\n    {\n      "table": "JOB_LEVEL",\n      "inMappingColumn": "JOB_LEVEL_ID",\n      "outMappingColumn": "",\n      "level": 3,\n      "conditions": {\n        "andType": [],\n        "orType": []\n      }\n    }\n  ]\n}', 'JOB_LEVEL', 'JOB_LEVEL_NAME', 'JOB_LEVEL_DATA', '3', 'MULTI', 1, NULL, NULL, NULL, b'0', b'1', 'SUM', 'ACTIVE', '2016-04-27 01:57:16', '2019-10-20 11:18:32'),
	(304, 1, 1, 'New_Job_Level_Code', 'Job Level Code', 'Job Level Code', '{\n  "steps": [\n    {\n      "table": "EMPLOYEE_MASTER",\n      "inMappingColumn": "",\n      "outMappingColumn": "EMPLOYEE_MASTER_ID",\n      "level": 1,\n      "conditions": {\n        "andType": [],\n        "orType": []\n      }\n    },\n    {\n      "table": "EMPLOYEE_DATA",\n      "inMappingColumn": "EMPLOYEE_MASTER_ID",\n      "outMappingColumn": "NEW_JOB_LEVEL_ID",\n      "level": 2,\n      "conditions": {\n        "andType": [],\n        "orType": []\n      }\n    },\n    {\n      "table": "JOB_LEVEL",\n      "inMappingColumn": "JOB_LEVEL_ID",\n      "outMappingColumn": "",\n      "level": 3,\n      "conditions": {\n        "andType": [],\n        "orType": []\n      }\n    }\n  ]\n}', 'JOB_LEVEL', 'JOB_LEVEL_CODE', 'JOB_LEVEL_DATA', '3', 'SINGLE', 1, NULL, NULL, NULL, b'0', b'0', NULL, 'ACTIVE', '2016-04-27 01:57:16', '2019-10-20 11:18:38'),
	(305, 1, 1, 'New_Job_Level_Description', 'Job Level Description', 'Job Level Description', '{\n  "steps": [\n    {\n      "table": "EMPLOYEE_MASTER",\n      "inMappingColumn": "",\n      "outMappingColumn": "EMPLOYEE_MASTER_ID",\n      "level": 1,\n      "conditions": {\n        "andType": [],\n        "orType": []\n      }\n    },\n    {\n      "table": "EMPLOYEE_DATA",\n      "inMappingColumn": "EMPLOYEE_MASTER_ID",\n      "outMappingColumn": "NEW_JOB_LEVEL_ID",\n      "level": 2,\n      "conditions": {\n        "andType": [],\n        "orType": []\n      }\n    },\n    {\n      "table": "JOB_LEVEL",\n      "inMappingColumn": "JOB_LEVEL_ID",\n      "outMappingColumn": "",\n      "level": 3,\n      "conditions": {\n        "andType": [],\n        "orType": []\n      }\n    }\n  ]\n}', 'JOB_LEVEL', 'DESCRIPTION', 'JOB_LEVEL_DATA', '3', 'SINGLE', 1, NULL, NULL, NULL, b'0', b'0', NULL, 'ACTIVE', '2016-04-27 01:57:16', '2019-10-20 11:18:44'),
	(306, 1, 1, 'New_Job_Family_Name', 'Job Family Name', 'Job Family Name', '{\n  "steps": [\n    {\n      "table": "EMPLOYEE_MASTER",\n      "inMappingColumn": "",\n      "outMappingColumn": "EMPLOYEE_MASTER_ID",\n      "level": 1,\n      "conditions": {\n        "andType": [],\n        "orType": []\n      }\n    },\n    {\n      "table": "EMPLOYEE_DATA",\n      "inMappingColumn": "EMPLOYEE_MASTER_ID",\n      "outMappingColumn": "NEW_JOB_FAMILY_ID",\n      "level": 2,\n      "conditions": {\n        "andType": [],\n        "orType": []\n      }\n    },\n    {\n      "table": "JOB_FAMILY",\n      "inMappingColumn": "JOB_FAMILY_ID",\n      "outMappingColumn": "",\n      "level": 3,\n      "conditions": {\n        "andType": [],\n        "orType": []\n      }\n    }\n  ]\n}', 'JOB_FAMILY', 'JOB_FAMILY_NAME', 'JOB_FAMILY_DATA', '3', 'MULTI', 1, NULL, NULL, NULL, b'0', b'1', 'SUM', 'ACTIVE', '2016-04-27 01:57:16', '2019-10-20 11:18:49'),
	(307, 1, 1, 'New_Job_Family_Code', 'Job Family Code', 'Job Family Code', '{\n  "steps": [\n    {\n      "table": "EMPLOYEE_MASTER",\n      "inMappingColumn": "",\n      "outMappingColumn": "EMPLOYEE_MASTER_ID",\n      "level": 1,\n      "conditions": {\n        "andType": [],\n        "orType": []\n      }\n    },\n    {\n      "table": "EMPLOYEE_DATA",\n      "inMappingColumn": "EMPLOYEE_MASTER_ID",\n      "outMappingColumn": "NEW_JOB_FAMILY_ID",\n      "level": 2,\n      "conditions": {\n        "andType": [],\n        "orType": []\n      }\n    },\n    {\n      "table": "JOB_FAMILY",\n      "inMappingColumn": "JOB_FAMILY_ID",\n      "outMappingColumn": "",\n      "level": 3,\n      "conditions": {\n        "andType": [],\n        "orType": []\n      }\n    }\n  ]\n}', 'JOB_FAMILY', 'JOB_FAMILY_CODE', 'JOB_FAMILY_DATA', '3', 'SINGLE', 1, NULL, NULL, NULL, b'0', b'0', NULL, 'ACTIVE', '2016-04-27 01:57:16', '2019-10-20 11:18:55'),
	(308, 1, 1, 'New_Job_Family_Description', 'Job Family Description', 'Job Family Description', '{\n  "steps": [\n    {\n      "table": "EMPLOYEE_MASTER",\n      "inMappingColumn": "",\n      "outMappingColumn": "EMPLOYEE_MASTER_ID",\n      "level": 1,\n      "conditions": {\n        "andType": [],\n        "orType": []\n      }\n    },\n    {\n      "table": "EMPLOYEE_DATA",\n      "inMappingColumn": "EMPLOYEE_MASTER_ID",\n      "outMappingColumn": "NEW_JOB_FAMILY_ID",\n      "level": 2,\n      "conditions": {\n        "andType": [],\n        "orType": []\n      }\n    },\n    {\n      "table": "JOB_FAMILY",\n      "inMappingColumn": "JOB_FAMILY_ID",\n      "outMappingColumn": "",\n      "level": 3,\n      "conditions": {\n        "andType": [],\n        "orType": []\n      }\n    }\n  ]\n}', 'JOB_FAMILY', 'DESCRIPTION', 'JOB_FAMILY_DATA', '3', 'SINGLE', 1, NULL, NULL, NULL, b'0', b'0', NULL, 'ACTIVE', '2016-04-27 01:57:16', '2019-10-20 11:19:01'),
	(310, 1, 1, 'Merit_Note', 'Merit_Note', 'Merit_Note', '{\n  "steps": [\n    {\n      "table": "BASEPAY_MASTER",\n      "inMappingColumn": "",\n      "outMappingColumn": "EMPLOYEE_MASTER_ID",\n      "level": 1,\n      "conditions": {\n        "andType": [\n{\n            "columnName": "COMPENSATION_INCREASE_TYPE_ID", \n             "columnValue": 1\n         }\n         ],\n        "orType": []\n      }\n    }\n  ]\n}', 'BASEPAY_MASTER', 'NOTE', NULL, 'test', 'SINGLE', 15, NULL, NULL, NULL, b'0', b'0', 'SUM', 'ACTIVE', '2016-04-27 01:57:16', '2019-11-11 12:52:22'),
	(311, 1, 1, 'Accumulative_Basepay_Total_Amount', 'Accumulative Basepay Total Amount of employee', 'Accumulative Basepay Total Amount of employee', '{\n  "steps": [\n    {\n      "table": "BASEPAY_BUDGET_MASTER",\n      "inMappingColumn": "",\n      "outMappingColumn": "EMPLOYEE_MASTER_ID",\n      "level": 1,\n      "conditions": {\n        "andType": [ {\n             "columnName": "COMPENSATION_INCREASE_TYPE_ID", \n             "columnValue": 8\n            }\n         ],\n        "orType": []\n      }\n    }\n  ]\n}', 'BASEPAY_BUDGET_MASTER', 'DIRECT_REPORTS_BUDGET_TOTAL', NULL, '25000.0', 'SINGLE', 5, NULL, NULL, NULL, b'0', b'0', NULL, 'ACTIVE', '2016-04-27 01:57:16', '2019-11-10 21:27:23'),
	(312, 1, 1, 'Accumulative_Bonus_Total_Amount', 'Accumulative Bonus Total Amount of employee', 'Accumulative Bonus Total Amount of employee', '{\n  "steps": [\n    {\n      "table": "BONUS_BUDGET_MASTER",\n      "inMappingColumn": "",\n      "outMappingColumn": "EMPLOYEE_MASTER_ID",\n      "level": 1,\n      "conditions": {\n        "andType": [ {\n             "columnName": "COMPENSATION_INCREASE_TYPE_ID", \n             "columnValue": 9\n            }\n         ],\n        "orType": []\n      }\n    }\n  ]\n}', 'BONUS_BUDGET_MASTER', 'DIRECT_REPORTS_BUDGET_TOTAL', NULL, '25000.0', 'SINGLE', 5, NULL, NULL, NULL, b'0', b'0', NULL, 'ACTIVE', '2016-04-27 01:57:16', '2019-11-10 21:27:25'),
	(313, 1, 1, 'Accumulative_Stock_Total_Amount', 'Accumulative Stock Total Amount of employee', 'Accumulative Stock Total Amount of employee', '{\n  "steps": [\n    {\n      "table": "STOCK_BUDGET_MASTER",\n      "inMappingColumn": "",\n      "outMappingColumn": "EMPLOYEE_MASTER_ID",\n      "level": 1,\n      "conditions": {\n        "andType": [ {\n             "columnName": "COMPENSATION_INCREASE_TYPE_ID", \n             "columnValue": 10\n            }\n         ],\n        "orType": []\n      }\n    }\n  ]\n}', 'STOCK_BUDGET_MASTER', 'DIRECT_REPORTS_BUDGET_TOTAL', NULL, '25000.0', 'SINGLE', 5, NULL, NULL, NULL, b'0', b'0', NULL, 'ACTIVE', '2016-04-27 01:57:16', '2019-11-10 21:28:10'),
	(314, 1, 1, 'Accumulative_Basepay_Allocated_Amount', 'Accumulative Basepay Allocated Amount of employee', 'Accumulative Basepay Allocated Amount of employee', '{\n  "steps": [\n    {\n      "table": "BASEPAY_BUDGET_MASTER",\n      "inMappingColumn": "",\n      "outMappingColumn": "EMPLOYEE_MASTER_ID",\n      "level": 1,\n      "conditions": {\n        "andType": [ {\n             "columnName": "COMPENSATION_INCREASE_TYPE_ID", \n             "columnValue": 8\n            }\n         ],\n        "orType": []\n      }\n    }\n  ]\n}', 'BASEPAY_BUDGET_MASTER', 'DIRECT_REPORTS_BUDGET_ALLOCATED', NULL, '25000.0', 'SINGLE', 5, NULL, NULL, NULL, b'0', b'0', NULL, 'ACTIVE', '2016-04-27 01:57:16', '2019-11-10 21:29:49'),
	(315, 1, 1, 'Accumulative_Basepay_Remaining_Amount', 'Accumulative Basepay Remaining Amount of employee', 'Accumulative Basepay Remaining Amount of employee', '{\n  "steps": [\n    {\n      "table": "BASEPAY_BUDGET_MASTER",\n      "inMappingColumn": "",\n      "outMappingColumn": "EMPLOYEE_MASTER_ID",\n      "level": 1,\n      "conditions": {\n        "andType": [ {\n             "columnName": "COMPENSATION_INCREASE_TYPE_ID", \n             "columnValue": 8\n            }\n         ],\n        "orType": []\n      }\n    }\n  ]\n}', 'BASEPAY_BUDGET_MASTER', 'DIRECT_REPORTS_BUDGET_REMAINING', NULL, '25000.0', 'SINGLE', 5, NULL, NULL, NULL, b'0', b'0', NULL, 'ACTIVE', '2016-04-27 01:57:16', '2019-11-10 21:30:10'),
	(316, 1, 1, 'Total_Basepay_Percent', 'Total_Basepay_Percent', 'Total_Basepay_Percent', '{\n  "steps": [\n    {\n      "table": "EMPLOYEE_MASTER",\n      "inMappingColumn": "",\n      "outMappingColumn": "EMPLOYEE_MASTER_ID",\n      "level": 1,\n      "conditions": {\n        "andType": [],\n        "orType": []\n      }\n    },\n    {\n      "table": "EMPLOYEE_DATA",\n      "inMappingColumn": "EMPLOYEE_MASTER_ID",\n      "outMappingColumn": "CUSTOMER_DATA_ID",\n      "level": 2,\n      "conditions": {\n        "andType": [],\n        "orType": []\n      }\n    },\n    {\n      "table": "CUSTOMER_DATA",\n      "inMappingColumn": "CUSTOMER_DATA_ID",\n      "outMappingColumn": "",\n      "level": 3,\n      "conditions": {\n        "andType": [],\n        "orType": []\n      }\n    }\n  ]\n}', 'CUSTOMER_DATA', 'DECIMAL_FIELD1', 'EMPLOYEE_INFORMATION', 'Finance', 'SINGLE', 1, NULL, NULL, NULL, b'0', b'1', 'SUM', 'ACTIVE', '2015-06-08 15:37:10', '2019-07-29 00:49:07'),
	(317, 1, 1, 'Last_Basepay_Increase', 'Last_Basepay_Increase', 'Last_Basepay_Increase', '{\n  "steps": [\n    {\n      "table": "EMPLOYEE_MASTER",\n      "inMappingColumn": "",\n      "outMappingColumn": "EMPLOYEE_MASTER_ID",\n      "level": 1,\n      "conditions": {\n        "andType": [],\n        "orType": []\n      }\n    },\n    {\n      "table": "EMPLOYEE_DATA",\n      "inMappingColumn": "EMPLOYEE_MASTER_ID",\n      "outMappingColumn": "CUSTOMER_DATA_ID",\n      "level": 2,\n      "conditions": {\n        "andType": [],\n        "orType": []\n      }\n    },\n    {\n      "table": "CUSTOMER_DATA",\n      "inMappingColumn": "CUSTOMER_DATA_ID",\n      "outMappingColumn": "",\n      "level": 3,\n      "conditions": {\n        "andType": [],\n        "orType": []\n      }\n    }\n  ]\n}', 'CUSTOMER_DATA', 'DECIMAL_FIELD2', 'EMPLOYEE_INFORMATION', 'Finance', 'SINGLE', 1, NULL, NULL, NULL, b'0', b'1', NULL, 'ACTIVE', '2015-06-08 15:37:10', '2019-04-15 20:03:43'),
	(318, 1, 1, 'Promotion_Note', 'Promotion_Note', 'Promotion_Note', '{\n  "steps": [\n    {\n      "table": "BASEPAY_MASTER",\n      "inMappingColumn": "",\n      "outMappingColumn": "EMPLOYEE_MASTER_ID",\n      "level": 1,\n      "conditions": {\n        "andType": [\n{\n            "columnName": "COMPENSATION_INCREASE_TYPE_ID", \n             "columnValue": 2\n         }\n         ],\n        "orType": []\n      }\n    }\n  ]\n}', 'BASEPAY_MASTER', 'NOTE', NULL, 'test', 'SINGLE', 15, NULL, NULL, NULL, b'0', b'0', 'SUM', 'ACTIVE', '2016-04-27 01:57:16', '2019-11-11 12:52:54'),
	(320, 1, 1, 'Bonus_Note', 'Bonus_Note', 'Bonus_Note', '{\n  "steps": [\n    {\n      "table": "BONUS_MASTER",\n      "inMappingColumn": "",\n      "outMappingColumn": "EMPLOYEE_MASTER_ID",\n      "level": 1,\n      "conditions": {\n        "andType": [\n{\n            "columnName": "COMPENSATION_INCREASE_TYPE_ID", \n             "columnValue": 3\n         }\n         ],\n        "orType": []\n      }\n    }\n  ]\n}', 'BONUS_MASTER', 'NOTE', NULL, 'test', 'SINGLE', 15, NULL, NULL, NULL, b'0', b'0', 'SUM', 'ACTIVE', '2016-04-27 01:57:16', '2019-11-30 18:31:58'),
	(321, 1, 1, 'Spot_Bonus_Note', 'Spot_Bonus_Note', 'Spot_Bonus_Note', '{\n  "steps": [\n    {\n      "table": "BONUS_MASTER",\n      "inMappingColumn": "",\n      "outMappingColumn": "EMPLOYEE_MASTER_ID",\n      "level": 1,\n      "conditions": {\n        "andType": [\n{\n            "columnName": "COMPENSATION_INCREASE_TYPE_ID", \n             "columnValue": 4\n         }\n         ],\n        "orType": []\n      }\n    }\n  ]\n}', 'BONUS_MASTER', 'NOTE', NULL, 'test', 'SINGLE', 15, NULL, NULL, NULL, b'0', b'0', 'SUM', 'ACTIVE', '2016-04-27 01:57:16', '2019-11-30 18:32:11'),
	(322, 1, 1, 'StringField1', 'StringField1', 'StringField1', '{\n  "steps": [\n    {\n      "table": "EMPLOYEE_MASTER",\n      "inMappingColumn": "",\n      "outMappingColumn": "EMPLOYEE_MASTER_ID",\n      "level": 1,\n      "conditions": {\n        "andType": [],\n        "orType": []\n      }\n    },\n    {\n      "table": "EMPLOYEE_DATA",\n      "inMappingColumn": "EMPLOYEE_MASTER_ID",\n      "outMappingColumn": "CUSTOMER_DATA_ID",\n      "level": 2,\n      "conditions": {\n        "andType": [],\n        "orType": []\n      }\n    },\n    {\n      "table": "CUSTOMER_DATA",\n      "inMappingColumn": "CUSTOMER_DATA_ID",\n      "outMappingColumn": "",\n      "level": 3,\n      "conditions": {\n        "andType": [],\n        "orType": []\n      }\n    }\n  ]\n}', 'CUSTOMER_DATA', 'STRING_FIELD1', 'EMPLOYEE_INFORMATION', 'Finance', 'SINGLE', 1, NULL, NULL, NULL, b'0', b'1', NULL, 'ACTIVE', '2015-06-08 15:37:10', '2019-11-11 13:37:24'),
	(323, 1, 1, 'StringField2', 'StringField2', 'StringField2', '{\n  "steps": [\n    {\n      "table": "EMPLOYEE_MASTER",\n      "inMappingColumn": "",\n      "outMappingColumn": "EMPLOYEE_MASTER_ID",\n      "level": 1,\n      "conditions": {\n        "andType": [],\n        "orType": []\n      }\n    },\n    {\n      "table": "EMPLOYEE_DATA",\n      "inMappingColumn": "EMPLOYEE_MASTER_ID",\n      "outMappingColumn": "CUSTOMER_DATA_ID",\n      "level": 2,\n      "conditions": {\n        "andType": [],\n        "orType": []\n      }\n    },\n    {\n      "table": "CUSTOMER_DATA",\n      "inMappingColumn": "CUSTOMER_DATA_ID",\n      "outMappingColumn": "",\n      "level": 3,\n      "conditions": {\n        "andType": [],\n        "orType": []\n      }\n    }\n  ]\n}', 'CUSTOMER_DATA', 'STRING_FIELD2', 'EMPLOYEE_INFORMATION', 'Finance', 'SINGLE', 1, NULL, NULL, NULL, b'0', b'1', NULL, 'ACTIVE', '2015-06-08 15:37:10', '2019-04-15 20:03:43'),
	(324, 1, 1, 'StringField3', 'StringField3', 'StringField3', '{\n  "steps": [\n    {\n      "table": "EMPLOYEE_MASTER",\n      "inMappingColumn": "",\n      "outMappingColumn": "EMPLOYEE_MASTER_ID",\n      "level": 1,\n      "conditions": {\n        "andType": [],\n        "orType": []\n      }\n    },\n    {\n      "table": "EMPLOYEE_DATA",\n      "inMappingColumn": "EMPLOYEE_MASTER_ID",\n      "outMappingColumn": "CUSTOMER_DATA_ID",\n      "level": 2,\n      "conditions": {\n        "andType": [],\n        "orType": []\n      }\n    },\n    {\n      "table": "CUSTOMER_DATA",\n      "inMappingColumn": "CUSTOMER_DATA_ID",\n      "outMappingColumn": "",\n      "level": 3,\n      "conditions": {\n        "andType": [],\n        "orType": []\n      }\n    }\n  ]\n}', 'CUSTOMER_DATA', 'STRING_FIELD3', 'EMPLOYEE_INFORMATION', 'Finance', 'SINGLE', 1, NULL, NULL, NULL, b'0', b'1', NULL, 'ACTIVE', '2015-06-08 15:37:10', '2019-04-15 20:03:43'),
	(325, 1, 1, 'StringField4', 'StringField4', 'StringField4', '{\n  "steps": [\n    {\n      "table": "EMPLOYEE_MASTER",\n      "inMappingColumn": "",\n      "outMappingColumn": "EMPLOYEE_MASTER_ID",\n      "level": 1,\n      "conditions": {\n        "andType": [],\n        "orType": []\n      }\n    },\n    {\n      "table": "EMPLOYEE_DATA",\n      "inMappingColumn": "EMPLOYEE_MASTER_ID",\n      "outMappingColumn": "CUSTOMER_DATA_ID",\n      "level": 2,\n      "conditions": {\n        "andType": [],\n        "orType": []\n      }\n    },\n    {\n      "table": "CUSTOMER_DATA",\n      "inMappingColumn": "CUSTOMER_DATA_ID",\n      "outMappingColumn": "",\n      "level": 3,\n      "conditions": {\n        "andType": [],\n        "orType": []\n      }\n    }\n  ]\n}', 'CUSTOMER_DATA', 'STRING_FIELD4', 'EMPLOYEE_INFORMATION', 'Finance', 'SINGLE', 1, NULL, NULL, NULL, b'0', b'1', NULL, 'ACTIVE', '2015-06-08 15:37:10', '2019-04-15 20:03:43'),
	(326, 1, 1, 'StringField5', 'StringField5', 'StringField5', '{\n  "steps": [\n    {\n      "table": "EMPLOYEE_MASTER",\n      "inMappingColumn": "",\n      "outMappingColumn": "EMPLOYEE_MASTER_ID",\n      "level": 1,\n      "conditions": {\n        "andType": [],\n        "orType": []\n      }\n    },\n    {\n      "table": "EMPLOYEE_DATA",\n      "inMappingColumn": "EMPLOYEE_MASTER_ID",\n      "outMappingColumn": "CUSTOMER_DATA_ID",\n      "level": 2,\n      "conditions": {\n        "andType": [],\n        "orType": []\n      }\n    },\n    {\n      "table": "CUSTOMER_DATA",\n      "inMappingColumn": "CUSTOMER_DATA_ID",\n      "outMappingColumn": "",\n      "level": 3,\n      "conditions": {\n        "andType": [],\n        "orType": []\n      }\n    }\n  ]\n}', 'CUSTOMER_DATA', 'STRING_FIELD5', 'EMPLOYEE_INFORMATION', 'Finance', 'SINGLE', 1, NULL, NULL, NULL, b'0', b'1', NULL, 'ACTIVE', '2015-06-08 15:37:10', '2019-04-15 20:03:43'),
	(327, 1, 1, 'TextField1', 'TextField1', 'TextField1', '{\n  "steps": [\n    {\n      "table": "EMPLOYEE_MASTER",\n      "inMappingColumn": "",\n      "outMappingColumn": "EMPLOYEE_MASTER_ID",\n      "level": 1,\n      "conditions": {\n        "andType": [],\n        "orType": []\n      }\n    },\n    {\n      "table": "EMPLOYEE_DATA",\n      "inMappingColumn": "EMPLOYEE_MASTER_ID",\n      "outMappingColumn": "CUSTOMER_DATA_ID",\n      "level": 2,\n      "conditions": {\n        "andType": [],\n        "orType": []\n      }\n    },\n    {\n      "table": "CUSTOMER_DATA",\n      "inMappingColumn": "CUSTOMER_DATA_ID",\n      "outMappingColumn": "",\n      "level": 3,\n      "conditions": {\n        "andType": [],\n        "orType": []\n      }\n    }\n  ]\n}', 'CUSTOMER_DATA', 'TEXT_FIELD1', 'EMPLOYEE_INFORMATION', 'Finance', 'SINGLE', 1, NULL, NULL, NULL, b'0', b'1', NULL, 'ACTIVE', '2015-06-08 15:37:10', '2019-04-15 20:03:43'),
	(328, 1, 1, 'TextField2', 'TextField2', 'TextField2', '{\n  "steps": [\n    {\n      "table": "EMPLOYEE_MASTER",\n      "inMappingColumn": "",\n      "outMappingColumn": "EMPLOYEE_MASTER_ID",\n      "level": 1,\n      "conditions": {\n        "andType": [],\n        "orType": []\n      }\n    },\n    {\n      "table": "EMPLOYEE_DATA",\n      "inMappingColumn": "EMPLOYEE_MASTER_ID",\n      "outMappingColumn": "CUSTOMER_DATA_ID",\n      "level": 2,\n      "conditions": {\n        "andType": [],\n        "orType": []\n      }\n    },\n    {\n      "table": "CUSTOMER_DATA",\n      "inMappingColumn": "CUSTOMER_DATA_ID",\n      "outMappingColumn": "",\n      "level": 3,\n      "conditions": {\n        "andType": [],\n        "orType": []\n      }\n    }\n  ]\n}', 'CUSTOMER_DATA', 'TEXT_FIELD2', 'EMPLOYEE_INFORMATION', 'Finance', 'SINGLE', 1, NULL, NULL, NULL, b'0', b'1', NULL, 'ACTIVE', '2015-06-08 15:37:10', '2019-04-15 20:03:43'),
	(329, 1, 1, 'New_External_Data_Name', 'External Analysyis Data Name', 'External Analysis Data Name', '{\n  "steps": [\n    {\n      "table": "EMPLOYEE_MASTER",\n      "inMappingColumn": "",\n      "outMappingColumn": "EMPLOYEE_MASTER_ID",\n      "level": 1,\n      "conditions": {\n        "andType": [],\n        "orType": []\n      }\n    },\n    {\n      "table": "EMPLOYEE_DATA",\n      "inMappingColumn": "EMPLOYEE_MASTER_ID",\n      "outMappingColumn": "CURRENT_EXTERNAL_ANALYSIS_DATA_ID",\n      "level": 2,\n      "conditions": {\n        "andType": [],\n        "orType": []\n      }\n    },\n    {\n      "table": "EXTERNAL_ANALYSIS_DATA",\n      "inMappingColumn": "EXTERNAL_ANALYSIS_DATA_ID",\n      "outMappingColumn": "",\n      "level": 3,\n      "conditions": {\n        "andType": [],\n        "orType": []\n      }\n    }\n  ]\n}', 'EXTERNAL_ANALYSIS_DATA', 'NAME', 'JOB_DATA', '3', 'SINGLE', 1, NULL, NULL, NULL, b'0', b'1', NULL, 'ACTIVE', '2016-04-27 01:57:16', '2019-11-11 13:42:43'),
	(330, 1, 1, 'New_External_Data_Min', 'External_Data_Min', 'External_Data_Min', '{\n  "steps": [\n    {\n      "table": "EMPLOYEE_MASTER",\n      "inMappingColumn": "",\n      "outMappingColumn": "EMPLOYEE_MASTER_ID",\n      "level": 1,\n      "conditions": {\n        "andType": [],\n        "orType": []\n      }\n    },\n    {\n      "table": "EMPLOYEE_DATA",\n      "inMappingColumn": "EMPLOYEE_MASTER_ID",\n      "outMappingColumn": "CURRENT_EXTERNAL_ANALYSIS_DATA_ID",\n      "level": 2,\n      "conditions": {\n        "andType": [],\n        "orType": []\n      }\n    },\n    {\n      "table": "EXTERNAL_ANALYSIS_DATA",\n      "inMappingColumn": "EXTERNAL_ANALYSIS_DATA_ID",\n      "outMappingColumn": "",\n      "level": 3,\n      "conditions": {\n        "andType": [],\n        "orType": []\n      }\n    }\n  ]\n}', 'EXTERNAL_ANALYSIS_DATA', 'MIN_VALUE', 'JOB_DATA', '3', 'SINGLE', 1, NULL, NULL, NULL, b'0', b'0', NULL, 'ACTIVE', '2016-04-27 01:57:16', '2019-11-11 13:42:48'),
	(331, 1, 1, 'New_External_Data_Mid', 'External_Data_Mid', 'External_Data_Mid', '{\n  "steps": [\n    {\n      "table": "EMPLOYEE_MASTER",\n      "inMappingColumn": "",\n      "outMappingColumn": "EMPLOYEE_MASTER_ID",\n      "level": 1,\n      "conditions": {\n        "andType": [],\n        "orType": []\n      }\n    },\n    {\n      "table": "EMPLOYEE_DATA",\n      "inMappingColumn": "EMPLOYEE_MASTER_ID",\n      "outMappingColumn": "CURRENT_EXTERNAL_ANALYSIS_DATA_ID",\n      "level": 2,\n      "conditions": {\n        "andType": [],\n        "orType": []\n      }\n    },\n    {\n      "table": "EXTERNAL_ANALYSIS_DATA",\n      "inMappingColumn": "EXTERNAL_ANALYSIS_DATA_ID",\n      "outMappingColumn": "",\n      "level": 3,\n      "conditions": {\n        "andType": [],\n        "orType": []\n      }\n    }\n  ]\n}', 'EXTERNAL_ANALYSIS_DATA', 'MID_VALUE', 'JOB_DATA', '3', 'SINGLE', 1, NULL, NULL, NULL, b'0', b'0', NULL, 'ACTIVE', '2016-04-27 01:57:16', '2019-11-11 13:42:53'),
	(332, 1, 1, 'New_External_Data_Max', 'External_Data_Max', 'External_Data_Max', '{\n  "steps": [\n    {\n      "table": "EMPLOYEE_MASTER",\n      "inMappingColumn": "",\n      "outMappingColumn": "EMPLOYEE_MASTER_ID",\n      "level": 1,\n      "conditions": {\n        "andType": [],\n        "orType": []\n      }\n    },\n    {\n      "table": "EMPLOYEE_DATA",\n      "inMappingColumn": "EMPLOYEE_MASTER_ID",\n      "outMappingColumn": "CURRENT_EXTERNAL_ANALYSIS_DATA_ID",\n      "level": 2,\n      "conditions": {\n        "andType": [],\n        "orType": []\n      }\n    },\n    {\n      "table": "EXTERNAL_ANALYSIS_DATA",\n      "inMappingColumn": "EXTERNAL_ANALYSIS_DATA_ID",\n      "outMappingColumn": "",\n      "level": 3,\n      "conditions": {\n        "andType": [],\n        "orType": []\n      }\n    }\n  ]\n}', 'EXTERNAL_ANALYSIS_DATA', 'MAX_VALUE', 'JOB_DATA', '3', 'SINGLE', 1, NULL, NULL, NULL, b'0', b'0', NULL, 'ACTIVE', '2016-04-27 01:57:16', '2019-11-11 13:42:56'),
	(333, 1, 1, 'Performance_Rating_Extra', 'Performance rating of employee', 'Performace Rating', '{\n  "steps": [\n    {\n      "table": "EMPLOYEE_MASTER",\n      "inMappingColumn": "",\n      "outMappingColumn": "EMPLOYEE_MASTER_ID",\n      "level": 1,\n      "conditions": {\n        "andType": [],\n        "orType": []\n      }\n    },\n    {\n      "table": "EMPLOYEE_DATA",\n      "inMappingColumn": "EMPLOYEE_MASTER_ID",\n      "outMappingColumn": "CURRENT_PERF_RATING_EXTRA_ID",\n      "level": 2,\n      "conditions": {\n        "andType": [],\n        "orType": []\n      }\n    },\n    {\n      "table": "PERFORMANCE_RATING_EXTRA",\n      "inMappingColumn": "PERF_RATING_EXTRA_ID",\n      "outMappingColumn": "",\n      "level": 3,\n      "conditions": {\n        "andType": [],\n        "orType": []\n      }\n    }\n  ]\n}', 'PERFORMANCE_RATING_EXTRA', 'PERF_RATING_NAME', 'PERFORMANCE_RATING', 'Average', 'SINGLE', 1, NULL, NULL, NULL, b'0', b'0', 'SUM', 'ACTIVE', '2016-04-27 01:57:16', '2019-11-11 21:44:15'),
	(334, 1, 1, 'Bonus_Proration_Factor', 'Proration factor', 'Basepay Proration', '{\n  "steps": [\n    {\n      "table": "BONUS_MASTER",\n      "inMappingColumn": "",\n      "outMappingColumn": "EMPLOYEE_MASTER_ID",\n      "level": 1,\n      "conditions": {\n        "andType": [\n{\n            "columnName": "COMPENSATION_INCREASE_TYPE_ID", \n             "columnValue": 3\n         }],\n        "orType": []\n      }\n    }\n  ]\n}', 'BONUS_MASTER', 'BONUS_PRORATION_FACTOR', NULL, '3', 'SINGLE', 14, NULL, NULL, NULL, b'0', b'0', 'SUM', 'ACTIVE', '2016-04-27 01:57:16', '2019-04-13 11:11:18'),
	(337, 1, 1, 'Spot_Bonus_Target_Percent', 'Bonus Target Percent', 'Q1 Rewards Target Percent', '{\n  "steps": [\n    {\n      "table": "BONUS_MASTER",\n      "inMappingColumn": "",\n      "outMappingColumn": "EMPLOYEE_MASTER_ID",\n      "level": 1,\n      "conditions": {\n        "andType": [{\n            "columnName": "COMPENSATION_INCREASE_TYPE_ID", \n             "columnValue": 4\n         }],\n        "orType": []\n      }\n    }\n  ]\n}', 'BONUS_MASTER', 'BONUS_TARGET_PERCENT', 'COMPENSATION_DATA', '3', 'SINGLE', 11, NULL, NULL, NULL, b'0', b'0', 'SUM', 'ACTIVE', '2016-04-27 01:57:16', '2019-05-04 16:08:10'),
	(338, 1, 1, 'Spot_Bonus_Target_Amount', 'Bonus Target Amount', 'Q1 Rewards Target Amount', '{\n  "steps": [\n    {\n      "table": "BONUS_MASTER",\n      "inMappingColumn": "",\n      "outMappingColumn": "EMPLOYEE_MASTER_ID",\n      "level": 1,\n      "conditions": {\n        "andType": [{\n            "columnName": "COMPENSATION_INCREASE_TYPE_ID", \n             "columnValue": 4\n         }],\n        "orType": []\n      }\n    }\n  ]\n}', 'BONUS_MASTER', 'BONUS_TARGET_AMOUNT', 'COMPENSATION_DATA', '3', 'SINGLE', 5, NULL, NULL, NULL, b'0', b'0', 'SUM', 'ACTIVE', '2016-04-27 01:57:16', '2019-04-13 11:11:18'),
	(339, 1, 1, 'Note', 'Note', 'Note', '{\n  "steps": [\n    {\n      "table": "BASEPAY_MASTER",\n      "inMappingColumn": "",\n      "outMappingColumn": "EMPLOYEE_MASTER_ID",\n      "level": 1,\n      "conditions": {\n        "andType": [\n{\n            "columnName": "COMPENSATION_INCREASE_TYPE_ID", \n             "columnValue": 1\n         }\n         ],\n        "orType": []\n      }\n    }\n  ]\n}', 'BASEPAY_MASTER', 'NOTE', NULL, 'test', 'SINGLE', 15, NULL, NULL, NULL, b'0', b'0', NULL, 'ACTIVE', '2016-04-27 01:57:16', '2019-11-05 12:52:21');
/*!40000 ALTER TABLE `meta_data` ENABLE KEYS */;


-- Dumping structure for table univision.meta_data_alert
CREATE TABLE IF NOT EXISTS `meta_data_alert` (
  `META_DATA_ALERT_ID` int(11) unsigned NOT NULL AUTO_INCREMENT,
  `ORG_ID` int(11) unsigned NOT NULL,
  `TENANT_ID` int(11) unsigned NOT NULL,
  `ALERT_NAME` varchar(50) NOT NULL,
  `ALERT_DESC` varchar(50) NOT NULL,
  `TEMPLATE` text NOT NULL,
  `THEN_RULE` text NOT NULL,
  `ELSE_RULE` text,
  `ALERT_STATUS` enum('ACTIVE','INACTIVE') NOT NULL DEFAULT 'ACTIVE',
  `CREATED_BY` int(11) unsigned NOT NULL,
  `MODIFIED_BY` int(11) unsigned NOT NULL,
  `CREATED_TIME` datetime NOT NULL,
  `LAST_UPDATED` timestamp NOT NULL DEFAULT CURRENT_TIMESTAMP ON UPDATE CURRENT_TIMESTAMP,
  PRIMARY KEY (`META_DATA_ALERT_ID`),
  UNIQUE KEY `ALERT_NAME` (`ALERT_NAME`),
  KEY `FK_ALERT_ORGANIZATION` (`ORG_ID`),
  KEY `FK_ALERT_TENANT` (`TENANT_ID`),
  KEY `FK_META_DATA_ALERT_EMPLOYEE_MASTER` (`CREATED_BY`),
  KEY `FK_META_DATA_ALERT_EMPLOYEE_MASTER_2` (`MODIFIED_BY`),
  CONSTRAINT `FK_ALERT_ORGANIZATION` FOREIGN KEY (`ORG_ID`) REFERENCES `organization` (`ORG_ID`),
  CONSTRAINT `FK_ALERT_TENANT` FOREIGN KEY (`TENANT_ID`) REFERENCES `tenant` (`TENANT_ID`),
  CONSTRAINT `FK_META_DATA_ALERT_EMPLOYEE_MASTER` FOREIGN KEY (`CREATED_BY`) REFERENCES `employee_master` (`EMPLOYEE_MASTER_ID`),
  CONSTRAINT `FK_META_DATA_ALERT_EMPLOYEE_MASTER_2` FOREIGN KEY (`MODIFIED_BY`) REFERENCES `employee_master` (`EMPLOYEE_MASTER_ID`)
) ENGINE=InnoDB AUTO_INCREMENT=8 DEFAULT CHARSET=latin1;

-- Dumping data for table univision.meta_data_alert: ~0 rows (approximately)
DELETE FROM `meta_data_alert`;
/*!40000 ALTER TABLE `meta_data_alert` DISABLE KEYS */;
INSERT INTO `meta_data_alert` (`META_DATA_ALERT_ID`, `ORG_ID`, `TENANT_ID`, `ALERT_NAME`, `ALERT_DESC`, `TEMPLATE`, `THEN_RULE`, `ELSE_RULE`, `ALERT_STATUS`, `CREATED_BY`, `MODIFIED_BY`, `CREATED_TIME`, `LAST_UPDATED`) VALUES
	(7, 1, 1, 'Target Profit Alert', 'Target Profit Alert', '[ {\r\n  "id" : 0,\r\n  "fields" : [ {\r\n    "id" : "5001",\r\n    "name" : "AND"\r\n  }, {\r\n    "id" : "GVOJXlAv",\r\n    "name" : "Business Unit Target Profit"\r\n  }, {\r\n    "id" : "7004",\r\n    "name" : "!="\r\n  }, {\r\n    "id" : "8001",\r\n    "name" : "10"\r\n  } ]\r\n} ]', 'Target profit is less', NULL, 'ACTIVE', 13, 13, '2018-09-02 20:05:46', '2019-11-01 22:00:56');
/*!40000 ALTER TABLE `meta_data_alert` ENABLE KEYS */;


-- Dumping structure for table univision.meta_data_alert_mapper
CREATE TABLE IF NOT EXISTS `meta_data_alert_mapper` (
  `META_DATA_ALERT_MAPPER_ID` int(11) unsigned NOT NULL AUTO_INCREMENT,
  `ORG_ID` int(11) unsigned NOT NULL,
  `TENANT_ID` int(11) unsigned NOT NULL,
  `META_DATA_ID` int(11) unsigned NOT NULL,
  `NOTIFICATION_VIEW_ID` int(11) unsigned NOT NULL,
  `META_DATA_ALERT_MAPPER_STATUS` enum('ACTIVE','INACTIVE') NOT NULL DEFAULT 'ACTIVE',
  PRIMARY KEY (`META_DATA_ALERT_MAPPER_ID`),
  KEY `FK_META_DATA_ALERT_MAPPER_META_DATA` (`META_DATA_ID`),
  KEY `FK_META_DATA_ALERT_MAPPER_NOTIFICATION_VIEW` (`NOTIFICATION_VIEW_ID`),
  CONSTRAINT `FK_META_DATA_ALERT_MAPPER_META_DATA` FOREIGN KEY (`META_DATA_ID`) REFERENCES `meta_data` (`META_DATA_ID`),
  CONSTRAINT `FK_META_DATA_ALERT_MAPPER_NOTIFICATION_VIEW` FOREIGN KEY (`NOTIFICATION_VIEW_ID`) REFERENCES `notification_view` (`NOTIFICATION_VIEW_ID`)
) ENGINE=InnoDB AUTO_INCREMENT=7 DEFAULT CHARSET=latin1;

-- Dumping data for table univision.meta_data_alert_mapper: ~6 rows (approximately)
DELETE FROM `meta_data_alert_mapper`;
/*!40000 ALTER TABLE `meta_data_alert_mapper` DISABLE KEYS */;
INSERT INTO `meta_data_alert_mapper` (`META_DATA_ALERT_MAPPER_ID`, `ORG_ID`, `TENANT_ID`, `META_DATA_ID`, `NOTIFICATION_VIEW_ID`, `META_DATA_ALERT_MAPPER_STATUS`) VALUES
	(1, 1, 1, 25, 28, 'INACTIVE'),
	(2, 1, 1, 245, 28, 'ACTIVE'),
	(3, 1, 1, 60, 28, 'ACTIVE'),
	(4, 1, 1, 227, 28, 'ACTIVE'),
	(5, 1, 1, 25, 31, 'ACTIVE'),
	(6, 1, 1, 61, 31, 'ACTIVE');
/*!40000 ALTER TABLE `meta_data_alert_mapper` ENABLE KEYS */;


-- Dumping structure for table univision.meta_data_attribute
CREATE TABLE IF NOT EXISTS `meta_data_attribute` (
  `META_DATA_ATTRIBUTE_ID` int(11) unsigned NOT NULL AUTO_INCREMENT,
  `META_DATA_ID` int(11) unsigned NOT NULL,
  `ATTRIBUTE_VALUE` varchar(50) NOT NULL,
  `TLM` timestamp NOT NULL DEFAULT CURRENT_TIMESTAMP ON UPDATE CURRENT_TIMESTAMP,
  PRIMARY KEY (`META_DATA_ATTRIBUTE_ID`),
  KEY `FK_META_DATA_ATTRIBUTE_META_DATA` (`META_DATA_ID`),
  CONSTRAINT `FK_META_DATA_ATTRIBUTE_META_DATA` FOREIGN KEY (`META_DATA_ID`) REFERENCES `meta_data` (`META_DATA_ID`)
) ENGINE=InnoDB DEFAULT CHARSET=latin1;

-- Dumping data for table univision.meta_data_attribute: ~0 rows (approximately)
DELETE FROM `meta_data_attribute`;
/*!40000 ALTER TABLE `meta_data_attribute` DISABLE KEYS */;
/*!40000 ALTER TABLE `meta_data_attribute` ENABLE KEYS */;


-- Dumping structure for table univision.meta_data_equation
CREATE TABLE IF NOT EXISTS `meta_data_equation` (
  `META_DATA_EQUATION_ID` int(11) unsigned NOT NULL AUTO_INCREMENT,
  `ORG_ID` int(11) unsigned NOT NULL,
  `TENANT_ID` int(11) unsigned NOT NULL,
  `EQUATION_NAME` varchar(50) NOT NULL,
  `EQUATION_DESC` varchar(50) NOT NULL,
  `TEMPLATE` longtext NOT NULL,
  `EQUATION_STATUS` enum('ACTIVE','INACTIVE') NOT NULL DEFAULT 'ACTIVE',
  `EQUATION_PRIORITY` int(10) unsigned NOT NULL,
  `EXIT_ON_FAIL` bit(1) NOT NULL DEFAULT b'1',
  `CREATED_BY` int(10) unsigned NOT NULL,
  `MODIFIED_BY` int(10) unsigned NOT NULL,
  `WHEN_CREATED` datetime NOT NULL,
  `STATUS_TLM` datetime NOT NULL,
  `LAST_UPDATED` timestamp NOT NULL DEFAULT CURRENT_TIMESTAMP ON UPDATE CURRENT_TIMESTAMP,
  PRIMARY KEY (`META_DATA_EQUATION_ID`),
  UNIQUE KEY `EQUATION_NAME` (`EQUATION_NAME`),
  KEY `FK_EQUATION_ORGANIZATION_ID` (`ORG_ID`),
  KEY `FK_EQUATION_TENANT_ID` (`TENANT_ID`),
  KEY `FK_META_DATA_EQUATION_EMPLOYEE_MASTER` (`CREATED_BY`),
  KEY `FK_META_DATA_EQUATION_EMPLOYEE_MASTER_2` (`MODIFIED_BY`),
  CONSTRAINT `FK_EQUATION_ORGANIZATION_ID` FOREIGN KEY (`ORG_ID`) REFERENCES `organization` (`ORG_ID`),
  CONSTRAINT `FK_EQUATION_TENANT_ID` FOREIGN KEY (`TENANT_ID`) REFERENCES `tenant` (`TENANT_ID`),
  CONSTRAINT `FK_META_DATA_EQUATION_EMPLOYEE_MASTER` FOREIGN KEY (`CREATED_BY`) REFERENCES `employee_master` (`EMPLOYEE_MASTER_ID`),
  CONSTRAINT `FK_META_DATA_EQUATION_EMPLOYEE_MASTER_2` FOREIGN KEY (`MODIFIED_BY`) REFERENCES `employee_master` (`EMPLOYEE_MASTER_ID`)
) ENGINE=InnoDB AUTO_INCREMENT=48 DEFAULT CHARSET=latin1;

-- Dumping data for table univision.meta_data_equation: ~30 rows (approximately)
DELETE FROM `meta_data_equation`;
/*!40000 ALTER TABLE `meta_data_equation` DISABLE KEYS */;
INSERT INTO `meta_data_equation` (`META_DATA_EQUATION_ID`, `ORG_ID`, `TENANT_ID`, `EQUATION_NAME`, `EQUATION_DESC`, `TEMPLATE`, `EQUATION_STATUS`, `EQUATION_PRIORITY`, `EXIT_ON_FAIL`, `CREATED_BY`, `MODIFIED_BY`, `WHEN_CREATED`, `STATUS_TLM`, `LAST_UPDATED`) VALUES
	(17, 1, 1, 'New Annual Salary', 'New Annual Salary', '[ {\r\n  "id" : 0,\r\n  "fields" : [ {\r\n    "id" : "9001",\r\n    "type" : "operator"\r\n  }, {\r\n    "id" : "31",\r\n    "type" : "metadata"\r\n  }, {\r\n    "id" : "9003",\r\n    "type" : "operator"\r\n  }, {\r\n    "id" : "25",\r\n    "type" : "metadata"\r\n  }, {\r\n    "id" : "9003",\r\n    "type" : "operator"\r\n  }, {\r\n    "id" : "60",\r\n    "type" : "metadata"\r\n  }, {\r\n    "id" : "9003",\r\n    "type" : "operator"\r\n  }, {\r\n    "id" : "245",\r\n    "type" : "metadata"\r\n  }, {\r\n    "id" : "9002",\r\n    "type" : "operator"\r\n  } ]\r\n} ]', 'ACTIVE', 3, b'1', 13, 13, '2018-09-02 22:45:01', '2018-09-02 22:45:01', '2019-04-30 20:30:38'),
	(18, 1, 1, 'New Compensation Increase', 'New Compensation Increase', '[ {\r\n  "id" : 0,\r\n  "fields" : [ {\r\n    "id" : "60",\r\n    "type" : "metadata"\r\n  }, {\r\n    "id" : "9003",\r\n    "type" : "operator"\r\n  }, {\r\n    "id" : "25",\r\n    "type" : "metadata"\r\n  } ]\r\n} ]', 'ACTIVE', 2, b'1', 13, 13, '2018-09-02 22:45:47', '2018-09-02 22:45:47', '2019-04-30 20:29:45'),
	(19, 1, 1, 'New Compensation', 'New Compensation', '[ {\r\n  "id" : 0,\r\n  "fields" : [ {\r\n    "id" : "31",\r\n  "type" : "metadata"\r\n  }, {\r\n    "id" : "9003",\r\n     "type" : "operator"\r\n  }, {\r\n    "id" : "60",\r\n  "type" : "metadata"\r\n  }, {\r\n    "id" : "9003",\r\n    "type" : "operator"\r\n  }, {\r\n    "id" : "25",\r\n  "type" : "metadata"\r\n  } ]\r\n} ]', 'ACTIVE', 4, b'1', 13, 13, '2018-09-02 22:46:27', '2018-09-02 22:46:27', '2019-11-01 22:00:29'),
	(20, 1, 1, 'Merit Increase Percent', 'Merit Increase Percent', '[ {\r\n  "id" : 0,\r\n  "fields" : [ {\r\n    "id" : "9001",\r\n    "type" : "operator"\r\n  }, {\r\n    "id" : "25",\r\n    "type" : "metadata"\r\n  }, {\r\n    "id" : "9006",\r\n     "type" : "operator"\r\n  }, {\r\n    "id" : "31",\r\n    "type" : "metadata"\r\n  }, {\r\n    "id" : "9002",\r\n     "type" : "operator"\r\n  }, {\r\n    "id" : "9005",\r\n    "type" : "operator"\r\n  }, {\r\n    "id" : "8001",\r\n	   "type" : "operator",\r\n    "value" : "100"\r\n  } ]\r\n} ]', 'ACTIVE', 1, b'1', 13, 13, '2018-09-04 18:14:32', '2018-09-04 18:14:32', '2019-11-01 22:00:32'),
	(21, 1, 1, 'Q1BonusCalc', 'perf rating component of bonus plan', '[ {\r\n  "id" : 0,\r\n  "fields" : [ {\r\n    "id" : "153",\r\n "type" : "metadata"\r\n  }, {\r\n    "id" : "9005",\r\n     "type" : "operator"\r\n  }, {\r\n    "id" : "212",\r\n "type" : "metadata"\r\n  }, {\r\n    "id" : "9005",\r\n     "type" : "operator"\r\n  }, {\r\n    "id" : "225",\r\n "type" : "metadata"\r\n  } ]\r\n} ]', 'ACTIVE', 5, b'1', 13, 13, '2018-09-30 12:02:01', '2018-09-30 12:02:01', '2019-04-30 20:25:57'),
	(23, 1, 1, 'Promotion Increase Percent', 'Promotion Increase Percent', '[ {\r\n  "id" : 0,\r\n  "fields" : [ {\r\n    "id" : "9001",\r\n    "type" : "operator"\r\n  }, {\r\n    "id" : "60",\r\n    "type" : "metadata"\r\n  }, {\r\n    "id" : "9006",\r\n      "type" : "operator"\r\n  }, {\r\n    "id" : "31",\r\n      "type" : "metadata"\r\n  }, {\r\n    "id" : "9002",\r\n       "type" : "operator"\r\n  }, {\r\n    "id" : "9005",\r\n    "type" : "operator"\r\n  }, {\r\n    "id" : "8001",\r\n	"type" : "operator",\r\n    "value" : "100"\r\n  } ]\r\n} ]', 'ACTIVE', 2, b'1', 13, 13, '2018-10-30 15:46:12', '2018-10-30 15:46:12', '2019-04-30 20:24:45'),
	(24, 1, 1, 'Merit Budget Allocated', 'Merit Budget Allocated', '[ {\r\n  "id" : 0,\r\n  "fields" : [ {\r\n    "id" : "9001",\r\n    "type" : "operator"\r\n  }, {\r\n    "id" : "38",\r\n     "type" : "metadata"\r\n  }, {\r\n    "id" : "9004",\r\n     "type" : "operator"\r\n  }, {\r\n    "id" : "40",\r\n     "type" : "metadata"\r\n  }, {\r\n    "id" : "9002",\r\n    "type" : "operator"\r\n  } ]\r\n} ]', 'ACTIVE', 8, b'1', 13, 13, '2018-11-01 01:54:44', '2018-11-01 01:54:44', '2019-04-30 20:23:31'),
	(25, 1, 1, 'My Merit Budget Remaining', 'Manager Merit Budget Remaining', '[ {\r\n  "id" : 0,\r\n  "fields" : [ {\r\n    "id" : "9001",\r\n       "type" : "operator"\r\n  }, {\r\n    "id" : "209",\r\n     "type" : "metadata"\r\n  }, {\r\n    "id" : "9004",\r\n       "type" : "operator"\r\n  }, {\r\n    "id" : "9001",\r\n    "type" : "operator"\r\n  }, {\r\n    "id" : "25",\r\n    "type" : "metadata"\r\n  }, {\r\n    "id" : "9004",\r\n        "type" : "operator"\r\n  }, {\r\n    "id" : "234",\r\n   "type" : "metadata"\r\n  }, {\r\n    "id" : "9002",\r\n      "type" : "operator"\r\n  }, {\r\n    "id" : "9002",\r\n        "type" : "operator"\r\n  } ]\r\n} ]', 'ACTIVE', 6, b'1', 13, 13, '2018-11-04 09:49:26', '2018-11-04 09:49:26', '2019-04-30 20:22:41'),
	(26, 1, 1, 'My Merit Budget Allocated', 'Manager Merit Budget Allocated', '[ {\r\n  "id" : 0,\r\n  "fields" : [ {\r\n    "id" : "9001",\r\n     "type" : "operator"\r\n  }, {\r\n    "id" : "203",\r\n   "type" : "metadata"\r\n  }, {\r\n    "id" : "9004",\r\n     "type" : "operator"\r\n  }, {\r\n    "id" : "209",\r\n     "type" : "metadata"\r\n  }, {\r\n    "id" : "9002",\r\n      "type" : "operator"\r\n  } ]\r\n} ]', 'ACTIVE', 7, b'1', 13, 13, '2018-11-04 10:13:27', '2018-11-04 10:13:27', '2019-04-30 20:21:14'),
	(27, 1, 1, 'Last Merit Increase', 'store last merit increase amount', '[ {\r\n  "id" : 0,\r\n  "fields" : [ {\r\n    "id" : "25",\r\n     "type" : "metadata"\r\n  }, {\r\n    "id" : "9003",\r\n     "type" : "operator"\r\n  }, {\r\n    "id" : "8001",\r\n	 "type" : "operator",\r\n    "value" : "0"\r\n  } ]\r\n} ]', 'ACTIVE', 100, b'1', 13, 13, '2018-11-11 20:23:41', '2018-11-11 20:23:41', '2019-04-30 20:20:14'),
	(28, 1, 1, 'Last Promotion Increase', 'store last promotion increase amount', '[ {\r\n  "id" : 0,\r\n  "fields" : [ {\r\n    "id" : "60",\r\n    "type" : "metadata"\r\n  }, {\r\n    "id" : "9003",\r\n    "type" : "operator"\r\n  }, {\r\n    "id" : "8001",\r\n	  "type" : "operator",\r\n    "value" : "0"\r\n  } ]\r\n} ]', 'ACTIVE', 101, b'1', 13, 13, '2018-11-11 20:23:41', '2018-11-11 20:23:41', '2019-04-30 20:19:26'),
	(29, 1, 1, 'My Promotion Budget Remaining', 'Manager Promotion Budget Remaining', '[ {\r\n  "id" : 0,\r\n  "fields" : [ {\r\n    "id" : "9001",\r\n"type" : "operator"\r\n  }, {\r\n    "id" : "215",\r\n    "type" : "metadata"\r\n  }, {\r\n    "id" : "9004",\r\n  "type" : "operator"\r\n  }, {\r\n    "id" : "9001",\r\n  "type" : "operator"\r\n  }, {\r\n    "id" : "60",\r\n   "type" : "metadata"\r\n  }, {\r\n    "id" : "9004",\r\n   "type" : "operator"\r\n  }, {\r\n    "id" : "235",\r\n     "type" : "metadata"\r\n  }, {\r\n    "id" : "9002",\r\n  "type" : "operator"\r\n  }, {\r\n    "id" : "9002",\r\n   "type" : "operator"\r\n  } ]\r\n} ]', 'ACTIVE', 11, b'1', 13, 13, '2018-11-11 22:23:24', '2018-11-11 22:23:24', '2019-04-30 20:18:44'),
	(30, 1, 1, 'My Promotion Budget Allocated', 'Manager Promotion Budget Allocated', '[ {\r\n  "id" : 0,\r\n  "fields" : [ {\r\n    "id" : "9001",\r\n    "type" : "operator"\r\n  }, {\r\n    "id" : "213",\r\n      "type" : "metadata"\r\n  }, {\r\n    "id" : "9004",\r\n      "type" : "operator"\r\n  }, {\r\n    "id" : "215",\r\n    "type" : "metadata"\r\n  }, {\r\n    "id" : "9002",\r\n        "type" : "operator"\r\n  } ]\r\n} ]', 'ACTIVE', 12, b'1', 13, 13, '2018-11-11 22:24:37', '2018-11-11 22:24:37', '2019-04-30 20:17:24'),
	(31, 1, 1, 'Last Spot Bonus Increase', 'store last Spot Bonus Increase', '[ {\r\n  "id" : 0,\r\n  "fields" : [ {\r\n    "id" : "227",\r\n    "type" : "metadata"\r\n  }, {\r\n    "id" : "9003",\r\n	"type" : "operator"\r\n  }, {\r\n    "id" : "8001",\r\n	"type" : "operator",\r\n    "value" : "0"\r\n  } ]\r\n} ]', 'ACTIVE', 102, b'1', 13, 13, '2018-11-13 00:49:30', '2018-11-13 00:49:30', '2019-04-30 20:16:32'),
	(32, 1, 1, 'Spot Bonus Budget Allocated', 'Manager Spot Bonus Budget Allocated', '[ {\r\n  "id" : 0,\r\n  "fields" : [ {\r\n    "id" : "9001",\r\n    "type" : "operator"\r\n  }, {\r\n    "id" : "219",\r\n      "type" : "metadata"\r\n  }, {\r\n    "id" : "9004",\r\n       "type" : "operator"\r\n  }, {\r\n    "id" : "221",\r\n       "type" : "metadata"\r\n  }, {\r\n    "id" : "9002",\r\n      "type" : "operator"\r\n  } ]\r\n} ]', 'ACTIVE', 10, b'1', 13, 13, '2018-11-13 00:51:03', '2018-11-13 00:51:03', '2019-04-30 20:15:41'),
	(33, 1, 1, 'Spot Bonus Budget Remaining', 'Manager Spot Bonus Budget Remaining', '[ {\r\n  "id" : 0,\r\n  "fields" : [ {\r\n    "id" : "9001",\r\n "type" : "operator"\r\n  }, {\r\n    "id" : "221",\r\n    "type" : "metadata"\r\n  }, {\r\n    "id" : "9004",\r\n   "type" : "operator"\r\n  }, {\r\n    "id" : "9001",\r\n    "type" : "operator"\r\n  }, {\r\n    "id" : "227",\r\n    "type" : "metadata"\r\n  }, {\r\n    "id" : "9004",\r\n   "type" : "operator"\r\n  }, {\r\n    "id" : "236",\r\n    "type" : "metadata"\r\n  }, {\r\n    "id" : "9002",\r\n  "type" : "operator"\r\n  }, {\r\n    "id" : "9002",\r\n   "type" : "operator"\r\n  } ]\r\n} ]', 'ACTIVE', 9, b'1', 13, 13, '2018-11-13 00:54:52', '2018-11-13 00:54:52', '2019-04-30 20:14:36'),
	(34, 1, 1, 'Last Q1 Bonus Increase', 'store last Q1 Bonus Increase', '[ {\r\n  "id" : 0,\r\n  "fields" : [ {\r\n    "id" : "34",\r\n  "type" : "metadata"\r\n  }, {\r\n    "id" : "9003",\r\n    "type" : "operator"\r\n  }, {\r\n    "id" : "8001",\r\n    "type" : "operator",\r\n    "value" : "0"\r\n  } ]\r\n} ]', 'ACTIVE', 103, b'1', 13, 13, '2018-11-13 10:50:47', '2018-11-13 10:50:47', '2019-04-30 20:12:31'),
	(35, 1, 1, 'My Q1 Bonus Budget Remaining', 'Manager Q1 Bonus Budget Remaining', '[ {\r\n  "id" : 0,\r\n  "fields" : [ {\r\n    "id" : "9001",\r\n    "type" : "operator"\r\n  }, {\r\n    "id" : "210",\r\n  "type" : "metadata"\r\n  }, {\r\n    "id" : "9004",\r\n    "type" : "operator"\r\n  }, {\r\n    "id" : "9001",\r\n    "type" : "operator"\r\n  }, {\r\n    "id" : "34",\r\n      "type" : "metadata"\r\n  }, {\r\n    "id" : "9004",\r\n    "type" : "operator"\r\n  }, {\r\n    "id" : "237",\r\n  "type" : "metadata"\r\n  }, {\r\n    "id" : "9002",\r\n    "type" : "operator"\r\n  }, {\r\n    "id" : "9002",\r\n    "type" : "operator"\r\n  } ]\r\n} ]', 'ACTIVE', 11, b'1', 13, 13, '2018-11-13 10:54:11', '2018-11-13 10:54:11', '2019-04-30 20:11:34'),
	(36, 1, 1, 'My Q1 Bonus Budget Allocated', 'Manager Q1 Bonus Budget Allocated', '[ {\r\n  "id" : 0,\r\n  "fields" : [ {\r\n    "id" : "9001",\r\n    "type" : "operator"\r\n  }, {\r\n    "id" : "204",\r\n       "type" : "metadata"\r\n  }, {\r\n    "id" : "9004",\r\n    "type" : "operator"\r\n  }, {\r\n    "id" : "210",\r\n          "type" : "metadata"\r\n  }, {\r\n    "id" : "9002",\r\n    "type" : "operator"\r\n  } ]\r\n} ]', 'ACTIVE', 12, b'1', 13, 13, '2018-11-13 10:56:30', '2018-11-13 10:56:30', '2019-12-02 18:33:45'),
	(37, 1, 1, 'Units Allocated Amount', 'Units Allocated Amount', '[ {\r\n  "id" : 0,\r\n  "fields" : [ {\r\n    "id" : "9001",\r\n    "type" : "operator"\r\n  }, {\r\n    "id" : "229",\r\n       "type" : "metadata"\r\n  }, {\r\n    "id" : "9005",\r\n    "type" : "operator"\r\n  }, {\r\n    "id" : "228",\r\n          "type" : "metadata"\r\n  }, {\r\n    "id" : "9002",\r\n    "type" : "operator"\r\n  } ]\r\n} ]', 'ACTIVE', 13, b'1', 13, 13, '2018-11-13 13:36:31', '2018-11-13 13:36:31', '2019-04-30 20:11:08'),
	(38, 1, 1, 'Last Units amount Increase', 'store Last Units amount Increase', '[ {\r\n  "id" : 0,\r\n  "fields" : [ {\r\n    "id" : "9001",\r\n    "type" : "operator"\r\n  }, {\r\n    "id" : "229",\r\n       "type" : "metadata"\r\n  }, {\r\n    "id" : "9005",\r\n    "type" : "operator"\r\n  }, {\r\n    "id" : "228",\r\n        "type" : "metadata"\r\n  }, {\r\n    "id" : "9002",\r\n    "type" : "operator"\r\n  } ]\r\n} ]', 'ACTIVE', 104, b'1', 13, 13, '2018-11-13 13:40:46', '2018-11-13 13:40:46', '2019-04-30 20:10:57'),
	(39, 1, 1, 'My RSU Budget Remaining', 'Manager RSU Budget Remaining', '[ {\r\n  "id" : 0,\r\n  "fields" : [ {\r\n    "id" : "9001",\r\n    "type" : "operator"\r\n  }, {\r\n    "id" : "211",\r\n    "type" : "metadata"\r\n  }, {\r\n    "id" : "9004",\r\n    "type" : "operator"\r\n  }, {\r\n    "id" : "9001",\r\n    "type" : "operator"\r\n  }, {\r\n    "id" : "9001",\r\n    "type" : "operator"\r\n  }, {\r\n    "id" : "228",\r\n    "type" : "metadata"\r\n  }, {\r\n    "id" : "9005",\r\n    "type" : "operator"\r\n  }, {\r\n    "id" : "229",\r\n    "type" : "metadata"\r\n  }, {\r\n    "id" : "9002",\r\n    "type" : "operator"\r\n  }, {\r\n    "id" : "9004",\r\n    "type" : "operator"\r\n  }, {\r\n    "id" : "239",\r\n    "type" : "metadata"\r\n  }, {\r\n    "id" : "9002",\r\n    "type" : "operator"\r\n  }, {\r\n    "id" : "9002",\r\n    "type" : "operator"\r\n  } ]\r\n} ]', 'ACTIVE', 14, b'1', 13, 13, '2018-11-13 13:42:51', '2018-11-13 13:42:51', '2019-04-30 20:10:42'),
	(40, 1, 1, 'My RSU Budget Allocated', 'Manager RSU Budget Allocated', '[ {\r\n  "id" : 0,\r\n  "fields" : [ {\r\n    "id" : "9001",\r\n    "type" : "operator"\r\n  }, {\r\n    "id" : "205",\r\n    "type" : "metadata"\r\n  }, {\r\n    "id" : "9004",\r\n    "type" : "operator"\r\n  }, {\r\n    "id" : "211",\r\n    "type" : "metadata"\r\n  }, {\r\n    "id" : "9002",\r\n    "type" : "operator"\r\n  } ]\r\n} ]', 'ACTIVE', 15, b'1', 13, 13, '2018-11-13 13:43:40', '2018-11-13 13:43:40', '2019-04-30 20:10:24'),
	(41, 1, 1, 'Adjustment Increase Percent', 'Adjustment Increase Percent', '[ {\r\n  "id" : 0,\r\n  "fields" : [ {\r\n    "id" : "9001",\r\n    "type" : "operator"\r\n  }, {\r\n    "id" : "245",\r\n    "type" : "metadata"\r\n  }, {\r\n    "id" : "9006",\r\n    "type" : "operator"\r\n  }, {\r\n    "id" : "31",\r\n    "type" : "metadata"\r\n  }, {\r\n    "id" : "9002",\r\n    "type" : "operator"\r\n  }, {\r\n    "id" : "9005",\r\n    "type" : "operator"\r\n  }, {\r\n    "id" : "8001",\r\n    "type" : "operator",\r\n    "value" : "100"\r\n  } ]\r\n} ]', 'ACTIVE', 13, b'1', 13, 13, '2019-04-01 16:53:22', '2019-04-01 16:53:22', '2019-04-30 20:10:00'),
	(42, 1, 1, 'Total Basepay Increase', 'Total Basepay Increase', '[ {\r\n  "id" : 0,\r\n  "fields" : [ {\r\n    "id" : "60",\r\n    "type" : "metadata"\r\n  }, {\r\n    "id" : "9003",\r\n    "type" : "operator"\r\n  }, {\r\n    "id" : "25",\r\n    "type" : "metadata"\r\n  }, {\r\n    "id" : "9003",\r\n    "type" : "operator"\r\n  }, {\r\n    "id" : "245",\r\n    "type" : "metadata"\r\n  } ]\r\n} ]', 'ACTIVE', 200, b'1', 13, 13, '2019-04-01 16:55:39', '2019-04-01 16:55:39', '2019-04-30 20:09:07'),
	(43, 1, 1, 'Spot Bonus Increase Percent', 'Spot Bonus Increase Percent', '[ {\r\n  "id" : 0,\r\n  "fields" : [ {\r\n    "id" : "9001",\r\n    "type" : "operator"\r\n  }, {\r\n    "id" : "227",\r\n    "type" : "metadata"\r\n  }, {\r\n    "id" : "9006",\r\n    "type" : "operator"\r\n  }, {\r\n    "id" : "31",\r\n    "type" : "metadata"\r\n  }, {\r\n    "id" : "9002",\r\n    "type" : "operator"\r\n  }, {\r\n    "id" : "9005",\r\n    "type" : "operator"\r\n  }, {\r\n    "id" : "8001",\r\n    "type" : "operator",\r\n    "value" : "100"\r\n  } ]\r\n} ]', 'ACTIVE', 12, b'1', 13, 13, '2019-04-01 17:13:38', '2019-04-01 17:13:38', '2019-04-30 20:08:48'),
	(44, 1, 1, 'Last Adjustment Increase', 'store last adjustment increase amount', '[ {\r\n  "id" : 0,\r\n  "fields" : [ {\r\n    "id" : "245",\r\n    "type" : "metadata"\r\n  }, {\r\n    "id" : "9003",\r\n    "type" : "operator"\r\n  }, {\r\n    "id" : "8001",\r\n    "type" : "operator",\r\n    "value" : "0"\r\n  } ]\r\n} ]', 'ACTIVE', 105, b'1', 13, 13, '2019-04-01 21:06:35', '2019-04-01 21:06:35', '2019-04-30 20:07:33'),
	(45, 1, 1, 'My Adjustment Budget Remaining', 'Manager Adjustment Budget Remaining', '[ {\r\n  "id" : 0,\r\n  "fields" : [ {\r\n    "id" : "9001",\r\n    "type" : "operator"\r\n  }, {\r\n    "id" : "243",\r\n    "type" : "metadata"\r\n  }, {\r\n    "id" : "9004",\r\n    "type" : "operator"\r\n  }, {\r\n    "id" : "9001",\r\n    "type" : "operator"\r\n  }, {\r\n    "id" : "245",\r\n    "type" : "metadata"\r\n  }, {\r\n    "id" : "9004",\r\n      "type" : "operator"\r\n  }, {\r\n    "id" : "251",\r\n    "type" : "metadata"\r\n  }, {\r\n    "id" : "9002",\r\n    "type" : "operator"\r\n  }, {\r\n    "id" : "9002",\r\n    "type" : "operator"\r\n  } ]\r\n} ]', 'ACTIVE', 18, b'1', 13, 13, '2019-04-01 21:56:10', '2019-04-01 21:56:10', '2019-04-30 20:06:02'),
	(46, 1, 1, 'My Adjustment Budget Allocated', 'Manager Adjustment Budget Allocated', '[ {\r\n  "id" : 0,\r\n  "fields" : [ {\r\n    "id" : "9001",\r\n    "type" : "operator"\r\n  }, {\r\n    "id" : "242",\r\n    "type" : "metadata"\r\n  }, {\r\n    "id" : "9004",\r\n    "type" : "operator"\r\n  }, {\r\n    "id" : "243",\r\n    "type" : "metadata"\r\n  }, {\r\n    "id" : "9002",\r\n    "type" : "operator"\r\n  } ]\r\n} ]', 'ACTIVE', 19, b'1', 13, 13, '2019-04-01 21:57:24', '2019-04-01 21:57:24', '2019-04-30 20:05:10'),
	(47, 1, 1, 'New Compa Ratio', 'New Compa Ratio', '[ {\r\n  "id" : 0,\r\n  "fields" : [ {\r\n    "id" : "9001",\r\n    "type" : "operator"\r\n  }, {\r\n    "id" : "9001",\r\n    "type" : "operator"\r\n  }, {\r\n    "id" : "32",\r\n    "type" : "metadata"\r\n  }, {\r\n    "id" : "9006",\r\n    "type" : "operator"\r\n  }, {\r\n    "id" : "263",\r\n    "type" : "metadata"\r\n  }, {\r\n    "id" : "9002",\r\n    "type" : "operator"\r\n  }, {\r\n    "id" : "9005",\r\n    "type" : "operator"\r\n  }, {\r\n    "id" : "8001",\r\n    "type" : "operator",\r\n    "value" : "100"\r\n  }, {\r\n    "id" : "9002",\r\n    "type" : "operator"\r\n  } ]\r\n} ]', 'ACTIVE', 19, b'1', 13, 13, '2019-07-28 16:10:06', '2019-07-28 16:10:06', '2019-07-28 16:11:00');
/*!40000 ALTER TABLE `meta_data_equation` ENABLE KEYS */;


-- Dumping structure for table univision.meta_data_format
CREATE TABLE IF NOT EXISTS `meta_data_format` (
  `META_DATA_FORMAT_ID` int(11) unsigned NOT NULL AUTO_INCREMENT,
  `ORG_ID` int(11) unsigned NOT NULL,
  `TENANT_ID` int(11) unsigned NOT NULL,
  `DATA_TYPE` varchar(50) NOT NULL,
  `FORMAT_DISPLAY` varchar(50) NOT NULL,
  `FORMAT_VALUE` varchar(50) NOT NULL,
  `Unit` varchar(50) NOT NULL,
  `FORMAT_STATUS` enum('ACTIVE','INACTIVE') NOT NULL DEFAULT 'ACTIVE',
  PRIMARY KEY (`META_DATA_FORMAT_ID`)
) ENGINE=InnoDB AUTO_INCREMENT=16 DEFAULT CHARSET=latin1;

-- Dumping data for table univision.meta_data_format: ~14 rows (approximately)
DELETE FROM `meta_data_format`;
/*!40000 ALTER TABLE `meta_data_format` DISABLE KEYS */;
INSERT INTO `meta_data_format` (`META_DATA_FORMAT_ID`, `ORG_ID`, `TENANT_ID`, `DATA_TYPE`, `FORMAT_DISPLAY`, `FORMAT_VALUE`, `Unit`, `FORMAT_STATUS`) VALUES
	(1, 1, 1, 'String', 'Lowercase Text', 'lowercase', '', 'ACTIVE'),
	(2, 1, 1, 'Integer', 'Digit (Currency)', 'number', '$', 'ACTIVE'),
	(3, 1, 1, 'String', 'Uppercase Text', 'uppercase', '', 'ACTIVE'),
	(4, 1, 1, 'Double', 'Digit (Currency)', 'number:0', '$', 'ACTIVE'),
	(5, 1, 1, 'Double', 'Digit with 2 fraction (Currency)', 'number:2', '$', 'ACTIVE'),
	(6, 1, 1, 'Double', 'Digit with 4 fraction (Currency)', 'number:4', '$', 'ACTIVE'),
	(7, 1, 1, 'Date', 'Date', 'MM/dd/yyyy', '', 'ACTIVE'),
	(9, 1, 1, 'Integer', 'Digit (Percentage)', 'number', '%', 'ACTIVE'),
	(10, 1, 1, 'Double', 'Digit (Percentage)', 'number:0', '%', 'ACTIVE'),
	(11, 1, 1, 'Double', 'Digit with 2 fraction (Percentage)', 'number:2', '%', 'ACTIVE'),
	(12, 1, 1, 'Double', 'Digit with 4 fraction (Percentage)', 'number:4', '%', 'ACTIVE'),
	(13, 1, 1, 'Integer', 'Digit', 'number', '', 'ACTIVE'),
	(14, 1, 1, 'Double', 'Decimal', 'number', '', 'ACTIVE'),
	(15, 1, 1, 'Text', 'Text', 'Text', 'Text', 'ACTIVE');
/*!40000 ALTER TABLE `meta_data_format` ENABLE KEYS */;


-- Dumping structure for table univision.meta_data_location
CREATE TABLE IF NOT EXISTS `meta_data_location` (
  `META_DATA_LOCATION_ID` int(11) unsigned NOT NULL AUTO_INCREMENT,
  `LOCATION_NAME` varchar(50) NOT NULL,
  `STATUS` enum('ACTIVE','INACTIVE') NOT NULL DEFAULT 'ACTIVE',
  `STATUS_TLM` datetime NOT NULL,
  `LAST_UPDATED` timestamp NOT NULL DEFAULT CURRENT_TIMESTAMP ON UPDATE CURRENT_TIMESTAMP,
  PRIMARY KEY (`META_DATA_LOCATION_ID`),
  UNIQUE KEY `LOCATION_NAME` (`LOCATION_NAME`)
) ENGINE=InnoDB AUTO_INCREMENT=10 DEFAULT CHARSET=utf8;

-- Dumping data for table univision.meta_data_location: ~9 rows (approximately)
DELETE FROM `meta_data_location`;
/*!40000 ALTER TABLE `meta_data_location` DISABLE KEYS */;
INSERT INTO `meta_data_location` (`META_DATA_LOCATION_ID`, `LOCATION_NAME`, `STATUS`, `STATUS_TLM`, `LAST_UPDATED`) VALUES
	(1, 'ALL', 'ACTIVE', '2016-08-06 12:39:24', '2016-08-06 12:39:24'),
	(2, 'PROFILE_VIEW', 'ACTIVE', '2016-08-06 12:39:24', '2016-08-06 12:39:24'),
	(3, 'PLANNING_VIEW', 'ACTIVE', '2016-08-06 12:39:24', '2016-08-06 12:39:24'),
	(4, 'GRID_VIEW', 'ACTIVE', '2016-08-06 12:39:24', '2016-08-06 12:39:24'),
	(5, 'COMPARE_VIEW', 'ACTIVE', '2016-08-06 12:39:24', '2016-08-06 12:39:24'),
	(6, 'REPORT', 'ACTIVE', '2016-08-06 12:39:24', '2016-08-06 12:39:24'),
	(7, 'RULE_ENGINE', 'ACTIVE', '2016-08-06 12:39:24', '2016-08-06 12:39:24'),
	(8, 'INVISIBLE', 'ACTIVE', '2016-09-27 07:43:02', '2016-09-27 07:43:02'),
	(9, 'GUIDELINE_VIEW', 'ACTIVE', '2016-09-27 07:43:02', '2016-09-27 07:43:02');
/*!40000 ALTER TABLE `meta_data_location` ENABLE KEYS */;


-- Dumping structure for table univision.meta_data_location_mapper
CREATE TABLE IF NOT EXISTS `meta_data_location_mapper` (
  `META_DATA_LOCATION_MAPPER` int(11) NOT NULL AUTO_INCREMENT,
  `ORG_ID` int(11) unsigned NOT NULL,
  `TENANT_ID` int(11) unsigned NOT NULL,
  `META_DATA_ID` int(11) unsigned NOT NULL,
  `META_DATA_LOCATION_ID` int(11) unsigned NOT NULL,
  `STATUS` enum('INACTIVE','ACTIVE') NOT NULL DEFAULT 'ACTIVE',
  PRIMARY KEY (`META_DATA_LOCATION_MAPPER`),
  UNIQUE KEY `INDEX 6` (`META_DATA_ID`,`META_DATA_LOCATION_ID`),
  KEY `FK_META_DATA_LOCATION_MAPPER_META_DATA` (`META_DATA_ID`),
  KEY `FK_META_DATA_LOCATION_MAPPER_META_DATA_LOCATION` (`META_DATA_LOCATION_ID`),
  KEY `FK_META_DATA_LOCATION_MAPPER_ORGANIZATION` (`ORG_ID`),
  KEY `FK_META_DATA_LOCATION_MAPPER_TENANT` (`TENANT_ID`),
  CONSTRAINT `FK_META_DATA_LOCATION_MAPPER_META_DATA` FOREIGN KEY (`META_DATA_ID`) REFERENCES `meta_data` (`META_DATA_ID`),
  CONSTRAINT `FK_META_DATA_LOCATION_MAPPER_META_DATA_LOCATION` FOREIGN KEY (`META_DATA_LOCATION_ID`) REFERENCES `meta_data_location` (`META_DATA_LOCATION_ID`),
  CONSTRAINT `FK_META_DATA_LOCATION_MAPPER_ORGANIZATION` FOREIGN KEY (`ORG_ID`) REFERENCES `organization` (`ORG_ID`),
  CONSTRAINT `FK_META_DATA_LOCATION_MAPPER_TENANT` FOREIGN KEY (`TENANT_ID`) REFERENCES `tenant` (`TENANT_ID`)
) ENGINE=InnoDB AUTO_INCREMENT=288 DEFAULT CHARSET=latin1;

-- Dumping data for table univision.meta_data_location_mapper: ~232 rows (approximately)
DELETE FROM `meta_data_location_mapper`;
/*!40000 ALTER TABLE `meta_data_location_mapper` DISABLE KEYS */;
INSERT INTO `meta_data_location_mapper` (`META_DATA_LOCATION_MAPPER`, `ORG_ID`, `TENANT_ID`, `META_DATA_ID`, `META_DATA_LOCATION_ID`, `STATUS`) VALUES
	(1, 1, 1, 44, 5, 'ACTIVE'),
	(2, 1, 1, 95, 1, 'ACTIVE'),
	(3, 1, 1, 73, 9, 'ACTIVE'),
	(4, 1, 1, 94, 1, 'ACTIVE'),
	(5, 1, 1, 88, 1, 'ACTIVE'),
	(6, 1, 1, 108, 1, 'ACTIVE'),
	(7, 1, 1, 128, 1, 'ACTIVE'),
	(8, 1, 1, 148, 1, 'ACTIVE'),
	(9, 1, 1, 11, 1, 'ACTIVE'),
	(10, 1, 1, 126, 1, 'ACTIVE'),
	(11, 1, 1, 5, 1, 'ACTIVE'),
	(12, 1, 1, 26, 1, 'ACTIVE'),
	(13, 1, 1, 25, 3, 'ACTIVE'),
	(14, 1, 1, 25, 4, 'ACTIVE'),
	(15, 1, 1, 25, 5, 'ACTIVE'),
	(16, 1, 1, 25, 6, 'ACTIVE'),
	(17, 1, 1, 25, 7, 'ACTIVE'),
	(18, 1, 1, 70, 3, 'ACTIVE'),
	(19, 1, 1, 70, 4, 'ACTIVE'),
	(20, 1, 1, 70, 5, 'ACTIVE'),
	(21, 1, 1, 70, 6, 'ACTIVE'),
	(22, 1, 1, 70, 7, 'ACTIVE'),
	(23, 1, 1, 165, 4, 'INACTIVE'),
	(24, 1, 1, 71, 1, 'ACTIVE'),
	(25, 1, 1, 71, 4, 'ACTIVE'),
	(27, 1, 1, 71, 6, 'ACTIVE'),
	(28, 1, 1, 71, 7, 'ACTIVE'),
	(29, 1, 1, 72, 3, 'ACTIVE'),
	(30, 1, 1, 72, 4, 'ACTIVE'),
	(31, 1, 1, 72, 5, 'ACTIVE'),
	(32, 1, 1, 72, 6, 'ACTIVE'),
	(33, 1, 1, 168, 3, 'ACTIVE'),
	(35, 1, 1, 27, 1, 'ACTIVE'),
	(36, 1, 1, 33, 4, 'INACTIVE'),
	(37, 1, 1, 34, 5, 'ACTIVE'),
	(38, 1, 1, 35, 4, 'ACTIVE'),
	(39, 1, 1, 36, 4, 'ACTIVE'),
	(40, 1, 1, 37, 1, 'ACTIVE'),
	(41, 1, 1, 38, 4, 'ACTIVE'),
	(42, 1, 1, 39, 4, 'ACTIVE'),
	(43, 1, 1, 40, 4, 'ACTIVE'),
	(44, 1, 1, 41, 4, 'ACTIVE'),
	(45, 1, 1, 42, 4, 'ACTIVE'),
	(46, 1, 1, 43, 4, 'ACTIVE'),
	(47, 1, 1, 44, 4, 'ACTIVE'),
	(48, 1, 1, 51, 4, 'ACTIVE'),
	(49, 1, 1, 52, 4, 'ACTIVE'),
	(50, 1, 1, 53, 4, 'ACTIVE'),
	(51, 1, 1, 54, 4, 'ACTIVE'),
	(52, 1, 1, 55, 4, 'ACTIVE'),
	(53, 1, 1, 56, 4, 'ACTIVE'),
	(54, 1, 1, 58, 4, 'ACTIVE'),
	(55, 1, 1, 59, 4, 'ACTIVE'),
	(56, 1, 1, 60, 4, 'ACTIVE'),
	(57, 1, 1, 61, 4, 'ACTIVE'),
	(58, 1, 1, 62, 1, 'ACTIVE'),
	(59, 1, 1, 64, 4, 'ACTIVE'),
	(60, 1, 1, 65, 1, 'ACTIVE'),
	(61, 1, 1, 66, 1, 'ACTIVE'),
	(62, 1, 1, 67, 1, 'ACTIVE'),
	(63, 1, 1, 68, 1, 'ACTIVE'),
	(64, 1, 1, 73, 1, 'ACTIVE'),
	(65, 1, 1, 22, 1, 'ACTIVE'),
	(68, 1, 1, 179, 9, 'ACTIVE'),
	(69, 1, 1, 180, 9, 'ACTIVE'),
	(70, 1, 1, 181, 9, 'ACTIVE'),
	(71, 1, 1, 22, 9, 'ACTIVE'),
	(72, 1, 1, 92, 9, 'ACTIVE'),
	(73, 1, 1, 26, 9, 'ACTIVE'),
	(74, 1, 1, 178, 1, 'ACTIVE'),
	(76, 1, 1, 82, 1, 'ACTIVE'),
	(77, 1, 1, 32, 4, 'ACTIVE'),
	(78, 1, 1, 194, 4, 'ACTIVE'),
	(79, 1, 1, 193, 4, 'ACTIVE'),
	(80, 1, 1, 13, 1, 'ACTIVE'),
	(81, 1, 1, 197, 1, 'ACTIVE'),
	(82, 1, 1, 18, 1, 'ACTIVE'),
	(85, 1, 1, 27, 9, 'ACTIVE'),
	(86, 1, 1, 28, 9, 'ACTIVE'),
	(87, 1, 1, 29, 9, 'ACTIVE'),
	(88, 1, 1, 183, 4, 'ACTIVE'),
	(89, 1, 1, 184, 4, 'ACTIVE'),
	(90, 1, 1, 185, 4, 'ACTIVE'),
	(91, 1, 1, 47, 4, 'ACTIVE'),
	(92, 1, 1, 191, 4, 'ACTIVE'),
	(95, 1, 1, 10, 1, 'ACTIVE'),
	(96, 1, 1, 45, 4, 'ACTIVE'),
	(97, 1, 1, 46, 4, 'ACTIVE'),
	(99, 1, 1, 50, 4, 'ACTIVE'),
	(101, 1, 1, 192, 4, 'ACTIVE'),
	(102, 1, 1, 57, 4, 'ACTIVE'),
	(103, 1, 1, 31, 1, 'ACTIVE'),
	(104, 1, 1, 28, 1, 'ACTIVE'),
	(105, 1, 1, 29, 1, 'ACTIVE'),
	(106, 1, 1, 196, 1, 'ACTIVE'),
	(107, 1, 1, 195, 1, 'ACTIVE'),
	(108, 1, 1, 20, 1, 'ACTIVE'),
	(109, 1, 1, 206, 1, 'ACTIVE'),
	(110, 1, 1, 209, 1, 'ACTIVE'),
	(111, 1, 1, 203, 1, 'ACTIVE'),
	(112, 1, 1, 207, 1, 'ACTIVE'),
	(113, 1, 1, 208, 1, 'ACTIVE'),
	(114, 1, 1, 204, 1, 'ACTIVE'),
	(115, 1, 1, 205, 1, 'ACTIVE'),
	(116, 1, 1, 210, 1, 'ACTIVE'),
	(117, 1, 1, 211, 1, 'ACTIVE'),
	(118, 1, 1, 108, 7, 'ACTIVE'),
	(119, 1, 1, 25, 1, 'ACTIVE'),
	(120, 1, 1, 60, 1, 'ACTIVE'),
	(121, 1, 1, 31, 7, 'ACTIVE'),
	(124, 1, 1, 60, 7, 'ACTIVE'),
	(127, 1, 1, 32, 1, 'ACTIVE'),
	(128, 1, 1, 34, 1, 'ACTIVE'),
	(129, 1, 1, 36, 1, 'ACTIVE'),
	(130, 1, 1, 38, 1, 'ACTIVE'),
	(131, 1, 1, 39, 1, 'ACTIVE'),
	(132, 1, 1, 40, 1, 'ACTIVE'),
	(133, 1, 1, 45, 1, 'ACTIVE'),
	(134, 1, 1, 46, 1, 'ACTIVE'),
	(135, 1, 1, 47, 1, 'ACTIVE'),
	(136, 1, 1, 50, 1, 'ACTIVE'),
	(137, 1, 1, 51, 1, 'ACTIVE'),
	(138, 1, 1, 52, 1, 'ACTIVE'),
	(139, 1, 1, 55, 1, 'ACTIVE'),
	(140, 1, 1, 56, 1, 'ACTIVE'),
	(141, 1, 1, 57, 1, 'ACTIVE'),
	(142, 1, 1, 192, 1, 'ACTIVE'),
	(143, 1, 1, 193, 1, 'ACTIVE'),
	(144, 1, 1, 194, 1, 'ACTIVE'),
	(145, 1, 1, 61, 5, 'ACTIVE'),
	(146, 1, 1, 179, 5, 'ACTIVE'),
	(147, 1, 1, 182, 5, 'ACTIVE'),
	(148, 1, 1, 183, 5, 'ACTIVE'),
	(149, 1, 1, 40, 5, 'ACTIVE'),
	(150, 1, 1, 60, 5, 'ACTIVE'),
	(151, 1, 1, 185, 5, 'ACTIVE'),
	(152, 1, 1, 184, 5, 'ACTIVE'),
	(153, 1, 1, 47, 5, 'ACTIVE'),
	(155, 1, 1, 41, 1, 'ACTIVE'),
	(156, 1, 1, 42, 1, 'ACTIVE'),
	(157, 1, 1, 212, 1, 'ACTIVE'),
	(158, 1, 1, 63, 1, 'ACTIVE'),
	(159, 1, 1, 101, 1, 'ACTIVE'),
	(160, 1, 1, 99, 1, 'ACTIVE'),
	(161, 1, 1, 99, 3, 'ACTIVE'),
	(162, 1, 1, 99, 4, 'ACTIVE'),
	(163, 1, 1, 191, 7, 'ACTIVE'),
	(164, 1, 1, 222, 7, 'ACTIVE'),
	(165, 1, 1, 223, 7, 'ACTIVE'),
	(166, 1, 1, 224, 7, 'ACTIVE'),
	(167, 1, 1, 61, 7, 'ACTIVE'),
	(168, 1, 1, 225, 1, 'ACTIVE'),
	(169, 1, 1, 152, 1, 'ACTIVE'),
	(170, 1, 1, 153, 1, 'ACTIVE'),
	(171, 1, 1, 215, 1, 'ACTIVE'),
	(174, 1, 1, 221, 1, 'ACTIVE'),
	(175, 1, 1, 228, 1, 'ACTIVE'),
	(176, 1, 1, 229, 1, 'ACTIVE'),
	(177, 1, 1, 230, 1, 'ACTIVE'),
	(178, 1, 1, 231, 5, 'ACTIVE'),
	(179, 1, 1, 232, 5, 'ACTIVE'),
	(180, 1, 1, 233, 5, 'ACTIVE'),
	(181, 1, 1, 206, 7, 'ACTIVE'),
	(182, 1, 1, 209, 7, 'ACTIVE'),
	(183, 1, 1, 203, 7, 'ACTIVE'),
	(184, 1, 1, 234, 1, 'ACTIVE'),
	(185, 1, 1, 235, 1, 'ACTIVE'),
	(186, 1, 1, 236, 1, 'ACTIVE'),
	(187, 1, 1, 213, 1, 'ACTIVE'),
	(188, 1, 1, 220, 1, 'ACTIVE'),
	(190, 1, 1, 227, 1, 'ACTIVE'),
	(191, 1, 1, 219, 1, 'ACTIVE'),
	(192, 1, 1, 223, 1, 'ACTIVE'),
	(193, 1, 1, 237, 1, 'ACTIVE'),
	(194, 1, 1, 238, 1, 'ACTIVE'),
	(195, 1, 1, 239, 1, 'ACTIVE'),
	(202, 1, 1, 240, 9, 'ACTIVE'),
	(208, 1, 1, 214, 3, 'ACTIVE'),
	(221, 1, 1, 12, 2, 'ACTIVE'),
	(222, 1, 1, 245, 1, 'ACTIVE'),
	(223, 1, 1, 240, 1, 'ACTIVE'),
	(225, 1, 1, 248, 7, 'ACTIVE'),
	(227, 1, 1, 247, 7, 'ACTIVE'),
	(229, 1, 1, 246, 7, 'ACTIVE'),
	(230, 1, 1, 244, 1, 'ACTIVE'),
	(231, 1, 1, 243, 1, 'ACTIVE'),
	(232, 1, 1, 242, 1, 'ACTIVE'),
	(233, 1, 1, 214, 1, 'ACTIVE'),
	(237, 1, 1, 226, 1, 'ACTIVE'),
	(238, 1, 1, 93, 1, 'ACTIVE'),
	(240, 1, 1, 248, 1, 'ACTIVE'),
	(241, 1, 1, 247, 1, 'ACTIVE'),
	(242, 1, 1, 246, 1, 'ACTIVE'),
	(243, 1, 1, 252, 1, 'ACTIVE'),
	(244, 1, 1, 183, 1, 'ACTIVE'),
	(247, 1, 1, 257, 1, 'ACTIVE'),
	(248, 1, 1, 262, 1, 'ACTIVE'),
	(249, 1, 1, 263, 1, 'ACTIVE'),
	(250, 1, 1, 264, 1, 'ACTIVE'),
	(252, 1, 1, 265, 1, 'ACTIVE'),
	(253, 1, 1, 269, 1, 'ACTIVE'),
	(255, 1, 1, 270, 1, 'ACTIVE'),
	(256, 1, 1, 275, 1, 'ACTIVE'),
	(257, 1, 1, 314, 1, 'ACTIVE'),
	(258, 1, 1, 315, 1, 'ACTIVE'),
	(259, 1, 1, 311, 1, 'ACTIVE'),
	(260, 1, 1, 165, 1, 'ACTIVE'),
	(261, 1, 1, 164, 1, 'ACTIVE'),
	(262, 1, 1, 163, 1, 'ACTIVE'),
	(263, 1, 1, 162, 1, 'ACTIVE'),
	(264, 1, 1, 332, 1, 'ACTIVE'),
	(265, 1, 1, 331, 1, 'ACTIVE'),
	(266, 1, 1, 330, 1, 'ACTIVE'),
	(267, 1, 1, 329, 1, 'ACTIVE'),
	(268, 1, 1, 320, 1, 'ACTIVE'),
	(269, 1, 1, 310, 1, 'ACTIVE'),
	(270, 1, 1, 318, 1, 'ACTIVE'),
	(271, 1, 1, 321, 1, 'ACTIVE'),
	(272, 1, 1, 322, 1, 'ACTIVE'),
	(273, 1, 1, 323, 1, 'ACTIVE'),
	(274, 1, 1, 324, 1, 'ACTIVE'),
	(275, 1, 1, 325, 1, 'ACTIVE'),
	(276, 1, 1, 326, 1, 'ACTIVE'),
	(277, 1, 1, 327, 1, 'ACTIVE'),
	(278, 1, 1, 328, 1, 'ACTIVE'),
	(279, 1, 1, 333, 1, 'ACTIVE'),
	(280, 1, 1, 334, 1, 'ACTIVE'),
	(283, 1, 1, 337, 1, 'ACTIVE'),
	(284, 1, 1, 338, 1, 'ACTIVE'),
	(285, 1, 1, 33, 1, 'ACTIVE'),
	(286, 1, 1, 339, 1, 'ACTIVE'),
	(287, 1, 1, 156, 1, 'ACTIVE');
/*!40000 ALTER TABLE `meta_data_location_mapper` ENABLE KEYS */;


-- Dumping structure for table univision.meta_data_rule
CREATE TABLE IF NOT EXISTS `meta_data_rule` (
  `META_DATA_RULE_ID` int(11) unsigned NOT NULL AUTO_INCREMENT,
  `ORG_ID` int(11) unsigned NOT NULL,
  `TENANT_ID` int(11) unsigned NOT NULL,
  `RULE_NAME` varchar(50) NOT NULL,
  `TEMPLATE` text NOT NULL,
  `DESCRIPTION` varchar(100) DEFAULT NULL,
  `RULE_STATUS` enum('ACTIVE','INACTIVE') NOT NULL DEFAULT 'ACTIVE',
  `CREATED_BY` int(11) unsigned NOT NULL,
  `MODIFIED_BY` int(11) unsigned NOT NULL,
  `CREATED_ON` timestamp NOT NULL DEFAULT CURRENT_TIMESTAMP ON UPDATE CURRENT_TIMESTAMP,
  `LAST_UPDATED` timestamp NOT NULL DEFAULT CURRENT_TIMESTAMP ON UPDATE CURRENT_TIMESTAMP,
  PRIMARY KEY (`META_DATA_RULE_ID`),
  UNIQUE KEY `RULE_NAME` (`RULE_NAME`),
  KEY `FK_RULE_ORGANIZATION2` (`ORG_ID`),
  KEY `FK_RULE_TENANT2` (`TENANT_ID`),
  KEY `FK_RULE_EMPLOYEE_MASTER` (`CREATED_BY`),
  KEY `FK_META_DATA_RULE_EMPLOYEE_MASTER` (`MODIFIED_BY`),
  CONSTRAINT `FK_META_DATA_RULE_EMPLOYEE_MASTER` FOREIGN KEY (`MODIFIED_BY`) REFERENCES `employee_master` (`EMPLOYEE_MASTER_ID`),
  CONSTRAINT `FK_RULE_EMPLOYEE_MASTER` FOREIGN KEY (`CREATED_BY`) REFERENCES `employee_master` (`EMPLOYEE_MASTER_ID`),
  CONSTRAINT `FK_RULE_ORGANIZATION2` FOREIGN KEY (`ORG_ID`) REFERENCES `organization` (`ORG_ID`),
  CONSTRAINT `FK_RULE_TENANT2` FOREIGN KEY (`TENANT_ID`) REFERENCES `tenant` (`TENANT_ID`)
) ENGINE=InnoDB AUTO_INCREMENT=38 DEFAULT CHARSET=latin1;

-- Dumping data for table univision.meta_data_rule: ~11 rows (approximately)
DELETE FROM `meta_data_rule`;
/*!40000 ALTER TABLE `meta_data_rule` DISABLE KEYS */;
INSERT INTO `meta_data_rule` (`META_DATA_RULE_ID`, `ORG_ID`, `TENANT_ID`, `RULE_NAME`, `TEMPLATE`, `DESCRIPTION`, `RULE_STATUS`, `CREATED_BY`, `MODIFIED_BY`, `CREATED_ON`, `LAST_UPDATED`) VALUES
	(27, 1, 1, 'Maximum Compensation Increase', '{\r\n  "ifRows" : [ {\r\n    "id" : 0,\r\n    "fields" : [ {\r\n      "id" : "0"\r\n    }, {\r\n      "id" : "70",\r\n      "type" : "metadata"\r\n    }, {\r\n      "id" : "7003",\r\n      "type" : "operator"\r\n    }, {\r\n      "id" : "8002",\r\n      "type" : "operator",\r\n      "value" : "FTE"\r\n    } ]\r\n  }, {\r\n    "id" : 1,\r\n    "fields" : [ {\r\n      "id" : "5001",\r\n      "type" : "operator"\r\n    }, {\r\n      "id" : "25",\r\n      "type" : "metadata"\r\n    }, {\r\n      "id" : "7001",\r\n      "type" : "operator"\r\n    }, {\r\n      "id" : "8001",\r\n      "type" : "operator",\r\n      "value" : "20000"\r\n    } ]\r\n  } ],\r\n  "thenRows" : [ ],\r\n  "elseRows" : [ ]\r\n}', 'Compensation Increase max at USD 20000', 'ACTIVE', 13, 13, '2019-05-01 01:51:49', '2019-05-01 01:51:49'),
	(28, 1, 1, 'Hire Date', '{\r\n  "ifRows" : [ {\r\n    "id" : 0,\r\n    "fields" : [ {\r\n      "id" : "0"\r\n    }, {\r\n      "id" : "18",\r\n       "type" : "metadata"\r\n    }, {\r\n      "id" : "7001",\r\n       "type" : "operator"\r\n    }, {\r\n      "id" : "8003",\r\n	  "type" : "operator",\r\n      "value" : "2016-08-04T18:30:00.000Z"\r\n    } ]\r\n  } ],\r\n  "thenRows" : [ ],\r\n  "elseRows" : [ ]\r\n}', 'Employee Hire Date', 'ACTIVE', 13, 13, '2019-05-01 01:51:29', '2019-05-01 01:51:29'),
	(29, 1, 1, 'FTE exempt Wage Violation', '{\r\n  "ifRows" : [ {\r\n    "id" : 0,\r\n    "fields" : [ {\r\n      "id" : "0"\r\n    }, {\r\n      "id" : "20",\r\n      "type" : "metadata"\r\n    }, {\r\n      "id" : "7003",\r\n      "type" : "operator"\r\n    }, {\r\n      "id" : "8002",\r\n	   "type" : "operator",\r\n      "value" : "FTE"\r\n    } ]\r\n  }, {\r\n    "id" : 1,\r\n    "fields" : [ {\r\n      "id" : "5001",\r\n   "type" : "operator"\r\n    }, {\r\n      "id" : "195",\r\n	  "type" : "metadata"\r\n    }, {\r\n      "id" : "7002",\r\n      "type" : "operator"\r\n    }, {\r\n      "id" : "8001",\r\n	   "type" : "operator",\r\n      "value" : "50000"\r\n    } ]\r\n  } ],\r\n  "thenRows" : [ ],\r\n  "elseRows" : [ ]\r\n}', 'FTE exempt Wage Violation', 'ACTIVE', 13, 13, '2019-05-01 02:11:17', '2019-05-01 02:11:17'),
	(30, 1, 1, 'Gender Inequality Pay', '{\r\n  "ifRows" : [ {\r\n    "id" : 0,\r\n    "fields" : [ {\r\n      "id" : "0"\r\n    }, {\r\n      "id" : "10",\r\n   "type" : "metadata"\r\n    }, {\r\n      "id" : "7003",\r\n       "type" : "operator"\r\n    }, {\r\n      "id" : "8002",\r\n	   "type" : "operator",\r\n      "value" : "FEMALE"\r\n    } ]\r\n  }, {\r\n    "id" : 1,\r\n    "fields" : [ {\r\n      "id" : "5001",\r\n      "type" : "operator"\r\n    }, {\r\n      "id" : "32",\r\n     "type" : "metadata"\r\n    }, {\r\n      "id" : "7002",\r\n       "type" : "operator"\r\n    }, {\r\n      "id" : "191",\r\n"type" : "metadata"\r\n    } ]\r\n  } ],\r\n  "thenRows" : [ ],\r\n  "elseRows" : [ ]\r\n}', 'Female employee less than min male average in same job role', 'ACTIVE', 13, 13, '2019-05-01 01:54:03', '2019-05-01 01:54:03'),
	(31, 1, 1, 'CA Min wage', '{\r\n  "ifRows" : [ {\r\n    "id" : 0,\r\n    "fields" : [ {\r\n      "id" : "0"\r\n    }, {\r\n      "id" : "13",\r\n       "type" : "metadata"\r\n    }, {\r\n      "id" : "7003",\r\n      "type" : "operator"\r\n    }, {\r\n      "id" : "8002",\r\n	  "type" : "operator",\r\n      "value" : "CA"\r\n    } ]\r\n  }, {\r\n    "id" : 1,\r\n    "fields" : [ {\r\n      "id" : "5001",\r\n      "type" : "operator"\r\n    }, {\r\n      "id" : "224",\r\n       "type" : "metadata"\r\n    }, {\r\n      "id" : "7002",\r\n      "type" : "operator"\r\n    }, {\r\n      "id" : "8001",\r\n	  "type" : "operator",\r\n      "value" : "15"\r\n    } ]\r\n  } ],\r\n  "thenRows" : [ ],\r\n  "elseRows" : [ ]\r\n}', 'CA minimum wage', 'ACTIVE', 13, 13, '2019-05-01 01:56:02', '2019-05-01 01:56:02'),
	(32, 1, 1, 'FTE', '{\r\n  "ifRows" : [ {\r\n    "id" : 0,\r\n    "fields" : [ {\r\n      "id" : "0"\r\n    }, {\r\n      "id" : "70",\r\n	    "type" : "metadata"\r\n    }, {\r\n      "id" : "7003",\r\n       "type" : "operator"\r\n    }, {\r\n      "id" : "8002",\r\n	    "type" : "operator",\r\n      "value" : "FTE"\r\n    } ]\r\n  } ],\r\n  "thenRows" : [ ],\r\n  "elseRows" : [ ]\r\n}', 'FTE employees', 'ACTIVE', 13, 13, '2019-05-01 01:57:19', '2019-05-01 01:57:19'),
	(33, 1, 1, 'Merit Min guideline', '{\r\n  "ifRows" : [ {\r\n    "id" : 0,\r\n    "fields" : [ {\r\n      "id" : "0"\r\n    }, {\r\n      "id" : "61",\r\n      "type" : "metadata"\r\n    }, {\r\n      "id" : "7002",\r\n  "type" : "operator"\r\n    }, {\r\n      "id" : "222",\r\n     "type" : "metadata"\r\n    } ]\r\n  } ],\r\n  "thenRows" : [ ],\r\n  "elseRows" : [ ]\r\n}', 'Merit Min guideline', 'ACTIVE', 13, 13, '2019-05-01 01:58:48', '2019-05-01 01:58:48'),
	(34, 1, 1, 'Merit Max guideline', '{\r\n  "ifRows" : [ {\r\n    "id" : 0,\r\n    "fields" : [ {\r\n      "id" : "0"\r\n    }, {\r\n      "id" : "61",\r\n	  "type" : "metadata"\r\n    }, {\r\n      "id" : "7001",\r\n       "type" : "operator"\r\n    }, {\r\n      "id" : "223",\r\n	  "type" : "metadata"\r\n    } ]\r\n  } ],\r\n  "thenRows" : [ ],\r\n  "elseRows" : [ ]\r\n}', 'Merit Max guideline', 'ACTIVE', 13, 13, '2019-05-01 02:00:11', '2019-05-01 02:00:11'),
	(35, 1, 1, 'Hire Date 1 yr', '{\r\n  "ifRows" : [ {\r\n    "id" : 0,\r\n    "fields" : [ {\r\n      "id" : "0"\r\n    }, {\r\n      "id" : "18",\r\n      "type" : "metadata"\r\n    }, {\r\n      "id" : "7002",\r\n      "type" : "operator"\r\n    }, {\r\n      "id" : "8003",\r\n      "type" : "operator",\r\n      "value" : "2018-07-01T07:00:00.000Z"\r\n    } ]\r\n  } ],\r\n  "thenRows" : [ ],\r\n  "elseRows" : [ ]\r\n}', 'hire date more than 07 01 2018', 'ACTIVE', 13, 13, '2019-05-01 02:10:55', '2019-05-01 02:10:55'),
	(36, 1, 1, 'Total Basepay Max guideline', '{\r\n  "ifRows" : [ {\r\n    "id" : 0,\r\n    "fields" : [ {\r\n      "id" : 0"\r\n    }, {\r\n      "id" : "183",\r\n	   "type" : "metadata"\r\n    }, {\r\n      "id" : "7001",\r\n     "type" : "operator"\r\n    }, {\r\n      "id" : "223",\r\n	   "type" : "metadata"\r\n    } ]\r\n  } ],\r\n  "thenRows" : [ ],\r\n  "elseRows" : [ ]\r\n}', 'Combine total basepay Max guideline', 'ACTIVE', 13, 13, '2019-05-01 02:05:13', '2019-05-01 02:05:13'),
	(37, 1, 1, 'Spot Bonus Max guideline', '{\r\n  "ifRows" : [ {\r\n    "id" : 0,\r\n    "fields" : [ {\r\n      "id" : "0"\r\n    }, {\r\n      "id" : "226",\r\n	  "type" : "metadata"\r\n    }, {\r\n      "id" : "7001",\r\n      "type" : "operator"\r\n    }, {\r\n      "id" : "257",\r\n	  "type" : "metadata"\r\n    } ]\r\n  } ],\r\n  "thenRows" : [ ],\r\n  "elseRows" : [ ]\r\n}', 'Spot Bonus Max guideline', 'ACTIVE', 13, 13, '2019-05-01 02:07:12', '2019-05-01 02:07:12');
/*!40000 ALTER TABLE `meta_data_rule` ENABLE KEYS */;


-- Dumping structure for table univision.meta_data_rule_mapper
CREATE TABLE IF NOT EXISTS `meta_data_rule_mapper` (
  `META_DATA_RULE_MAPPER_ID` int(11) unsigned NOT NULL AUTO_INCREMENT,
  `ORG_ID` int(11) unsigned NOT NULL,
  `TENANT_ID` int(11) unsigned NOT NULL,
  `META_DATA_ID` int(11) unsigned NOT NULL,
  `META_DATA_RULE_ID` int(11) unsigned NOT NULL,
  `META_DATA_RULE_MAPPER_STATUS` enum('ACTIVE','INACTIVE') NOT NULL DEFAULT 'ACTIVE',
  PRIMARY KEY (`META_DATA_RULE_MAPPER_ID`),
  KEY `FK_META_DATA_RULE_MAPPER_META_DATA` (`META_DATA_ID`),
  KEY `FK_META_DATA_RULE_MAPPER_META_DATA_RULE` (`META_DATA_RULE_ID`),
  CONSTRAINT `FK_META_DATA_RULE_MAPPER_META_DATA` FOREIGN KEY (`META_DATA_ID`) REFERENCES `meta_data` (`META_DATA_ID`),
  CONSTRAINT `FK_META_DATA_RULE_MAPPER_META_DATA_RULE` FOREIGN KEY (`META_DATA_RULE_ID`) REFERENCES `meta_data_rule` (`META_DATA_RULE_ID`)
) ENGINE=InnoDB AUTO_INCREMENT=25 DEFAULT CHARSET=latin1;

-- Dumping data for table univision.meta_data_rule_mapper: ~22 rows (approximately)
DELETE FROM `meta_data_rule_mapper`;
/*!40000 ALTER TABLE `meta_data_rule_mapper` DISABLE KEYS */;
INSERT INTO `meta_data_rule_mapper` (`META_DATA_RULE_MAPPER_ID`, `ORG_ID`, `TENANT_ID`, `META_DATA_ID`, `META_DATA_RULE_ID`, `META_DATA_RULE_MAPPER_STATUS`) VALUES
	(2, 1, 1, 25, 27, 'INACTIVE'),
	(3, 1, 1, 61, 27, 'INACTIVE'),
	(4, 1, 1, 60, 27, 'INACTIVE'),
	(5, 1, 1, 185, 27, 'INACTIVE'),
	(6, 1, 1, 31, 27, 'ACTIVE'),
	(7, 1, 1, 25, 27, 'INACTIVE'),
	(8, 1, 1, 25, 32, 'INACTIVE'),
	(9, 1, 1, 61, 32, 'INACTIVE'),
	(10, 1, 1, 60, 32, 'INACTIVE'),
	(11, 1, 1, 185, 32, 'INACTIVE'),
	(12, 1, 1, 227, 32, 'INACTIVE'),
	(13, 1, 1, 229, 32, 'INACTIVE'),
	(14, 1, 1, 25, 32, 'ACTIVE'),
	(15, 1, 1, 61, 32, 'ACTIVE'),
	(16, 1, 1, 60, 32, 'ACTIVE'),
	(17, 1, 1, 185, 32, 'ACTIVE'),
	(19, 1, 1, 229, 32, 'ACTIVE'),
	(20, 1, 1, 245, 32, 'ACTIVE'),
	(21, 1, 1, 240, 32, 'ACTIVE'),
	(22, 1, 1, 226, 32, 'ACTIVE'),
	(23, 1, 1, 27, 32, 'ACTIVE'),
	(24, 1, 1, 34, 32, 'ACTIVE');
/*!40000 ALTER TABLE `meta_data_rule_mapper` ENABLE KEYS */;


-- Dumping structure for table univision.meta_data_visibility_rule
CREATE TABLE IF NOT EXISTS `meta_data_visibility_rule` (
  `META_DATA_VISIBILITY_RULE_ID` int(11) unsigned NOT NULL AUTO_INCREMENT,
  `ORG_ID` int(11) unsigned NOT NULL,
  `TENANT_ID` int(11) unsigned NOT NULL,
  `VISIBILITY_RULE_NAME` varchar(50) NOT NULL,
  `VISIBILITY_RULE_DESC` varchar(50) NOT NULL,
  `VISIBILITY_RULE_STRING` varchar(50) NOT NULL,
  `VISIBILITY_RULE_STATUS` enum('ACTIVE','INACTIVE') NOT NULL DEFAULT 'ACTIVE',
  `CREATED_BY` varchar(8) NOT NULL,
  `CREATED_TIME` datetime NOT NULL,
  `LAST_UPDATED` timestamp NOT NULL DEFAULT CURRENT_TIMESTAMP ON UPDATE CURRENT_TIMESTAMP,
  PRIMARY KEY (`META_DATA_VISIBILITY_RULE_ID`),
  UNIQUE KEY `VISIBILITY_RULE_NAME` (`VISIBILITY_RULE_NAME`),
  KEY `FK_VISIBILITY_RULE_ORGANIZATION` (`ORG_ID`),
  KEY `FK_VISIBILITY_RULE_TENANT` (`TENANT_ID`),
  CONSTRAINT `FK_VISIBILITY_RULE_ORGANIZATION` FOREIGN KEY (`ORG_ID`) REFERENCES `organization` (`ORG_ID`),
  CONSTRAINT `FK_VISIBILITY_RULE_TENANT` FOREIGN KEY (`TENANT_ID`) REFERENCES `tenant` (`TENANT_ID`)
) ENGINE=InnoDB AUTO_INCREMENT=3 DEFAULT CHARSET=latin1;

-- Dumping data for table univision.meta_data_visibility_rule: ~2 rows (approximately)
DELETE FROM `meta_data_visibility_rule`;
/*!40000 ALTER TABLE `meta_data_visibility_rule` DISABLE KEYS */;
INSERT INTO `meta_data_visibility_rule` (`META_DATA_VISIBILITY_RULE_ID`, `ORG_ID`, `TENANT_ID`, `VISIBILITY_RULE_NAME`, `VISIBILITY_RULE_DESC`, `VISIBILITY_RULE_STRING`, `VISIBILITY_RULE_STATUS`, `CREATED_BY`, `CREATED_TIME`, `LAST_UPDATED`) VALUES
	(1, 1, 1, 'Hide', 'Hide', 'visibility1 test', 'ACTIVE', '1', '2017-10-28 02:09:09', '2018-09-02 12:53:50'),
	(2, 1, 1, 'Show', 'Show', 'visibility2 test', 'ACTIVE', '1', '2017-10-28 02:09:35', '2018-09-02 12:53:51');
/*!40000 ALTER TABLE `meta_data_visibility_rule` ENABLE KEYS */;


-- Dumping structure for table univision.meta_data_visibility_rule_mapper
CREATE TABLE IF NOT EXISTS `meta_data_visibility_rule_mapper` (
  `META_DATA_VISIBILITY_RULE_MAPPER_ID` int(11) unsigned NOT NULL AUTO_INCREMENT,
  `ORG_ID` int(11) unsigned NOT NULL,
  `TENANT_ID` int(11) unsigned NOT NULL,
  `META_DATA_ID` int(11) unsigned NOT NULL,
  `META_DATA_RULE_ID` int(11) unsigned NOT NULL,
  `META_DATA_RULE_MAPPER_STATUS` enum('ACTIVE','INACTIVE') NOT NULL DEFAULT 'ACTIVE',
  PRIMARY KEY (`META_DATA_VISIBILITY_RULE_MAPPER_ID`),
  KEY `FK_META_DATA_VISIBILITY_RULE_MAPPER_META_DATA` (`META_DATA_ID`),
  KEY `FK_META_DATA_VISIBILITY_RULE_MAPPER_META_DATA_RULE` (`META_DATA_RULE_ID`),
  CONSTRAINT `FK_META_DATA_VISIBILITY_RULE_MAPPER_META_DATA` FOREIGN KEY (`META_DATA_ID`) REFERENCES `meta_data` (`META_DATA_ID`),
  CONSTRAINT `FK_META_DATA_VISIBILITY_RULE_MAPPER_META_DATA_RULE` FOREIGN KEY (`META_DATA_RULE_ID`) REFERENCES `meta_data_rule` (`META_DATA_RULE_ID`)
) ENGINE=InnoDB DEFAULT CHARSET=latin1;

-- Dumping data for table univision.meta_data_visibility_rule_mapper: ~0 rows (approximately)
DELETE FROM `meta_data_visibility_rule_mapper`;
/*!40000 ALTER TABLE `meta_data_visibility_rule_mapper` DISABLE KEYS */;
/*!40000 ALTER TABLE `meta_data_visibility_rule_mapper` ENABLE KEYS */;


-- Dumping structure for table univision.notification
CREATE TABLE IF NOT EXISTS `notification` (
  `NOTIFICATION_ID` int(11) unsigned NOT NULL AUTO_INCREMENT,
  `ORG_ID` int(11) unsigned NOT NULL,
  `NOTIFICATION_VIEW_ID` int(11) unsigned NOT NULL,
  `TENANT_ID` int(11) unsigned NOT NULL,
  `NOTIFICATION_NAME` varchar(50) NOT NULL,
  `DESCRIPTION` varchar(50) NOT NULL,
  `VIOLATION_MESSAGE` varchar(200) NOT NULL,
  `IS_MANDATORY` tinyint(1) DEFAULT '0',
  `STATUS` enum('INACTIVE','ACTIVE') NOT NULL DEFAULT 'ACTIVE',
  `STATUS_TLM` datetime NOT NULL,
  `LAST_UPDATED` timestamp NOT NULL DEFAULT CURRENT_TIMESTAMP ON UPDATE CURRENT_TIMESTAMP,
  PRIMARY KEY (`NOTIFICATION_ID`),
  KEY `FK_NOTIFICATION_ORGANIZATION` (`ORG_ID`),
  KEY `FK_NOTIFICATION_TENANT` (`TENANT_ID`),
  KEY `FK_NOTIFICATION_NOTIFICATION_VIEW` (`NOTIFICATION_VIEW_ID`),
  CONSTRAINT `FK_NOTIFICATION_NOTIFICATION_VIEW` FOREIGN KEY (`NOTIFICATION_VIEW_ID`) REFERENCES `notification_view` (`NOTIFICATION_VIEW_ID`),
  CONSTRAINT `FK_NOTIFICATION_ORGANIZATION` FOREIGN KEY (`ORG_ID`) REFERENCES `organization` (`ORG_ID`),
  CONSTRAINT `FK_NOTIFICATION_TENANT` FOREIGN KEY (`TENANT_ID`) REFERENCES `tenant` (`TENANT_ID`)
) ENGINE=InnoDB AUTO_INCREMENT=40 DEFAULT CHARSET=latin1;

-- Dumping data for table univision.notification: ~6 rows (approximately)
DELETE FROM `notification`;
/*!40000 ALTER TABLE `notification` DISABLE KEYS */;
INSERT INTO `notification` (`NOTIFICATION_ID`, `ORG_ID`, `NOTIFICATION_VIEW_ID`, `TENANT_ID`, `NOTIFICATION_NAME`, `DESCRIPTION`, `VIOLATION_MESSAGE`, `IS_MANDATORY`, `STATUS`, `STATUS_TLM`, `LAST_UPDATED`) VALUES
	(34, 1, 28, 1, 'FTE Violation', 'Employee type should be FTE', 'fte violation', 1, 'ACTIVE', '2018-09-02 23:37:35', '2019-04-02 00:13:38'),
	(35, 1, 28, 1, 'Merit Min guideline', 'minimum guideline', 'Merit increase should be more than minimum guideline', 0, 'ACTIVE', '2018-09-02 23:37:35', '2018-09-02 23:37:35'),
	(36, 1, 28, 1, 'Yearly Wage Violation', 'Yearly wage should be greater than $50000', 'wage violation', 0, 'ACTIVE', '2018-09-02 23:37:35', '2019-04-02 00:13:35'),
	(37, 1, 28, 1, 'Merit Max guideline', 'Merit Max guideline', 'Total Basepay Increase Exceed Guideline', 0, 'ACTIVE', '2018-11-12 23:29:37', '2019-04-01 21:43:35'),
	(38, 1, 28, 1, 'Spot Bonus Max guideline', 'Spot Bonus Max guideline', 'Total Spot Bonus Increase Exceed Guideline', 0, 'ACTIVE', '2018-11-12 23:29:37', '2019-04-01 21:43:35'),
	(39, 1, 31, 1, 'MF guideline alert', 'MF guideline alert', 'Max guidline amount violation', 1, 'ACTIVE', '2019-04-20 23:42:03', '2019-04-20 23:42:03');
/*!40000 ALTER TABLE `notification` ENABLE KEYS */;


-- Dumping structure for table univision.notification_rule_mapper
CREATE TABLE IF NOT EXISTS `notification_rule_mapper` (
  `NOTIFICATION_ID` int(11) unsigned NOT NULL,
  `RULE_ID` int(11) unsigned NOT NULL,
  PRIMARY KEY (`NOTIFICATION_ID`,`RULE_ID`),
  KEY `FK_NOTIFICATIONRULE_NOTIFICATION` (`NOTIFICATION_ID`),
  KEY `FK_NOTIFICATIONRULE_RULE` (`RULE_ID`),
  CONSTRAINT `FK_NOTIFICATIONRULE_NOTIFICATION` FOREIGN KEY (`NOTIFICATION_ID`) REFERENCES `notification` (`NOTIFICATION_ID`),
  CONSTRAINT `FK_NOTIFICATIONRULE_RULE` FOREIGN KEY (`RULE_ID`) REFERENCES `meta_data_rule` (`META_DATA_RULE_ID`)
) ENGINE=InnoDB DEFAULT CHARSET=latin1;

-- Dumping data for table univision.notification_rule_mapper: ~6 rows (approximately)
DELETE FROM `notification_rule_mapper`;
/*!40000 ALTER TABLE `notification_rule_mapper` DISABLE KEYS */;
INSERT INTO `notification_rule_mapper` (`NOTIFICATION_ID`, `RULE_ID`) VALUES
	(34, 27),
	(35, 33),
	(36, 29),
	(37, 36),
	(38, 37),
	(39, 34);
/*!40000 ALTER TABLE `notification_rule_mapper` ENABLE KEYS */;


-- Dumping structure for table univision.notification_view
CREATE TABLE IF NOT EXISTS `notification_view` (
  `NOTIFICATION_VIEW_ID` int(11) unsigned NOT NULL AUTO_INCREMENT,
  `ORG_ID` int(11) unsigned NOT NULL,
  `TENANT_ID` int(11) unsigned NOT NULL,
  `LOADED` bit(1) NOT NULL DEFAULT b'0',
  `NAME` varchar(200) NOT NULL,
  `DESCRIPTION` varchar(2000) NOT NULL,
  `STATUS` enum('INACTIVE','ACTIVE') NOT NULL DEFAULT 'ACTIVE',
  `STATUS_TLM` datetime NOT NULL,
  `WHEN_CREATED` datetime NOT NULL,
  `MODIFIED_BY` int(11) unsigned NOT NULL,
  `CREATED_BY` int(11) unsigned NOT NULL,
  `LAST_UPDATED` timestamp NOT NULL DEFAULT CURRENT_TIMESTAMP ON UPDATE CURRENT_TIMESTAMP,
  PRIMARY KEY (`NOTIFICATION_VIEW_ID`),
  KEY `FK_NOTIFICATION_VIEW_ORGANIZATION` (`ORG_ID`),
  KEY `FK_NOTIFICATION_VIEW_TENANT` (`TENANT_ID`),
  KEY `FK_NOTIFICATION_VIEW_EMPLOYEE_MASTER` (`MODIFIED_BY`),
  KEY `FK_NOTIFICATION_VIEW_EMPLOYEE_MASTER_2` (`CREATED_BY`),
  CONSTRAINT `FK_NOTIFICATION_VIEW_EMPLOYEE_MASTER` FOREIGN KEY (`MODIFIED_BY`) REFERENCES `employee_master` (`EMPLOYEE_MASTER_ID`),
  CONSTRAINT `FK_NOTIFICATION_VIEW_EMPLOYEE_MASTER_2` FOREIGN KEY (`CREATED_BY`) REFERENCES `employee_master` (`EMPLOYEE_MASTER_ID`),
  CONSTRAINT `FK_NOTIFICATION_VIEW_ORGANIZATION` FOREIGN KEY (`ORG_ID`) REFERENCES `organization` (`ORG_ID`),
  CONSTRAINT `FK_NOTIFICATION_VIEW_TENANT` FOREIGN KEY (`TENANT_ID`) REFERENCES `tenant` (`TENANT_ID`)
) ENGINE=InnoDB AUTO_INCREMENT=32 DEFAULT CHARSET=latin1;

-- Dumping data for table univision.notification_view: ~4 rows (approximately)
DELETE FROM `notification_view`;
/*!40000 ALTER TABLE `notification_view` DISABLE KEYS */;
INSERT INTO `notification_view` (`NOTIFICATION_VIEW_ID`, `ORG_ID`, `TENANT_ID`, `LOADED`, `NAME`, `DESCRIPTION`, `STATUS`, `STATUS_TLM`, `WHEN_CREATED`, `MODIFIED_BY`, `CREATED_BY`, `LAST_UPDATED`) VALUES
	(28, 1, 1, b'1', 'Employee alert group', 'Employee alerts', 'ACTIVE', '2018-09-02 23:37:35', '2018-09-02 23:37:35', 13, 13, '2019-11-01 22:01:34'),
	(29, 1, 1, b'0', 'Spot bonus alert group', 'Spot bonus alert group', 'ACTIVE', '2019-04-01 23:43:07', '2019-04-01 23:43:07', 13, 13, '2019-04-01 23:43:07'),
	(30, 1, 1, b'0', 'MF_Alert', 'MF alerts', 'ACTIVE', '2019-04-12 20:34:45', '2019-04-12 20:34:45', 13, 13, '2019-04-12 20:34:45'),
	(31, 1, 1, b'0', 'MF guideline alert', 'MF guideline alert', 'ACTIVE', '2019-04-20 23:42:03', '2019-04-20 23:42:03', 13, 13, '2019-04-20 23:42:03');
/*!40000 ALTER TABLE `notification_view` ENABLE KEYS */;


-- Dumping structure for table univision.organization
CREATE TABLE IF NOT EXISTS `organization` (
  `ORG_ID` int(11) unsigned NOT NULL AUTO_INCREMENT,
  `TENANT_ID` int(11) unsigned NOT NULL,
  `ORG_NAME` varchar(50) NOT NULL,
  `DISPLAY_NAME` varchar(50) DEFAULT NULL,
  `ORG_DESC` varchar(50) DEFAULT NULL,
  `ORG_ADDRESS` varchar(50) DEFAULT NULL,
  `ORG_PHONE` varchar(50) DEFAULT NULL,
  `ORG_EMAIL` varchar(50) DEFAULT NULL,
  `IDENTIFICATION_NO` varchar(50) DEFAULT NULL,
  `ORG_CODE` varchar(50) DEFAULT NULL,
  `LOGO` varchar(50) DEFAULT NULL,
  `ACTUAL_REVENUE` double DEFAULT NULL,
  `ACTUAL_SALES` double DEFAULT NULL,
  `ACTUAL_PROFIT` double DEFAULT NULL,
  `FREQUENCY` varchar(50) DEFAULT NULL,
  `PERIOD_START_DATE` date DEFAULT NULL,
  `PERIOD_END_DATE` date DEFAULT NULL,
  `TARGET_REVENUE` double DEFAULT NULL,
  `TARGET_SALES` double DEFAULT NULL,
  `TARGET_PROFIT` double DEFAULT NULL,
  `REVENUE_MULTIPLIER` double DEFAULT NULL,
  `SALES_MULTIPLIER` double DEFAULT NULL,
  `PROFIT_MULTIPLIER` double DEFAULT NULL,
  `WHEN_CREATED` datetime NOT NULL,
  `STATUS` enum('ACTIVE','INACTIVE') NOT NULL DEFAULT 'ACTIVE',
  `STATUS_TLM` datetime NOT NULL,
  `LAST_UPDATED` timestamp NOT NULL DEFAULT CURRENT_TIMESTAMP ON UPDATE CURRENT_TIMESTAMP,
  PRIMARY KEY (`ORG_ID`),
  KEY `FK_ORGANIZATION_TENANT` (`TENANT_ID`),
  CONSTRAINT `FK_ORGANIZATION_TENANT` FOREIGN KEY (`TENANT_ID`) REFERENCES `tenant` (`TENANT_ID`)
) ENGINE=InnoDB AUTO_INCREMENT=2 DEFAULT CHARSET=utf8 ROW_FORMAT=COMPACT;

-- Dumping data for table univision.organization: ~0 rows (approximately)
DELETE FROM `organization`;
/*!40000 ALTER TABLE `organization` DISABLE KEYS */;
INSERT INTO `organization` (`ORG_ID`, `TENANT_ID`, `ORG_NAME`, `DISPLAY_NAME`, `ORG_DESC`, `ORG_ADDRESS`, `ORG_PHONE`, `ORG_EMAIL`, `IDENTIFICATION_NO`, `ORG_CODE`, `LOGO`, `ACTUAL_REVENUE`, `ACTUAL_SALES`, `ACTUAL_PROFIT`, `FREQUENCY`, `PERIOD_START_DATE`, `PERIOD_END_DATE`, `TARGET_REVENUE`, `TARGET_SALES`, `TARGET_PROFIT`, `REVENUE_MULTIPLIER`, `SALES_MULTIPLIER`, `PROFIT_MULTIPLIER`, `WHEN_CREATED`, `STATUS`, `STATUS_TLM`, `LAST_UPDATED`) VALUES
	(1, 1, 'demo', 'demo', 'demo', NULL, NULL, NULL, NULL, NULL, NULL, NULL, NULL, NULL, NULL, NULL, NULL, NULL, NULL, NULL, NULL, NULL, NULL, '2016-08-06 12:52:25', 'ACTIVE', '2018-09-02 23:39:58', '2019-07-17 11:45:31');
/*!40000 ALTER TABLE `organization` ENABLE KEYS */;


-- Dumping structure for table univision.password_policy
CREATE TABLE IF NOT EXISTS `password_policy` (
  `PASSWORD_POLICY_ID` int(11) unsigned NOT NULL AUTO_INCREMENT,
  `ORG_ID` int(11) unsigned NOT NULL,
  `TENANT_ID` int(11) unsigned NOT NULL,
  `CONFIGURATION` text,
  `STATUS` enum('ACTIVE','INACTIVE') NOT NULL DEFAULT 'ACTIVE',
  `STATUS_TLM` datetime NOT NULL,
  `WHEN_CREATED` datetime NOT NULL,
  `TLM` timestamp NOT NULL DEFAULT CURRENT_TIMESTAMP ON UPDATE CURRENT_TIMESTAMP,
  PRIMARY KEY (`PASSWORD_POLICY_ID`),
  KEY `FK_password_policy_organization` (`ORG_ID`),
  KEY `FK_password_policy_tenant` (`TENANT_ID`),
  CONSTRAINT `FK_password_policy_organization` FOREIGN KEY (`ORG_ID`) REFERENCES `organization` (`ORG_ID`),
  CONSTRAINT `FK_password_policy_tenant` FOREIGN KEY (`TENANT_ID`) REFERENCES `tenant` (`TENANT_ID`)
) ENGINE=InnoDB AUTO_INCREMENT=2 DEFAULT CHARSET=latin1;

-- Dumping data for table univision.password_policy: ~0 rows (approximately)
DELETE FROM `password_policy`;
/*!40000 ALTER TABLE `password_policy` DISABLE KEYS */;
INSERT INTO `password_policy` (`PASSWORD_POLICY_ID`, `ORG_ID`, `TENANT_ID`, `CONFIGURATION`, `STATUS`, `STATUS_TLM`, `WHEN_CREATED`, `TLM`) VALUES
	(1, 1, 1, '{"expiryPeriod":90,"minimumLength":5,"upperCaseLetter":true,"lowerCaseLetter":true,"containsNumber":true,"containsSpecialCharacter":false}', 'ACTIVE', '2019-05-21 09:54:37', '2019-05-21 09:54:38', '2019-05-21 23:46:04');
/*!40000 ALTER TABLE `password_policy` ENABLE KEYS */;


-- Dumping structure for table univision.performance_rating
CREATE TABLE IF NOT EXISTS `performance_rating` (
  `PERF_RATING_ID` int(11) unsigned NOT NULL AUTO_INCREMENT,
  `TENANT_ID` int(11) unsigned NOT NULL,
  `ORG_ID` int(11) unsigned NOT NULL,
  `PERF_RATING_NAME` varchar(100) NOT NULL,
  `PERF_RATING_CODE` varchar(100) DEFAULT NULL,
  `PERF_MULTIFLIER` double DEFAULT NULL,
  `PERF_RATING_STATUS` enum('ACTIVE','INACTIVE') NOT NULL DEFAULT 'ACTIVE',
  `STATUS_TLM` datetime NOT NULL,
  `WHEN_CREATED` datetime NOT NULL,
  `LAST_UPDATED` timestamp NOT NULL DEFAULT CURRENT_TIMESTAMP ON UPDATE CURRENT_TIMESTAMP,
  PRIMARY KEY (`PERF_RATING_ID`),
  UNIQUE KEY `PERF_RATING_NAME` (`PERF_RATING_NAME`),
  KEY `FK_PERFORMANCE_RATING_TENANT` (`TENANT_ID`),
  KEY `FK_PERFORMANCE_RATING_ORGANIZATION` (`ORG_ID`),
  CONSTRAINT `FK_PERFORMANCE_RATING_ORGANIZATION` FOREIGN KEY (`ORG_ID`) REFERENCES `organization` (`ORG_ID`),
  CONSTRAINT `FK_PERFORMANCE_RATING_TENANT` FOREIGN KEY (`TENANT_ID`) REFERENCES `tenant` (`TENANT_ID`)
) ENGINE=InnoDB AUTO_INCREMENT=6 DEFAULT CHARSET=latin1;

-- Dumping data for table univision.performance_rating: ~5 rows (approximately)
DELETE FROM `performance_rating`;
/*!40000 ALTER TABLE `performance_rating` DISABLE KEYS */;
/*!40000 ALTER TABLE `performance_rating` ENABLE KEYS */;


-- Dumping structure for table univision.performance_rating_extra
CREATE TABLE IF NOT EXISTS `performance_rating_extra` (
  `PERF_RATING_EXTRA_ID` int(11) unsigned NOT NULL AUTO_INCREMENT,
  `TENANT_ID` int(11) unsigned NOT NULL,
  `ORG_ID` int(11) unsigned NOT NULL,
  `PERF_RATING_NAME` varchar(100) NOT NULL,
  `PERF_RATING_CODE` varchar(100) DEFAULT NULL,
  `PERF_MULTIFLIER` double DEFAULT NULL,
  `PERF_RATING_STATUS` enum('ACTIVE','INACTIVE') NOT NULL DEFAULT 'ACTIVE',
  `STATUS_TLM` datetime NOT NULL,
  `WHEN_CREATED` datetime NOT NULL,
  `LAST_UPDATED` timestamp NOT NULL DEFAULT CURRENT_TIMESTAMP ON UPDATE CURRENT_TIMESTAMP,
  PRIMARY KEY (`PERF_RATING_EXTRA_ID`),
  UNIQUE KEY `PERF_RATING_NAME2` (`PERF_RATING_NAME`),
  KEY `FK_PERFORMANCE_RATING_TENANT2` (`TENANT_ID`),
  KEY `FK_PERFORMANCE_RATING_ORGANIZATION2` (`ORG_ID`),
  CONSTRAINT `FK_PERFORMANCE_RATING_ORGANIZATION2` FOREIGN KEY (`ORG_ID`) REFERENCES `organization` (`ORG_ID`),
  CONSTRAINT `FK_PERFORMANCE_RATING_TENANT2` FOREIGN KEY (`TENANT_ID`) REFERENCES `tenant` (`TENANT_ID`)
) ENGINE=InnoDB DEFAULT CHARSET=latin1;

-- Dumping data for table univision.performance_rating_extra: ~0 rows (approximately)
DELETE FROM `performance_rating_extra`;
/*!40000 ALTER TABLE `performance_rating_extra` DISABLE KEYS */;
/*!40000 ALTER TABLE `performance_rating_extra` ENABLE KEYS */;


-- Dumping structure for table univision.performance_review
CREATE TABLE IF NOT EXISTS `performance_review` (
  `PERFORMANCE_REVIEW_ID` int(11) unsigned NOT NULL AUTO_INCREMENT,
  `TENANT_ID` int(11) unsigned NOT NULL,
  `ORG_ID` int(11) unsigned NOT NULL,
  `EMPLOYEE_MASTER_ID` int(11) unsigned NOT NULL,
  `SUPERVISOR_ID` int(11) unsigned DEFAULT NULL,
  `PERF_RATING_ID` int(11) unsigned DEFAULT NULL,
  `MANAGER_VISIBLE_COMMENT` longtext,
  `EMPLOYEE_VISIBLE_COMMENT` longtext,
  `STATUS` enum('ACTIVE','INACTIVE') NOT NULL DEFAULT 'ACTIVE',
  `STATUS_TLM` datetime NOT NULL,
  `LAST_UPDATED` timestamp NOT NULL DEFAULT CURRENT_TIMESTAMP ON UPDATE CURRENT_TIMESTAMP,
  PRIMARY KEY (`PERFORMANCE_REVIEW_ID`),
  KEY `FK_PERFORMANCE_REVIEW_TENANT` (`TENANT_ID`),
  KEY `FK_PERFORMANCE_REVIEW_ORGANIZATION` (`ORG_ID`),
  KEY `FK_PERFORMANCE_REVIEW_PERFORMANCE_RATING` (`PERF_RATING_ID`),
  KEY `FK_PERFORMANCE_REVIEW_EMPLOYEE_MASTER` (`EMPLOYEE_MASTER_ID`),
  KEY `FK_PERFORMANCE_REVIEW_EMPLOYEE_MASTER_2` (`SUPERVISOR_ID`),
  CONSTRAINT `FK_PERFORMANCE_REVIEW_EMPLOYEE_MASTER` FOREIGN KEY (`EMPLOYEE_MASTER_ID`) REFERENCES `employee_master` (`EMPLOYEE_MASTER_ID`),
  CONSTRAINT `FK_PERFORMANCE_REVIEW_EMPLOYEE_MASTER_2` FOREIGN KEY (`SUPERVISOR_ID`) REFERENCES `employee_master` (`EMPLOYEE_MASTER_ID`),
  CONSTRAINT `FK_PERFORMANCE_REVIEW_ORGANIZATION` FOREIGN KEY (`ORG_ID`) REFERENCES `organization` (`ORG_ID`),
  CONSTRAINT `FK_PERFORMANCE_REVIEW_PERFORMANCE_RATING` FOREIGN KEY (`PERF_RATING_ID`) REFERENCES `performance_rating` (`PERF_RATING_ID`),
  CONSTRAINT `FK_PERFORMANCE_REVIEW_TENANT` FOREIGN KEY (`TENANT_ID`) REFERENCES `tenant` (`TENANT_ID`)
) ENGINE=InnoDB DEFAULT CHARSET=latin1;

-- Dumping data for table univision.performance_review: ~0 rows (approximately)
DELETE FROM `performance_review`;
/*!40000 ALTER TABLE `performance_review` DISABLE KEYS */;
/*!40000 ALTER TABLE `performance_review` ENABLE KEYS */;


-- Dumping structure for table univision.plan
CREATE TABLE IF NOT EXISTS `plan` (
  `PLAN_ID` int(11) unsigned NOT NULL AUTO_INCREMENT,
  `ORG_ID` int(11) unsigned NOT NULL,
  `TENANT_ID` int(11) unsigned NOT NULL,
  `PLAN_NAME` varchar(40) NOT NULL,
  `PLAN_DESC` text,
  `START_DATE` datetime DEFAULT NULL,
  `END_DATE` datetime DEFAULT NULL,
  `PLAN_STATUS` enum('ACTIVE','INACTIVE') NOT NULL,
  `CYCLE` enum('ANNUALLY','SEMI_ANNUALLY','QUARTLY','MONTHLY') NOT NULL DEFAULT 'MONTHLY',
  `STATUS_TLM` datetime NOT NULL,
  `CREATED_BY` int(10) unsigned NOT NULL,
  `MODIFIED_BY` int(10) unsigned NOT NULL,
  `CREATED_TIME` datetime NOT NULL,
  `LAST_UPDATED` timestamp NOT NULL DEFAULT CURRENT_TIMESTAMP ON UPDATE CURRENT_TIMESTAMP,
  PRIMARY KEY (`PLAN_ID`),
  KEY `FK_PLAN_ORGANIZATION` (`ORG_ID`),
  KEY `FK_PLAN_TENANT` (`TENANT_ID`),
  KEY `FK_PLAN_EMPLOYEE_MASTER` (`CREATED_BY`),
  KEY `FK_PLAN_EMPLOYEE_MASTER_2` (`MODIFIED_BY`),
  CONSTRAINT `FK_PLAN_EMPLOYEE_MASTER` FOREIGN KEY (`CREATED_BY`) REFERENCES `employee_master` (`EMPLOYEE_MASTER_ID`),
  CONSTRAINT `FK_PLAN_EMPLOYEE_MASTER_2` FOREIGN KEY (`MODIFIED_BY`) REFERENCES `employee_master` (`EMPLOYEE_MASTER_ID`),
  CONSTRAINT `FK_PLAN_ORGANIZATION` FOREIGN KEY (`ORG_ID`) REFERENCES `organization` (`ORG_ID`),
  CONSTRAINT `FK_PLAN_TENANT` FOREIGN KEY (`TENANT_ID`) REFERENCES `tenant` (`TENANT_ID`)
) ENGINE=InnoDB AUTO_INCREMENT=2 DEFAULT CHARSET=latin1;

-- Dumping data for table univision.plan: ~0 rows (approximately)
DELETE FROM `plan`;
/*!40000 ALTER TABLE `plan` DISABLE KEYS */;
INSERT INTO `plan` (`PLAN_ID`, `ORG_ID`, `TENANT_ID`, `PLAN_NAME`, `PLAN_DESC`, `START_DATE`, `END_DATE`, `PLAN_STATUS`, `CYCLE`, `STATUS_TLM`, `CREATED_BY`, `MODIFIED_BY`, `CREATED_TIME`, `LAST_UPDATED`) VALUES
	(1, 1, 1, 'Semi Annual Plan', 'Semi Annual Plan', '2019-01-01 00:00:00', '2019-12-31 00:00:00', 'ACTIVE', 'MONTHLY', '2016-08-25 09:49:22', 13, 13, '2018-05-01 18:09:47', '2019-11-01 22:04:26');
/*!40000 ALTER TABLE `plan` ENABLE KEYS */;


-- Dumping structure for table univision.profile_view
CREATE TABLE IF NOT EXISTS `profile_view` (
  `PROFILE_VIEW_ID` int(11) unsigned NOT NULL AUTO_INCREMENT,
  `ORG_ID` int(11) unsigned NOT NULL,
  `TENANT_ID` int(11) unsigned NOT NULL,
  `LOADED` bit(1) NOT NULL DEFAULT b'0',
  `NAME` varchar(200) NOT NULL,
  `DESCRIPTION` varchar(2000) NOT NULL,
  `TEMPLATE` longtext NOT NULL,
  `STATUS` enum('ACTIVE','INACTIVE') NOT NULL DEFAULT 'ACTIVE',
  `STATUS_TLM` datetime NOT NULL,
  `WHEN_CREATED` datetime NOT NULL,
  `CREATED_BY` int(11) unsigned NOT NULL,
  `MODIFIED_BY` int(11) unsigned NOT NULL,
  `LAST_UPDATED` timestamp NOT NULL DEFAULT CURRENT_TIMESTAMP ON UPDATE CURRENT_TIMESTAMP,
  PRIMARY KEY (`PROFILE_VIEW_ID`),
  KEY `FK_PROFILE_VIEW_ORGANIZATION` (`ORG_ID`),
  KEY `FK_PROFILE_VIEW_TENANT` (`TENANT_ID`),
  KEY `FK_PROFILE_VIEW_EMPLOYEE_MASTER` (`MODIFIED_BY`),
  KEY `FK_PROFILE_VIEW_EMPLOYEE_MASTER_2` (`CREATED_BY`),
  CONSTRAINT `FK_PROFILE_VIEW_EMPLOYEE_MASTER` FOREIGN KEY (`MODIFIED_BY`) REFERENCES `employee_master` (`EMPLOYEE_MASTER_ID`),
  CONSTRAINT `FK_PROFILE_VIEW_EMPLOYEE_MASTER_2` FOREIGN KEY (`CREATED_BY`) REFERENCES `employee_master` (`EMPLOYEE_MASTER_ID`),
  CONSTRAINT `FK_PROFILE_VIEW_ORGANIZATION` FOREIGN KEY (`ORG_ID`) REFERENCES `organization` (`ORG_ID`),
  CONSTRAINT `FK_PROFILE_VIEW_TENANT` FOREIGN KEY (`TENANT_ID`) REFERENCES `tenant` (`TENANT_ID`)
) ENGINE=InnoDB AUTO_INCREMENT=39 DEFAULT CHARSET=latin1;

-- Dumping data for table univision.profile_view: ~0 rows (approximately)
DELETE FROM `profile_view`;
/*!40000 ALTER TABLE `profile_view` DISABLE KEYS */;
INSERT INTO `profile_view` (`PROFILE_VIEW_ID`, `ORG_ID`, `TENANT_ID`, `LOADED`, `NAME`, `DESCRIPTION`, `TEMPLATE`, `STATUS`, `STATUS_TLM`, `WHEN_CREATED`, `CREATED_BY`, `MODIFIED_BY`, `LAST_UPDATED`) VALUES
	(38, 1, 1, b'1', 'Planning Profile', 'Planning Profile', '[ {\r\n  "id" : 0,\r\n  "fields" : [ {\r\n    "id" : "12",\r\n    "type" : "metadata"\r\n  }, {\r\n    "id" : "26",\r\n    "type" : "metadata"\r\n  } ]\r\n}, {\r\n  "id" : 1,\r\n  "fields" : [ ]\r\n}, {\r\n  "id" : 2,\r\n  "fields" : [ ]\r\n}, {\r\n  "id" : 3,\r\n  "fields" : [ ]\r\n}, {\r\n  "id" : 4,\r\n  "fields" : [ ]\r\n} ]', 'ACTIVE', '2018-09-02 23:20:14', '2018-09-02 23:20:14', 13, 13, '2019-11-01 21:59:24');
/*!40000 ALTER TABLE `profile_view` ENABLE KEYS */;


-- Dumping structure for table univision.report
CREATE TABLE IF NOT EXISTS `report` (
  `REPORT_ID` int(11) unsigned NOT NULL AUTO_INCREMENT,
  `ORG_ID` int(11) unsigned NOT NULL,
  `TENANT_ID` int(11) unsigned NOT NULL,
  `REPORT_NAME` varchar(60) NOT NULL,
  `REPORT_DESCRIPTION` longtext NOT NULL,
  `REPORT_SHARE` enum('DEVELOPER','MANAGER','HR') NOT NULL DEFAULT 'MANAGER',
  `REPORT_STATUS` enum('ACTIVE','INACTIVE') NOT NULL DEFAULT 'ACTIVE',
  `REPORT_TEMPLATE` longtext NOT NULL,
  `REPORT_WHEN_CREATED` datetime NOT NULL,
  `REPORT_TYPE` enum('USER') NOT NULL DEFAULT 'USER',
  `SAVE_COUNT` bigint(20) NOT NULL,
  `STATUS_TLM` datetime NOT NULL,
  `TEMPLATE_TYPE` enum('SIMPLE','CUSTOM','GROUPED','CHART') NOT NULL DEFAULT 'SIMPLE',
  `CREATED_BY` int(11) unsigned NOT NULL,
  `MODIFIED_BY` int(11) unsigned NOT NULL,
  `X_AXIS_FIELD` int(11) unsigned DEFAULT NULL,
  `Y_AXIS_FIELD` int(11) unsigned DEFAULT NULL,
  `PAGE_AT_FOOTER` bit(1) NOT NULL,
  `DATE_AT_FOOTER` bit(1) NOT NULL,
  `LAST_UPDATED` timestamp NOT NULL DEFAULT CURRENT_TIMESTAMP ON UPDATE CURRENT_TIMESTAMP,
  PRIMARY KEY (`REPORT_ID`),
  KEY `FK_REPORT_ORGANIZATION` (`ORG_ID`),
  KEY `FK_REPORT_TENANT` (`TENANT_ID`),
  KEY `FK_REPORT_EMPLOYEE_MASTER` (`CREATED_BY`),
  KEY `FK_REPORT_META_DATA` (`X_AXIS_FIELD`),
  KEY `FK_REPORT_META_DATA_2` (`Y_AXIS_FIELD`),
  KEY `FK_REPORT_EMPLOYEE_MASTER_2` (`MODIFIED_BY`),
  CONSTRAINT `FK_REPORT_EMPLOYEE_MASTER` FOREIGN KEY (`CREATED_BY`) REFERENCES `employee_master` (`EMPLOYEE_MASTER_ID`),
  CONSTRAINT `FK_REPORT_EMPLOYEE_MASTER_2` FOREIGN KEY (`MODIFIED_BY`) REFERENCES `employee_master` (`EMPLOYEE_MASTER_ID`),
  CONSTRAINT `FK_REPORT_META_DATA` FOREIGN KEY (`X_AXIS_FIELD`) REFERENCES `meta_data` (`META_DATA_ID`),
  CONSTRAINT `FK_REPORT_META_DATA_2` FOREIGN KEY (`Y_AXIS_FIELD`) REFERENCES `meta_data` (`META_DATA_ID`),
  CONSTRAINT `FK_REPORT_ORGANIZATION` FOREIGN KEY (`ORG_ID`) REFERENCES `organization` (`ORG_ID`),
  CONSTRAINT `FK_REPORT_TENANT` FOREIGN KEY (`TENANT_ID`) REFERENCES `tenant` (`TENANT_ID`)
) ENGINE=InnoDB AUTO_INCREMENT=60 DEFAULT CHARSET=latin1;

-- Dumping data for table univision.report: ~3 rows (approximately)
DELETE FROM `report`;
/*!40000 ALTER TABLE `report` DISABLE KEYS */;
INSERT INTO `report` (`REPORT_ID`, `ORG_ID`, `TENANT_ID`, `REPORT_NAME`, `REPORT_DESCRIPTION`, `REPORT_SHARE`, `REPORT_STATUS`, `REPORT_TEMPLATE`, `REPORT_WHEN_CREATED`, `REPORT_TYPE`, `SAVE_COUNT`, `STATUS_TLM`, `TEMPLATE_TYPE`, `CREATED_BY`, `MODIFIED_BY`, `X_AXIS_FIELD`, `Y_AXIS_FIELD`, `PAGE_AT_FOOTER`, `DATE_AT_FOOTER`, `LAST_UPDATED`) VALUES
	(56, 1, 1, 'Employee Letter 2018', 'Sample of Employee Increment', 'DEVELOPER', 'ACTIVE', 'Emp_letter.rptdesign', '2018-10-30 14:55:32', 'USER', 1, '2018-10-30 14:55:32', 'CUSTOM', 13, 13, NULL, NULL, b'0', b'0', '2018-10-30 14:55:32'),
	(58, 1, 1, 'All Employee Merit Increase', 'All Employee Merit Increase 2018', 'MANAGER', 'ACTIVE', '{\r\n  "dataRows" : [ {\r\n    "id" : 0,\r\n    "fields" : [ {\r\n      "id" : "5",\r\n	  "type" : "metadata"\r\n    }, {\r\n      "id" : "31",\r\n	  "type" : "metadata"\r\n    }, {\r\n      "id" : "25",\r\n	  "type" : "metadata"\r\n    } ]\r\n  } ],\r\n  "filterRows" : [ {\r\n    "id" : 0,\r\n    "fields" : [ ]\r\n  } ]\r\n}', '2018-11-12 10:23:02', 'USER', 1, '2018-11-12 10:23:02', 'SIMPLE', 13, 13, NULL, NULL, b'0', b'0', '2019-05-01 11:44:36'),
	(59, 1, 1, 'Total Rewards Statement', 'Total Rewards letter sample', 'DEVELOPER', 'ACTIVE', 'Total_Reward.rptdesign', '2018-11-13 00:01:56', 'USER', 1, '2018-11-13 00:01:56', 'CUSTOM', 13, 13, NULL, NULL, b'0', b'0', '2018-11-13 00:01:56');
/*!40000 ALTER TABLE `report` ENABLE KEYS */;


-- Dumping structure for table univision.report_attribute
CREATE TABLE IF NOT EXISTS `report_attribute` (
  `REPORT_ATTRIBUTE_ID` int(11) unsigned NOT NULL AUTO_INCREMENT,
  `REPORT_ID` int(11) unsigned NOT NULL,
  `ATTRIBUTE_ID` int(11) unsigned NOT NULL,
  `REPORT_ATTRIBUTE_STATUS` enum('ACTIVE','INACTIVE') NOT NULL DEFAULT 'ACTIVE',
  `STATUS_TLM` datetime NOT NULL,
  `LAST_UPDATED` timestamp NOT NULL DEFAULT CURRENT_TIMESTAMP ON UPDATE CURRENT_TIMESTAMP,
  PRIMARY KEY (`REPORT_ATTRIBUTE_ID`),
  KEY `FK_REPORT_ATTRIBUTE_REPORT` (`REPORT_ID`),
  KEY `FK_REPORT_ATTRIBUTE_ATTRIBUTE` (`ATTRIBUTE_ID`),
  CONSTRAINT `FK_REPORT_ATTRIBUTE_ATTRIBUTE` FOREIGN KEY (`ATTRIBUTE_ID`) REFERENCES `attribute` (`ATTRIBUTE_ID`),
  CONSTRAINT `FK_REPORT_ATTRIBUTE_REPORT` FOREIGN KEY (`REPORT_ID`) REFERENCES `report` (`REPORT_ID`)
) ENGINE=InnoDB DEFAULT CHARSET=latin1;

-- Dumping data for table univision.report_attribute: ~0 rows (approximately)
DELETE FROM `report_attribute`;
/*!40000 ALTER TABLE `report_attribute` DISABLE KEYS */;
/*!40000 ALTER TABLE `report_attribute` ENABLE KEYS */;


-- Dumping structure for table univision.report_execution
CREATE TABLE IF NOT EXISTS `report_execution` (
  `REPORT_EXECUTION_ID` int(11) unsigned NOT NULL AUTO_INCREMENT,
  `REPORT_ID` int(11) unsigned NOT NULL,
  `EXECUTION_CONTENT` longblob NOT NULL,
  `EXECUTION_CONTENT_TYPE` enum('PDF','HTML','DOCX','XLS') NOT NULL DEFAULT 'PDF',
  `LAST_RUN_DATE` datetime NOT NULL,
  `LAST_RUN_USER` int(11) unsigned NOT NULL,
  `LAST_UPDATED` timestamp NOT NULL DEFAULT CURRENT_TIMESTAMP ON UPDATE CURRENT_TIMESTAMP,
  PRIMARY KEY (`REPORT_EXECUTION_ID`),
  KEY `FK_REPORT_EXECUTION_REPORT` (`REPORT_ID`),
  KEY `FK_REPORT_EXECUTION_EMPLOYEE_MASTER` (`LAST_RUN_USER`),
  CONSTRAINT `FK_REPORT_EXECUTION_EMPLOYEE_MASTER` FOREIGN KEY (`LAST_RUN_USER`) REFERENCES `employee_master` (`EMPLOYEE_MASTER_ID`),
  CONSTRAINT `FK_REPORT_EXECUTION_REPORT` FOREIGN KEY (`REPORT_ID`) REFERENCES `report` (`REPORT_ID`)
) ENGINE=InnoDB DEFAULT CHARSET=latin1;

-- Dumping data for table univision.report_execution: ~0 rows (approximately)
DELETE FROM `report_execution`;
/*!40000 ALTER TABLE `report_execution` DISABLE KEYS */;
/*!40000 ALTER TABLE `report_execution` ENABLE KEYS */;


-- Dumping structure for table univision.report_rule
CREATE TABLE IF NOT EXISTS `report_rule` (
  `REPORT_RULE_ID` int(11) unsigned NOT NULL AUTO_INCREMENT,
  `REPORT_ID` int(11) unsigned NOT NULL,
  `RULE_ID` int(11) unsigned NOT NULL,
  `REPORT_RULE_STATUS` enum('ACTIVE','INACTIVE') NOT NULL DEFAULT 'ACTIVE',
  `STATUS_TLM` datetime NOT NULL,
  `LAST_UPDATED` timestamp NOT NULL DEFAULT CURRENT_TIMESTAMP ON UPDATE CURRENT_TIMESTAMP,
  PRIMARY KEY (`REPORT_RULE_ID`),
  KEY `FK_REPORT_RULE_REPORT` (`REPORT_ID`),
  KEY `FK_REPORT_RULE_RULE` (`RULE_ID`),
  CONSTRAINT `FK_REPORT_RULE_REPORT` FOREIGN KEY (`REPORT_ID`) REFERENCES `report` (`REPORT_ID`),
  CONSTRAINT `FK_REPORT_RULE_RULE` FOREIGN KEY (`RULE_ID`) REFERENCES `meta_data_rule` (`META_DATA_RULE_ID`)
) ENGINE=InnoDB AUTO_INCREMENT=17 DEFAULT CHARSET=latin1;

-- Dumping data for table univision.report_rule: ~0 rows (approximately)
DELETE FROM `report_rule`;
/*!40000 ALTER TABLE `report_rule` DISABLE KEYS */;
INSERT INTO `report_rule` (`REPORT_RULE_ID`, `REPORT_ID`, `RULE_ID`, `REPORT_RULE_STATUS`, `STATUS_TLM`, `LAST_UPDATED`) VALUES
	(16, 58, 32, 'ACTIVE', '2018-11-12 10:23:02', '2018-11-12 10:23:02');
/*!40000 ALTER TABLE `report_rule` ENABLE KEYS */;


-- Dumping structure for table univision.role
CREATE TABLE IF NOT EXISTS `role` (
  `ROLE_ID` int(11) unsigned NOT NULL AUTO_INCREMENT,
  `ORG_ID` int(11) unsigned NOT NULL,
  `TENANT_ID` int(11) unsigned NOT NULL,
  `ROLE_NAME` varchar(50) NOT NULL,
  `ROLE_DESC` varchar(50) DEFAULT NULL,
  `STATUS` enum('ACTIVE','INACTIVE') NOT NULL DEFAULT 'ACTIVE',
  `STATUS_TLM` datetime NOT NULL,
  `WHEN_CREATED` datetime NOT NULL,
  `TLM` timestamp NOT NULL DEFAULT CURRENT_TIMESTAMP ON UPDATE CURRENT_TIMESTAMP,
  PRIMARY KEY (`ROLE_ID`),
  KEY `FK_ROLE_ORGANIZATION` (`ORG_ID`),
  KEY `FK_ROLE_TENANT` (`TENANT_ID`),
  CONSTRAINT `FK_ROLE_ORGANIZATION` FOREIGN KEY (`ORG_ID`) REFERENCES `organization` (`ORG_ID`),
  CONSTRAINT `FK_ROLE_TENANT` FOREIGN KEY (`TENANT_ID`) REFERENCES `tenant` (`TENANT_ID`)
) ENGINE=InnoDB AUTO_INCREMENT=8 DEFAULT CHARSET=latin1;

-- Dumping data for table univision.role: ~7 rows (approximately)
DELETE FROM `role`;
/*!40000 ALTER TABLE `role` DISABLE KEYS */;
INSERT INTO `role` (`ROLE_ID`, `ORG_ID`, `TENANT_ID`, `ROLE_NAME`, `ROLE_DESC`, `STATUS`, `STATUS_TLM`, `WHEN_CREATED`, `TLM`) VALUES
	(1, 1, 1, 'EMPLOYEE', 'Access to employee section', 'ACTIVE', '2016-12-24 17:47:43', '2016-12-24 17:49:42', '2018-05-09 20:10:06'),
	(2, 1, 1, 'MANAGER', 'Access to manager section', 'ACTIVE', '2016-12-24 17:47:43', '2016-12-24 17:49:42', '2018-05-09 20:10:07'),
	(3, 1, 1, 'HR_ADMIN', 'Access to all admin and manager section', 'ACTIVE', '2016-12-24 17:47:43', '2016-12-24 17:49:42', '2018-05-09 20:10:08'),
	(4, 1, 1, 'COMPANY_MANAGER', 'Access to all admin section', 'ACTIVE', '2016-12-24 17:47:43', '2016-12-24 17:49:42', '2018-05-09 20:10:08'),
	(5, 1, 1, 'COMPANY_ADMIN', 'Access to all admin and integration section', 'ACTIVE', '2016-12-24 17:47:43', '2016-12-24 17:49:42', '2018-05-09 20:10:09'),
	(6, 1, 1, 'EXECUTIVE', 'Access to manager section', 'ACTIVE', '2016-12-24 17:47:43', '2016-12-24 17:49:42', '2018-05-09 20:10:10'),
	(7, 1, 1, 'SYSTEM_ADMIN', 'Access to all section', 'ACTIVE', '2016-12-24 17:47:43', '2016-12-24 17:49:42', '2018-05-09 20:10:11');
/*!40000 ALTER TABLE `role` ENABLE KEYS */;


-- Dumping structure for table univision.salary_grade
CREATE TABLE IF NOT EXISTS `salary_grade` (
  `SALARY_GRADE_ID` int(11) unsigned NOT NULL AUTO_INCREMENT,
  `ORG_ID` int(11) unsigned NOT NULL,
  `TENANT_ID` int(11) unsigned NOT NULL,
  `SALARY_GRADE_STATUS` enum('ACTIVE','INACTIVE') NOT NULL DEFAULT 'ACTIVE',
  `STATUS_TLM` datetime NOT NULL,
  `LAST_UPDATED` datetime NOT NULL,
  PRIMARY KEY (`SALARY_GRADE_ID`),
  KEY `FK_SALARY_GRADE_ORGANIZATION` (`ORG_ID`),
  KEY `FK_SALARY_GRADE_TENANT` (`TENANT_ID`),
  CONSTRAINT `FK_SALARY_GRADE_ORGANIZATION` FOREIGN KEY (`ORG_ID`) REFERENCES `organization` (`ORG_ID`),
  CONSTRAINT `FK_SALARY_GRADE_TENANT` FOREIGN KEY (`TENANT_ID`) REFERENCES `tenant` (`TENANT_ID`)
) ENGINE=InnoDB DEFAULT CHARSET=latin1;

-- Dumping data for table univision.salary_grade: ~0 rows (approximately)
DELETE FROM `salary_grade`;
/*!40000 ALTER TABLE `salary_grade` DISABLE KEYS */;
/*!40000 ALTER TABLE `salary_grade` ENABLE KEYS */;


-- Dumping structure for table univision.setting
CREATE TABLE IF NOT EXISTS `setting` (
  `SETTING_ID` int(11) unsigned NOT NULL AUTO_INCREMENT,
  `SETTING_FIELD_NAME` varchar(100) NOT NULL,
  `SETTING_FIELD_VALUE` varchar(500) NOT NULL,
  `SETTING_STATUS` enum('ACTIVE','INACTIVE') NOT NULL DEFAULT 'ACTIVE',
  `STATUS_TLM` datetime NOT NULL,
  `LAST_UPDATED` timestamp NOT NULL DEFAULT CURRENT_TIMESTAMP ON UPDATE CURRENT_TIMESTAMP,
  PRIMARY KEY (`SETTING_ID`)
) ENGINE=InnoDB AUTO_INCREMENT=7 DEFAULT CHARSET=latin1;

-- Dumping data for table univision.setting: ~6 rows (approximately)
DELETE FROM `setting`;
/*!40000 ALTER TABLE `setting` DISABLE KEYS */;
INSERT INTO `setting` (`SETTING_ID`, `SETTING_FIELD_NAME`, `SETTING_FIELD_VALUE`, `SETTING_STATUS`, `STATUS_TLM`, `LAST_UPDATED`) VALUES
	(1, 'Allocate Compensation', 'All Employees', 'ACTIVE', '2017-08-27 10:59:28', '2018-01-07 12:25:34'),
	(2, 'Compensation Within Guidelines', 'Yes', 'ACTIVE', '2017-08-27 10:59:28', '2018-01-07 12:25:28'),
	(3, 'Include Performance Rating', 'Yes', 'ACTIVE', '2017-08-27 10:59:28', '2017-08-27 11:46:12'),
	(4, 'Direct Report Chart', 'Individual', 'ACTIVE', '2017-08-27 10:59:28', '2017-08-27 11:46:12'),
	(5, 'Show Performance Rating', 'Yes', 'ACTIVE', '2019-04-23 16:16:25', '2019-04-23 16:16:26'),
	(6, 'Accumulative Budget', 'Yes', 'ACTIVE', '2019-04-23 16:16:25', '2019-04-23 16:16:26');
/*!40000 ALTER TABLE `setting` ENABLE KEYS */;


-- Dumping structure for table univision.stock_budget
CREATE TABLE IF NOT EXISTS `stock_budget` (
  `STOCK_BUDGET_ID` int(11) unsigned NOT NULL AUTO_INCREMENT,
  `TENANT_ID` int(11) unsigned NOT NULL,
  `ORG_ID` int(11) unsigned NOT NULL,
  `STOCK_GUIDELINE_ID` int(11) unsigned NOT NULL,
  `STOCK_BUDGET_NAME` varchar(100) NOT NULL,
  `STOCK_BUDGET_DESCRIPTION` varchar(500) DEFAULT NULL,
  `STOCK_BUDGET_TYPE` enum('DISTRIBUTED','TOP_DOWN','BOTTOM_UP') DEFAULT 'TOP_DOWN',
  `STOCK_BUDGET_BUILDER_TYPE` enum('GUIDELINE','FIXED_AMOUNT') NOT NULL,
  `COMMENT` varchar(500) DEFAULT NULL,
  `STOCK_BUDGET_STATUS` enum('ACTIVE','INACTIVE') NOT NULL DEFAULT 'ACTIVE',
  `WHEN_CREATED` datetime NOT NULL,
  `MODIFIED_BY` int(10) unsigned NOT NULL,
  `CREATED_BY` int(10) unsigned NOT NULL,
  `STATUS_TLM` datetime NOT NULL,
  `LAST_UPDATED` timestamp NOT NULL DEFAULT CURRENT_TIMESTAMP ON UPDATE CURRENT_TIMESTAMP,
  PRIMARY KEY (`STOCK_BUDGET_ID`),
  KEY `FK_STOCK_BUDGET_TENANT` (`TENANT_ID`),
  KEY `FK_STOCK_BUDGET_ORGANIZATION` (`ORG_ID`),
  KEY `FK_STOCK_BUDGET_STOCK_GUIDELINE` (`STOCK_GUIDELINE_ID`),
  KEY `FK_STOCK_BUDGET_EMPLOYEE_MASTER` (`MODIFIED_BY`),
  KEY `FK_STOCK_BUDGET_EMPLOYEE_MASTER_2` (`CREATED_BY`),
  CONSTRAINT `FK_STOCK_BUDGET_EMPLOYEE_MASTER` FOREIGN KEY (`MODIFIED_BY`) REFERENCES `employee_master` (`EMPLOYEE_MASTER_ID`),
  CONSTRAINT `FK_STOCK_BUDGET_EMPLOYEE_MASTER_2` FOREIGN KEY (`CREATED_BY`) REFERENCES `employee_master` (`EMPLOYEE_MASTER_ID`),
  CONSTRAINT `FK_STOCK_BUDGET_ORGANIZATION` FOREIGN KEY (`ORG_ID`) REFERENCES `organization` (`ORG_ID`),
  CONSTRAINT `FK_STOCK_BUDGET_STOCK_GUIDELINE` FOREIGN KEY (`STOCK_GUIDELINE_ID`) REFERENCES `stock_guideline` (`STOCK_GUIDELINE_ID`),
  CONSTRAINT `FK_STOCK_BUDGET_TENANT` FOREIGN KEY (`TENANT_ID`) REFERENCES `tenant` (`TENANT_ID`)
) ENGINE=InnoDB AUTO_INCREMENT=5 DEFAULT CHARSET=utf8;

-- Dumping data for table univision.stock_budget: ~0 rows (approximately)
DELETE FROM `stock_budget`;
/*!40000 ALTER TABLE `stock_budget` DISABLE KEYS */;
INSERT INTO `stock_budget` (`STOCK_BUDGET_ID`, `TENANT_ID`, `ORG_ID`, `STOCK_GUIDELINE_ID`, `STOCK_BUDGET_NAME`, `STOCK_BUDGET_DESCRIPTION`, `STOCK_BUDGET_TYPE`, `STOCK_BUDGET_BUILDER_TYPE`, `COMMENT`, `STOCK_BUDGET_STATUS`, `WHEN_CREATED`, `MODIFIED_BY`, `CREATED_BY`, `STATUS_TLM`, `LAST_UPDATED`) VALUES
	(4, 1, 1, 20, 'Annual Stock Budget', 'Annual Stock Budget', 'BOTTOM_UP', 'GUIDELINE', 'Annual Stock Budget', 'ACTIVE', '2018-09-02 22:52:55', 13, 13, '2019-04-23 21:14:36', '2019-04-23 21:14:36');
/*!40000 ALTER TABLE `stock_budget` ENABLE KEYS */;


-- Dumping structure for table univision.stock_budget_allocated_details
CREATE TABLE IF NOT EXISTS `stock_budget_allocated_details` (
  `id` int(11) unsigned NOT NULL AUTO_INCREMENT,
  `budget_name` varchar(50) NOT NULL,
  `current_salary_amount` double DEFAULT NULL,
  `budget_amount` double DEFAULT NULL,
  `percent_increase` double DEFAULT NULL,
  `budget_builder_type` enum('FIXED_AMOUNT','GUIDELINE') NOT NULL DEFAULT 'FIXED_AMOUNT',
  `total_employee` int(11) NOT NULL,
  `total_eligible_employee` int(11) NOT NULL,
  `budget_type` enum('DISTRIBUTED','TOP_DOWN','BOTTOM_UP') NOT NULL DEFAULT 'TOP_DOWN',
  `when_created` datetime NOT NULL,
  `TLM` timestamp NOT NULL DEFAULT CURRENT_TIMESTAMP ON UPDATE CURRENT_TIMESTAMP,
  PRIMARY KEY (`id`)
) ENGINE=InnoDB AUTO_INCREMENT=48 DEFAULT CHARSET=latin1;

-- Dumping data for table univision.stock_budget_allocated_details: ~6 rows (approximately)
DELETE FROM `stock_budget_allocated_details`;
/*!40000 ALTER TABLE `stock_budget_allocated_details` DISABLE KEYS */;
INSERT INTO `stock_budget_allocated_details` (`id`, `budget_name`, `current_salary_amount`, `budget_amount`, `percent_increase`, `budget_builder_type`, `total_employee`, `total_eligible_employee`, `budget_type`, `when_created`, `TLM`) VALUES
	(42, 'Annual Stock Budget', 4000, 2000, 1, 'FIXED_AMOUNT', 10, 2, 'TOP_DOWN', '2019-04-23 20:13:09', '2019-04-23 20:13:09'),
	(43, 'Annual Stock Budget', 1336000, 26720, 2, 'FIXED_AMOUNT', 15, 0, 'TOP_DOWN', '2019-04-23 20:24:06', '2019-04-23 20:24:06'),
	(44, 'Annual Stock Budget', 1336000, 13360, 1, 'FIXED_AMOUNT', 15, 0, 'TOP_DOWN', '2019-04-23 20:32:43', '2019-04-23 20:32:42'),
	(45, 'Annual Stock Budget', 1336000, 13360, 1, 'FIXED_AMOUNT', 15, 0, 'TOP_DOWN', '2019-04-23 20:46:59', '2019-04-23 20:46:59'),
	(46, 'Annual Stock Budget', 0, 0, 0, 'GUIDELINE', 0, 0, 'BOTTOM_UP', '2019-04-23 21:12:27', '2019-04-23 21:12:27'),
	(47, 'Annual Stock Budget', 0, 0, 0, 'GUIDELINE', 0, 0, 'BOTTOM_UP', '2019-04-23 21:14:36', '2019-04-23 21:14:36');
/*!40000 ALTER TABLE `stock_budget_allocated_details` ENABLE KEYS */;


-- Dumping structure for table univision.stock_budget_master
CREATE TABLE IF NOT EXISTS `stock_budget_master` (
  `STOCK_BUDGET_MASTER_ID` int(10) unsigned NOT NULL AUTO_INCREMENT,
  `ORG_ID` int(10) unsigned NOT NULL,
  `TENANT_ID` int(10) unsigned NOT NULL,
  `EMPLOYEE_MASTER_ID` int(10) unsigned NOT NULL,
  `COMPENSATION_INCREASE_TYPE_ID` int(10) unsigned NOT NULL,
  `DIRECT_REPORTS_BUDGET_TOTAL` double DEFAULT NULL,
  `DIRECT_REPORTS_BUDGET_ALLOCATED` double DEFAULT NULL,
  `ALL_REPORTS_BUDGET_TOTAL` double DEFAULT NULL,
  `ALL_REPORTS_BUDGET_ALLOCATED` double DEFAULT NULL,
  `ALL_REPORTS_BUDGET_REMAINING` double DEFAULT NULL,
  `DIRECT_REPORTS_BUDGET_REMAINING` double DEFAULT NULL,
  `BUDGET_TOTAL_UNITS` bigint(20) DEFAULT NULL,
  `BUDGET_ALLOCATED_UNITS` bigint(20) DEFAULT NULL,
  `BUDGET_REMAINING_UNITS` bigint(20) DEFAULT NULL,
  `STATUS` enum('ACTIVE','INACTIVE') NOT NULL DEFAULT 'ACTIVE',
  `ACTION_STATUS` enum('SUBMITTED','APPROVED','REJECTED','IN_PROGRESS') NOT NULL DEFAULT 'IN_PROGRESS',
  `NOS_ELIGIBLE_EMPLOYEES` int(10) unsigned DEFAULT NULL,
  `NOS_INELIGIBLE_EMPLOYEES` int(10) unsigned DEFAULT NULL,
  `APPROVAL_MANAGER` int(10) unsigned DEFAULT NULL,
  `FINAL_APPROVAL_MANAGER` int(10) unsigned DEFAULT NULL,
  `FINAL_APPROVAL_HR` int(10) unsigned DEFAULT NULL,
  `LAST_UPDATED_BY` int(10) unsigned DEFAULT NULL,
  `LAST_UPDATED` datetime NOT NULL,
  PRIMARY KEY (`STOCK_BUDGET_MASTER_ID`),
  KEY `FK_STOCK_BUDGET_MASTER_ORGANIZATION` (`ORG_ID`),
  KEY `FK_STOCK_BUDGET_MASTER_TENANT` (`TENANT_ID`),
  KEY `FK_STOCK_BUDGET_MASTER_COMPENSATION_INCREASE_TYPE` (`COMPENSATION_INCREASE_TYPE_ID`),
  KEY `FK_STOCK_BUDGET_MASTER_EMPLOYEE_MASTER` (`APPROVAL_MANAGER`),
  KEY `FK_STOCK_BUDGET_MASTER_EMPLOYEE_MASTER_2` (`FINAL_APPROVAL_MANAGER`),
  KEY `FK_STOCK_BUDGET_MASTER_EMPLOYEE_MASTER_3` (`FINAL_APPROVAL_HR`),
  KEY `FK_STOCK_BUDGET_MASTER_EMPLOYEE_MASTER_4` (`LAST_UPDATED_BY`),
  KEY `FK_STOCK_BUDGET_MASTER_EMPLOYEE_MASTER_5` (`EMPLOYEE_MASTER_ID`),
  CONSTRAINT `FK_STOCK_BUDGET_MASTER_COMPENSATION_INCREASE_TYPE` FOREIGN KEY (`COMPENSATION_INCREASE_TYPE_ID`) REFERENCES `compensation_increase_type` (`COMPENSATION_INCREASE_TYPE_ID`),
  CONSTRAINT `FK_STOCK_BUDGET_MASTER_EMPLOYEE_MASTER` FOREIGN KEY (`APPROVAL_MANAGER`) REFERENCES `employee_master` (`EMPLOYEE_MASTER_ID`),
  CONSTRAINT `FK_STOCK_BUDGET_MASTER_EMPLOYEE_MASTER_2` FOREIGN KEY (`FINAL_APPROVAL_MANAGER`) REFERENCES `employee_master` (`EMPLOYEE_MASTER_ID`),
  CONSTRAINT `FK_STOCK_BUDGET_MASTER_EMPLOYEE_MASTER_3` FOREIGN KEY (`FINAL_APPROVAL_HR`) REFERENCES `employee_master` (`EMPLOYEE_MASTER_ID`),
  CONSTRAINT `FK_STOCK_BUDGET_MASTER_EMPLOYEE_MASTER_4` FOREIGN KEY (`LAST_UPDATED_BY`) REFERENCES `employee_master` (`EMPLOYEE_MASTER_ID`),
  CONSTRAINT `FK_STOCK_BUDGET_MASTER_EMPLOYEE_MASTER_5` FOREIGN KEY (`EMPLOYEE_MASTER_ID`) REFERENCES `employee_master` (`EMPLOYEE_MASTER_ID`),
  CONSTRAINT `FK_STOCK_BUDGET_MASTER_ORGANIZATION` FOREIGN KEY (`ORG_ID`) REFERENCES `organization` (`ORG_ID`),
  CONSTRAINT `FK_STOCK_BUDGET_MASTER_TENANT` FOREIGN KEY (`TENANT_ID`) REFERENCES `tenant` (`TENANT_ID`)
) ENGINE=InnoDB AUTO_INCREMENT=14 DEFAULT CHARSET=latin1;

-- Dumping data for table univision.stock_budget_master: ~0 rows (approximately)
DELETE FROM `stock_budget_master`;
/*!40000 ALTER TABLE `stock_budget_master` DISABLE KEYS */;
INSERT INTO `stock_budget_master` (`STOCK_BUDGET_MASTER_ID`, `ORG_ID`, `TENANT_ID`, `EMPLOYEE_MASTER_ID`, `COMPENSATION_INCREASE_TYPE_ID`, `DIRECT_REPORTS_BUDGET_TOTAL`, `DIRECT_REPORTS_BUDGET_ALLOCATED`, `ALL_REPORTS_BUDGET_TOTAL`, `ALL_REPORTS_BUDGET_ALLOCATED`, `ALL_REPORTS_BUDGET_REMAINING`, `DIRECT_REPORTS_BUDGET_REMAINING`, `BUDGET_TOTAL_UNITS`, `BUDGET_ALLOCATED_UNITS`, `BUDGET_REMAINING_UNITS`, `STATUS`, `ACTION_STATUS`, `NOS_ELIGIBLE_EMPLOYEES`, `NOS_INELIGIBLE_EMPLOYEES`, `APPROVAL_MANAGER`, `FINAL_APPROVAL_MANAGER`, `FINAL_APPROVAL_HR`, `LAST_UPDATED_BY`, `LAST_UPDATED`) VALUES
	(12, 1, 1, 13, 5, 8000, 3000, NULL, NULL, NULL, 5000, NULL, NULL, NULL, 'ACTIVE', 'SUBMITTED', 1, 0, NULL, NULL, NULL, 13, '2016-09-17 15:57:07'),
	(13, 1, 1, 13, 6, 8000, 4250, NULL, NULL, NULL, 3750, NULL, NULL, NULL, 'ACTIVE', 'SUBMITTED', 1, 0, NULL, NULL, NULL, 13, '2016-09-17 15:57:07');
/*!40000 ALTER TABLE `stock_budget_master` ENABLE KEYS */;


-- Dumping structure for table univision.stock_budget_rule_mapper
CREATE TABLE IF NOT EXISTS `stock_budget_rule_mapper` (
  `STOCK_BUDGET_RULE_MAPPER_ID` int(11) unsigned NOT NULL AUTO_INCREMENT,
  `ORG_ID` int(11) unsigned NOT NULL,
  `TENANT_ID` int(11) unsigned NOT NULL,
  `STOCK_BUDGET_ID` int(11) unsigned NOT NULL,
  `RULE_ID` int(11) unsigned NOT NULL,
  `STOCK_BUDGET_RULE_MAPPER_STATUS` enum('ACTIVE','INACTIVE') NOT NULL DEFAULT 'ACTIVE',
  PRIMARY KEY (`STOCK_BUDGET_RULE_MAPPER_ID`),
  KEY `FK_STOCK_BUDGET_RULE_MAPPER_ORGANIZATION` (`ORG_ID`),
  KEY `FK_STOCK_BUDGET_RULE_MAPPER_TENANT` (`TENANT_ID`),
  KEY `FK_STOCK_BUDGET_RULE_MAPPER_STOCK_BUDGET` (`STOCK_BUDGET_ID`),
  KEY `FK_STOCK_BUDGET_RULE_MAPPER_RULE` (`RULE_ID`),
  CONSTRAINT `FK_stock_budget_rule_mapper_meta_data_rule` FOREIGN KEY (`RULE_ID`) REFERENCES `meta_data_rule` (`META_DATA_RULE_ID`),
  CONSTRAINT `FK_stock_budget_rule_mapper_organization` FOREIGN KEY (`ORG_ID`) REFERENCES `organization` (`ORG_ID`),
  CONSTRAINT `FK_stock_budget_rule_mapper_stock_budget` FOREIGN KEY (`STOCK_BUDGET_ID`) REFERENCES `stock_budget` (`STOCK_BUDGET_ID`),
  CONSTRAINT `FK_stock_budget_rule_mapper_tenant` FOREIGN KEY (`TENANT_ID`) REFERENCES `tenant` (`TENANT_ID`)
) ENGINE=InnoDB AUTO_INCREMENT=44 DEFAULT CHARSET=latin1;

-- Dumping data for table univision.stock_budget_rule_mapper: ~0 rows (approximately)
DELETE FROM `stock_budget_rule_mapper`;
/*!40000 ALTER TABLE `stock_budget_rule_mapper` DISABLE KEYS */;
INSERT INTO `stock_budget_rule_mapper` (`STOCK_BUDGET_RULE_MAPPER_ID`, `ORG_ID`, `TENANT_ID`, `STOCK_BUDGET_ID`, `RULE_ID`, `STOCK_BUDGET_RULE_MAPPER_STATUS`) VALUES
	(43, 1, 1, 4, 35, 'ACTIVE');
/*!40000 ALTER TABLE `stock_budget_rule_mapper` ENABLE KEYS */;


-- Dumping structure for table univision.stock_data
CREATE TABLE IF NOT EXISTS `stock_data` (
  `STOCK_DATA_ID` int(11) unsigned NOT NULL AUTO_INCREMENT,
  `STOCK_MASTER_ID` int(11) unsigned DEFAULT '0',
  `ORG_ID` int(11) unsigned NOT NULL,
  `TENANT_ID` int(11) unsigned NOT NULL,
  `ANALYSIS_ID` int(11) unsigned DEFAULT NULL,
  `AUDIT_ID` int(11) unsigned DEFAULT NULL,
  `BUDGET_MODEL_ID` int(11) unsigned DEFAULT NULL,
  `GUIDELINE_ID` int(11) unsigned DEFAULT NULL,
  `HISTORY_ID` int(11) unsigned DEFAULT NULL,
  `INTERNAL_SALARY_PROFILE_ID` int(11) unsigned DEFAULT NULL,
  `MARKET_PROFILE_ID` int(11) unsigned DEFAULT NULL,
  `PLAN_ID` int(11) unsigned DEFAULT NULL,
  `SALARY_GRADE_ID` int(11) unsigned DEFAULT NULL,
  `LAST_UPDATED` timestamp NOT NULL DEFAULT CURRENT_TIMESTAMP ON UPDATE CURRENT_TIMESTAMP,
  PRIMARY KEY (`STOCK_DATA_ID`),
  KEY `FK_STOCK_DATA_ORGANIZATION` (`ORG_ID`),
  KEY `FK_STOCK_DATA_TENANT` (`TENANT_ID`),
  KEY `FK_STOCK_DATA_ANALYSIS` (`ANALYSIS_ID`),
  KEY `FK_STOCK_DATA_AUDIT` (`AUDIT_ID`),
  KEY `FK_STOCK_DATA_BUDGET_MODEL` (`BUDGET_MODEL_ID`),
  KEY `FK_STOCK_DATA_GUIDELINE` (`GUIDELINE_ID`),
  KEY `FK_STOCK_DATA_HISTORY` (`HISTORY_ID`),
  KEY `FK_STOCK_DATA_INTERNAL_SALARY_PROFILE` (`INTERNAL_SALARY_PROFILE_ID`),
  KEY `FK_STOCK_DATA_MARKET_PROFILE` (`MARKET_PROFILE_ID`),
  KEY `FK_STOCK_DATA_PLAN` (`PLAN_ID`),
  KEY `FK_STOCK_DATA_SALARY_GRADE` (`SALARY_GRADE_ID`),
  KEY `FK_STOCK_DATA_STOCK_MASTER` (`STOCK_MASTER_ID`),
  CONSTRAINT `FK_STOCK_DATA_ANALYSIS` FOREIGN KEY (`ANALYSIS_ID`) REFERENCES `analysis` (`ANALYSIS_ID`),
  CONSTRAINT `FK_STOCK_DATA_AUDIT` FOREIGN KEY (`AUDIT_ID`) REFERENCES `audit` (`AUDIT_ID`),
  CONSTRAINT `FK_STOCK_DATA_BUDGET_MODEL` FOREIGN KEY (`BUDGET_MODEL_ID`) REFERENCES `budget_model` (`BUDGET_MODEL_ID`),
  CONSTRAINT `FK_STOCK_DATA_GUIDELINE` FOREIGN KEY (`GUIDELINE_ID`) REFERENCES `guideline` (`GUIDELINE_ID`),
  CONSTRAINT `FK_STOCK_DATA_HISTORY` FOREIGN KEY (`HISTORY_ID`) REFERENCES `history` (`HISTORY_ID`),
  CONSTRAINT `FK_STOCK_DATA_INTERNAL_SALARY_PROFILE` FOREIGN KEY (`INTERNAL_SALARY_PROFILE_ID`) REFERENCES `internal_salary_profile` (`INTERNAL_SALARY_PROFILE_ID`),
  CONSTRAINT `FK_STOCK_DATA_MARKET_PROFILE` FOREIGN KEY (`MARKET_PROFILE_ID`) REFERENCES `market_profile` (`MARKET_PROFILE_ID`),
  CONSTRAINT `FK_STOCK_DATA_ORGANIZATION` FOREIGN KEY (`ORG_ID`) REFERENCES `organization` (`ORG_ID`),
  CONSTRAINT `FK_STOCK_DATA_PLAN` FOREIGN KEY (`PLAN_ID`) REFERENCES `plan` (`PLAN_ID`),
  CONSTRAINT `FK_STOCK_DATA_SALARY_GRADE` FOREIGN KEY (`SALARY_GRADE_ID`) REFERENCES `salary_grade` (`SALARY_GRADE_ID`),
  CONSTRAINT `FK_STOCK_DATA_STOCK_MASTER` FOREIGN KEY (`STOCK_MASTER_ID`) REFERENCES `stock_master` (`STOCK_MASTER_ID`),
  CONSTRAINT `FK_STOCK_DATA_TENANT` FOREIGN KEY (`TENANT_ID`) REFERENCES `tenant` (`TENANT_ID`)
) ENGINE=InnoDB DEFAULT CHARSET=latin1;

-- Dumping data for table univision.stock_data: ~0 rows (approximately)
DELETE FROM `stock_data`;
/*!40000 ALTER TABLE `stock_data` DISABLE KEYS */;
/*!40000 ALTER TABLE `stock_data` ENABLE KEYS */;


-- Dumping structure for table univision.stock_fixed_amount_budget_builder_type
CREATE TABLE IF NOT EXISTS `stock_fixed_amount_budget_builder_type` (
  `id` int(11) unsigned NOT NULL AUTO_INCREMENT,
  `STOCK_BUDGET_ID` int(11) unsigned NOT NULL,
  `COMPENSATION_INCREASE_TYPE_ID` int(11) unsigned NOT NULL,
  `percent` double DEFAULT NULL,
  `final_budget` double DEFAULT NULL,
  `STATUS` enum('ACTIVE','INACTIVE') NOT NULL DEFAULT 'ACTIVE',
  `STATUS_TLM` datetime NOT NULL,
  `WHEN_CREATED` datetime NOT NULL,
  PRIMARY KEY (`id`),
  KEY `FK_stock_fixed_amount_budget_builder_type_stock_budget` (`STOCK_BUDGET_ID`),
  KEY `FK_stock_fixed_amount_budget_compensation_increase_type` (`COMPENSATION_INCREASE_TYPE_ID`),
  CONSTRAINT `FK_stock_fixed_amount_budget_builder_type_stock_budget` FOREIGN KEY (`STOCK_BUDGET_ID`) REFERENCES `stock_budget` (`STOCK_BUDGET_ID`),
  CONSTRAINT `FK_stock_fixed_amount_budget_compensation_increase_type` FOREIGN KEY (`COMPENSATION_INCREASE_TYPE_ID`) REFERENCES `compensation_increase_type` (`COMPENSATION_INCREASE_TYPE_ID`)
) ENGINE=InnoDB AUTO_INCREMENT=93 DEFAULT CHARSET=latin1;

-- Dumping data for table univision.stock_fixed_amount_budget_builder_type: ~0 rows (approximately)
DELETE FROM `stock_fixed_amount_budget_builder_type`;
/*!40000 ALTER TABLE `stock_fixed_amount_budget_builder_type` DISABLE KEYS */;
INSERT INTO `stock_fixed_amount_budget_builder_type` (`id`, `STOCK_BUDGET_ID`, `COMPENSATION_INCREASE_TYPE_ID`, `percent`, `final_budget`, `STATUS`, `STATUS_TLM`, `WHEN_CREATED`) VALUES
	(87, 4, 10, 2, 2000, 'ACTIVE', '2019-04-23 20:08:14', '2019-04-23 20:08:15'),
	(88, 4, 10, 2, 2000, 'ACTIVE', '2019-04-23 20:24:06', '2019-04-23 20:24:06'),
	(89, 4, 10, 2, 2000, 'INACTIVE', '2019-04-23 20:24:06', '2019-04-23 20:24:06'),
	(90, 4, 10, 1, 13360, 'ACTIVE', '2019-04-23 20:32:43', '2019-04-23 20:32:43'),
	(91, 4, 10, 1, 13360, 'INACTIVE', '2019-04-23 20:32:43', '2019-04-23 20:32:43'),
	(92, 4, 10, 1, 13360, 'ACTIVE', '2019-04-23 20:46:59', '2019-04-23 20:46:59');
/*!40000 ALTER TABLE `stock_fixed_amount_budget_builder_type` ENABLE KEYS */;


-- Dumping structure for table univision.stock_guideline
CREATE TABLE IF NOT EXISTS `stock_guideline` (
  `STOCK_GUIDELINE_ID` int(11) unsigned NOT NULL AUTO_INCREMENT,
  `ORG_ID` int(11) unsigned NOT NULL,
  `TENANT_ID` int(11) unsigned NOT NULL,
  `LOADED` bit(1) NOT NULL DEFAULT b'0',
  `STATUS` enum('ACTIVE','INACTIVE') NOT NULL DEFAULT 'ACTIVE',
  `STATUS_TLM` datetime NOT NULL,
  `NAME` varchar(200) NOT NULL,
  `DESCRIPTION` varchar(2000) NOT NULL,
  `TEMPLATE` longtext NOT NULL,
  `APPLY_RULES` bit(1) NOT NULL DEFAULT b'0',
  `INCREASE_TYPE_ID` int(11) unsigned DEFAULT NULL,
  `WHEN_CREATED` datetime NOT NULL,
  `MODIFIED_BY` int(11) unsigned NOT NULL,
  `CREATED_BY` int(11) unsigned NOT NULL,
  `LAST_UPDATED` timestamp NOT NULL DEFAULT CURRENT_TIMESTAMP ON UPDATE CURRENT_TIMESTAMP,
  PRIMARY KEY (`STOCK_GUIDELINE_ID`),
  KEY `FK_STOCK_GUIDELINE_ORGANIZATION` (`ORG_ID`),
  KEY `FK_STOCK_GUIDELINE_TENANT` (`TENANT_ID`),
  KEY `FK_STOCK_GUIDELINE_EMPLOYEE_MASTER` (`MODIFIED_BY`),
  KEY `FK_STOCK_GUIDELINE_COMPENSATION_INCREASE_TYPE` (`INCREASE_TYPE_ID`),
  KEY `FK_STOCK_GUIDELINE_EMPLOYEE_MASTER_2` (`CREATED_BY`),
  CONSTRAINT `FK_STOCK_GUIDELINE_COMPENSATION_INCREASE_TYPE` FOREIGN KEY (`INCREASE_TYPE_ID`) REFERENCES `compensation_increase_type` (`COMPENSATION_INCREASE_TYPE_ID`),
  CONSTRAINT `FK_STOCK_GUIDELINE_EMPLOYEE_MASTER` FOREIGN KEY (`MODIFIED_BY`) REFERENCES `employee_master` (`EMPLOYEE_MASTER_ID`),
  CONSTRAINT `FK_STOCK_GUIDELINE_EMPLOYEE_MASTER_2` FOREIGN KEY (`CREATED_BY`) REFERENCES `employee_master` (`EMPLOYEE_MASTER_ID`),
  CONSTRAINT `FK_STOCK_GUIDELINE_ORGANIZATION` FOREIGN KEY (`ORG_ID`) REFERENCES `organization` (`ORG_ID`),
  CONSTRAINT `FK_STOCK_GUIDELINE_TENANT` FOREIGN KEY (`TENANT_ID`) REFERENCES `tenant` (`TENANT_ID`)
) ENGINE=InnoDB AUTO_INCREMENT=21 DEFAULT CHARSET=latin1;

-- Dumping data for table univision.stock_guideline: ~0 rows (approximately)
DELETE FROM `stock_guideline`;
/*!40000 ALTER TABLE `stock_guideline` DISABLE KEYS */;
INSERT INTO `stock_guideline` (`STOCK_GUIDELINE_ID`, `ORG_ID`, `TENANT_ID`, `LOADED`, `STATUS`, `STATUS_TLM`, `NAME`, `DESCRIPTION`, `TEMPLATE`, `APPLY_RULES`, `INCREASE_TYPE_ID`, `WHEN_CREATED`, `MODIFIED_BY`, `CREATED_BY`, `LAST_UPDATED`) VALUES
	(20, 1, 1, b'1', 'ACTIVE', '2018-09-02 22:51:45', 'Annual Stock Guideline', 'Annual Stock Guideline', '[ {\r\n  "id" : 0,\r\n  "fields" : [ {\r\n    "id" : "22",\r\n    "type" : "metadata"\r\n  } ]\r\n} ]', b'0', 6, '2018-09-02 22:51:45', 13, 13, '2019-11-01 22:02:21');
/*!40000 ALTER TABLE `stock_guideline` ENABLE KEYS */;


-- Dumping structure for table univision.stock_guideline_budget_builder_type
CREATE TABLE IF NOT EXISTS `stock_guideline_budget_builder_type` (
  `id` int(11) unsigned NOT NULL AUTO_INCREMENT,
  `STOCK_BUDGET_ID` int(11) unsigned NOT NULL,
  `STOCK_GUIDELINE_ID` int(11) unsigned NOT NULL,
  `guideline_group` enum('MIN') NOT NULL DEFAULT 'MIN',
  `STATUS` enum('ACTIVE','INACTIVE') NOT NULL DEFAULT 'ACTIVE',
  `STATUS_TLM` datetime NOT NULL,
  `WHEN_CREATED` datetime NOT NULL,
  PRIMARY KEY (`id`),
  KEY `FK_STOCK_GUIDELINE_BUDGET_BUILDER_TYPE_STOCK_BUDGET` (`STOCK_BUDGET_ID`),
  KEY `FK_STOCK_GUIDELINE_BUDGET_BUILDER_TYPE_STOCK_GUIDELINE` (`STOCK_GUIDELINE_ID`),
  CONSTRAINT `FK_STOCK_GUIDELINE_BUDGET_BUILDER_TYPE_STOCK_BUDGET` FOREIGN KEY (`STOCK_BUDGET_ID`) REFERENCES `stock_budget` (`STOCK_BUDGET_ID`),
  CONSTRAINT `FK_STOCK_GUIDELINE_BUDGET_BUILDER_TYPE_STOCK_GUIDELINE` FOREIGN KEY (`STOCK_GUIDELINE_ID`) REFERENCES `stock_guideline` (`STOCK_GUIDELINE_ID`)
) ENGINE=InnoDB AUTO_INCREMENT=49 DEFAULT CHARSET=latin1;

-- Dumping data for table univision.stock_guideline_budget_builder_type: ~0 rows (approximately)
DELETE FROM `stock_guideline_budget_builder_type`;
/*!40000 ALTER TABLE `stock_guideline_budget_builder_type` DISABLE KEYS */;
INSERT INTO `stock_guideline_budget_builder_type` (`id`, `STOCK_BUDGET_ID`, `STOCK_GUIDELINE_ID`, `guideline_group`, `STATUS`, `STATUS_TLM`, `WHEN_CREATED`) VALUES
	(18, 4, 20, 'MIN', 'INACTIVE', '2019-04-23 20:25:46', '2019-04-23 20:25:46'),
	(19, 4, 20, 'MIN', 'INACTIVE', '2019-04-23 20:29:45', '2019-04-23 20:29:45'),
	(20, 4, 20, 'MIN', 'INACTIVE', '2019-04-23 20:25:46', '2019-04-23 20:25:46'),
	(21, 4, 20, 'MIN', 'INACTIVE', '2019-04-23 20:29:45', '2019-04-23 20:29:45'),
	(22, 4, 20, 'MIN', 'INACTIVE', '2019-04-23 20:25:46', '2019-04-23 20:25:46'),
	(23, 4, 20, 'MIN', 'INACTIVE', '2019-04-23 20:30:29', '2019-04-23 20:30:29'),
	(24, 4, 20, 'MIN', 'INACTIVE', '2019-04-23 20:29:45', '2019-04-23 20:29:45'),
	(25, 4, 20, 'MIN', 'INACTIVE', '2019-04-23 20:25:46', '2019-04-23 20:25:46'),
	(26, 4, 20, 'MIN', 'INACTIVE', '2019-04-23 20:30:29', '2019-04-23 20:30:29'),
	(27, 4, 20, 'MIN', 'INACTIVE', '2019-04-23 20:33:00', '2019-04-23 20:33:00'),
	(28, 4, 20, 'MIN', 'INACTIVE', '2019-04-23 20:34:26', '2019-04-23 20:34:26'),
	(29, 4, 20, 'MIN', 'INACTIVE', '2019-04-23 20:33:00', '2019-04-23 20:33:00'),
	(30, 4, 20, 'MIN', 'INACTIVE', '2019-04-23 20:34:26', '2019-04-23 20:34:26'),
	(31, 4, 20, 'MIN', 'INACTIVE', '2019-04-23 20:33:00', '2019-04-23 20:33:00'),
	(32, 4, 20, 'MIN', 'INACTIVE', '2019-04-23 20:35:16', '2019-04-23 20:35:16'),
	(33, 4, 20, 'MIN', 'INACTIVE', '2019-04-23 20:34:26', '2019-04-23 20:34:26'),
	(34, 4, 20, 'MIN', 'INACTIVE', '2019-04-23 20:36:32', '2019-04-23 20:36:32'),
	(35, 4, 20, 'MIN', 'INACTIVE', '2019-04-23 20:33:00', '2019-04-23 20:33:00'),
	(36, 4, 20, 'MIN', 'INACTIVE', '2019-04-23 20:35:16', '2019-04-23 20:35:16'),
	(37, 4, 20, 'MIN', 'INACTIVE', '2019-04-23 20:34:26', '2019-04-23 20:34:26'),
	(38, 4, 20, 'MIN', 'INACTIVE', '2019-04-23 20:36:43', '2019-04-23 20:36:43'),
	(39, 4, 20, 'MIN', 'INACTIVE', '2019-04-23 20:36:32', '2019-04-23 20:36:32'),
	(40, 4, 20, 'MIN', 'INACTIVE', '2019-04-23 20:33:00', '2019-04-23 20:33:00'),
	(41, 4, 20, 'MIN', 'INACTIVE', '2019-04-23 20:35:16', '2019-04-23 20:35:16'),
	(42, 4, 20, 'MIN', 'INACTIVE', '2019-04-23 20:46:33', '2019-04-23 20:46:33'),
	(43, 4, 20, 'MIN', 'INACTIVE', '2019-04-23 20:46:33', '2019-04-23 20:46:33'),
	(44, 4, 20, 'MIN', 'INACTIVE', '2019-04-23 21:04:09', '2019-04-23 21:04:09'),
	(45, 4, 20, 'MIN', 'INACTIVE', '2019-04-23 21:07:03', '2019-04-23 21:07:03'),
	(46, 4, 20, 'MIN', 'ACTIVE', '2019-04-23 21:12:27', '2019-04-23 21:12:27'),
	(47, 4, 20, 'MIN', 'INACTIVE', '2019-04-23 21:12:27', '2019-04-23 21:12:27'),
	(48, 4, 20, 'MIN', 'ACTIVE', '2019-04-23 21:14:36', '2019-04-23 21:14:36');
/*!40000 ALTER TABLE `stock_guideline_budget_builder_type` ENABLE KEYS */;


-- Dumping structure for table univision.stock_guideline_details
CREATE TABLE IF NOT EXISTS `stock_guideline_details` (
  `STOCK_GUIDELINE_DETAILS_ID` int(11) unsigned NOT NULL AUTO_INCREMENT,
  `ORG_ID` int(11) unsigned NOT NULL,
  `TENANT_ID` int(11) unsigned NOT NULL,
  `STOCK_GUIDELINE_ID` int(11) unsigned NOT NULL,
  `STATUS` enum('ACTIVE','INACTIVE') NOT NULL DEFAULT 'ACTIVE',
  `STATUS_TLM` datetime NOT NULL,
  `RECORDS` longtext NOT NULL,
  `LAST_UPDATED` timestamp NOT NULL DEFAULT CURRENT_TIMESTAMP ON UPDATE CURRENT_TIMESTAMP,
  PRIMARY KEY (`STOCK_GUIDELINE_DETAILS_ID`),
  KEY `FK_STOCK_GUIDELINE_DETAILS_ORGANIZATION` (`ORG_ID`),
  KEY `FK_STOCK_GUIDELINE_DETAILS_TENANT` (`TENANT_ID`),
  KEY `FK_STOCK_GUIDELINE_DETAILS_STOCK_GUIDELINE` (`STOCK_GUIDELINE_ID`),
  CONSTRAINT `FK_STOCK_GUIDELINE_DETAILS_ORGANIZATION` FOREIGN KEY (`ORG_ID`) REFERENCES `organization` (`ORG_ID`),
  CONSTRAINT `FK_STOCK_GUIDELINE_DETAILS_STOCK_GUIDELINE` FOREIGN KEY (`STOCK_GUIDELINE_ID`) REFERENCES `stock_guideline` (`STOCK_GUIDELINE_ID`),
  CONSTRAINT `FK_STOCK_GUIDELINE_DETAILS_TENANT` FOREIGN KEY (`TENANT_ID`) REFERENCES `tenant` (`TENANT_ID`)
) ENGINE=InnoDB AUTO_INCREMENT=3 DEFAULT CHARSET=latin1;

-- Dumping data for table univision.stock_guideline_details: ~0 rows (approximately)
DELETE FROM `stock_guideline_details`;
/*!40000 ALTER TABLE `stock_guideline_details` DISABLE KEYS */;
INSERT INTO `stock_guideline_details` (`STOCK_GUIDELINE_DETAILS_ID`, `ORG_ID`, `TENANT_ID`, `STOCK_GUIDELINE_ID`, `STATUS`, `STATUS_TLM`, `RECORDS`, `LAST_UPDATED`) VALUES
	(2, 1, 1, 20, 'ACTIVE', '2019-04-23 20:29:37', '{"headers":["Department_Name","Business_Unit_Name","Basepay","Min Guideline","Mid Guideline","Max Guideline","Min Basepay","Mid Basepay","Max Basepay"],"recordsSet":[{"records":[{"type":"checkBox","dataType":"","value":true,"prefix":""},{"type":"label","dataType":"additive","value":"FoolWorks","prefix":""},{"type":"label","dataType":"additive","value":"Core Culture","prefix":""},{"type":"label","dataType":"additive","value":20000,"prefix":"$"},{"type":"textField","dataType":"","value":0,"prefix":""},{"type":"textField","dataType":"","value":0,"prefix":""},{"type":"textField","dataType":"","value":0,"prefix":""},{"type":"label","dataType":"additive","value":20000,"prefix":"$"},{"type":"label","dataType":"additive","value":20000,"prefix":"$"},{"type":"label","dataType":"additive","value":20000,"prefix":"$"}]},{"records":[{"type":"checkBox","dataType":"","value":true,"prefix":""},{"type":"label","dataType":"additive","value":"FoolWorks","prefix":""},{"type":"label","dataType":"additive","value":"Core Solutions","prefix":""},{"type":"label","dataType":"additive","value":10000,"prefix":"$"},{"type":"textField","dataType":"","value":0,"prefix":""},{"type":"textField","dataType":"","value":0,"prefix":""},{"type":"textField","dataType":"","value":0,"prefix":""},{"type":"label","dataType":"additive","value":10000,"prefix":"$"},{"type":"label","dataType":"additive","value":10000,"prefix":"$"},{"type":"label","dataType":"additive","value":10000,"prefix":"$"}]},{"records":[{"type":"checkBox","dataType":"","value":true,"prefix":""},{"type":"label","dataType":"additive","value":"FoolWorks","prefix":""},{"type":"label","dataType":"additive","value":"Global","prefix":""},{"type":"label","dataType":"additive","value":10000,"prefix":"$"},{"type":"textField","dataType":"","value":0,"prefix":""},{"type":"textField","dataType":"","value":0,"prefix":""},{"type":"textField","dataType":"","value":0,"prefix":""},{"type":"label","dataType":"additive","value":10000,"prefix":"$"},{"type":"label","dataType":"additive","value":10000,"prefix":"$"},{"type":"label","dataType":"additive","value":10000,"prefix":"$"}]},{"records":[{"type":"checkBox","dataType":"","value":true,"prefix":""},{"type":"label","dataType":"additive","value":"Human Resource","prefix":""},{"type":"label","dataType":"additive","value":"Core Culture","prefix":""},{"type":"label","dataType":"additive","value":5000,"prefix":"$"},{"type":"textField","dataType":"","value":0,"prefix":""},{"type":"textField","dataType":"","value":0,"prefix":""},{"type":"textField","dataType":"","value":0,"prefix":""},{"type":"label","dataType":"additive","value":5000,"prefix":"$"},{"type":"label","dataType":"additive","value":5000,"prefix":"$"},{"type":"label","dataType":"additive","value":5000,"prefix":"$"}]},{"records":[{"type":"checkBox","dataType":"","value":true,"prefix":""},{"type":"label","dataType":"additive","value":"Human Resource","prefix":""},{"type":"label","dataType":"additive","value":"Core Solutions","prefix":""},{"type":"label","dataType":"additive","value":7500,"prefix":"$"},{"type":"textField","dataType":"","value":0,"prefix":""},{"type":"textField","dataType":"","value":0,"prefix":""},{"type":"textField","dataType":"","value":0,"prefix":""},{"type":"label","dataType":"additive","value":7500,"prefix":"$"},{"type":"label","dataType":"additive","value":7500,"prefix":"$"},{"type":"label","dataType":"additive","value":7500,"prefix":"$"}]},{"records":[{"type":"checkBox","dataType":"","value":true,"prefix":""},{"type":"label","dataType":"additive","value":"Human Resource","prefix":""},{"type":"label","dataType":"additive","value":"Global","prefix":""},{"type":"label","dataType":"additive","value":5000,"prefix":"$"},{"type":"textField","dataType":"","value":0,"prefix":""},{"type":"textField","dataType":"","value":0,"prefix":""},{"type":"textField","dataType":"","value":0,"prefix":""},{"type":"label","dataType":"additive","value":5000,"prefix":"$"},{"type":"label","dataType":"additive","value":5000,"prefix":"$"},{"type":"label","dataType":"additive","value":5000,"prefix":"$"}]},{"records":[{"type":"checkBox","dataType":"","value":true,"prefix":""},{"type":"label","dataType":"additive","value":"Sales and Operations","prefix":""},{"type":"label","dataType":"additive","value":"Core Culture","prefix":""},{"type":"label","dataType":"additive","value":5000,"prefix":"$"},{"type":"textField","dataType":"","value":0,"prefix":""},{"type":"textField","dataType":"","value":0,"prefix":""},{"type":"textField","dataType":"","value":0,"prefix":""},{"type":"label","dataType":"additive","value":5000,"prefix":"$"},{"type":"label","dataType":"additive","value":5000,"prefix":"$"},{"type":"label","dataType":"additive","value":5000,"prefix":"$"}]},{"records":[{"type":"checkBox","dataType":"","value":true,"prefix":""},{"type":"label","dataType":"additive","value":"Sales and Operations","prefix":""},{"type":"label","dataType":"additive","value":"Core Solutions","prefix":""},{"type":"label","dataType":"additive","value":5000,"prefix":"$"},{"type":"textField","dataType":"","value":0,"prefix":""},{"type":"textField","dataType":"","value":0,"prefix":""},{"type":"textField","dataType":"","value":0,"prefix":""},{"type":"label","dataType":"additive","value":5000,"prefix":"$"},{"type":"label","dataType":"additive","value":5000,"prefix":"$"},{"type":"label","dataType":"additive","value":5000,"prefix":"$"}]},{"records":[{"type":"checkBox","dataType":"","value":true,"prefix":""},{"type":"label","dataType":"additive","value":"Wealth Management","prefix":""},{"type":"label","dataType":"additive","value":"Core Culture","prefix":""},{"type":"label","dataType":"additive","value":5000,"prefix":"$"},{"type":"textField","dataType":"","value":0,"prefix":""},{"type":"textField","dataType":"","value":0,"prefix":""},{"type":"textField","dataType":"","value":0,"prefix":""},{"type":"label","dataType":"additive","value":5000,"prefix":"$"},{"type":"label","dataType":"additive","value":5000,"prefix":"$"},{"type":"label","dataType":"additive","value":5000,"prefix":"$"}]}],"total":[0,0,0,72500,0,0,0,72500,72500,72500]}', '2019-04-23 20:29:36');
/*!40000 ALTER TABLE `stock_guideline_details` ENABLE KEYS */;


-- Dumping structure for table univision.stock_guideline_rule_mapper
CREATE TABLE IF NOT EXISTS `stock_guideline_rule_mapper` (
  `STOCK_GUIDELINE_RULE_MAPPER_ID` int(11) unsigned NOT NULL AUTO_INCREMENT,
  `ORG_ID` int(11) unsigned NOT NULL,
  `TENANT_ID` int(11) unsigned NOT NULL,
  `STOCK_GUIDELINE_ID` int(11) unsigned NOT NULL,
  `RULE_ID` int(11) unsigned NOT NULL,
  `STOCK_GUIDELINE_RULE_MAPPER_STATUS` enum('ACTIVE','INACTIVE') NOT NULL DEFAULT 'ACTIVE',
  PRIMARY KEY (`STOCK_GUIDELINE_RULE_MAPPER_ID`),
  KEY `FK_STOCK_GUIDELINE_RULE_MAPPER_ORGANIZATION` (`ORG_ID`),
  KEY `FK_STOCK_GUIDELINE_RULE_MAPPER_TENANT` (`TENANT_ID`),
  KEY `FK_STOCK_GUIDELINE_RULE_MAPPER_STOCK_GUIDELINE` (`STOCK_GUIDELINE_ID`),
  KEY `FK_STOCK_GUIDELINE_RULE_MAPPER_RULE` (`RULE_ID`),
  CONSTRAINT `FK_STOCK_GUIDELINE_RULE_MAPPER_ORGANIZATION` FOREIGN KEY (`ORG_ID`) REFERENCES `organization` (`ORG_ID`),
  CONSTRAINT `FK_STOCK_GUIDELINE_RULE_MAPPER_RULE` FOREIGN KEY (`RULE_ID`) REFERENCES `meta_data_rule` (`META_DATA_RULE_ID`),
  CONSTRAINT `FK_STOCK_GUIDELINE_RULE_MAPPER_STOCK_GUIDELINE` FOREIGN KEY (`STOCK_GUIDELINE_ID`) REFERENCES `stock_guideline` (`STOCK_GUIDELINE_ID`),
  CONSTRAINT `FK_STOCK_GUIDELINE_RULE_MAPPER_TENANT` FOREIGN KEY (`TENANT_ID`) REFERENCES `tenant` (`TENANT_ID`)
) ENGINE=InnoDB AUTO_INCREMENT=15 DEFAULT CHARSET=latin1;

-- Dumping data for table univision.stock_guideline_rule_mapper: ~0 rows (approximately)
DELETE FROM `stock_guideline_rule_mapper`;
/*!40000 ALTER TABLE `stock_guideline_rule_mapper` DISABLE KEYS */;
INSERT INTO `stock_guideline_rule_mapper` (`STOCK_GUIDELINE_RULE_MAPPER_ID`, `ORG_ID`, `TENANT_ID`, `STOCK_GUIDELINE_ID`, `RULE_ID`, `STOCK_GUIDELINE_RULE_MAPPER_STATUS`) VALUES
	(14, 1, 1, 20, 28, 'ACTIVE');
/*!40000 ALTER TABLE `stock_guideline_rule_mapper` ENABLE KEYS */;


-- Dumping structure for table univision.stock_master
CREATE TABLE IF NOT EXISTS `stock_master` (
  `STOCK_MASTER_ID` int(11) unsigned NOT NULL AUTO_INCREMENT,
  `ORG_ID` int(11) unsigned NOT NULL,
  `TENANT_ID` int(11) unsigned NOT NULL,
  `EMPLOYEE_MASTER_ID` int(11) unsigned NOT NULL,
  `STOCK_TYPE` enum('RSU') DEFAULT 'RSU',
  `STRICK_PRICE` double DEFAULT '0',
  `UNITS_AMOUNT_INCREASE` double DEFAULT '0',
  `LAST_UNITS_INCREASE` double DEFAULT '0',
  `PRICE_AMOUNT_INCREASE` double DEFAULT '0',
  `STOCK_INCREASE_ELIGIBLE` enum('Y','N') DEFAULT 'N',
  `UNITS_PERCENT_INCREASE` double DEFAULT '0',
  `PRICE_PERCENT_INCREASE` double DEFAULT '0',
  `STOCK_PRORATION_FACTOR` double DEFAULT NULL,
  `COMPANY_EMPLOYEE_ID` varchar(50) DEFAULT NULL,
  `CURRENT_ANNUAL_PRICE` double DEFAULT '0',
  `CURRENT_ANNUAL_UNIT` double DEFAULT '0',
  `CURRENT_COMPA_RATIO` double DEFAULT '0',
  `EFFECTIVE_DATE` date DEFAULT NULL,
  `ALLOCATION_DATE` date DEFAULT NULL,
  `EXPIRE_DATE` date DEFAULT NULL,
  `LOCKED_IN_MONTH` int(11) DEFAULT '0',
  `VESTING_IN_MONTH` double DEFAULT '0',
  `VESTING_PERCENT_IN_MONTH` int(11) DEFAULT '0',
  `NEW_ANNUAL_PRICE` double DEFAULT '0',
  `NEW_ANNUAL_UNITS` double DEFAULT '0',
  `NEW_COMPA_RATIO` double DEFAULT '0',
  `GUIDELINE_MIN` double DEFAULT NULL,
  `GUIDELINE_MAX` double DEFAULT NULL,
  `GUIDELINE_STR` varchar(30) DEFAULT NULL,
  `NOTE` text,
  `PLANNING_DATE` date DEFAULT NULL,
  `STATUS` enum('ACTIVE','INACTIVE') NOT NULL DEFAULT 'ACTIVE',
  `STATUS_TLM` datetime NOT NULL,
  `COMPENSATION_INCREASE_TYPE_ID` int(11) unsigned NOT NULL,
  `PLANNED_BY` int(11) unsigned DEFAULT NULL,
  `CURRENT_JOB` int(11) unsigned DEFAULT NULL,
  `NEW_JOB` int(11) unsigned DEFAULT NULL,
  `LAST_UPDATED_BY` int(11) unsigned NOT NULL,
  `LAST_UPDATED` datetime NOT NULL,
  PRIMARY KEY (`STOCK_MASTER_ID`),
  KEY `FK_STOCK_MASTER_ORGANIZATION` (`ORG_ID`),
  KEY `FK_STOCK_MASTER_TENANT` (`TENANT_ID`),
  KEY `FK_STOCK_MASTER_EMPLOYEE_MASTER` (`EMPLOYEE_MASTER_ID`),
  KEY `FK_STOCK_MASTER_EMPLOYEE_MASTER_2` (`PLANNED_BY`),
  KEY `FK_STOCK_MASTER_EMPLOYEE_MASTER_3` (`LAST_UPDATED_BY`),
  KEY `FK_STOCK_MASTER_COMPENSATION_INCREASE_TYPE` (`COMPENSATION_INCREASE_TYPE_ID`),
  CONSTRAINT `FK_STOCK_MASTER_COMPENSATION_INCREASE_TYPE` FOREIGN KEY (`COMPENSATION_INCREASE_TYPE_ID`) REFERENCES `compensation_increase_type` (`COMPENSATION_INCREASE_TYPE_ID`),
  CONSTRAINT `FK_STOCK_MASTER_EMPLOYEE_MASTER` FOREIGN KEY (`EMPLOYEE_MASTER_ID`) REFERENCES `employee_master` (`EMPLOYEE_MASTER_ID`),
  CONSTRAINT `FK_STOCK_MASTER_EMPLOYEE_MASTER_2` FOREIGN KEY (`PLANNED_BY`) REFERENCES `employee_master` (`EMPLOYEE_MASTER_ID`),
  CONSTRAINT `FK_STOCK_MASTER_EMPLOYEE_MASTER_3` FOREIGN KEY (`LAST_UPDATED_BY`) REFERENCES `employee_master` (`EMPLOYEE_MASTER_ID`),
  CONSTRAINT `FK_STOCK_MASTER_ORGANIZATION` FOREIGN KEY (`ORG_ID`) REFERENCES `organization` (`ORG_ID`),
  CONSTRAINT `FK_STOCK_MASTER_TENANT` FOREIGN KEY (`TENANT_ID`) REFERENCES `tenant` (`TENANT_ID`)
) ENGINE=InnoDB AUTO_INCREMENT=31 DEFAULT CHARSET=latin1;

-- Dumping data for table univision.stock_master: ~0 rows (approximately)
DELETE FROM `stock_master`;
/*!40000 ALTER TABLE `stock_master` DISABLE KEYS */;
INSERT INTO `stock_master` (`STOCK_MASTER_ID`, `ORG_ID`, `TENANT_ID`, `EMPLOYEE_MASTER_ID`, `STOCK_TYPE`, `STRICK_PRICE`, `UNITS_AMOUNT_INCREASE`, `LAST_UNITS_INCREASE`, `PRICE_AMOUNT_INCREASE`, `STOCK_INCREASE_ELIGIBLE`, `UNITS_PERCENT_INCREASE`, `PRICE_PERCENT_INCREASE`, `STOCK_PRORATION_FACTOR`, `COMPANY_EMPLOYEE_ID`, `CURRENT_ANNUAL_PRICE`, `CURRENT_ANNUAL_UNIT`, `CURRENT_COMPA_RATIO`, `EFFECTIVE_DATE`, `ALLOCATION_DATE`, `EXPIRE_DATE`, `LOCKED_IN_MONTH`, `VESTING_IN_MONTH`, `VESTING_PERCENT_IN_MONTH`, `NEW_ANNUAL_PRICE`, `NEW_ANNUAL_UNITS`, `NEW_COMPA_RATIO`, `GUIDELINE_MIN`, `GUIDELINE_MAX`, `GUIDELINE_STR`, `NOTE`, `PLANNING_DATE`, `STATUS`, `STATUS_TLM`, `COMPENSATION_INCREASE_TYPE_ID`, `PLANNED_BY`, `CURRENT_JOB`, `NEW_JOB`, `LAST_UPDATED_BY`, `LAST_UPDATED`) VALUES
	(13, 1, 1, 13, 'RSU', 25, 0, 0, NULL, 'Y', 0, NULL, 1, NULL, 2500, 1000, NULL, '2019-01-01', '2018-11-01', NULL, 12, 48, NULL, 50000, NULL, NULL, 0, 2, '0.0%-2.0%', NULL, NULL, 'ACTIVE', '2016-09-15 21:31:06', 5, 13, 0, 0, 13, '2016-09-15 21:31:40'),
	(30, 1, 1, 13, 'RSU', 25, 0, 0, NULL, 'Y', 0, NULL, 1, NULL, 2500, 1000, NULL, '2019-01-01', '2018-11-01', NULL, 12, 48, NULL, 50000, NULL, NULL, 0, 2, '0.0%-2.0%', NULL, NULL, 'ACTIVE', '2016-09-15 21:31:06', 6, 13, 0, 0, 13, '2016-09-15 21:31:40');
/*!40000 ALTER TABLE `stock_master` ENABLE KEYS */;


-- Dumping structure for table univision.template_location
CREATE TABLE IF NOT EXISTS `template_location` (
  `TEMPLATE_LOCATION_ID` int(11) unsigned NOT NULL AUTO_INCREMENT,
  `LOCATION_NAME` varchar(50) NOT NULL,
  `STATUS` enum('ACTIVE','INACTIVE') NOT NULL DEFAULT 'ACTIVE',
  `STATUS_TLM` datetime NOT NULL,
  `LAST_UPDATED` timestamp NOT NULL DEFAULT CURRENT_TIMESTAMP ON UPDATE CURRENT_TIMESTAMP,
  PRIMARY KEY (`TEMPLATE_LOCATION_ID`),
  UNIQUE KEY `INDEX 2` (`LOCATION_NAME`)
) ENGINE=InnoDB AUTO_INCREMENT=9 DEFAULT CHARSET=latin1;

-- Dumping data for table univision.template_location: ~0 rows (approximately)
DELETE FROM `template_location`;
/*!40000 ALTER TABLE `template_location` DISABLE KEYS */;
INSERT INTO `template_location` (`TEMPLATE_LOCATION_ID`, `LOCATION_NAME`, `STATUS`, `STATUS_TLM`, `LAST_UPDATED`) VALUES
	(1, 'Planning Budget', 'ACTIVE', '2018-01-10 13:44:15', '2018-01-10 21:12:17'),
	(2, 'Employee Analytics', 'ACTIVE', '2018-02-04 11:16:47', '2018-02-04 11:16:48'),
	(3, 'PM Lite', 'ACTIVE', '2018-01-10 13:44:15', '2018-01-10 13:44:16'),
	(4, 'Salary Counter', 'ACTIVE', '2018-03-05 17:37:58', '2018-03-05 17:37:59'),
	(5, 'Dashboard View', 'ACTIVE', '2018-03-12 11:17:32', '2018-03-12 11:17:33'),
	(6, 'Budget Grid', 'ACTIVE', '2018-03-12 11:17:32', '2018-03-12 11:17:33'),
	(7, 'Budget Grid Footer', 'ACTIVE', '2018-03-12 11:17:32', '2019-09-23 09:24:07'),
	(8, 'Employee Analytics Filter', 'ACTIVE', '2018-03-12 11:17:32', '2019-09-23 09:24:03');
/*!40000 ALTER TABLE `template_location` ENABLE KEYS */;


-- Dumping structure for table univision.tenant
CREATE TABLE IF NOT EXISTS `tenant` (
  `TENANT_ID` int(11) unsigned NOT NULL AUTO_INCREMENT,
  `TENANT_NAME` varchar(50) NOT NULL,
  `DISPLAY_NAME` varchar(50) DEFAULT NULL,
  `TENANT_DESC` varchar(50) DEFAULT NULL,
  `TENANT_DOMAIN` varchar(100) DEFAULT NULL,
  `TENANT_IDENTIFIER` varchar(100) DEFAULT NULL,
  `TENANT_KEY` varchar(100) DEFAULT NULL,
  `SCHEMA_NAME` varchar(100) DEFAULT NULL,
  `DATABASE_NAME` varchar(100) DEFAULT NULL,
  `DATASOURCE_NAME` varchar(100) DEFAULT NULL,
  `START_DATE` date DEFAULT NULL,
  `END_DATE` date DEFAULT NULL,
  `EFFECTIVEDATE` date DEFAULT NULL,
  `STATUS` enum('ACTIVE','INACTIVE') NOT NULL DEFAULT 'ACTIVE',
  `STATUS_TLM` datetime NOT NULL,
  `CREATED_DATE` date DEFAULT NULL,
  `CREATED_BY` int(11) unsigned NOT NULL,
  `LAST_UPDATE` timestamp NOT NULL DEFAULT CURRENT_TIMESTAMP ON UPDATE CURRENT_TIMESTAMP,
  PRIMARY KEY (`TENANT_ID`),
  KEY `FK_TENANT_EMPLOYEE_MASTER` (`CREATED_BY`),
  CONSTRAINT `FK_TENANT_EMPLOYEE_MASTER` FOREIGN KEY (`CREATED_BY`) REFERENCES `employee_master` (`EMPLOYEE_MASTER_ID`)
) ENGINE=InnoDB AUTO_INCREMENT=2 DEFAULT CHARSET=utf8;

-- Dumping data for table univision.tenant: ~0 rows (approximately)
DELETE FROM `tenant`;
/*!40000 ALTER TABLE `tenant` DISABLE KEYS */;
INSERT INTO `tenant` (`TENANT_ID`, `TENANT_NAME`, `DISPLAY_NAME`, `TENANT_DESC`, `TENANT_DOMAIN`, `TENANT_IDENTIFIER`, `TENANT_KEY`, `SCHEMA_NAME`, `DATABASE_NAME`, `DATASOURCE_NAME`, `START_DATE`, `END_DATE`, `EFFECTIVEDATE`, `STATUS`, `STATUS_TLM`, `CREATED_DATE`, `CREATED_BY`, `LAST_UPDATE`) VALUES
	(1, 'demo', 'demo', 'demo', NULL, NULL, NULL, NULL, NULL, NULL, NULL, NULL, NULL, 'ACTIVE', '2016-08-06 12:51:58', '2016-08-26', 13, '2019-08-01 20:11:27');
/*!40000 ALTER TABLE `tenant` ENABLE KEYS */;


-- Dumping structure for table univision.user_defined_properties
CREATE TABLE IF NOT EXISTS `user_defined_properties` (
  `USER_DEFINED_PROPERTIES_ID` int(11) unsigned NOT NULL AUTO_INCREMENT,
  `ORG_ID` int(11) unsigned NOT NULL,
  `TENANT_ID` int(11) unsigned NOT NULL,
  `NAME` varchar(50) NOT NULL,
  `DESCRIPTION` varchar(100) DEFAULT NULL,
  `STATUS` enum('ACTIVE','INACTIVE') NOT NULL DEFAULT 'ACTIVE',
  `STATUS_TLM` datetime NOT NULL,
  `LAST_UPDATED` timestamp NOT NULL DEFAULT CURRENT_TIMESTAMP ON UPDATE CURRENT_TIMESTAMP,
  PRIMARY KEY (`USER_DEFINED_PROPERTIES_ID`),
  KEY `FK_USER_DEFINED_PROPERTIES_ORGANIZATION` (`ORG_ID`),
  KEY `FK_USER_DEFINED_PROPERTIES_TENANT` (`TENANT_ID`),
  CONSTRAINT `FK_USER_DEFINED_PROPERTIES_ORGANIZATION` FOREIGN KEY (`ORG_ID`) REFERENCES `organization` (`ORG_ID`),
  CONSTRAINT `FK_USER_DEFINED_PROPERTIES_TENANT` FOREIGN KEY (`TENANT_ID`) REFERENCES `tenant` (`TENANT_ID`)
) ENGINE=InnoDB AUTO_INCREMENT=7 DEFAULT CHARSET=latin1;

-- Dumping data for table univision.user_defined_properties: ~0 rows (approximately)
DELETE FROM `user_defined_properties`;
/*!40000 ALTER TABLE `user_defined_properties` DISABLE KEYS */;
INSERT INTO `user_defined_properties` (`USER_DEFINED_PROPERTIES_ID`, `ORG_ID`, `TENANT_ID`, `NAME`, `DESCRIPTION`, `STATUS`, `STATUS_TLM`, `LAST_UPDATED`) VALUES
	(1, 1, 1, 'Gym Reim', 'Gym Reim', 'ACTIVE', '2018-08-14 08:52:32', '2018-11-12 15:09:37'),
	(2, 1, 1, '401K Match', '401K Match', 'ACTIVE', '2018-08-14 08:52:32', '2018-11-12 15:09:25'),
	(3, 1, 1, 'Health Premium', 'Health Amount', 'ACTIVE', '2018-08-14 08:52:32', '2018-11-12 15:08:58'),
	(4, 1, 1, 'Food ', 'Communication Amount', 'INACTIVE', '2018-08-14 12:08:26', '2018-11-12 15:11:23'),
	(5, 1, 1, 'Food', 'Food Allowence Amount', 'ACTIVE', '2018-08-14 12:08:59', '2018-11-12 15:11:41'),
	(6, 1, 1, 'Commute Allowence', 'Commute Allowence Amount', 'ACTIVE', '2018-08-14 12:08:59', '2018-11-12 15:10:09');
/*!40000 ALTER TABLE `user_defined_properties` ENABLE KEYS */;


-- Dumping structure for table univision.user_defined_property_details
CREATE TABLE IF NOT EXISTS `user_defined_property_details` (
  `USER_DEFINED_PROPERTY_DETAILS_ID` int(11) unsigned NOT NULL AUTO_INCREMENT,
  `ORG_ID` int(11) unsigned NOT NULL,
  `TENANT_ID` int(11) unsigned NOT NULL,
  `EMPLOYEE_MASTER_ID` int(11) unsigned NOT NULL,
  `USER_DEFINED_PROPERTIES_ID` int(11) unsigned NOT NULL,
  `PROPERTY_VALUE` varchar(100) DEFAULT NULL,
  `STATUS` enum('ACTIVE','INACTIVE') NOT NULL DEFAULT 'ACTIVE',
  `STATUS_TLM` datetime NOT NULL,
  `LAST_UPDATED` timestamp NOT NULL DEFAULT CURRENT_TIMESTAMP ON UPDATE CURRENT_TIMESTAMP,
  PRIMARY KEY (`USER_DEFINED_PROPERTY_DETAILS_ID`),
  KEY `FK_USER_DEFINED_FIELDS_EMPLOYEE_MASTER1` (`EMPLOYEE_MASTER_ID`),
  KEY `FK_USER_DEFINED_FIELDS_ORGANIZATION1` (`ORG_ID`),
  KEY `FK_USER_DEFINED_FIELDS_TENANT1` (`TENANT_ID`),
  KEY `FK_USER_DEFINED_FIELDS_USER_PROPERTY` (`USER_DEFINED_PROPERTIES_ID`),
  CONSTRAINT `FK_USER_DEFINED_FIELDS_EMPLOYEE_MASTER1` FOREIGN KEY (`EMPLOYEE_MASTER_ID`) REFERENCES `employee_master` (`EMPLOYEE_MASTER_ID`),
  CONSTRAINT `FK_USER_DEFINED_FIELDS_ORGANIZATION1` FOREIGN KEY (`ORG_ID`) REFERENCES `organization` (`ORG_ID`),
  CONSTRAINT `FK_USER_DEFINED_FIELDS_TENANT1` FOREIGN KEY (`TENANT_ID`) REFERENCES `tenant` (`TENANT_ID`),
  CONSTRAINT `FK_USER_DEFINED_FIELDS_USER_PROPERTY` FOREIGN KEY (`USER_DEFINED_PROPERTIES_ID`) REFERENCES `user_defined_properties` (`USER_DEFINED_PROPERTIES_ID`)
) ENGINE=InnoDB DEFAULT CHARSET=utf8;

-- Dumping data for table univision.user_defined_property_details: ~0 rows (approximately)
DELETE FROM `user_defined_property_details`;
/*!40000 ALTER TABLE `user_defined_property_details` DISABLE KEYS */;
/*!40000 ALTER TABLE `user_defined_property_details` ENABLE KEYS */;


-- Dumping structure for table univision.user_notification
CREATE TABLE IF NOT EXISTS `user_notification` (
  `NOTIFICATION_ID` int(11) unsigned NOT NULL AUTO_INCREMENT,
  `ORG_ID` int(11) unsigned NOT NULL,
  `TENANT_ID` int(11) unsigned NOT NULL,
  `SENDER` int(11) unsigned NOT NULL,
  `RECEIVER` int(11) unsigned NOT NULL,
  `DESCRIPTION` text NOT NULL,
  `STATUS` enum('ACTIVE','INACTIVE') NOT NULL DEFAULT 'ACTIVE',
  `NOTIFICATION_TYPE` enum('MESSAGE','BUDGET_APPROVED','BUDGET_REJECTED','SUBMITTED_FOR_APPROVAL') NOT NULL DEFAULT 'MESSAGE',
  `SEEN` bit(1) NOT NULL DEFAULT b'0',
  `STATUS_TLM` datetime NOT NULL,
  `WHEN_CREATED` datetime NOT NULL,
  `TLM` timestamp NOT NULL DEFAULT CURRENT_TIMESTAMP ON UPDATE CURRENT_TIMESTAMP,
  PRIMARY KEY (`NOTIFICATION_ID`),
  KEY `FK_user_notification_organization` (`ORG_ID`),
  KEY `FK_user_notification_tenant` (`TENANT_ID`),
  KEY `FK_user_notification_employee_master` (`SENDER`),
  KEY `FK_user_notification_employee_master_2` (`RECEIVER`),
  CONSTRAINT `FK_user_notification_employee_master` FOREIGN KEY (`SENDER`) REFERENCES `employee_master` (`EMPLOYEE_MASTER_ID`),
  CONSTRAINT `FK_user_notification_employee_master_2` FOREIGN KEY (`RECEIVER`) REFERENCES `employee_master` (`EMPLOYEE_MASTER_ID`),
  CONSTRAINT `FK_user_notification_organization` FOREIGN KEY (`ORG_ID`) REFERENCES `organization` (`ORG_ID`),
  CONSTRAINT `FK_user_notification_tenant` FOREIGN KEY (`TENANT_ID`) REFERENCES `tenant` (`TENANT_ID`)
) ENGINE=InnoDB DEFAULT CHARSET=latin1;

-- Dumping data for table univision.user_notification: ~0 rows (approximately)
DELETE FROM `user_notification`;
/*!40000 ALTER TABLE `user_notification` DISABLE KEYS */;
/*!40000 ALTER TABLE `user_notification` ENABLE KEYS */;


-- Dumping structure for table univision.validation
CREATE TABLE IF NOT EXISTS `validation` (
  `VALIDATION_ID` int(11) unsigned NOT NULL AUTO_INCREMENT,
  `ORG_ID` int(11) unsigned NOT NULL,
  `TENANT_ID` int(11) unsigned NOT NULL,
  `MODEL_NAME` varchar(50) NOT NULL,
  `TEMPLATE` text,
  `STATUS` enum('ACTIVE','INACTIVE') NOT NULL DEFAULT 'ACTIVE',
  `STATUS_TLM` datetime NOT NULL,
  `TLM` timestamp NOT NULL DEFAULT CURRENT_TIMESTAMP ON UPDATE CURRENT_TIMESTAMP,
  PRIMARY KEY (`VALIDATION_ID`),
  UNIQUE KEY `INDEX 4` (`MODEL_NAME`),
  KEY `FK_VALIDATION_ORGANIZATION` (`ORG_ID`),
  KEY `FK_VALIDATION_TENANT` (`TENANT_ID`),
  CONSTRAINT `FK_VALIDATION_ORGANIZATION` FOREIGN KEY (`ORG_ID`) REFERENCES `organization` (`ORG_ID`),
  CONSTRAINT `FK_VALIDATION_TENANT` FOREIGN KEY (`TENANT_ID`) REFERENCES `tenant` (`TENANT_ID`)
) ENGINE=InnoDB AUTO_INCREMENT=80 DEFAULT CHARSET=utf8;

-- Dumping data for table univision.validation: ~0 rows (approximately)
DELETE FROM `validation`;
/*!40000 ALTER TABLE `validation` DISABLE KEYS */;
INSERT INTO `validation` (`VALIDATION_ID`, `ORG_ID`, `TENANT_ID`, `MODEL_NAME`, `TEMPLATE`, `STATUS`, `STATUS_TLM`, `TLM`) VALUES
	(1, 1, 1, 'login', '{\n  "$schema": "http://json-schema.org/draft-04/schema#",\n  "title": "login",\n  "description": "login validation model",\n  "type": "object",\n  "properties": {\n    "userName": {\n      "description": "user name of user",\n      "type": "string",\n      "minLength": 6,\n      "maxLength": 255,\n      "pattern": "^[a-z0-9]+(\\\\.[_a-z0-9]+)*@[a-z0-9-]+(\\\\.[a-z0-9-]+)*(\\\\.[a-z]{2,3})$"\n    },\n    "password": {\n      "description": "password of user",\n      "type": "string",\n      "minLength": 6,\n      "maxLength": 10,\n      "pattern": "^[a-zA-Z0-9]{6,10}$"\n    }\n  },\n  "required": [\n    "userName",\n    "password"\n  ]\n}', 'ACTIVE', '2018-03-23 10:56:46', '2018-06-13 22:25:55'),
	(2, 1, 1, 'jobFamily', '{\r\n  "$schema": "http://json-schema.org/draft-04/schema#",\r\n  "title": "job family",\r\n  "description": "job family validation model",\r\n  "type": "object",\r\n  "properties": {\r\n    "name": {\r\n      "description": "name of job family",\r\n      "type": "string",\r\n      "minLength": 1,\r\n      "maxLength": 50,\r\n      "pattern": "^[ A-Za-z0-9_@./#&+-]{1,50}$"\r\n    },\r\n    "description": {\r\n      "description": "description of job family",\r\n      "type": "string",\r\n      "minLength": 1,\r\n      "maxLength": 100,\r\n      "pattern": "^[ A-Za-z0-9_@./#&+-]{1,100}$"\r\n    },\r\n    "code": {\r\n      "description": "code of job family",\r\n      "type": "string",\r\n      "minLength": 1,\r\n      "maxLength": 15,\r\n      "pattern": "^[ A-Za-z0-9_@./#&+-]{1,15}$"\r\n    }\r\n  },\r\n  "required": [\r\n    "name"\r\n  ],\r\n  "definitions": {\r\n    "encId": {\r\n      "type": "string",\r\n      "minLength": 8\r\n    }\r\n  }\r\n}', 'ACTIVE', '2018-03-23 10:56:46', '2019-07-24 18:40:39'),
	(4, 1, 1, 'jobRole', '{\r\n  "$schema": "http://json-schema.org/draft-04/schema#",\r\n  "title": "job role",\r\n  "description": "job role validation model",\r\n  "type": "object",\r\n  "properties": {\r\n    "name": {\r\n      "description": "name of job role",\r\n      "type": "string",\r\n      "minLength": 3,\r\n      "maxLength": 50,\r\n      "pattern": "^[-_ a-zA-Z0-9]{3,50}$"\r\n    },\r\n    "description": {\r\n      "description": "description of job role",\r\n      "type": "string",\r\n      "minLength": 3,\r\n      "maxLength": 100,\r\n      "pattern": "^[-_ a-zA-Z0-9]{3,100}$"\r\n    },\r\n    "code": {\r\n      "description": "code of job role",\r\n      "type": "string",\r\n      "minLength": 2,\r\n      "maxLength": 15,\r\n      "pattern": "^[-_ a-zA-Z0-9]{2,15}$"\r\n    },\r\n    "jobTypes": {\r\n      "$ref": "#/definitions/JobTypes"\r\n    }\r\n  },\r\n  "required": [\r\n    "name",\r\n    "description",\r\n    "code"\r\n  ],\r\n  "definitions": {\r\n    "encId": {\r\n      "type": "string",\r\n      "minLength": 8\r\n    },\r\n    "JobTypes": {\r\n      "type": "object",\r\n      "properties": {\r\n        "id": {\r\n          "$ref": "#/definitions/encId"\r\n        },\r\n        "name": {\r\n          "description": "Name of job",\r\n          "type": "string",\r\n          "minLength": 3,\r\n          "maxLength": 50,\r\n          "pattern": "^[-_ a-zA-Z0-9]{3,50}$"\r\n        }\r\n      }\r\n    }\r\n  }\r\n}', 'ACTIVE', '2018-03-23 10:56:46', '2018-04-19 20:24:28'),
	(6, 1, 1, 'jobGrade', '{\r\n  "$schema": "http://json-schema.org/draft-04/schema#",\r\n  "title": "job grade",\r\n  "description": "job grade validation model",\r\n  "type": "object",\r\n  "properties": {\r\n    "name": {\r\n      "description": "name of job grade",\r\n      "type": "string",\r\n      "minLength": 3,\r\n      "maxLength": 50,\r\n      "pattern": "^[-_ a-zA-Z0-9]{3,50}$"\r\n    },\r\n    "description": {\r\n      "description": "description of job grade",\r\n      "type": "string",\r\n      "minLength": 3,\r\n      "maxLength": 100,\r\n      "pattern": "^[-_ a-zA-Z0-9]{3,100}$"\r\n    },\r\n    "code": {\r\n      "description": "code of job grade",\r\n      "type": "string",\r\n      "minLength": 2,\r\n      "maxLength": 15,\r\n      "pattern": "^[-_ a-zA-Z0-9]{2,15}$"\r\n    },\r\n    "jobTypes": {\r\n      "$ref": "#/definitions/JobTypes"\r\n    }\r\n  },\r\n  "required": [\r\n    "name",\r\n    "description",\r\n    "code"\r\n  ],\r\n  "definitions": {\r\n    "encId": {\r\n      "type": "string",\r\n      "minLength": 8\r\n    },\r\n    "JobTypes": {\r\n      "type": "object",\r\n      "properties": {\r\n        "id": {\r\n          "$ref": "#/definitions/encId"\r\n        },\r\n        "name": {\r\n          "description": "Name of job",\r\n          "type": "string",\r\n          "minLength": 3,\r\n          "maxLength": 50,\r\n          "pattern": "^[-_ a-zA-Z0-9]{3,50}$"\r\n        }\r\n      }\r\n    }\r\n  }\r\n}', 'ACTIVE', '2018-03-23 10:56:46', '2018-04-19 20:24:39'),
	(7, 1, 1, 'jobLevel', '{\r\n  "$schema": "http://json-schema.org/draft-04/schema#",\r\n  "title": "job level",\r\n  "description": "job level validation model",\r\n  "type": "object",\r\n  "properties": {\r\n    "name": {\r\n      "description": "name of job level",\r\n      "type": "string",\r\n      "minLength": 1,\r\n      "maxLength": 50,\r\n      "pattern": "^[ A-Za-z0-9_@./#&+-]{1,50}$"\r\n    },\r\n    "description": {\r\n      "description": "description of job level",\r\n      "type": "string",\r\n      "minLength": 1,\r\n      "maxLength": 100,\r\n      "pattern": "^[ A-Za-z0-9_@./#&+-]{1,100}$"\r\n    },\r\n    "code": {\r\n      "description": "code of job level",\r\n      "type": "string",\r\n      "minLength": 1,\r\n      "maxLength": 15,\r\n      "pattern": "^[ A-Za-z0-9_@./#&+-]{1,15}$"\r\n    }\r\n  },\r\n  "required": [\r\n    "name"\r\n  ],\r\n  "definitions": {\r\n    "encId": {\r\n      "type": "string",\r\n      "minLength": 8\r\n    }\r\n  }\r\n}', 'ACTIVE', '2018-03-23 10:56:46', '2019-07-24 18:12:54'),
	(8, 1, 1, 'profileView', '{\n  "$schema": "http://json-schema.org/draft-04/schema#",\n  "title": "profile view",\n  "description": "profile view validation model",\n  "type": "object",\n  "properties": {\n    "name": {\n      "description": "name of profile view",\n      "type": "string",\n      "minLength": 3,\n      "maxLength": 50,\n      "pattern": "^[-_ a-zA-Z0-9]{3,50}$"\n    },\n    "description": {\n      "description": "description of profile view",\n      "type": "string",\n      "minLength": 3,\n      "maxLength": 100,\n      "pattern": "^[-_ a-zA-Z0-9]{3,100}$"\n    },\n    "isLoaded": {\n      "description": "loaded state of profile view",\n      "type": "boolean"\n    },\n    "templateRows": {\n      "description": "template rows of profile view",\n      "type": "array",\n      "minItems": 5,\n      "maxItems": 5,\n      "items": {\n        "type": "object",\n        "$ref": "#/definitions/templateRow"\n      }\n    },\n   "chageStatus": {\n      "description": "change status of profile view",\n      "type": "boolean"\n    }\n  },\n  "required": [\n    "name",\n    "description",\n    "isLoaded",\n    "templateRows"\n  ],\n  "definitions": {\n    "templateRow": {\n      "type": "object",\n      "properties": {\n        "id": {\n          "description": "template row index of profile view",\n          "type": "number",\n          "minimum": 0\n        },\n        "fields": {\n          "description": "template row field of profile view",\n          "type": "array",\n          "minItems": 0,\n          "maxItems": 5,\n          "items": {\n            "type": "object",\n            "$ref": "#/definitions/TemplateRowField"\n          }\n        }\n      }\n    },\n    "TemplateRowField": {\n      "type": "object",\n      "properties": {\n        "id": {\n          "description": "template row field id of profile view",\n          "type": "string",\n      "minLength": 8\n        },\n        "name": {\n          "description": "template row field name of profile view",\n          "type": "string"\n        }\n      }\n    }\n  }\n}', 'ACTIVE', '2018-03-23 10:56:46', '2018-10-11 15:33:43'),
	(10, 1, 1, 'customiseView', '{\n  "$schema": "http://json-schema.org/draft-04/schema#",\n  "title": "customise view",\n  "description": "customise view validation model",\n  "type": "object",\n  "properties": {\n    "name": {\n      "description": "name of customise view",\n      "type": "string",\n      "minLength": 3,\n      "maxLength": 50,\n      "pattern": "^[-_ a-zA-Z0-9]{3,50}$"\n    },\n    "description": {\n      "description": "description of customise view",\n      "type": "string",\n      "minLength": 3,\n      "maxLength": 100,\n      "pattern": "^[-_ a-zA-Z0-9]{3,100}$"\n    },\n    "isLoaded": {\n      "description": "loaded state of customise view",\n      "type": "boolean"\n    },\n    "templateRows": {\n      "description": "template rows of customise view",\n      "type": "array",\n      "minItems": 1,\n      "maxItems": 1,\n      "items": {\n        "type": "object",\n        "$ref": "#/definitions/templateRow"\n      }\n    },\n    "locationTypes": {\n      "$ref": "#/definitions/LocationTypes"\n    },\n   "chageStatus": {\n      "description": "change status of customise view",\n      "type": "boolean"\n    }\n  },\n  "required": [\n    "name",\n    "description",\n    "isLoaded",\n    "templateRows"\n  ],\n  "definitions": {\n   "encId": {\n      "type": "string",\n      "minLength": 8\n    },\n    "templateRow": {\n      "type": "object",\n      "properties": {\n        "id": {\n          "description": "template row index of customise view",\n          "type": "number",\n          "minimum": 0\n        },\n        "fields": {\n          "description": "template row field of customise view",\n          "type": "array",\n          "minItems": 0,\n          "maxItems": 10,\n          "items": {\n            "type": "object",\n            "$ref": "#/definitions/TemplateRowField"\n          }\n        }\n      }\n    },\n    "TemplateRowField": {\n      "type": "object",\n      "properties": {\n        "id": {\n          "description": "template row field id of customise view",\n          "type": "string",\n          "minLength": 8\n        },\n        "name": {\n          "description": "template row field name of customise view",\n          "type": "string"\n        }\n      }\n    },\n    "LocationTypes": {\n      "type": "object",\n      "properties": {\n        "id": {\n          "$ref": "#/definitions/encId"\n        },\n        "name": {\n          "description": "Name of template location",\n          "type": "string",\n          "minLength": 2,\n          "maxLength": 30,\n          "pattern": "^[-_ a-zA-Z0-9]{3,50}$"\n        }\n      }\n    }\n  }\n}', 'ACTIVE', '2018-03-23 10:56:46', '2018-10-12 19:18:58'),
	(12, 1, 1, 'audit', '{\n  "$schema": "http://json-schema.org/draft-04/schema#",\n  "title": "audit",\n  "description": "audit validation model",\n  "type": "object",\n  "properties": {\n    "name": {\n      "description": "name of audit",\n      "type": "string",\n      "minLength": 3,\n      "maxLength": 50,\n      "pattern": "^[-_ a-zA-Z0-9]{3,50}$"\n    },\n    "description": {\n      "description": "description of audit",\n      "type": "string",\n      "minLength": 3,\n      "maxLength": 100,\n      "pattern": "^[-_ a-zA-Z0-9]{3,100}$"\n    }\n  },\n  "required": [\n    "name",\n    "description"\n  ]\n}', 'ACTIVE', '2018-03-23 10:56:46', '2018-04-15 18:34:08'),
	(14, 1, 1, 'performanceRating', '{\n  "$schema": "http://json-schema.org/draft-04/schema#",\n  "title": "performance rating",\n  "description": "performance rating validation model",\n  "type": "object",\n  "properties": {\n    "name": {\n      "description": "name of performance rating",\n      "type": "string",\n      "minLength": 1,\n      "maxLength": 50,\n      "pattern": "^[ A-Za-z0-9_@./#&+-]{1,50}$"\n    },\n    "code": {\n      "description": "code of performance rating",\n      "type": "string",\n      "minLength": 1,\n      "maxLength": 15,\n      "pattern": "^[ A-Za-z0-9_@./#&+-]{1,15}$"\n    }\n  },\n  "required": [\n    "name"\n  ]\n}', 'ACTIVE', '2018-03-23 10:56:46', '2019-07-24 18:16:27'),
	(15, 1, 1, 'compensationType', '{\r\n  "$schema": "http://json-schema.org/draft-04/schema#",\r\n  "title": "compensation type",\r\n  "description": "compensation type validation model",\r\n  "type": "object",\r\n  "properties": {\r\n    "name": {\r\n      "description": "name of compensation type",\r\n      "type": "string",\r\n      "minLength": 3,\r\n      "maxLength": 50,\r\n      "pattern": "^[-_ a-zA-Z0-9]{3,50}$"\r\n    },\r\n    "description": {\r\n      "description": "description of compensation type",\r\n      "type": "string",\r\n      "minLength": 3,\r\n      "maxLength": 100,\r\n      "pattern": "^[-_ a-zA-Z0-9]{3,100}$"\r\n    },\r\n    "displayName": {\r\n      "description": "display name of compensation type",\r\n      "type": "string",\r\n      "minLength": 3,\r\n      "maxLength": 50,\r\n      "pattern": "^[-_ a-zA-Z0-9]{3,50}$"\r\n    }\r\n  },\r\n  "required": [\r\n    "name",\r\n    "description",\r\n    "displayName"\r\n  ]\r\n}', 'ACTIVE', '2018-03-23 10:56:46', '2018-04-15 18:42:35'),
	(16, 1, 1, 'countryCurrency', '{\r\n  "$schema": "http://json-schema.org/draft-04/schema#",\r\n  "title": "country currency",\r\n  "description": "country currency validation model",\r\n  "type": "object",\r\n  "properties": {\r\n    "currencyName": {\r\n      "description": "currency name of country currency",\r\n      "type": "string",\r\n      "minLength": 3,\r\n      "maxLength": 50,\r\n      "pattern": "^[-_ a-zA-Z0-9]{3,50}$"\r\n    },\r\n	"countryName": {\r\n      "description": "country name of country currency",\r\n      "type": "string",\r\n      "minLength": 3,\r\n      "maxLength": 50,\r\n      "pattern": "^[-_ a-zA-Z0-9]{3,50}$"\r\n    },\r\n    "code": {\r\n      "description": "code of country currency",\r\n      "type": "string",\r\n      "minLength": 2,\r\n      "maxLength": 15,\r\n      "pattern": "^[-_ a-zA-Z0-9]{2,15}$"\r\n    },\r\n    "symbol": {\r\n      "description": "symbol of country currency",\r\n      "type": "string",\r\n      "minLength": 1,\r\n      "maxLength": 10,\r\n      "pattern": "^[^0-9]{1,10}$"\r\n    },\r\n	"conversionRate": {\r\n      "description": "conversion rate of country currency",\r\n        "type": "number",\r\n      "minimum": 1,\r\n      "maximum": 100.00\r\n    }\r\n  },\r\n  "required": [\r\n	"currencyName",\r\n    "countryName",\r\n    "code",\r\n    "symbol",\r\n	"conversionRate"\r\n  ]\r\n}', 'ACTIVE', '2018-03-23 10:56:46', '2018-04-28 18:59:25'),
	(19, 1, 1, 'changePassword', '{\r\n  "$schema": "http://json-schema.org/draft-04/schema#",\r\n  "title": "change password",\r\n  "description": "change password validation model",\r\n  "type": "object",\r\n  "properties": {\r\n    "newPassword": {\r\n      "description": "name password",\r\n      "type": "string",\r\n      "min-length": 6,\r\n      "max-length": 10,\r\n      "pattern": "^[a-zA-Z0-9]{6,10}$"\r\n    },\r\n    "confirmPassword": {\r\n      "description": "confirm password",\r\n      "type": "string",\r\n      "min-length": 6,\r\n      "max-length": 10,\r\n      "pattern": "^[a-zA-Z0-9]{6,10}$"\r\n    }\r\n  },\r\n  "required": [\r\n    "newPassword",\r\n    "confirmPassword"\r\n  ]\r\n}', 'ACTIVE', '2018-03-23 10:56:46', '2018-04-15 21:06:28'),
	(20, 1, 1, 'activityLog', '{\r\n  "$schema": "http://json-schema.org/draft-04/schema#",\r\n  "title": "activity log",\r\n  "description": "activity log validation model",\r\n  "type": "object",\r\n  "properties": {\r\n    "activityLogItemId": {\r\n      "description": "item id activity log",\r\n      "type": "string",\r\n      "minLength": 8\r\n    },\r\n    "activityLogWorkspace": {\r\n      "description": "workspace of activity log",\r\n      "type": "string",\r\n      "minLength": 1,\r\n      "maxLength": 20,\r\n      "pattern": "^[-_ a-zA-Z0-9]{1,20}$"\r\n    },\r\n    "activityLogCategory": {\r\n      "description": "category of activity log",\r\n      "type": "string",\r\n      "minLength": 1,\r\n      "maxLength": 50,\r\n      "pattern": "^[-_ a-zA-Z0-9]{1,50}$"\r\n    },\r\n    "activityLogAction": {\r\n      "$ref": "#/definitions/Action"\r\n    }\r\n  },\r\n  "required": [\r\n    "activityLogWorkspace",\r\n    "activityLogCategory",\r\n    "activityLogAction"\r\n  ],\r\n  "definitions": {\r\n    "Action": {\r\n      "type": "object",\r\n      "properties": {\r\n        "title": {\r\n          "description": "action of activity log",\r\n          "type": "string",\r\n           "minLength": 1,\r\n           "maxLength": 20,\r\n           "pattern": "^[-_ a-zA-Z0-9]{1,20}$"\r\n        },\r\n        "severityIndex": {\r\n          "description": "severity index of activity log",\r\n          "type": "integer",\r\n          "minimum": 1,\r\n          "maximum": 100,\r\n          "exclusiveMaximum": true\r\n        }\r\n      }\r\n    }\r\n  }\r\n}', 'ACTIVE', '2018-03-23 10:56:46', '2018-08-07 22:00:34'),
	(22, 1, 1, 'externalAnalysis', '{\n  "$schema": "http://json-schema.org/draft-04/schema#",\n  "title": "external analysis",\n  "description": "external analysis validation model",\n  "type": "object",\n  "properties": {\n    "name": {\n      "description": "name of external analysis",\n      "type": "string",\n      "minLength": 3,\n      "maxLength": 50,\n      "pattern": "^[-_ a-zA-Z0-9]{3,50}$"\n    },\n    "description": {\n      "description": "description of external analysis",\n      "type": "string",\n      "minLength": 3,\n      "maxLength": 100,\n      "pattern": "^[-_ a-zA-Z0-9]{3,100}$"\n    },\n    "minValue": {\n      "description": "min value of external analysis",\n      "type": "number",\n      "minimum": 1,\n      "maximum": 99999999.00\n    },\n    "midValue": {\n      "description": "mid value of external analysis",\n	     "type": "number",\n      "minimum": 1,\n      "maximum": 99999999.00\n    },\n    "maxValue": {\n      "description": "max value of external analysis",\n      "type": "number",\n      "minimum": 1,\n      "maximum": 99999999.00\n    },\n    "jobTypes": {\n      "$ref": "#/definitions/JobTypes"\n    },\n	"compensationTypes": {\n      "$ref": "#/definitions/CompensationTypes"\n    }\n  },\n  "required": [\n    "name",\n    "description",\n    "minValue",\n    "midValue",\n    "maxValue"\n  ],\n  "definitions": {\n    "encId": {\n      "type": "string",\n      "minLength": 8\n    },\n    "JobTypes": {\n      "type": "object",\n      "properties": {\n        "id": {\n          "$ref": "#/definitions/encId"\n        },\n        "name": {\n          "description": "Name of job",\n          "type": "string",\n          "minLength": 3,\n          "maxLength": 50,\n          "pattern": "^[-_ a-zA-Z0-9]{3,50}$"\n        }\n      }\n    },\n	"CompensationTypes": {\n      "type": "object",\n      "properties": {\n        "id": {\n          "$ref": "#/definitions/encId"\n        },\n        "name": {\n          "description": "Name of compensation type",\n          "type": "string",\n          "minLength": 3,\n          "maxLength": 50,\n          "pattern": "^[-_ a-zA-Z0-9]{3,50}$"\n        }\n      }\n    }\n  }\n}', 'ACTIVE', '2018-03-23 10:56:46', '2018-04-20 00:22:34'),
	(23, 1, 1, 'internalAnalysis', '{\n  "$schema": "http://json-schema.org/draft-04/schema#",\n  "title": "internal analysis",\n  "description": "internal analysis validation model",\n  "type": "object",\n  "properties": {\n    "name": {\n      "description": "name of internal analysis",\n      "type": "string",\n      "minLength": 1,\n      "maxLength": 50,\n      "pattern": "^[ A-Za-z0-9_@./#&+-]{1,50}$"\n    },\n    "description": {\n      "description": "description of internal analysis",\n      "type": "string",\n      "minLength": 1,\n      "maxLength": 100,\n      "pattern": "^[ A-Za-z0-9_@./#&+-]{1,100}$"\n    },\n    "currentMinValue": {\n      "description": "current min value of internal analysis",\n      "type": "number",\n      "minimum": 1,\n      "maximum": 99999999.00\n    },\n    "currentMidValue": {\n      "description": "current mid value of internal analysis",\n	     "type": "number",\n      "minimum": 1,\n      "maximum": 99999999.00\n    },\n    "currentMaxValue": {\n      "description": "current max value of internal analysis",\n      "type": "number",\n      "minimum": 1,\n      "maximum": 99999999.00\n    },\n	"payscaleMinValue": {\n      "description": "payscale min value of internal analysis",\n      "type": "number",\n      "minimum": 1,\n      "maximum": 99999999.00\n    },\n	"payscaleMidValue": {\n      "description": "payscale mid value of internal analysis",\n      "type": "number",\n      "minimum": 1,\n      "maximum": 99999999.00\n    },\n    "payscaleMaxValue": {\n      "description": "payscale max value of internal analysis",\n	     "type": "number",\n      "minimum": 1,\n      "maximum": 99999999.00\n    },\n    "maleMinValue": {\n      "description": "male min value of internal analysis",\n      "type": "number",\n      "minimum": 1,\n      "maximum": 99999999.00\n    },\n    "maleMidValue": {\n      "description": "male mid value of internal analysis",\n      "type": "number",\n      "minimum": 1,\n      "maximum": 99999999.00\n    },\n	"maleMaxValue": {\n      "description": "male max value of internal analysis",\n      "type": "number",\n      "minimum": 1,\n      "maximum": 99999999.00\n    }\n  },\n  "required": [\n    "name",\n    "payscaleMinValue",\n	"payscaleMaxValue"\n  ],\n  "definitions": {\n    "encId": {\n      "type": "string",\n      "minLength": 8\n    }\n  }\n}', 'ACTIVE', '2018-03-23 10:56:46', '2019-07-24 18:28:01'),
	(24, 1, 1, 'compensationIncreaseType', '{\n  "$schema": "http://json-schema.org/draft-04/schema#",\n  "title": "compensation increase type",\n  "description": "compensation increase type validation model",\n  "type": "object",\n  "properties": {\n    "name": {\n      "description": "name of compensation increase type",\n      "type": "string",\n      "minLength": 3,\n      "maxLength": 50,\n      "pattern": "^[-_ a-zA-Z0-9]{3,50}$"\n    },\n    "description": {\n      "description": "description of compensation increase type",\n      "type": "string",\n      "minLength": 3,\n      "maxLength": 100,\n      "pattern": "^[-_ a-zA-Z0-9]{3,100}$"\n    },\n    "displayName": {\n      "description": "display name of compensation increase type",\n      "type": "string",\n      "minLength": 3,\n      "maxLength": 50,\n      "pattern": "^[-_ a-zA-Z0-9]{3,50}$"\n    },\n	"compensationTypes": {\n      "$ref": "#/definitions/CompensationTypes"\n    }\n  },\n  "required": [\n    "name",\n    "description",\n    "displayName"\n  ],\n  "definitions": {\n    "encId": {\n      "type": "string",\n      "minLength": 8\n    },\n	"CompensationTypes": {\n      "type": "object",\n      "properties": {\n        "id": {\n          "$ref": "#/definitions/encId"\n        },\n        "name": {\n          "description": "Name of compensation type",\n          "type": "string",\n          "minLength": 3,\n          "maxLength": 50,\n          "pattern": "^[-_ a-zA-Z0-9]{3,50}$"\n        }\n      }\n    }\n   }\n}', 'ACTIVE', '2018-03-23 10:56:46', '2018-04-20 01:37:32'),
	(25, 1, 1, 'businessUnit', '{\n  "$schema": "http://json-schema.org/draft-04/schema#",\n  "title": "business unit",\n  "description": "business unit validation model",\n  "type": "object",\n  "properties": {\n    "name": {\n      "description": "name of business unit",\n      "type": "string",\n      "minLength": 3,\n      "maxLength": 50,\n      "pattern": "^[-_ a-zA-Z0-9]{3,50}$"\n    },\n    "description": {\n      "description": "description of business unit",\n      "type": "string",\n      "minLength": 3,\n      "maxLength": 100,\n      "pattern": "^[-_ a-zA-Z0-9]{3,100}$"\n    },\n	"displayName": {\n      "description": "display name of business unit",\n      "type": "string",\n      "minLength": 3,\n      "maxLength": 50,\n      "pattern": "^[-_ a-zA-Z0-9]{3,50}$"\n    },\n	"address": {\n      "description": "address of business unit",\n      "type": "string",\n      "minLength": 3,\n      "maxLength": 100,\n      "pattern": "^[-_ a-zA-Z0-9]{3,100}$"\n    },\n	"code": {\n      "description": "code name of business unit",\n      "type": "string",\n      "minLength": 3,\n      "maxLength": 50,\n      "pattern": "^[-_ a-zA-Z0-9]{3,50}$"\n    },\n	"identificationNumber": {\n      "description": "identification number of business unit",\n      "type": "string",\n      "minLength": 3,\n      "maxLength": 50,\n      "pattern": "^[-_ a-zA-Z0-9]{3,50}$"\n    },\n	"targetRevenue": {\n      "description": "target revenue of business unit",\n	  "type": "number",\n      "minimum": 1,\n      "maximum": 99999999.00\n    },\n	"targetSales": {\n      "description": "target sales of business unit",\n	  "type": "number",\n      "minimum": 1,\n      "maximum": 99999999.00\n    },\n	"targetProfit": {\n      "description": "target profit of business unit",\n	  "type": "number",\n      "minimum": 1,\n      "maximum": 99999999.00\n    },\n	"revenueMultiplier": {\n      "description": "revenue multiplier of business unit",\n	  "type": "number",\n      "minimum": 1,\n      "maximum": 99999999.00\n    },\n	"salesMultiplier": {\n      "description": "sales multiplier of business unit",\n	  "type": "number",\n      "minimum": 1,\n      "maximum": 99999999.00\n    },\n	"profitMultiplier": {\n      "description": "profit multiplier of business unit",\n	  "type": "number",\n      "minimum": 1,\n      "maximum": 99999999.00\n    },\n	"actualRevenue": {\n      "description": "actual revenue of business unit",\n	  "type": "number",\n      "minimum": 1,\n      "maximum": 99999999.00\n    },\n	"actualSales": {\n      "description": "actual sales of business unit",\n	  "type": "number",\n      "minimum": 1,\n      "maximum": 99999999.00\n    },\n	"actualProfit": {\n      "description": "actual profit of business unit",\n	  "type": "number",\n      "minimum": 1,\n      "maximum": 99999999.00\n    },\n	"frequency": {\n      "description": "frequency of business unit",\n      "type": "string",\n      "minLength": 3,\n      "maxLength": 50,\n      "pattern": "^[-_ a-zA-Z0-9]{3,50}$"\n    },\n	"startDate": {\n      "description": "start date of business unit",\n      "type": "string",\n      "format": "date"\n    },\n	"endDate": {\n      "description": "end date of business unit",\n      "type": "string",\n      "format": "date"\n    },\n	"phoneNumber": {\n      "description": "phone number of business unit",\n      "type": "string",\n      "pattern": "^[0-9()\\\\-\\\\.\\\\s]+$"\n    },\n	"email": {\n      "description": "email of business unit",\n      "type": "string",\n      "format": "email"\n    }\n  },\n  "required": [\n    "name",\n    "description",\n	"displayName",\n	"address",\n	"code",\n	"identificationNumber",\n	"targetRevenue",\n	"targetSales",\n	"targetProfit",\n	"revenueMultiplier",\n	"salesMultiplier",\n	"profitMultiplier",\n	"actualRevenue",\n	"actualSales",\n	"actualProfit",\n	"frequency",\n	"startDate", \n	"endDate",\n	"phoneNumber",\n	"email"\n  ]\n}', 'ACTIVE', '2018-03-23 10:56:46', '2018-04-24 20:42:12'),
	(26, 1, 1, 'department', '{\n  "$schema": "http://json-schema.org/draft-04/schema#",\n  "title": "department",\n  "description": "department validation model",\n  "type": "object",\n  "properties": {\n    "name": {\n      "description": "name of department",\n      "type": "string",\n      "minLength": 1,\n      "maxLength": 50,\n      "pattern": "^[ A-Za-z0-9_@./#&+-]{1,50}$"\n    },\n    "description": {\n      "description": "description of department",\n      "type": "string",\n      "minLength": 1,\n      "maxLength": 50,\n      "pattern": "^[ A-Za-z0-9_@./#&+-]{1,50}$"\n    },\n	"displayName": {\n      "description": "display name of department",\n      "type": "string",\n      "minLength": 1,\n      "maxLength": 50,\n      "pattern": "^[ A-Za-z0-9_@./#&+-]{1,50}$"\n    },\n	"address": {\n      "description": "address of department",\n      "type": "string",\n      "minLength": 1,\n      "maxLength": 50,\n      "pattern": "^[ A-Za-z0-9_@./#&+-]{1,50}$"\n    },\n	"code": {\n      "description": "code name of department",\n      "type": "string",\n      "minLength": 1,\n      "maxLength": 50,\n      "pattern": "^[ A-Za-z0-9_@./#&+-]{1,50}$"\n    },\n	"identificationNumber": {\n      "description": "identification number of department",\n      "type": "string",\n      "minLength": 1,\n      "maxLength": 50,\n      "pattern": "^[ A-Za-z0-9_@./#&+-]{1,50}$"\n    },\n	"targetRevenue": {\n      "description": "target revenue of department",\n	  "type": "number",\n      "minimum": 1,\n      "maximum": 99999999.00\n    },\n	"targetSales": {\n      "description": "target sales of department",\n	  "type": "number",\n      "minimum": 1,\n      "maximum": 99999999.00\n    },\n	"targetProfit": {\n      "description": "target profit of department",\n	  "type": "number",\n      "minimum": 1,\n      "maximum": 99999999.00\n    },\n	"revenueMultiplier": {\n      "description": "revenue multiplier of department",\n	  "type": "number",\n      "minimum": 1,\n      "maximum": 99999999.00\n    },\n	"salesMultiplier": {\n      "description": "sales multiplier of department",\n	  "type": "number",\n      "minimum": 1,\n      "maximum": 99999999.00\n    },\n	"profitMultiplier": {\n      "description": "profit multiplier of department",\n	  "type": "number",\n      "minimum": 1,\n      "maximum": 99999999.00\n    },\n	"actualRevenue": {\n      "description": "actual revenue of department",\n	  "type": "number",\n      "minimum": 1,\n      "maximum": 99999999.00\n    },\n	"actualSales": {\n      "description": "actual sales of department",\n	  "type": "number",\n      "minimum": 1,\n      "maximum": 99999999.00\n    },\n	"actualProfit": {\n      "description": "actual profit of department",\n	  "type": "number",\n      "minimum": 1,\n      "maximum": 99999999.00\n    },\n	"frequency": {\n      "description": "frequency of department",\n      "type": "string",\n      "minLength": 1,\n      "maxLength": 50,\n      "pattern": "^[ A-Za-z0-9_@./#&+-]{1,50}$"\n    },\n	"startDate": {\n      "description": "start date of department",\n      "type": "string",\n      "format": "date"\n    },\n	"endDate": {\n      "description": "end date of department",\n      "type": "string",\n      "format": "date"\n    },\n	"phoneNumber": {\n      "description": "phone number of department",\n      "type": "string",\n      "pattern": "^[0-9()\\\\-\\\\.\\\\s]+$"\n    },\n	"email": {\n      "description": "email of department",\n      "type": "string",\n      "format": "email"\n    },\n	 "businessUnitTypes": {\n      "$ref": "#/definitions/BusinessUnitTypes"\n    }\n  },\n  "required": [\n    "name"\n  ],\n    "definitions": {\n    "encId": {\n      "type": "string",\n      "minLength": 8\n    },\n    "BusinessUnitTypes": {\n      "type": "object",\n      "properties": {\n        "id": {\n          "$ref": "#/definitions/encId"\n        },\n        "name": {\n          "description": "Name of business unit type",\n          "type": "string",\n          "minLength": 3,\n          "maxLength": 50,\n          "pattern": "^[-_ a-zA-Z0-9]{3,50}$"\n        }\n      }\n	}\n   }\n}', 'ACTIVE', '2018-03-23 10:56:46', '2019-07-24 18:24:25'),
	(27, 1, 1, 'costCenter', '{\n  "$schema": "http://json-schema.org/draft-04/schema#",\n  "title": "cost center",\n  "description": "cost center validation model",\n  "type": "object",\n  "properties": {\n    "name": {\n      "description": "name of cost center",\n      "type": "string",\n      "minLength": 3,\n      "maxLength": 50,\n      "pattern": "^[-_ a-zA-Z0-9]{3,50}$"\n    },\n    "description": {\n      "description": "description of cost center",\n      "type": "string",\n      "minLength": 3,\n      "maxLength": 100,\n      "pattern": "^[-_ a-zA-Z0-9]{3,100}$"\n    },\n	"displayName": {\n      "description": "display name of cost center",\n      "type": "string",\n      "minLength": 3,\n      "maxLength": 50,\n      "pattern": "^[-_ a-zA-Z0-9]{3,50}$"\n    },\n	"address": {\n      "description": "address of cost center",\n      "type": "string",\n      "minLength": 3,\n      "maxLength": 100,\n      "pattern": "^[-_ a-zA-Z0-9]{3,100}$"\n    },\n	"code": {\n      "description": "code name of cost center",\n      "type": "string",\n      "minLength": 3,\n      "maxLength": 50,\n      "pattern": "^[-_ a-zA-Z0-9]{3,50}$"\n    },\n	"identificationNumber": {\n      "description": "identification number of cost center",\n      "type": "string",\n      "minLength": 3,\n      "maxLength": 50,\n      "pattern": "^[-_ a-zA-Z0-9]{3,50}$"\n    },\n	"targetRevenue": {\n      "description": "target revenue of cost center",\n	  "type": "number",\n      "minimum": 1,\n      "maximum": 99999999.00\n    },\n	"targetSales": {\n      "description": "target sales of cost center",\n	  "type": "number",\n      "minimum": 1,\n      "maximum": 99999999.00\n    },\n	"targetProfit": {\n      "description": "target profit of cost center",\n	  "type": "number",\n      "minimum": 1,\n      "maximum": 99999999.00\n    },\n	"revenueMultiplier": {\n      "description": "revenue multiplier of cost center",\n	  "type": "number",\n      "minimum": 1,\n      "maximum": 99999999.00\n    },\n	"salesMultiplier": {\n      "description": "sales multiplier of cost center",\n	  "type": "number",\n      "minimum": 1,\n      "maximum": 99999999.00\n    },\n	"profitMultiplier": {\n      "description": "profit multiplier of cost center",\n	  "type": "number",\n      "minimum": 1,\n      "maximum": 99999999.00\n    },\n	"actualRevenue": {\n      "description": "actual revenue of cost center",\n	  "type": "number",\n      "minimum": 1,\n      "maximum": 99999999.00\n    },\n	"actualSales": {\n      "description": "actual sales of cost center",\n	  "type": "number",\n      "minimum": 1,\n      "maximum": 99999999.00\n    },\n	"actualProfit": {\n      "description": "actual profit of cost center",\n	  "type": "number",\n      "minimum": 1,\n      "maximum": 99999999.00\n    },\n	"frequency": {\n      "description": "frequency of cost center",\n      "type": "string",\n      "minLength": 3,\n      "maxLength": 50,\n      "pattern": "^[-_ a-zA-Z0-9]{3,50}$"\n    },\n	"startDate": {\n      "description": "start date of cost center",\n      "type": "string",\n      "format": "date"\n    },\n	"endDate": {\n      "description": "end date of cost center",\n      "type": "string",\n      "format": "date"\n    },\n	"phoneNumber": {\n      "description": "phone number of cost center",\n      "type": "string",\n      "pattern": "^[0-9()\\\\-\\\\.\\\\s]+$"\n    },\n	"email": {\n      "description": "email of cost center",\n      "type": "string",\n      "format": "email"\n    },\n	 "departmentTypes": {\n      "$ref": "#/definitions/DepartmentTypes"\n    }\n  },\n  "required": [\n    "name",\n    "description",\n	"displayName",\n	"address",\n	"code",\n	"identificationNumber",\n	"targetRevenue",\n	"targetSales",\n	"targetProfit",\n	"revenueMultiplier",\n	"salesMultiplier",\n	"profitMultiplier",\n	"actualRevenue",\n	"actualSales",\n	"actualProfit",\n	"frequency",\n	"startDate", \n	"endDate",\n	"phoneNumber",\n	"email"\n  ],\n    "definitions": {\n    "encId": {\n      "type": "string",\n      "minLength": 8\n    },\n    "DepartmentTypes": {\n      "type": "object",\n      "properties": {\n        "id": {\n          "$ref": "#/definitions/encId"\n        },\n        "name": {\n          "description": "Name of department type",\n          "type": "string",\n          "minLength": 3,\n          "maxLength": 50,\n          "pattern": "^[-_ a-zA-Z0-9]{3,50}$"\n        }\n      }\n	}\n   }\n}', 'ACTIVE', '2018-03-23 10:56:46', '2018-04-24 20:52:40'),
	(28, 1, 1, 'employeeGroup', '{\n  "$schema": "http://json-schema.org/draft-04/schema#",\n  "title": "employee group",\n  "description": "employee group validation model",\n  "type": "object",\n  "properties": {\n    "name": {\n      "description": "name of employee group",\n      "type": "string",\n      "minLength": 3,\n      "maxLength": 50,\n      "pattern": "^[-_ a-zA-Z0-9]{3,50}$"\n    },\n    "description": {\n      "description": "description of employee group",\n      "type": "string",\n      "minLength": 3,\n      "maxLength": 100,\n      "pattern": "^[-_ a-zA-Z0-9]{3,100}$"\n    },\n	"displayName": {\n      "description": "display name of employee group",\n      "type": "string",\n      "minLength": 3,\n      "maxLength": 50,\n      "pattern": "^[-_ a-zA-Z0-9]{3,50}$"\n    },\n	"code": {\n      "description": "code name of employee group",\n      "type": "string",\n      "minLength": 3,\n      "maxLength": 50,\n      "pattern": "^[-_ a-zA-Z0-9]{3,50}$"\n    },\n	"identificationNumber": {\n      "description": "identification number of employee group",\n      "type": "string",\n      "minLength": 3,\n      "maxLength": 50,\n      "pattern": "^[-_ a-zA-Z0-9]{3,50}$"\n    },\n	"targetRevenue": {\n      "description": "target revenue of employee group",\n	  "type": "number",\n      "minimum": 1,\n      "maximum": 99999999.00\n    },\n	"targetSales": {\n      "description": "target sales of employee group",\n	  "type": "number",\n      "minimum": 1,\n      "maximum": 99999999.00\n    },\n	"targetProfit": {\n      "description": "target profit of employee group",\n	  "type": "number",\n      "minimum": 1,\n      "maximum": 99999999.00\n    },\n	"revenueMultiplier": {\n      "description": "revenue multiplier of employee group",\n	  "type": "number",\n      "minimum": 1,\n      "maximum": 99999999.00\n    },\n	"salesMultiplier": {\n      "description": "sales multiplier of employee group",\n	  "type": "number",\n      "minimum": 1,\n      "maximum": 99999999.00\n    },\n	"profitMultiplier": {\n      "description": "profit multiplier of employee group",\n	  "type": "number",\n      "minimum": 1,\n      "maximum": 99999999.00\n    },\n	"actualRevenue": {\n      "description": "actual revenue of employee group",\n	  "type": "number",\n      "minimum": 1,\n      "maximum": 99999999.00\n    },\n	"actualSales": {\n      "description": "actual sales of employee group",\n	  "type": "number",\n      "minimum": 1,\n      "maximum": 99999999.00\n    },\n	"actualProfit": {\n      "description": "actual profit of employee group",\n	  "type": "number",\n      "minimum": 1,\n      "maximum": 99999999.00\n    },\n	"frequency": {\n      "description": "frequency of employee group",\n      "type": "string",\n      "minLength": 3,\n      "maxLength": 50,\n      "pattern": "^[-_ a-zA-Z0-9]{3,50}$"\n    },\n	"startDate": {\n      "description": "start date of employee group",\n      "type": "string",\n      "format": "date"\n    },\n	"endDate": {\n      "description": "end date of employee group",\n      "type": "string",\n      "format": "date"\n    },\n	 "departmentTypes": {\n      "$ref": "#/definitions/DepartmentTypes"\n    },\n	 "businessUnitTypes": {\n      "$ref": "#/definitions/BusinessUnitTypes"\n    }\n  },\n  "required": [\n    "name",\n    "description",\n	"displayName",\n	"code",\n	"identificationNumber",\n	"targetRevenue",\n	"targetSales",\n	"targetProfit",\n	"revenueMultiplier",\n	"salesMultiplier",\n	"profitMultiplier",\n	"actualRevenue",\n	"actualSales",\n	"actualProfit",\n	"frequency",\n	"startDate", \n	"endDate"\n  ],\n    "definitions": {\n    "encId": {\n      "type": "string",\n      "minLength": 8\n    },\n    "DepartmentTypes": {\n      "type": "object",\n      "properties": {\n        "id": {\n          "$ref": "#/definitions/encId"\n        },\n        "name": {\n          "description": "Name of department type",\n          "type": "string",\n          "minLength": 3,\n          "maxLength": 50,\n          "pattern": "^[-_ a-zA-Z0-9]{3,50}$"\n        }\n      }\n	},\n	"BusinessUnitTypes": {\n      "type": "object",\n      "properties": {\n        "id": {\n          "$ref": "#/definitions/encId"\n        },\n        "name": {\n          "description": "Name of business unit type",\n          "type": "string",\n          "minLength": 3,\n          "maxLength": 50,\n          "pattern": "^[-_ a-zA-Z0-9]{3,50}$"\n        }\n      }\n	}\n   }\n}', 'ACTIVE', '2018-03-23 10:56:46', '2018-04-26 02:17:30'),
	(30, 1, 1, 'job', '{\n  "$schema": "http://json-schema.org/draft-04/schema#",\n  "title": "job",\n  "description": "job validation model",\n  "type": "object",\n  "properties": {\n    "name": {\n      "description": "name of job",\n      "type": "string",\n      "minLength": 1,\n      "maxLength": 50,\n      "pattern": "^[ A-Za-z0-9_@./#&+-]{1,50}$"\n    },\n    "description": {\n      "description": "description of job",\n      "type": "string",\n      "minLength": 1,\n      "maxLength": 100,\n      "pattern": "^[ A-Za-z0-9_@./#&+-]{1,100}$"\n    },\n	"title": {\n      "description": "display name of job",\n      "type": "string",\n      "minLength": 1,\n      "maxLength": 50,\n      "pattern": "^[ A-Za-z0-9_@./#&+-]{1,50}$"\n    },\n	"code": {\n      "description": "code name of job",\n      "type": "string",\n      "minLength": 1,\n      "maxLength": 50,\n      "pattern": "^[ A-Za-z0-9_@./#&+-]{1,50}$"\n    },\n	"location": {\n      "description": "location of job",\n      "type": "string",\n      "minLength": 1,\n      "maxLength": 50,\n      "pattern": "^[ A-Za-z0-9_@./#&+-]{1,50}$"\n    }\n  },\n  "required": [\n    "name"\n  ],\n    "definitions": {\n    "encId": {\n      "type": "string",\n      "minLength": 8\n    }\n   }\n}', 'ACTIVE', '2018-03-23 10:56:46', '2019-07-24 18:12:35'),
	(31, 1, 1, 'preference', '{\n  "$schema": "http://json-schema.org/draft-04/schema#",\n  "title": "preference",\n  "description": "preference validation model",\n  "type": "object",\n  "properties": {\n    "value": {\n      "description": "value of preference",\n      "type": "string",\n      "minLength": 2,\n      "maxLength": 500,\n      "pattern": "^[-_ a-zA-Z0-9]{2,500}$"\n    }\n  },\n  "required": [\n    "value"\n  ]\n}', 'ACTIVE', '2018-03-23 10:56:46', '2018-04-29 15:48:47'),
	(32, 1, 1, 'gridView', '	\n{\n  "$schema": "http://json-schema.org/draft-04/schema#",\n  "title": "grid view",\n  "description": "grid view validation model",\n  "type": "object",\n  "properties": {\n    "name": {\n      "description": "name of grid view",\n      "type": "string",\n      "minLength": 3,\n      "maxLength": 50,\n      "pattern": "^[-_ a-zA-Z0-9]{3,50}$"\n    },\n    "description": {\n      "description": "description of grid view",\n      "type": "string",\n      "minLength": 3,\n      "maxLength": 100,\n      "pattern": "^[-_ a-zA-Z0-9]{3,100}$"\n    },\n    "isLoaded": {\n      "description": "loaded state of grid view",\n      "type": "boolean"\n    },\n    "templateRows": {\n      "description": "template rows of grid view",\n      "type": "array",\n      "minItems": 1,\n      "maxItems": 1,\n      "items": {\n        "type": "object",\n        "$ref": "#/definitions/templateRow"\n      }\n    },\n   "chageStatus": {\n      "description": "change status of grid view",\n      "type": "boolean"\n    }\n  },\n  "required": [\n    "name",\n    "description",\n    "isLoaded",\n    "templateRows"\n  ],\n  "definitions": {\n   "encId": {\n      "type": "string",\n      "minLength": 8\n    },\n    "templateRow": {\n      "type": "object",\n      "properties": {\n        "id": {\n          "description": "template row index of grid view",\n          "type": "number",\n          "minimum": 0\n        },\n        "fields": {\n          "description": "template row field of grid view",\n          "type": "array",\n          "minItems": 0,\n          "maxItems": 10,\n          "items": {\n            "type": "object",\n            "$ref": "#/definitions/TemplateRowField"\n          }\n        }\n      }\n    },\n    "TemplateRowField": {\n      "type": "object",\n      "properties": {\n        "id": {\n          "description": "template row field id of grid view",\n          "type": "string",\n          "minLength": 8\n        },\n        "name": {\n          "description": "template row field name of grid view",\n          "type": "string"\n        }\n      }\n    }\n  }\n}', 'ACTIVE', '2018-03-23 10:56:46', '2018-10-12 19:19:24'),
	(34, 1, 1, 'accessGroup', '{\n  "$schema": "http://json-schema.org/draft-04/schema#",\n  "title": "access group",\n  "description": "access group validation model",\n  "type": "object",\n  "properties": {\n    "name": {\n      "description": "name of access group",\n      "type": "string",\n      "minLength": 3,\n      "maxLength": 50,\n      "pattern": "^[-_ a-zA-Z0-9]{3,50}$"\n    },\n    "description": {\n      "description": "description of access group",\n      "type": "string",\n      "minLength": 3,\n      "maxLength": 100,\n      "pattern": "^[-_ a-zA-Z0-9]{3,100}$"\n    }\n  },\n  "required": [\n    "name",\n    "description"\n  ]\n}', 'ACTIVE', '2018-03-23 10:56:46', '2018-05-06 20:55:59'),
	(35, 1, 1, 'accessGroupEmployeeLink', '{\n  "$schema": "http://json-schema.org/draft-04/schema#",\n  "title": "access group link",\n  "description": "access group link employee validation model",\n  "type": "object",\n  "properties": {\n    "id": {\n      "description": "id of employee",\n      "type": "string",\n      "minLength": 8\n    }\n  },\n  "required": [\n    "id"\n  ]\n}\n', 'ACTIVE', '2018-03-23 10:56:46', '2018-05-09 21:00:15'),
	(36, 1, 1, 'accessGroupEmployeeUnlink', '{\n  "$schema": "http://json-schema.org/draft-04/schema#",\n  "title": "access group unlink",\n  "description": "access group unlink employee validation model",\n  "type": "object",\n  "properties": {\n    "id": {\n      "description": "id of employee",\n      "type": "string",\n      "minLength": 8\n    }\n  },\n  "required": [\n    "id"\n  ]\n}', 'ACTIVE', '2018-03-23 10:56:46', '2018-05-09 21:00:22'),
	(37, 1, 1, 'role', '{\n  "$schema": "http://json-schema.org/draft-04/schema#",\n  "title": "role",\n  "description": "role validation model",\n  "type": "object",\n  "properties": {\n    "name": {\n      "description": "name of role",\n      "type": "string",\n      "minLength": 3,\n      "maxLength": 50,\n      "pattern": "^[-_ a-zA-Z0-9]{3,50}$"\n    },\n    "description": {\n      "description": "description of role",\n      "type": "string",\n      "minLength": 3,\n      "maxLength": 100,\n      "pattern": "^[-_ a-zA-Z0-9]{3,100}$"\n    }\n  },\n  "required": [\n    "name",\n    "description"\n  ]\n}', 'ACTIVE', '2018-03-23 10:56:46', '2018-05-06 20:55:59'),
	(38, 1, 1, 'roleEmployeeLink', '{\n  "$schema": "http://json-schema.org/draft-04/schema#",\n  "title": "role link",\n  "description": "role link employee validation model",\n  "type": "object",\n  "properties": {\n    "id": {\n      "description": "id of employee",\n      "type": "string",\n      "minLength": 8\n    }\n  },\n  "required": [\n    "id"\n  ]\n}\n', 'ACTIVE', '2018-03-23 10:56:46', '2018-05-09 21:00:28'),
	(41, 1, 1, 'roleEmployeeUnlink', '{\n  "$schema": "http://json-schema.org/draft-04/schema#",\n  "title": "role unlink",\n  "description": "role unlink employee validation model",\n  "type": "object",\n  "properties": {\n    "id": {\n      "description": "id of employee",\n      "type": "string",\n      "minLength": 8\n    }\n  },\n  "required": [\n    "id"\n  ]\n}', 'ACTIVE', '2018-03-23 10:56:46', '2018-05-09 21:00:35'),
	(42, 1, 1, 'roleGroupLink', '{\n  "$schema": "http://json-schema.org/draft-04/schema#",\n  "title": "role link",\n  "description": "role link group validation model",\n  "type": "object",\n  "properties": {\n    "id": {\n      "description": "id of group",\n      "type": "string",\n      "minLength": 8\n    }\n  },\n  "required": [\n    "id"\n  ]\n}\n', 'ACTIVE', '2018-03-23 10:56:46', '2018-05-09 21:00:28'),
	(43, 1, 1, 'roleGroupUnlink', '{\n  "$schema": "http://json-schema.org/draft-04/schema#",\n  "title": "role unlink",\n  "description": "role unlink group validation model",\n  "type": "object",\n  "properties": {\n    "id": {\n      "description": "id of group",\n      "type": "string",\n      "minLength": 8\n    }\n  },\n  "required": [\n    "id"\n  ]\n}', 'ACTIVE', '2018-03-23 10:56:46', '2018-05-09 21:00:35'),
	(44, 1, 1, 'event', '{\n  "$schema": "http://json-schema.org/draft-04/schema#",\n  "title": "event",\n  "description": "event validation model",\n  "type": "object",\n  "properties": {\n    "title": {\n      "description": "title of event",\n      "type": "string",\n      "minLength": 3,\n      "maxLength": 50,\n      "pattern": "^[-_ a-zA-Z0-9]{3,50}$"\n    },\n    "date": {\n      "description": "date of event",\n      "type": "string",\n      "format": "date"\n    },\n    "severityIndex": {\n      "description": "severity index of event",\n      "type": "integer",\n      "minimum": 1,\n      "maximum": 100\n    },\n  "level": {\n      "description": "level of manager",\n      "type": "integer",\n      "minimum": 1,\n      "maximum": 7\n    }\n  },\n  "required": [\n    "date",\n    "severityIndex",\n    "title",\n"level"\n  ]\n}', 'ACTIVE', '2018-03-23 10:56:46', '2019-01-15 22:36:28'),
	(45, 1, 1, 'employeeData', '{\n  "$schema": "http://json-schema.org/draft-04/schema#",\n  "title": "employee data",\n  "description": "employee data validation model",\n  "type": "object",\n  "properties": {\n    "companyEmployeeId": {\n      "description": "Company Employee Id of employee data",\n      "type": "string",\n      "minLength": 1,\n      "maxLength": 50,\n      "pattern": "^[ A-Za-z0-9_@./#&+-]{1,50}$"\n    },\n    "employeeCode": {\n      "description": "Employee Code of employee data",\n      "type": "string",\n      "minLength": 1,\n      "maxLength": 50,\n      "pattern": "^[ A-Za-z0-9_@./#&+-]{1,50}$"\n    },\n    "firstName": {\n      "description": "First Name of employee data",\n      "type": "string",\n      "minLength": 1,\n      "maxLength": 50,\n      "pattern": "^[ A-Za-z0-9_@./#&+-]{1,50}$"\n    },\n    "middleName": {\n      "description": "Middle Name of employee data",\n      "type": "string",\n      "minLength": 1,\n      "maxLength": 50,\n      "pattern": "^[ A-Za-z0-9_@./#&+-]{1,50}$"\n    },\n    "lastName": {\n      "description": "Last Name of employee data",\n      "type": "string",\n      "minLength": 1,\n      "maxLength": 50,\n      "pattern": "^[ A-Za-z0-9_@./#&+-]{1,50}$"\n    },\n    "fullName": {\n      "description": "Full Name of employee data",\n      "type": "string",\n      "minLength": 1,\n      "maxLength": 50,\n      "pattern": "^[ A-Za-z0-9_@./#&+-]{1,50}$"\n    },\n    "aliasName": {\n      "description": "Alias of employee data",\n      "type": "string",\n      "minLength": 1,\n      "maxLength": 50,\n      "pattern": "^[ A-Za-z0-9_@./#&+-]{1,50}$"\n    },\n    "salute": {\n      "description": "Salute of employee data",\n      "type": "string",\n      "minLength": 1,\n      "maxLength": 50,\n      "pattern": "^[ A-Za-z0-9_@./#&+-]{1,50}$"\n    },\n    "officePhone": {\n      "description": "Office phone number of employee data",\n      "type": "string",\n      "pattern": "^[0-9()\\\\-\\\\.\\\\s]+$"\n    },\n    "cellPhone": {\n      "description": "Cell phone number of employee data",\n      "type": "string",\n      "pattern": "^[0-9()\\\\-\\\\.\\\\s]+$"\n    },\n    "email": {\n      "description": "email of employee data",\n      "type": "string",\n      "format": "email"\n    },\n    "gender": {\n      "description": "Gender of employee data",\n      "type": "string",\n      "minLength": 1,\n      "maxLength": 50,\n      "pattern": "^[ A-Za-z0-9_@./#&+-]{1,50}$"\n    },\n    "address1": {\n      "description": "Address1 of employee data",\n      "type": "string",\n      "minLength": 1,\n      "maxLength": 50,\n      "pattern": "^[ A-Za-z0-9_@./#&+-]{1,50}$"\n    },\n    "city": {\n      "description": "City of employee data",\n      "type": "string",\n      "minLength": 1,\n      "maxLength": 50,\n      "pattern": "^[ A-Za-z0-9_@./#&+-]{1,50}$"\n    },\n    "state": {\n      "description": "State of employee data",\n      "type": "string",\n      "minLength": 1,\n      "maxLength": 50,\n      "pattern": "^[ A-Za-z0-9_@./#&+-]{1,50}$"\n    },\n    "country": {\n      "description": "Country of employee data",\n      "type": "string",\n      "minLength": 1,\n      "maxLength": 50,\n      "pattern": "^[ A-Za-z0-9_@./#&+-]{1,50}$"\n    },\n    "region": {\n      "description": "Region of employee data",\n      "type": "string",\n      "minLength": 1,\n      "maxLength": 50,\n      "pattern": "^[ A-Za-z0-9_@./#&+-]{1,50}$"\n    },\n    "identificationNo": {\n      "description": "Identification No of employee data",\n      "type": "string",\n      "minLength": 1,\n      "maxLength": 50,\n      "pattern": "^[ A-Za-z0-9_@./#&+-]{1,50}$"\n    },\n    "identificationName": {\n      "description": "Identification Name of employee data",\n      "type": "string",\n      "minLength": 1,\n      "maxLength": 50,\n      "pattern": "^[ A-Za-z0-9_@./#&+-]{1,50}$"\n    },\n    "employmentType": {\n      "description": "Employment Type of employee data",\n      "type": "string",\n      "minLength": 1,\n      "maxLength": 50,\n      "pattern": "^[ A-Za-z0-9_@./#&+-]{1,50}$"\n    },\n    "employeeType": {\n      "description": "Employee Type of employee data",\n      "type": "string",\n      "minLength": 1,\n      "maxLength": 50,\n      "pattern": "^[ A-Za-z0-9_@./#&+-]{1,50}$"\n    },\n    "hireDate": {\n      "description": "Hire date of employee data",\n      "type": "string",\n      "format": "date"\n    },\n    "rehireDate": {\n      "description": "Rehire date of employee data",\n      "type": "string",\n      "format": "date"\n    },\n    "currentAnnualBasepay": {\n      "description": "Current Annual Basepay of employee data",\n      "type": "number",\n      "minimum": 1,\n      "maximum": 99999999\n    },\n    "currentTotalCompensation": {\n      "description": "Current Total Compensation of employee data",\n      "type": "number",\n      "minimum": 1,\n      "maximum": 99999999\n    },\n    "newTotalCompensation": {\n      "description": "New Total Compensation of employee data",\n      "type": "number",\n      "minimum": 1,\n      "maximum": 99999999\n    },\n    "totalCompensationIncrease": {\n      "description": "Total Compensation Increase of employee data",\n      "type": "number",\n      "minimum": 1,\n      "maximum": 99999999\n    },\n    "hoursWorked": {\n      "description": "Hours Worked of employee data",\n      "type": "number",\n      "minimum": 1,\n      "maximum": 24\n    },\n    "hoursStandard": {\n      "description": "Hours Standard of employee data",\n      "type": "number",\n      "minimum": 1,\n      "maximum": 24\n    },\n    "currentJobTypes": {\n      "$ref": "#/definitions/CurrentJobTypes"\n    },\n    "departmentTypes": {\n      "$ref": "#/definitions/DepartmentTypes"\n    },\n    "newJobTypes": {\n      "$ref": "#/definitions/NewJobTypes"\n    },\n    "businessUnitTypes": {\n      "$ref": "#/definitions/BusinessUnitTypes"\n    },\n    "internalAnalysisTypes": {\n      "$ref": "#/definitions/InternalAnalysisTypes"\n    },\n    "performanceRatingTypes": {\n      "$ref": "#/definitions/PerformanceRatingTypes"\n    },\n    "countryCurrencyTypes": {\n      "$ref": "#/definitions/CountryCurrencyTypes"\n    },\n    "authenticationTypes": {\n      "$ref": "#/definitions/AuthenticationTypes"\n    },\n    "hrTypes": {\n      "$ref": "#/definitions/HrTypes"\n    },\n    "supervisorTypes": {\n      "$ref": "#/definitions/SupervisorTypes"\n    }\n  },\n  "required": [\n    "companyEmployeeId",\n    "firstName",\n    "fullName",\n    "currentAnnualBasepay"\n  ],\n  "definitions": {\n    "encId": {\n      "type": "string",\n      "minLength": 8\n    },\n    "CurrentJobTypes": {\n      "type": "object",\n      "properties": {\n        "id": {\n          "$ref": "#/definitions/encId"\n        },\n        "name": {\n          "description": "Name of current job",\n          "type": "string",\n          "minLength": 1,\n          "maxLength": 50,\n          "pattern": "^[ A-Za-z0-9_@./#&+-]{1,50}$"\n        }\n      }\n    },\n    "NewJobTypes": {\n      "type": "object",\n      "properties": {\n        "id": {\n          "$ref": "#/definitions/encId"\n        },\n        "name": {\n          "description": "Name of new job",\n          "type": "string",\n          "minLength": 1,\n          "maxLength": 50,\n          "pattern": "^[ A-Za-z0-9_@./#&+-]{1,50}$"\n        }\n      }\n    },\n    "DepartmentTypes": {\n      "type": "object",\n      "properties": {\n        "id": {\n          "$ref": "#/definitions/encId"\n        },\n        "name": {\n          "description": "Name of department",\n          "type": "string",\n          "minLength": 1,\n          "maxLength": 50,\n          "pattern": "^[ A-Za-z0-9_@./#&+-]{1,50}$"\n        }\n      }\n    },\n    "BusinessUnitTypes": {\n      "type": "object",\n      "properties": {\n        "id": {\n          "$ref": "#/definitions/encId"\n        },\n        "name": {\n          "description": "Name of business unit",\n          "type": "string",\n          "minLength": 1,\n          "maxLength": 50,\n          "pattern": "^[-_ a-zA-Z0-9]{1,50}$"\n        }\n      }\n    },\n    "InternalAnalysisTypes": {\n      "type": "object",\n      "properties": {\n        "id": {\n          "$ref": "#/definitions/encId"\n        },\n        "name": {\n          "description": "Name of internal analysis",\n          "type": "string",\n          "minLength": 1,\n          "maxLength": 50,\n          "pattern": "^[ A-Za-z0-9_@./#&+-]{1,50}$"\n        }\n      }\n    },\n    "PerformanceRatingTypes": {\n      "type": "object",\n      "properties": {\n        "id": {\n          "$ref": "#/definitions/encId"\n        },\n        "name": {\n          "description": "Name of performance rating",\n          "type": "string",\n          "minLength": 1,\n          "maxLength": 50,\n          "pattern": "^[ A-Za-z0-9_@./#&+-]{1,50}$"\n        }\n      }\n    },\n    "CountryCurrencyTypes": {\n      "type": "object",\n      "properties": {\n        "id": {\n          "$ref": "#/definitions/encId"\n        },\n        "name": {\n          "description": "Name of country currency",\n          "type": "string",\n          "minLength": 1,\n          "maxLength": 50,\n          "pattern": "^[-_ a-zA-Z0-9]{1,50}$"\n        }\n      }\n    },\n    "AuthenticationTypes": {\n      "type": "object",\n      "properties": {\n        "id": {\n          "$ref": "#/definitions/encId"\n        },\n        "name": {\n          "description": "Name of authentication",\n                "type": "string",\n      "format": "email"\n        }\n      }\n    },\n    "HrTypes": {\n      "type": "object",\n      "properties": {\n        "id": {\n          "$ref": "#/definitions/encId"\n        },\n        "name": {\n          "description": "Name of hr",\n          "type": "string",\n          "minLength": 1,\n          "maxLength": 50,\n          "pattern": "^[-_ a-zA-Z0-9]{1,50}$"\n        }\n      }\n    },\n    "SupervisorTypes": {\n      "type": "object",\n      "properties": {\n        "id": {\n          "$ref": "#/definitions/encId"\n        },\n        "name": {\n          "description": "Name of supervisor",\n          "type": "string",\n          "minLength": 1,\n          "maxLength": 50,\n          "pattern": "^[-_ a-zA-Z0-9]{1,50}$"\n        }\n      }\n    }\n  }\n}', 'ACTIVE', '2018-03-23 10:56:46', '2019-07-25 17:49:05'),
	(46, 1, 1, 'basepayBudget', '{\n  "$schema": "http://json-schema.org/draft-04/schema#",\n  "title": "basepay budget",\n  "description": "basepay budget validation model",\n  "type": "object",\n  "properties": {\n    "name": {\n      "description": "name of basepay budget",\n      "type": "string",\n      "minLength": 3,\n      "maxLength": 50,\n      "pattern": "^[-_ a-zA-Z0-9]{3,50}$"\n    },\n    "description": {\n      "description": "description of basepay budget",\n      "type": "string",\n      "minLength": 3,\n      "maxLength": 100,\n      "pattern": "^[-_ a-zA-Z0-9]{3,100}$"\n    },\n    "comment": {\n      "description": "comment of basepay budget",\n      "type": "string",\n      "minLength": 3,\n      "maxLength": 100,\n      "pattern": "^[-_ a-zA-Z0-9]{3,100}$"\n    },\n	 "type": {\n      "description": "type of basepay budget",\n      "type": "string",\n      "minLength": 3,\n      "maxLength": 100,\n      "enum" : [ "Top Down", "Bottom Up", "Distributed"]\n    },\n    "guidelineTypes": {\n      "$ref": "#/definitions/GuidelineTypes"\n    }\n  },\n  "required": [\n    "name",\n    "description",\n	"comment",\n	"type"\n  ],\n  "definitions": {\n    "encId": {\n      "type": "string",\n      "minLength": 8\n    },\n    "GuidelineTypes": {\n      "type": "object",\n      "properties": {\n        "id": {\n          "$ref": "#/definitions/encId"\n        },\n        "name": {\n          "description": "Name of guideline",\n          "type": "string",\n          "minLength": 3,\n          "maxLength": 50,\n          "pattern": "^[-_ a-zA-Z0-9]{3,50}$"\n        }\n      }\n    }\n  }\n}', 'ACTIVE', '2018-03-23 10:56:46', '2018-05-20 13:07:59'),
	(47, 1, 1, 'bonusBudget', '{\n  "$schema": "http://json-schema.org/draft-04/schema#",\n  "title": "bonus budget",\n  "description": "bonus budget validation model",\n  "type": "object",\n  "properties": {\n    "name": {\n      "description": "name of bonus budget",\n      "type": "string",\n      "minLength": 3,\n      "maxLength": 50,\n      "pattern": "^[-_ a-zA-Z0-9]{3,50}$"\n    },\n    "description": {\n      "description": "description of bonus budget",\n      "type": "string",\n      "minLength": 3,\n      "maxLength": 100,\n      "pattern": "^[-_ a-zA-Z0-9]{3,100}$"\n    },\n    "comment": {\n      "description": "comment of bonus budget",\n      "type": "string",\n      "minLength": 3,\n      "maxLength": 100,\n      "pattern": "^[-_ a-zA-Z0-9]{3,100}$"\n    },\n	 "type": {\n      "description": "type of bonus budget",\n      "type": "string",\n      "minLength": 3,\n      "maxLength": 100,\n      "enum" : [ "Top Down", "Bottom Up", "Distributed"]\n    },\n    "guidelineTypes": {\n      "$ref": "#/definitions/GuidelineTypes"\n    }\n  },\n  "required": [\n    "name",\n    "description",\n	"comment",\n	"type"\n  ],\n  "definitions": {\n    "encId": {\n      "type": "string",\n      "minLength": 8\n    },\n    "GuidelineTypes": {\n      "type": "object",\n      "properties": {\n        "id": {\n          "$ref": "#/definitions/encId"\n        },\n        "name": {\n          "description": "Name of guideline",\n          "type": "string",\n          "minLength": 3,\n          "maxLength": 50,\n          "pattern": "^[-_ a-zA-Z0-9]{3,50}$"\n        }\n      }\n    }\n  }\n}', 'ACTIVE', '2018-03-23 10:56:46', '2018-05-20 13:08:56'),
	(48, 1, 1, 'stockBudget', '{\n  "$schema": "http://json-schema.org/draft-04/schema#",\n  "title": "stock budget",\n  "description": "stock budget validation model",\n  "type": "object",\n  "properties": {\n    "name": {\n      "description": "name of stock budget",\n      "type": "string",\n      "minLength": 3,\n      "maxLength": 50,\n      "pattern": "^[-_ a-zA-Z0-9]{3,50}$"\n    },\n    "description": {\n      "description": "description of stock budget",\n      "type": "string",\n      "minLength": 3,\n      "maxLength": 100,\n      "pattern": "^[-_ a-zA-Z0-9]{3,100}$"\n    },\n    "comment": {\n      "description": "comment of stock budget",\n      "type": "string",\n      "minLength": 3,\n      "maxLength": 100,\n      "pattern": "^[-_ a-zA-Z0-9]{3,100}$"\n    },\n	 "type": {\n      "description": "type of stock budget",\n      "type": "string",\n      "minLength": 3,\n      "maxLength": 100,\n      "enum" : [ "Top Down", "Bottom Up", "Distributed"]\n    },\n    "guidelineTypes": {\n      "$ref": "#/definitions/GuidelineTypes"\n    }\n  },\n  "required": [\n    "name",\n    "description",\n	"comment",\n	"type"\n  ],\n  "definitions": {\n    "encId": {\n      "type": "string",\n      "minLength": 8\n    },\n    "GuidelineTypes": {\n      "type": "object",\n      "properties": {\n        "id": {\n          "$ref": "#/definitions/encId"\n        },\n        "name": {\n          "description": "Name of guideline",\n          "type": "string",\n          "minLength": 3,\n          "maxLength": 50,\n          "pattern": "^[-_ a-zA-Z0-9]{3,50}$"\n        }\n      }\n    }\n  }\n}', 'ACTIVE', '2018-03-23 10:56:46', '2018-05-20 13:09:13'),
	(49, 1, 1, 'basepayGuideline', '{\n  "$schema": "http://json-schema.org/draft-04/schema#",\n  "title": "basepay guideline",\n  "description": "basepay guideline validation model",\n  "type": "object",\n  "properties": {\n    "name": {\n      "description": "name of basepay guideline",\n      "type": "string",\n      "minLength": 3,\n      "maxLength": 50,\n      "pattern": "^[-_ a-zA-Z0-9]{3,50}$"\n    },\n    "description": {\n      "description": "description of basepay guideline",\n      "type": "string",\n      "minLength": 3,\n      "maxLength": 100,\n      "pattern": "^[-_ a-zA-Z0-9]{3,100}$"\n    },\n    "isApplyRules": {\n      "description": "apply rules of basepay guideline",\n      "type": "boolean"\n    },\n    "isLoaded": {\n      "description": "loaded state of basepay guideline",\n      "type": "boolean"\n    },\n    "templateRows": {\n      "description": "template rows of basepay guideline",\n      "type": "array",\n      "minItems": 1,\n      "maxItems": 20,\n      "items": {\n        "type": "object",\n        "$ref": "#/definitions/templateRow"\n      }\n    },\n    "ruleTypes": {\n      "description": "rule types of basepay guideline",\n      "type": "array",\n      "minItems": 1,\n      "items": {\n        "type": "string"\n      }\n    },\n    "compensationIncreaseTypes": {\n      "description": "compensation increase types of basepay guideline",\n      "type": "object",\n      "$ref": "#/definitions/CompensationIncreaseTypes"\n    }\n  },\n  "required": [\n    "name",\n    "description",\n    "isApplyRules",\n    "isLoaded",\n    "templateRows",\n    "ruleTypes",\n    "compensationIncreaseTypes"\n  ],\n  "definitions": {\n    "templateRow": {\n      "type": "object",\n      "properties": {\n        "id": {\n          "description": "template row index of basepay guideline",\n          "type": "number",\n          "minimum": 0\n        },\n        "fields": {\n          "description": "template row field of basepay guideline",\n          "type": "array",\n          "minItems": 0,\n          "maxItems": 5,\n          "items": {\n            "type": "object",\n            "$ref": "#/definitions/TemplateRowField"\n          }\n        }\n      }\n    },\n    "TemplateRowField": {\n      "type": "object",\n      "properties": {\n        "id": {\n          "description": "template row field id of basepay guideline",\n          "type": "string",\n          "minLength": 8\n        },\n        "name": {\n          "description": "template row field name of basepay guideline",\n          "type": "string"\n        }\n      }\n    },\n    "CompensationIncreaseTypes": {\n      "type": "object",\n      "properties": {\n        "id": {\n          "description": "compensation increase type id",\n          "type": "string",\n          "minLength": 8\n        },\n        "name": {\n          "description": "compensation increase type name",\n          "type": "string",\n          "minLength": 3,\n          "maxLength": 50,\n          "pattern": "^[-_ a-zA-Z0-9]{3,50}$"\n        }\n      }\n    }\n  }\n}', 'ACTIVE', '2018-03-23 10:56:46', '2018-07-26 14:23:17'),
	(50, 1, 1, 'bonusGuideline', '{\n  "$schema": "http://json-schema.org/draft-04/schema#",\n  "title": "bonus guideline",\n  "description": "bonus guideline validation model",\n  "type": "object",\n  "properties": {\n    "name": {\n      "description": "name of bonus guideline",\n      "type": "string",\n      "minLength": 3,\n      "maxLength": 50,\n      "pattern": "^[-_ a-zA-Z0-9]{3,50}$"\n    },\n    "description": {\n      "description": "description of bonus guideline",\n      "type": "string",\n      "minLength": 3,\n      "maxLength": 100,\n      "pattern": "^[-_ a-zA-Z0-9]{3,100}$"\n    },\n    "isApplyRules": {\n      "description": "apply rules of bonus guideline",\n      "type": "boolean"\n    },\n    "isLoaded": {\n      "description": "loaded state of bonus guideline",\n      "type": "boolean"\n    },\n    "templateRows": {\n      "description": "template rows of bonus guideline",\n      "type": "array",\n      "minItems": 1,\n      "maxItems": 20,\n      "items": {\n        "type": "object",\n        "$ref": "#/definitions/templateRow"\n      }\n    },\n    "ruleTypes": {\n      "description": "rule types of bonus guideline",\n      "type": "array",\n      "minItems": 1,\n      "items": {\n        "type": "string"\n      }\n    },\n    "compensationIncreaseTypes": {\n      "description": "compensation increase types of bonus guideline",\n      "type": "object",\n      "$ref": "#/definitions/CompensationIncreaseTypes"\n    }\n  },\n  "required": [\n    "name",\n    "description",\n    "isApplyRules",\n    "isLoaded",\n    "templateRows",\n    "ruleTypes",\n    "compensationIncreaseTypes"\n  ],\n  "definitions": {\n    "templateRow": {\n      "type": "object",\n      "properties": {\n        "id": {\n          "description": "template row index of bonus guideline",\n          "type": "number",\n          "minimum": 0\n        },\n        "fields": {\n          "description": "template row field of bonus guideline",\n          "type": "array",\n          "minItems": 0,\n          "maxItems": 5,\n          "items": {\n            "type": "object",\n            "$ref": "#/definitions/TemplateRowField"\n          }\n        }\n      }\n    },\n    "TemplateRowField": {\n      "type": "object",\n      "properties": {\n        "id": {\n          "description": "template row field id of bonus guideline",\n          "type": "string",\n          "minLength": 8\n        },\n        "name": {\n          "description": "template row field name of bonus guideline",\n          "type": "string"\n        }\n      }\n    },\n    "CompensationIncreaseTypes": {\n      "type": "object",\n      "properties": {\n        "id": {\n          "description": "compensation increase type id",\n          "type": "string",\n          "minLength": 8\n        },\n        "name": {\n          "description": "compensation increase type name",\n          "type": "string",\n          "minLength": 3,\n          "maxLength": 50,\n          "pattern": "^[-_ a-zA-Z0-9]{3,50}$"\n        }\n      }\n    }\n  }\n}', 'ACTIVE', '2018-03-23 10:56:46', '2018-07-26 14:27:22'),
	(51, 1, 1, 'stockGuideline', '{\n  "$schema": "http://json-schema.org/draft-04/schema#",\n  "title": "stock guideline",\n  "description": "stock guideline validation model",\n  "type": "object",\n  "properties": {\n    "name": {\n      "description": "name of stock guideline",\n      "type": "string",\n      "minLength": 3,\n      "maxLength": 50,\n      "pattern": "^[-_ a-zA-Z0-9]{3,50}$"\n    },\n    "description": {\n      "description": "description of stock guideline",\n      "type": "string",\n      "minLength": 3,\n      "maxLength": 100,\n      "pattern": "^[-_ a-zA-Z0-9]{3,100}$"\n    },\n    "isApplyRules": {\n      "description": "apply rules of stock guideline",\n      "type": "boolean"\n    },\n    "isLoaded": {\n      "description": "loaded state of stock guideline",\n      "type": "boolean"\n    },\n    "templateRows": {\n      "description": "template rows of stock guideline",\n      "type": "array",\n      "minItems": 1,\n      "maxItems": 20,\n      "items": {\n        "type": "object",\n        "$ref": "#/definitions/templateRow"\n      }\n    },\n    "ruleTypes": {\n      "description": "rule types of stock guideline",\n      "type": "array",\n      "minItems": 1,\n      "items": {\n        "type": "string"\n      }\n    },\n    "compensationIncreaseTypes": {\n      "description": "compensation increase types of stock guideline",\n      "type": "object",\n      "$ref": "#/definitions/CompensationIncreaseTypes"\n    }\n  },\n  "required": [\n    "name",\n    "description",\n    "isApplyRules",\n    "isLoaded",\n    "templateRows",\n    "ruleTypes",\n    "compensationIncreaseTypes"\n  ],\n  "definitions": {\n    "templateRow": {\n      "type": "object",\n      "properties": {\n        "id": {\n          "description": "template row index of stock guideline",\n          "type": "number",\n          "minimum": 0\n        },\n        "fields": {\n          "description": "template row field of stock guideline",\n          "type": "array",\n          "minItems": 0,\n          "maxItems": 5,\n          "items": {\n            "type": "object",\n            "$ref": "#/definitions/TemplateRowField"\n          }\n        }\n      }\n    },\n    "TemplateRowField": {\n      "type": "object",\n      "properties": {\n        "id": {\n          "description": "template row field id of stock guideline",\n          "type": "string",\n          "minLength": 8\n        },\n        "name": {\n          "description": "template row field name of stock guideline",\n          "type": "string"\n        }\n      }\n    },\n    "CompensationIncreaseTypes": {\n      "type": "object",\n      "properties": {\n        "id": {\n          "description": "compensation increase type id",\n          "type": "string",\n          "minLength": 8\n        },\n        "name": {\n          "description": "compensation increase type name",\n          "type": "string",\n          "minLength": 3,\n          "maxLength": 50,\n          "pattern": "^[-_ a-zA-Z0-9]{3,50}$"\n        }\n      }\n    }\n  }\n}', 'ACTIVE', '2018-03-23 10:56:46', '2018-07-26 14:27:33'),
	(52, 1, 1, 'analytics', '{\n  "$schema": "http://json-schema.org/draft-04/schema#",\n  "title": "analytics",\n  "description": "analytics validation model",\n  "type": "object",\n  "properties": {\n    "jobCode": {\n      "description": "job code of analytics",\n      "type": "string",\n      "minLength": 3,\n      "maxLength": 100,\n      "pattern": "^[-_ a-zA-Z0-9]{3,100}$"\n    },\n    "increaseValue": {\n      "description": "increase value of analytics",\n      "type": "number",\n      "minimum": 0,\n      "maximum": 99999999\n    },\n    "empAnnualBasePay": {\n      "description": "annual basePay of analytics",\n      "type": "number",\n      "minimum": 0,\n      "maximum": 99999999\n    },\n    "percentage": {\n      "description": "percentage value of analytics",\n      "type": "number",\n      "minimum": 0,\n      "maximum": 1000.9999\n    }\n  },\n  "required": [\n    "jobCode",\n    "empAnnualBasePay"\n  ]\n}', 'ACTIVE', '2018-03-23 10:56:46', '2018-10-02 09:58:13'),
	(53, 1, 1, 'performanceReview', '{\n  "$schema": "http://json-schema.org/draft-04/schema#",\n  "title": "pmlite",\n  "description": "pmlite validation model",\n  "type": "object",\n  "properties": {\n    "managerVisibleComment": {\n      "description": "manager visible comment of pmlite",\n      "type": "string"\n    },\n	"employeeVisibleComment": {\n      "description": "employee visible comment of pmlite",\n      "type": "string"\n    },\n    "newJobCode": {\n      "description": "new code of job",\n      "type": "string",\n      "minLength": 3,\n      "maxLength": 50,\n      "pattern": "^[-_ a-zA-Z0-9]{3,50}$"\n    },\n	"performanceRatingId" : {\n	  "type": "string",\n      "minLength": 8\n	},\n	"id" : {\n	  "type": "string",\n      "minLength": 8\n	}\n  },\n  "required": [\n    "managerVisibleComment",\n    "employeeVisibleComment",\n	"newJobCode",\n	"performanceRatingId",\n	"id"\n  ]\n}', 'ACTIVE', '2018-03-23 10:56:46', '2018-05-27 17:31:09'),
	(54, 1, 1, 'equation', '{\n  "$schema": "http://json-schema.org/draft-04/schema#",\n  "title": "equation",\n  "description": "equation validation model",\n  "type": "object",\n  "properties": {\n    "name": {\n      "description": "name of equation",\n      "type": "string",\n      "minLength": 3,\n      "maxLength": 50,\n      "pattern": "^[-_ a-zA-Z0-9]{3,50}$"\n    },\n    "description": {\n      "description": "description of equation",\n      "type": "string",\n      "minLength": 3,\n      "maxLength": 100,\n      "pattern": "^[-_ a-zA-Z0-9]{3,100}$"\n    },\n    "templateRows": {\n      "description": "template rows of equation",\n      "type": "array",\n      "minItems": 1,\n      "maxItems": 20,\n      "items": {\n        "type": "object",\n        "$ref": "#/definitions/templateRow"\n      }\n    }\n  },\n  "required": [\n    "name",\n    "description",\n    "templateRows"\n  ],\n  "definitions": {\n    "templateRow": {\n      "type": "object",\n      "properties": {\n        "id": {\n          "description": "template row index of equation",\n          "type": "number",\n          "minimum": 0\n        },\n        "fields": {\n          "description": "template row field of equation",\n          "type": "array",\n          "minItems": 0,\n          "maxItems": 5,\n          "items": {\n            "type": "object",\n            "$ref": "#/definitions/TemplateRowField"\n          }\n        }\n      }\n    },\n    "TemplateRowField": {\n      "type": "object",\n      "properties": {\n        "id": {\n          "description": "template row field id of equation",\n          "type": "string",\n      "minLength": 8\n        },\n        "name": {\n          "description": "template row field name of equation",\n          "type": "string"\n        }\n      }\n    }\n  }\n}', 'ACTIVE', '2018-03-23 10:56:46', '2018-07-26 14:22:37'),
	(58, 1, 1, 'register', '{\n  "$schema": "http://json-schema.org/draft-04/schema#",\n  "title": "register",\n  "description": "register validation model",\n  "type": "object",\n  "properties": {\n    "userName": {\n      "description": "user name of user",\n      "type": "string",\n      "minLength": 6,\n      "maxLength": 255,\n      "pattern": "^[a-z0-9]+(\\\\.[_a-z0-9]+)*@[a-z0-9-]+(\\\\.[a-z0-9-]+)*(\\\\.[a-z]{2,3})$"\n    },\n    "password": {\n      "description": "password of user",\n      "type": "string",\n      "minLength": 6,\n      "maxLength": 10,\n      "pattern": "^[a-zA-Z0-9]{6,10}$"\n    }\n  },\n  "required": [\n    "userName",\n    "password"\n  ]\n}', 'ACTIVE', '2018-03-23 10:56:46', '2018-07-26 20:23:46'),
	(59, 1, 1, 'resetPassword', '{\n  "$schema": "http://json-schema.org/draft-04/schema#",\n  "title": "reset password",\n  "description": "reset password validation model",\n  "type": "object",\n  "properties": {\n    "userName": {\n      "description": "user name of user",\n      "type": "string",\n      "minLength": 6,\n      "maxLength": 255,\n      "pattern": "^[a-z0-9]+(\\\\.[_a-z0-9]+)*@[a-z0-9-]+(\\\\.[a-z0-9-]+)*(\\\\.[a-z]{2,3})$"\n    }\n  },\n  "required": [\n    "userName"\n  ]\n}', 'ACTIVE', '2018-03-23 10:56:46', '2018-07-26 20:24:31'),
	(60, 1, 1, 'plan', '{\n  "$schema": "http://json-schema.org/draft-04/schema#",\n  "title": "plan",\n  "description": "plan validation model",\n  "type": "object",\n  "properties": {\n    "name": {\n      "description": "name of plan",\n      "type": "string",\n      "minLength": 3,\n      "maxLength": 50,\n      "pattern": "^[-_ a-zA-Z0-9]{3,50}$"\n    },\n    "description": {\n      "description": "description of plan",\n      "type": "string",\n      "minLength": 3,\n      "maxLength": 100,\n      "pattern": "^[-_ a-zA-Z0-9]{3,100}$"\n    },\n    "startDate": {\n      "description": "start date of plan",\n      "type": "string",\n      "format": "date"\n    },\n    "endDate": {\n      "description": "end date of plan",\n      "type": "string",\n      "format": "date"\n    },\n    "cycle": {\n      "description": "cycle of plan",\n      "type": "string",\n      "minLength": 3,\n      "maxLength": 50,\n      "pattern": "^[-_ a-zA-Z0-9]{3,50}$"\n    },\n    "budgetTypes": {\n      "description": "budget type of plan",\n      "type": "array",\n      "items": {\n        "type": "string"\n      }\n    }\n  },\n  "required": [\n    "name",\n    "description",\n    "startDate",\n    "endDate",\n    "cycle",\n    "budgetTypes"\n  ]\n}', 'ACTIVE', '2018-03-23 10:56:46', '2018-07-24 21:19:59'),
	(61, 1, 1, 'organization', '{\n  "$schema": "http://json-schema.org/draft-04/schema#",\n  "title": "organization",\n  "description": "organization validation model",\n  "type": "object",\n  "properties": {\n    "name": {\n      "description": "name of organization",\n      "type": "string",\n      "minLength": 3,\n      "maxLength": 50,\n      "pattern": "^[-_ a-zA-Z0-9]{3,50}$"\n    },\n    "description": {\n      "description": "description of organization",\n      "type": "string",\n      "minLength": 3,\n      "maxLength": 100,\n      "pattern": "^[-_ a-zA-Z0-9]{3,100}$"\n    },\n	"displayName": {\n      "description": "display name of organization",\n      "type": "string",\n      "minLength": 3,\n      "maxLength": 50,\n      "pattern": "^[-_ a-zA-Z0-9]{3,50}$"\n    },\n	"address": {\n      "description": "address of organization",\n      "type": "string",\n      "minLength": 3,\n      "maxLength": 100,\n      "pattern": "^[-_ a-zA-Z0-9]{3,100}$"\n    },\n	"code": {\n      "description": "code name of organization",\n      "type": "string",\n      "minLength": 3,\n      "maxLength": 50,\n      "pattern": "^[-_ a-zA-Z0-9]{3,50}$"\n    },\n	"identificationNumber": {\n      "description": "identification number of organization",\n      "type": "string",\n      "minLength": 3,\n      "maxLength": 50,\n      "pattern": "^[-_ a-zA-Z0-9]{3,50}$"\n    },\n	"targetRevenue": {\n      "description": "target revenue of organization",\n	  "type": "number",\n      "minimum": 1,\n      "maximum": 99999999.00\n    },\n	"targetSales": {\n      "description": "target sales of organization",\n	  "type": "number",\n      "minimum": 1,\n      "maximum": 99999999.00\n    },\n	"targetProfit": {\n      "description": "target profit of organization",\n	  "type": "number",\n      "minimum": 1,\n      "maximum": 99999999.00\n    },\n	"revenueMultiplier": {\n      "description": "revenue multiplier of organization",\n	  "type": "number",\n      "minimum": 1,\n      "maximum": 99999999.00\n    },\n	"salesMultiplier": {\n      "description": "sales multiplier of organization",\n	  "type": "number",\n      "minimum": 1,\n      "maximum": 99999999.00\n    },\n	"profitMultiplier": {\n      "description": "profit multiplier of organization",\n	  "type": "number",\n      "minimum": 1,\n      "maximum": 99999999.00\n    },\n	"actualRevenue": {\n      "description": "actual revenue of organization",\n	  "type": "number",\n      "minimum": 1,\n      "maximum": 99999999.00\n    },\n	"actualSales": {\n      "description": "actual sales of organization",\n	  "type": "number",\n      "minimum": 1,\n      "maximum": 99999999.00\n    },\n	"actualProfit": {\n      "description": "actual profit of organization",\n	  "type": "number",\n      "minimum": 1,\n      "maximum": 99999999.00\n    },\n	"frequency": {\n      "description": "frequency of organization",\n      "type": "string",\n      "minLength": 3,\n      "maxLength": 50,\n      "pattern": "^[-_ a-zA-Z0-9]{3,50}$"\n    },\n	"startDate": {\n      "description": "start date of organization",\n      "type": "string",\n      "format": "date"\n    },\n	"endDate": {\n      "description": "end date of organization",\n      "type": "string",\n      "format": "date"\n    },\n	"phoneNumber": {\n      "description": "phone number of organization",\n      "type": "string",\n      "pattern": "^[0-9()\\\\-\\\\.\\\\s]+$"\n    },\n	"email": {\n      "description": "email of organization",\n      "type": "string",\n      "format": "email"\n    }\n  },\n  "required": [\n    "name",\n    "description",\n	"displayName",\n	"address",\n	"code",\n	"identificationNumber",\n	"targetRevenue",\n	"targetSales",\n	"targetProfit",\n	"revenueMultiplier",\n	"salesMultiplier",\n	"profitMultiplier",\n	"actualRevenue",\n	"actualSales",\n	"actualProfit",\n	"frequency",\n	"startDate", \n	"endDate",\n	"phoneNumber",\n	"email"\n  ]\n}', 'ACTIVE', '2018-03-23 10:56:46', '2018-07-24 21:19:59'),
	(62, 1, 1, 'compView', '{\n  "$schema": "http://json-schema.org/draft-04/schema#",\n  "title": "comp view",\n  "description": "comp view validation model",\n  "type": "object",\n  "properties": {\n    "name": {\n      "description": "name of comp view",\n      "type": "string",\n      "minLength": 3,\n      "maxLength": 50,\n      "pattern": "^[-_ a-zA-Z0-9]{3,50}$"\n    },\n    "description": {\n      "description": "description of comp view",\n      "type": "string",\n      "minLength": 3,\n      "maxLength": 100,\n      "pattern": "^[-_ a-zA-Z0-9]{3,100}$"\n    },\n    "isLoaded": {\n      "description": "loaded state of comp view",\n      "type": "boolean"\n    },\n    "templateTabs": {\n      "description": "template tabs of comp view",\n      "type": "array",\n      "minItems": 1,\n      "maxItems": 5,\n      "items": {\n        "type": "object",\n        "$ref": "#/definitions/templateTab"\n      }\n    },\n   "chageStatus": {\n      "description": "change status of comp view",\n      "type": "boolean"\n    }\n  },\n  "required": [\n    "name",\n    "description",\n    "isLoaded",\n    "templateTabs"\n  ],\n  "definitions": {\n    "encId": {\n      "type": "string",\n      "minLength": 8\n    },\n    "templateTab": {\n      "type": "object",\n      "properties": {\n        "id": {\n          "description": "template tab index of comp view",\n          "type": "number",\n          "minimum": 0\n        },\n        "name": {\n          "description": "name of template tab",\n          "type": "string",\n          "minLength": 3,\n          "maxLength": 50,\n          "pattern": "^[-_ a-zA-Z0-9]{3,50}$"\n        },\n        "rows": {\n          "description": "template tab row of comp view",\n          "type": "array",\n          "minItems": 5,\n          "maxItems": 5,\n          "items": {\n            "type": "object",\n            "$ref": "#/definitions/templateRow"\n          }\n        }\n      }\n    },\n    "templateRow": {\n      "type": "object",\n      "properties": {\n        "id": {\n          "description": "template row index of comp view",\n          "type": "number",\n          "minimum": 0\n        },\n        "fields": {\n          "description": "template row field of comp view",\n          "type": "array",\n          "minItems": 0,\n          "maxItems": 10,\n          "items": {\n            "type": "object",\n            "$ref": "#/definitions/TemplateRowField"\n          }\n        }\n      }\n    },\n    "TemplateRowField": {\n      "type": "object",\n      "properties": {\n        "id": {\n          "description": "template row field id of comp view",\n          "type": "string",\n          "minLength": 8\n        },\n        "name": {\n          "description": "template row field name of comp view",\n          "type": "string"\n        }\n      }\n    }\n  }\n}', 'ACTIVE', '2018-03-23 10:56:46', '2018-10-12 19:20:08'),
	(63, 1, 1, 'alert', '{\n  "$schema": "http://json-schema.org/draft-04/schema#",\n  "title": "alert view",\n  "description": "alert view validation model",\n  "type": "object",\n  "properties": {\n    "name": {\n      "description": "name of alert view",\n      "type": "string",\n      "minLength": 3,\n      "maxLength": 50,\n      "pattern": "^[-_ a-zA-Z0-9]{3,50}$"\n    },\n    "description": {\n      "description": "description of alert view",\n      "type": "string",\n      "minLength": 3,\n      "maxLength": 100,\n      "pattern": "^[-_ a-zA-Z0-9]{3,100}$"\n    },\n	"elseRule": {\n      "description": "else rule of alert view",\n      "type": "string",\n      "minLength": 0,\n      "maxLength": 500,\n      "pattern": "^[-_ a-zA-Z0-9]{0,500}$"\n    },\n	"thenRule": {\n      "description": "then rule of alert view",\n      "type": "string",\n      "minLength": 3,\n      "maxLength": 500,\n      "pattern": "^[-_ a-zA-Z0-9]{3,500}$"\n    },\n    "templateRows": {\n      "description": "template rows of alert view",\n      "type": "array",\n      "items": {\n        "type": "object",\n        "$ref": "#/definitions/templateRow"\n      }\n    },\n   "chageStatus": {\n      "description": "change status of alert view",\n      "type": "boolean"\n    }\n  },\n  "required": [\n    "name",\n    "description",\n	"thenRule",\n    "templateRows"\n  ],\n  "definitions": {\n    "encId": {\n      "type": "string",\n      "minLength": 8\n    },\n    "templateRow": {\n      "type": "object",\n      "properties": {\n        "id": {\n          "description": "template row index of alert view",\n          "type": "number",\n          "minimum": 0\n        },\n        "fields": {\n          "description": "template row field of alert view",\n          "type": "array",\n          "minItems": 2,\n          "maxItems": 4,\n          "items": {\n            "type": "object",\n            "$ref": "#/definitions/TemplateRowField"\n          }\n        }\n      }\n    },\n    "TemplateRowField": {\n      "type": "object",\n      "properties": {\n        "id": {\n          "description": "template row field id of alert view"\n        },\n        "name": {\n          "description": "template row field name of alert view",\n          "type": "string"\n        }\n      }\n    }\n  }\n}', 'ACTIVE', '2018-03-23 10:56:46', '2018-10-12 19:20:38'),
	(64, 1, 1, 'rule', '{\n  "$schema": "http://json-schema.org/draft-04/schema#",\n  "title": "rule",\n  "description": "rule validation model",\n  "type": "object",\n  "properties": {\n    "name": {\n      "description": "name of rule",\n      "type": "string",\n      "minLength": 3,\n      "maxLength": 50,\n      "pattern": "^[-_ a-zA-Z0-9]{3,50}$"\n    },\n    "description": {\n      "description": "description of rule",\n      "type": "string",\n      "minLength": 3,\n      "maxLength": 100,\n      "pattern": "^[-_ a-zA-Z0-9]{3,100}$"\n    },\n    "templateRows": {\n      "description": "template rule type",\n      "type": "object",\n      "$ref": "#/definitions/templateRuleType"\n    }\n  },\n  "required": [\n    "name",\n    "description",\n    "templateRows"\n  ],\n  "definitions": {\n    "templateRuleType": {\n      "type": "object",\n      "properties": {\n        "ifRows": {\n          "description": "template if rule type index",\n          "type": "array",\n          "items": {\n            "type": "object",\n            "$ref": "#/definitions/templateRow"\n          }\n        },\n        "thenRows": {\n          "description": "template then rule type index",\n          "type": "array",\n          "items": {\n            "type": "object",\n            "$ref": "#/definitions/templateRow"\n          }\n        },\n        "elseRows": {\n          "description": "template else rule type index",\n          "type": "array",\n          "items": {\n            "type": "object",\n            "$ref": "#/definitions/templateRow"\n          }\n        }\n      }\n    },\n    "templateRow": {\n      "type": "object",\n      "properties": {\n        "id": {\n          "description": "template row index of equation",\n          "type": "number",\n          "minimum": 0\n        },\n        "fields": {\n          "description": "template row field of equation",\n          "type": "array",\n          "minItems": 0,\n          "maxItems": 5,\n          "items": {\n            "type": "object",\n            "$ref": "#/definitions/TemplateRowField"\n          }\n        }\n      }\n    },\n    "TemplateRowField": {\n      "type": "object",\n      "properties": {\n        "id": {\n          "description": "template row field id of rule"\n        },\n        "name": {\n          "description": "template row field name of rule",\n          "type": "string"\n        }\n      }\n    }\n  }\n}', 'ACTIVE', '2018-03-23 10:56:46', '2018-07-26 19:30:20'),
	(65, 1, 1, 'complianceView', '{\n  "$schema": "http://json-schema.org/draft-04/schema#",\n  "title": "compliance view",\n  "description": "compliance view validation model",\n  "type": "object",\n  "properties": {\n    "name": {\n      "description": "name of compliance view",\n      "type": "string",\n      "minLength": 3,\n      "maxLength": 50,\n      "pattern": "^[-_ a-zA-Z0-9]{3,50}$"\n    },\n    "description": {\n      "description": "description of compliance view",\n      "type": "string",\n      "minLength": 3,\n      "maxLength": 100,\n      "pattern": "^[-_ a-zA-Z0-9]{3,100}$"\n    },\n    "isLoaded": {\n      "description": "loaded state of profile view",\n      "type": "boolean"\n    },\n    "compliances": {\n      "description": "rows of compliance view",\n      "type": "array",\n      "items": {\n        "type": "object",\n        "$ref": "#/definitions/complianceRow"\n      }\n    },\n  "chageStatus": {\n      "description": "change status of compliance view",\n      "type": "boolean"\n    }\n  },\n  "required": [\n    "name",\n    "description",\n    "isLoaded",\n    "compliances"\n  ],\n  "definitions": {\n    "encId": {\n      "type": "string",\n      "minLength": 8\n    },\n    "complianceRow": {\n      "type": "object",\n      "properties": {\n        "id": {\n          "description": "row index of compliance",\n          "type": "number",\n          "minimum": 0\n        },\n        "name": {\n          "description": "name of compliance",\n          "type": "string",\n          "minLength": 3,\n          "maxLength": 50,\n          "pattern": "^[-_ a-zA-Z0-9]{3,50}$"\n        },\n        "description": {\n          "description": "description of compliance",\n          "type": "string",\n          "minLength": 3,\n          "maxLength": 100,\n          "pattern": "^[-_ a-zA-Z0-9]{3,100}$"\n        },\n        "isMandatory": {\n          "description": "mandatory state of compliance",\n          "type": "boolean"\n        },\n        "ruleType": {\n          "description": "rule type of compliance",\n          "type": "object",\n          "$ref": "#/definitions/ruleType"\n        }\n      }\n    },\n    "ruleType": {\n      "type": "object",\n      "properties": {\n        "id": {\n          "description": "id of rule"\n        },\n        "name": {\n          "description": "name of rule",\n          "type": "string"\n        }\n      }\n    }\n  }\n}', 'ACTIVE', '2018-03-23 10:56:46', '2018-10-12 19:24:56'),
	(66, 1, 1, 'runReport', '{\n  "$schema": "http://json-schema.org/draft-04/schema#",\n  "title": "run report",\n  "description": "run report validation model",\n  "type": "object",\n  "properties": {\n    "id": {\n      "description": "id of report",\n      "$ref": "#/definitions/encId"\n    },\n    "type": {\n      "description": "execution type of report",\n      "type": "string",\n      "enum": [\n        "HTML",\n        "PDF",\n        "XLS",\n        "DOCX"\n      ]\n    },\n    "notifyStatus": {\n      "description": "notify status of report",\n      "type": "string",\n      "enum": [\n        "Yes",\n        "No"\n      ]\n    },\n    "employeeId": {\n      "description": "employee id in report execution",\n      "type": "string",\n      "minLength": 8\n    },\n    "ruleParams": {\n      "description": "rules in report execution",\n      "type": "object"\n    },\n    "filterParams": {\n      "description": "filters in report execution",\n      "type": "object"\n    }\n  },\n  "required": [\n    "id",\n    "type",\n    "notifyStatus"\n  ],\n  "definitions": {\n    "encId": {\n      "type": "string",\n      "minLength": 8\n    }\n  }\n}', 'ACTIVE', '2018-03-23 10:56:46', '2018-09-18 12:10:02'),
	(67, 1, 1, 'planningEmployee', '{\n  "$schema": "http://json-schema.org/draft-04/schema#",\n  "title": "planning employee",\n  "description": "planning employee validation model",\n  "type": "object",\n  "properties": {\n    "id": {\n      "description": "id of planning employee",\n      "$ref": "#/definitions/encId"\n    }\n  },\n  "required": [\n    "id"\n  ],\n  "definitions": {\n    "encId": {\n      "type": "string",\n      "minLength": 8\n    }\n  }\n}', 'ACTIVE', '2018-03-23 10:56:46', '2018-07-31 14:52:01'),
	(68, 1, 1, 'planningRule', '{\n  "$schema": "http://json-schema.org/draft-04/schema#",\n  "title": "planning rule",\n  "description": "planning rule validation model",\n  "type": "object",\n  "properties": {\n    "id": {\n      "description": "id of field",\n      "$ref": "#/definitions/encId"\n    },\n   "name": {\n      "description": "name of field",\n      "type": "string"\n    },\n    "employeeId": {\n      "description": "employee id of planning rule",\n       "type": "string",\n        "minLength": 1\n    },\n    "value": {\n      "description": "value of field",\n      "type": "string"\n    }\n  },\n  "required": [\n    "employeeId",\n    "value"\n  ],\n  "definitions": {\n    "encId": {\n      "type": "string",\n      "minLength": 8\n    }\n  }\n}', 'ACTIVE', '2018-03-23 10:56:46', '2018-10-06 11:39:50'),
	(69, 1, 1, 'buildReport', '	\n{\n  "$schema": "http://json-schema.org/draft-04/schema#",\n  "title": "build report",\n  "description": "build report validation model",\n  "type": "object",\n  "properties": {\n    "name": {\n      "description": "name of build report",\n      "type": "string",\n      "minLength": 3,\n      "maxLength": 50,\n      "pattern": "^[-_ a-zA-Z0-9]{3,50}$"\n    },\n    "description": {\n      "description": "description of build report",\n      "type": "string",\n      "minLength": 3,\n      "maxLength": 100,\n      "pattern": "^[-_ a-zA-Z0-9]{3,100}$"\n    },\n	"share": {\n      "description": "share of build report",\n      "type": "string",\n      "enum": [\n	    "DEVELOPER",\n		"MANAGER",\n		"HR"\n	  ]\n    },\n    "dateAtFooter": {\n      "description": "date at footer of build report",\n      "type": "boolean"\n    },\n	"pageNoAtFooter": {\n      "description": "page no at footer of build report",\n      "type": "boolean"\n    },\n	"xAxisField": {\n      "description": "template rows of build report",\n      "$ref": "#/definitions/encId"\n    },\n    "templateRows": {\n      "description": "template rows of build report",\n      "type": "object",\n      "$ref": "#/definitions/templateRow"\n    },\n	"ruleTypes": {\n      "description": "rules of build report",\n      "type": "array",\n      "items": {\n        "type": "string",\n		"minLength": 8\n      }\n    },\n    "chageStatus": {\n      "description": "change status of build report",\n      "type": "boolean"\n    }\n  },\n  "required": [\n    "name",\n    "description",\n	"share",\n	"dateAtFooter",\n	"pageNoAtFooter",\n    "templateRows",\n	"ruleTypes"\n  ],\n  "definitions": {\n   "encId": {\n      "type": "string",\n      "minLength": 8\n    },\n	"templateRow": {\n      "type": "object",\n      "properties": {\n        "dataRows": {\n			"type": "array",\n			"minItems": 1,\n			"maxItems": 10,\n			"items": {\n				"type": "object",\n				"$ref": "#/definitions/Row"\n			}\n        },\n        "filterRows": {\n            "type": "array",\n			"minItems": 1,\n			"maxItems": 10,\n			"items": {\n				"type": "object",\n				"$ref": "#/definitions/Row"\n			}\n        }\n      }\n    },\n    "Row": {\n      "type": "object",\n      "properties": {\n        "id": {\n          "description": "template row index of build report",\n          "type": "number",\n          "minimum": 0\n        },\n        "fields": {\n          "description": "template row field of build report",\n          "type": "array",\n          "minItems": 0,\n          "maxItems": 10,\n          "items": {\n            "type": "object",\n            "$ref": "#/definitions/TemplateRowField"\n          }\n        }\n      }\n    },\n    "TemplateRowField": {\n      "type": "object",\n      "properties": {\n        "id": {\n          "description": "template row field id of build report",\n          "type": "string",\n          "minLength": 8\n        },\n        "name": {\n          "description": "template row field name of build report",\n          "type": "string"\n        }\n      }\n    }\n  }\n}', 'ACTIVE', '2018-03-23 10:56:46', '2019-04-30 21:22:16'),
	(70, 1, 1, 'customProperty', '{\n  "$schema": "http://json-schema.org/draft-04/schema#",\n  "title": "custom property",\n  "description": "custom property validation model",\n  "type": "object",\n  "properties": {\n    "name": {\n      "description": "name of custom property",\n      "type": "string",\n      "minLength": 3,\n      "maxLength": 50,\n      "pattern": "^[-_ a-zA-Z0-9]{3,50}$"\n    },\n    "description": {\n      "description": "description of  custom property",\n      "type": "string",\n      "minLength": 3,\n      "maxLength": 100,\n      "pattern": "^[-_ a-zA-Z0-9]{3,100}$"\n    }\n  },\n  "required": [\n    "name",\n    "description"\n  ]\n}', 'ACTIVE', '2018-03-23 10:56:46', '2018-08-14 18:20:32'),
	(71, 1, 1, 'customPropertyRecords', '{\n  "$schema": "http://json-schema.org/draft-04/schema#",\n  "title": "alert view",\n  "description": "custom property details validation model",\n  "type": "object",\n  "properties": {\n    "id": {\n      "description": "id of employee",\n      "$ref": "#/definitions/encId"\n    },\n    "details": {\n      "description": "details of custom property records",\n      "type": "array",\n      "items": {\n        "type": "object",\n        "$ref": "#/definitions/recordRow"\n      }\n    }\n  },\n  "required": [\n    "id",\n    "details"\n  ],\n  "definitions": {\n    "encId": {\n      "type": "string",\n      "minLength": 8\n    },\n    "recordRow": {\n      "type": "object",\n      "properties": {\n        "name": {\n          "description": "name of property",\n          "type": "string"\n        },\n        "value": {\n          "description": "value of property",\n          "type": "string"\n        }\n      }\n    }\n  }\n}', 'ACTIVE', '2018-03-23 10:56:46', '2018-08-15 12:25:33'),
	(72, 1, 1, 'planningBudget', '{\n  "$schema": "http://json-schema.org/draft-04/schema#",\n  "title": "planningBudget",\n  "description": "planningBudget validation model",\n  "type": "object",\n  "properties": {\n    "employeeId": {\n      "description": "employee master id of employee",\n      "type": "string"\n    },\n    "action": {\n      "description": "action of budget request",\n      "type": "string",\n      "enum": ["Approved", "Rejected", "Submitted"]\n    },\n    "budgetOptions": {\n       "description": "compensation increase type for update",\n      "type": "array",\n      "minItems": 1,\n      "items": {\n        "type": "object",\n        "$ref": "#/definitions/budgetType"\n      }\n    }\n  },\n  "required": [\n    "employeeId",\n    "action",\n    "budgetOptions"\n  ],\n   "definitions": {\n    "budgetType": {\n      "type": "object",\n      "properties": {\n        "id": {\n          "description": "compensation increase type id",\n          "type": "string"\n        }\n      }\n    }\n  }\n}', 'ACTIVE', '2018-03-23 10:56:46', '2019-03-30 13:49:11'),
	(73, 1, 1, 'planningHistory', '{\n  "$schema": "http://json-schema.org/draft-04/schema#",\n  "title": "planning history",\n  "description": "planning history validation model",\n  "type": "object",\n  "properties": {\n    "employeeId": {\n      "description": "employee master id of employee",\n      "type": "string"\n    }\n  },\n  "required": [\n    "employeeId"\n  ]\n}', 'ACTIVE', '2018-03-23 10:56:46', '2018-09-07 20:34:23'),
	(74, 1, 1, 'unlockUser', '{\n  "$schema": "http://json-schema.org/draft-04/schema#",\n  "title": "unlock",\n  "description": "unlock validation model",\n  "type": "object",\n  "properties": {\n    "password": {\n      "description": "password of user",\n      "type": "string",\n      "minLength": 6,\n      "maxLength": 10,\n      "pattern": "^[a-zA-Z0-9]{6,10}$"\n    }\n  },\n  "required": [\n    "password"\n  ]\n}', 'ACTIVE', '2018-03-23 10:56:46', '2018-10-07 22:10:13'),
	(75, 1, 1, 'oauth2', '{\n  "$schema": "http://json-schema.org/draft-04/schema#",\n  "title": "Authentication type of Oauth2",\n  "description": "Oauth2 validation model",\n  "anyOf": [\n   {\n      "$ref": "#/definitions/authenticationCode"\n    },\n    {\n      "$ref": "#/definitions/implict"\n    },\n    {\n      "$ref": "#/definitions/clientCredentials"\n    },\n    {\n      "$ref": "#/definitions/resourceCredentials"\n    }\n  ],\n  "definitions": {\n    "authenticationCode": {\n      "type": "object",\n      "properties": {\n        "webUrl": {\n          "$ref": "#/definitions/webUrl"\n        },\n        "clientId": {\n          "$ref": "#/definitions/clientId"\n        },\n        "clientSecret": {\n          "$ref": "#/definitions/clientSecret"\n        },\n        "authorizeUrl": {\n          "$ref": "#/definitions/authorizeUrl"\n        },\n        "accessTokenUrl": {\n          "$ref": "#/definitions/accessTokenUrl"\n        }\n      },\n      "required": [\n        "webUrl",\n        "clientId",\n        "clientSecret",\n        "authorizeUrl",\n        "accessTokenUrl"\n      ]\n    },\n    "implict": {\n      "type": "object",\n      "properties": {\n        "webUrl": {\n          "$ref": "#/definitions/webUrl"\n        },\n        "clientId": {\n          "$ref": "#/definitions/clientId"\n        },\n        "clientSecret": {\n          "$ref": "#/definitions/clientSecret"\n        }\n      },\n      "required": [\n        "webUrl",\n        "clientId",\n        "clientSecret"\n      ]\n    },\n    "clientCredentials": {\n      "type": "object",\n      "properties": {\n        "username": {\n          "$ref": "#/definitions/username"\n        },\n        "password": {\n          "$ref": "#/definitions/password"\n        }\n      },\n      "required": [\n        "username",\n        "password"\n      ]\n    },\n    "resourceCredentials": {\n      "type": "object",\n      "properties": {\n        "username": {\n          "$ref": "#/definitions/username"\n        },\n        "password": {\n          "$ref": "#/definitions/password"\n        }\n      },\n      "required": [\n        "username",\n        "password"\n      ]\n    },\n    "password": {\n      "description": "password",\n      "type": "string",\n      "min-length": 6,\n      "max-length": 10,\n      "pattern": "^[a-zA-Z0-9]{6,10}$"\n    },\n    "username": {\n      "description": "name",\n      "type": "string",\n      "minLength": 3,\n      "maxLength": 50,\n      "pattern": "^[-_ a-zA-Z0-9]{3,50}$"\n    },\n    "clientId": {\n      "description": "client identifier",\n      "type": "string",\n      "minLength": 3,\n      "maxLength": 200,\n      "pattern": "^[-_ a-zA-Z0-9]{3,200}$"\n    },\n    "clientSecret": {\n      "description": "client identifier",\n      "type": "string",\n      "minLength": 3,\n      "maxLength": 200,\n      "pattern": "^[-_ a-zA-Z0-9]{3,200}$"\n    },\n    "webUrl": {\n      "description": "web url",\n      "type": "string",\n      "minLength": 15,\n      "maxLength": 200\n    },\n    "authorizeUrl": {\n      "description": "authorize url",\n      "type": "string",\n      "minLength": 3,\n      "maxLength": 200,\n      "pattern": "^[-_ a-zA-Z0-9]{3,200}$"\n    },\n    "accessTokenUrl": {\n      "description": "access token url",\n      "type": "string",\n      "minLength": 3,\n      "maxLength": 200,\n      "pattern": "^[-_ a-zA-Z0-9]{3,200}$"\n    }\n  }\n}', 'ACTIVE', '2018-03-23 10:56:46', '2018-12-20 22:29:38'),
	(77, 1, 1, 'changePrivilege', '{\n  "$schema": "http://json-schema.org/draft-04/schema#",\n  "title": "change privilege",\n  "description": "change privilege validation model",\n  "type": "object",\n  "properties": {\n    "roleId": {\n      "description": "id of role",\n      "$ref": "#/definitions/encId"\n    },\n    "type": {\n      "description": "type",\n      "type": "string",\n      "enum": [\n        "workspace",\n        "category"\n      ]\n    },\n    "action": {\n      "description": "action",\n      "type": "string",\n      "enum": [\n        "view",\n        "manage"\n      ]\n    },\n    "id": {\n      "description": "id of type",\n      "$ref": "#/definitions/encId"\n    },\n    "value": {\n      "description": "updated value of privilege",\n      "type": "boolean"\n    }\n  },\n  "required": [\n    "roleId",\n    "id",\n    "type",\n   "action",\n    "value"\n  ],\n  "definitions": {\n    "encId": {\n      "type": "string",\n      "minLength": 8\n    }\n  }\n}', 'ACTIVE', '2018-03-23 10:56:46', '2019-01-13 11:07:26'),
	(78, 1, 1, 'hrPartnerEmployeeLink', '{\n  "$schema": "http://json-schema.org/draft-04/schema#",\n  "title": "hr partner link",\n  "description": "hr partner link employee validation model",\n  "type": "object",\n  "properties": {\n    "id": {\n      "description": "id of employee",\n      "type": "string",\n      "minLength": 8\n    }\n  },\n  "required": [\n    "id"\n  ]\n}\n', 'ACTIVE', '2018-03-23 10:56:46', '2018-05-09 21:00:15'),
	(79, 1, 1, 'hrPartnerEmployeeUnlink', '{\n  "$schema": "http://json-schema.org/draft-04/schema#",\n  "title": "hr partner unlink",\n  "description": "hr partner unlink employee validation model",\n  "type": "object",\n  "properties": {\n    "id": {\n      "description": "id of employee",\n      "type": "string",\n      "minLength": 8\n    }\n  },\n  "required": [\n    "id"\n  ]\n}', 'ACTIVE', '2018-03-23 10:56:46', '2018-05-09 21:00:22');
/*!40000 ALTER TABLE `validation` ENABLE KEYS */;


-- Dumping structure for table univision.web_connector
CREATE TABLE IF NOT EXISTS `web_connector` (
  `WEB_CONNECTOR_ID` int(11) unsigned NOT NULL AUTO_INCREMENT,
  `AUTHENTICATION_TYPE` enum('OAUTH','OAUTH2','LDAP','SAML') NOT NULL,
  `CONFIGURATION_ID` int(11) unsigned DEFAULT NULL,
  `STATUS` enum('ACTIVE','INACTIVE') NOT NULL DEFAULT 'ACTIVE',
  `STATUS_TLM` datetime NOT NULL,
  `WHEN_CREATED` datetime NOT NULL,
  `TLM` timestamp NOT NULL DEFAULT CURRENT_TIMESTAMP ON UPDATE CURRENT_TIMESTAMP,
  PRIMARY KEY (`WEB_CONNECTOR_ID`),
  KEY `FK_web_connector_validation` (`CONFIGURATION_ID`),
  CONSTRAINT `FK_web_connector_validation` FOREIGN KEY (`CONFIGURATION_ID`) REFERENCES `validation` (`VALIDATION_ID`)
) ENGINE=InnoDB AUTO_INCREMENT=2 DEFAULT CHARSET=latin1;

-- Dumping data for table univision.web_connector: ~0 rows (approximately)
DELETE FROM `web_connector`;
/*!40000 ALTER TABLE `web_connector` DISABLE KEYS */;
INSERT INTO `web_connector` (`WEB_CONNECTOR_ID`, `AUTHENTICATION_TYPE`, `CONFIGURATION_ID`, `STATUS`, `STATUS_TLM`, `WHEN_CREATED`, `TLM`) VALUES
	(1, 'OAUTH2', 75, 'ACTIVE', '2018-12-17 20:31:12', '2018-12-17 20:31:17', '2018-12-20 17:49:00');
/*!40000 ALTER TABLE `web_connector` ENABLE KEYS */;


-- Dumping structure for table univision.workspace
CREATE TABLE IF NOT EXISTS `workspace` (
  `WORKSPACE_ID` int(11) unsigned NOT NULL AUTO_INCREMENT,
  `TENANT_ID` int(11) unsigned NOT NULL,
  `ORG_ID` int(11) unsigned NOT NULL,
  `NAME` varchar(100) NOT NULL,
  `WORKSPACE_DESC` varchar(100) NOT NULL,
  `HEADING` bit(1) NOT NULL,
  `DISPLAY_ORDER` int(11) NOT NULL,
  `REF` varchar(100) DEFAULT NULL,
  `ICON` varchar(100) DEFAULT NULL,
  `VIEW_ROLES_ALLOWED` varchar(5000) DEFAULT NULL,
  `MANAGE_ROLES_ALLOWED` varchar(5000) DEFAULT NULL,
  `STATUS` enum('ACTIVE','INACTIVE') NOT NULL DEFAULT 'ACTIVE',
  `STATUS_TLM` datetime NOT NULL,
  `WHEN_CREATED` datetime NOT NULL,
  `LAST_UPDATED` timestamp NOT NULL DEFAULT CURRENT_TIMESTAMP ON UPDATE CURRENT_TIMESTAMP,
  PRIMARY KEY (`WORKSPACE_ID`),
  UNIQUE KEY `Index 4` (`NAME`),
  KEY `FK_worspace_tenant` (`TENANT_ID`),
  KEY `FK_worspace_organization` (`ORG_ID`),
  CONSTRAINT `FK_worspace_organization` FOREIGN KEY (`ORG_ID`) REFERENCES `organization` (`ORG_ID`),
  CONSTRAINT `FK_worspace_tenant` FOREIGN KEY (`TENANT_ID`) REFERENCES `tenant` (`TENANT_ID`)
) ENGINE=InnoDB AUTO_INCREMENT=20 DEFAULT CHARSET=latin1;

-- Dumping data for table univision.workspace: ~0 rows (approximately)
DELETE FROM `workspace`;
/*!40000 ALTER TABLE `workspace` DISABLE KEYS */;
INSERT INTO `workspace` (`WORKSPACE_ID`, `TENANT_ID`, `ORG_ID`, `NAME`, `WORKSPACE_DESC`, `HEADING`, `DISPLAY_ORDER`, `REF`, `ICON`, `VIEW_ROLES_ALLOWED`, `MANAGE_ROLES_ALLOWED`, `STATUS`, `STATUS_TLM`, `WHEN_CREATED`, `LAST_UPDATED`) VALUES
	(1, 1, 1, 'manager', 'Manager', b'1', 1, NULL, NULL, '2,7', '2,7', 'ACTIVE', '2019-01-11 21:25:05', '2019-01-11 21:25:06', '2019-04-01 15:49:51'),
	(2, 1, 1, 'dashboard', 'Dashboard', b'0', 2, 'app.dashboard', 'icon-speedometer', '2,7,1,8,9', '2,7,8,9', 'ACTIVE', '2019-01-11 21:26:08', '2019-01-11 21:26:08', '2019-04-01 15:56:48'),
	(3, 1, 1, 'planning', 'Planning', b'0', 3, 'app.planning', 'fa fa-sitemap', '2,7,8,9', '2,7,8,9', 'ACTIVE', '2019-01-11 21:26:35', '2019-01-11 21:26:36', '2019-04-01 15:56:50'),
	(4, 1, 1, 'reports', 'Reports', b'0', 4, '#', 'icon-bar-chart', '2,7,8,9', '2,7,8,9', 'ACTIVE', '2019-01-11 21:27:13', '2019-01-11 21:27:13', '2019-04-01 15:56:52'),
	(5, 1, 1, 'analytics', 'Analytics', b'0', 5, '#', 'fa fa-line-chart', '7', '7', 'ACTIVE', '2019-01-11 21:27:56', '2019-01-11 21:27:59', '2019-04-01 15:56:55'),
	(6, 1, 1, 'compliance', 'Compliance', b'0', 6, 'app.compliance', 'icon-eye', '7', '7', 'ACTIVE', '2019-01-11 21:28:36', '2019-01-11 21:28:36', '2019-04-01 15:56:57'),
	(7, 1, 1, 'pmlite', 'PM Lite', b'0', 7, 'app.agilepm', 'icon-graduation', '7', '7,8', 'ACTIVE', '2019-01-11 21:29:03', '2019-01-11 21:29:03', '2019-04-01 15:57:00'),
	(8, 1, 1, 'administrator', 'Administrator', b'1', 8, NULL, NULL, '7', '7', 'ACTIVE', '2019-01-11 21:29:31', '2019-01-11 21:29:32', '2019-04-01 15:57:02'),
	(9, 1, 1, 'setting', 'Setting', b'0', 9, 'app.setting', 'fa fa-cog', '7', '7', 'ACTIVE', '2019-01-11 21:30:10', '2019-01-11 21:30:11', '2019-04-01 15:57:06'),
	(10, 1, 1, 'userManagment', 'User Managment', b'0', 10, 'app.managment', 'fa fa-user', '7,9', '7,9', 'ACTIVE', '2019-01-11 21:30:47', '2019-01-11 21:30:48', '2019-04-01 15:57:09'),
	(11, 1, 1, 'systemData', 'System Data', b'0', 11, 'app.system', 'fa fa-book', '7,4,9', '7,4,9', 'ACTIVE', '2019-01-11 21:31:13', '2019-01-11 21:31:14', '2019-04-01 15:57:11'),
	(12, 1, 1, 'views', 'Views', b'0', 12, 'app.views', 'icon-wallet', '7', '7,2,8,9', 'ACTIVE', '2019-01-11 21:31:37', '2019-01-11 21:31:38', '2019-04-01 15:57:12'),
	(13, 1, 1, 'ruleengine', 'Rule Engine', b'0', 13, 'app.ruleengine', 'icon-calculator', '7', '7', 'ACTIVE', '2019-01-11 21:32:03', '2019-01-11 21:32:04', '2019-04-01 15:57:15'),
	(14, 1, 1, 'guideline', 'Guideline', b'0', 14, 'app.guideline', 'icon-film', '7', '7', 'ACTIVE', '2019-01-11 21:32:25', '2019-01-11 21:32:26', '2019-04-01 15:57:17'),
	(15, 1, 1, 'budget', 'Budget', b'0', 15, 'app.budget', 'icon-pie-chart', '7', '7', 'ACTIVE', '2019-01-11 21:32:45', '2019-01-11 21:32:46', '2019-04-01 15:57:20'),
	(16, 1, 1, 'plan', 'Plan', b'0', 16, 'app.plan', 'icon-support', '7', '7', 'ACTIVE', '2019-01-11 21:33:06', '2019-01-11 21:33:07', '2019-04-01 15:57:24'),
	(17, 1, 1, 'integration', 'Integration', b'0', 17, 'app.integration', 'icon-link', '7', '7', 'ACTIVE', '2019-01-11 21:33:28', '2019-01-11 21:33:29', '2019-04-01 15:57:26'),
	(18, 1, 1, 'activity', 'Activity', b'0', 18, 'app.activity', 'fa fa-database', '7', '7', 'ACTIVE', '2019-01-11 21:33:49', '2019-01-11 21:33:50', '2019-04-01 15:57:28'),
	(19, 1, 1, 'other', 'Other', b'0', 19, 'app.other', 'fa fa-info-circle', '4,7', '7,4,2,9,8', 'ACTIVE', '2019-01-11 21:34:12', '2019-01-11 21:34:13', '2019-04-01 15:57:30');
/*!40000 ALTER TABLE `workspace` ENABLE KEYS */;


-- Dumping structure for table univision.workspace_category
CREATE TABLE IF NOT EXISTS `workspace_category` (
  `WORKSPACE_CATEGORY_ID` int(11) unsigned NOT NULL AUTO_INCREMENT,
  `TENANT_ID` int(11) unsigned NOT NULL,
  `ORGANIZATION_ID` int(11) unsigned NOT NULL,
  `WORKSPACE_ID` int(11) unsigned NOT NULL,
  `CATEGORY_ID` int(11) unsigned NOT NULL,
  `VIEW_ROLES_ALLOWED` text NOT NULL,
  `MANAGE_ROLES_ALLOWED` text NOT NULL,
  `STATUS` enum('ACTIVE','INACTIVE') NOT NULL DEFAULT 'ACTIVE',
  `STATUS_TLM` datetime NOT NULL,
  `WHEN_CREATED` datetime NOT NULL,
  `LAST_UPDATED` timestamp NOT NULL DEFAULT CURRENT_TIMESTAMP ON UPDATE CURRENT_TIMESTAMP,
  PRIMARY KEY (`WORKSPACE_CATEGORY_ID`),
  KEY `FK_workspace_category_tenant` (`TENANT_ID`),
  KEY `FK_workspace_category_organization` (`ORGANIZATION_ID`),
  KEY `FK_workspace_category_worspace` (`WORKSPACE_ID`),
  KEY `FK_workspace_category_category` (`CATEGORY_ID`),
  CONSTRAINT `FK_workspace_category_category` FOREIGN KEY (`CATEGORY_ID`) REFERENCES `category` (`CATEGORY_ID`),
  CONSTRAINT `FK_workspace_category_organization` FOREIGN KEY (`ORGANIZATION_ID`) REFERENCES `organization` (`ORG_ID`),
  CONSTRAINT `FK_workspace_category_tenant` FOREIGN KEY (`TENANT_ID`) REFERENCES `tenant` (`TENANT_ID`),
  CONSTRAINT `FK_workspace_category_worspace` FOREIGN KEY (`WORKSPACE_ID`) REFERENCES `workspace` (`WORKSPACE_ID`)
) ENGINE=InnoDB AUTO_INCREMENT=54 DEFAULT CHARSET=latin1;

-- Dumping data for table univision.workspace_category: ~0 rows (approximately)
DELETE FROM `workspace_category`;
/*!40000 ALTER TABLE `workspace_category` DISABLE KEYS */;
INSERT INTO `workspace_category` (`WORKSPACE_CATEGORY_ID`, `TENANT_ID`, `ORGANIZATION_ID`, `WORKSPACE_ID`, `CATEGORY_ID`, `VIEW_ROLES_ALLOWED`, `MANAGE_ROLES_ALLOWED`, `STATUS`, `STATUS_TLM`, `WHEN_CREATED`, `LAST_UPDATED`) VALUES
	(1, 1, 1, 4, 1, '2,7,8,9', '2,7,8,9', 'ACTIVE', '2019-01-11 22:52:42', '2019-01-11 22:52:43', '2019-01-12 17:52:47'),
	(2, 1, 1, 5, 2, '7,1', '7,1', 'ACTIVE', '2019-01-11 22:53:48', '2019-01-11 22:53:49', '2019-01-12 17:52:49'),
	(3, 1, 1, 5, 3, '7', '7,1', 'ACTIVE', '2019-01-11 22:54:25', '2019-01-11 22:54:26', '2019-01-12 17:52:51'),
	(4, 1, 1, 9, 4, '7', '7', 'ACTIVE', '2019-01-11 22:54:25', '2019-01-11 22:54:26', '2019-01-12 17:53:16'),
	(5, 1, 1, 10, 5, '7,9', '7,9', 'ACTIVE', '2019-01-11 22:54:25', '2019-01-11 22:54:26', '2019-01-12 17:53:15'),
	(6, 1, 1, 10, 6, '7,9', '7,9', 'ACTIVE', '2019-01-11 22:54:25', '2019-01-11 22:54:26', '2019-01-12 17:53:14'),
	(7, 1, 1, 11, 7, '7,4,9', '7,4,9', 'ACTIVE', '2019-01-11 22:54:25', '2019-01-11 22:54:26', '2019-01-12 17:53:17'),
	(8, 1, 1, 11, 8, '7,4,2', '7,4,2', 'ACTIVE', '2019-01-11 22:54:25', '2019-01-11 22:54:26', '2019-01-12 17:52:58'),
	(9, 1, 1, 11, 9, '7', '7', 'ACTIVE', '2019-01-11 22:54:25', '2019-01-11 22:54:26', '2019-01-12 17:53:13'),
	(10, 1, 1, 11, 10, '7', '7,9', 'ACTIVE', '2019-01-11 22:54:25', '2019-01-11 22:54:26', '2019-01-12 17:53:19'),
	(11, 1, 1, 11, 11, '7', '7', 'ACTIVE', '2019-01-11 22:54:25', '2019-01-11 22:54:26', '2019-01-12 17:53:12'),
	(12, 1, 1, 11, 12, '7,9', '7,9', 'ACTIVE', '2019-01-11 22:54:25', '2019-01-11 22:54:26', '2019-01-12 17:53:10'),
	(13, 1, 1, 11, 13, '7,9', '7,9', 'ACTIVE', '2019-01-11 22:54:25', '2019-01-11 22:54:26', '2019-01-12 17:53:09'),
	(14, 1, 1, 11, 14, '7,9', '7,9', 'ACTIVE', '2019-01-11 22:54:25', '2019-01-11 22:54:26', '2019-01-12 17:53:24'),
	(15, 1, 1, 11, 15, '7', '7', 'ACTIVE', '2019-01-11 22:54:25', '2019-01-11 22:54:26', '2019-01-12 17:53:27'),
	(16, 1, 1, 11, 16, '7', '7', 'ACTIVE', '2019-01-11 22:54:25', '2019-01-11 22:54:26', '2019-01-12 17:53:26'),
	(17, 1, 1, 11, 17, '7,9', '7,9', 'ACTIVE', '2019-01-11 22:54:25', '2019-01-11 22:54:26', '2019-01-12 17:53:39'),
	(18, 1, 1, 11, 18, '7', '7', 'ACTIVE', '2019-01-11 22:54:25', '2019-01-11 22:54:26', '2019-01-12 17:53:40'),
	(19, 1, 1, 11, 19, '7', '7', 'ACTIVE', '2019-01-11 22:54:25', '2019-01-11 22:54:26', '2019-01-12 17:53:39'),
	(20, 1, 1, 11, 20, '7', '7', 'ACTIVE', '2019-01-11 22:54:25', '2019-01-11 22:54:26', '2019-01-12 17:53:41'),
	(21, 1, 1, 11, 21, '7', '7', 'ACTIVE', '2019-01-11 22:54:25', '2019-01-11 22:54:26', '2019-01-12 17:53:42'),
	(22, 1, 1, 11, 22, '7,9', '7,9', 'ACTIVE', '2019-01-11 22:54:25', '2019-01-11 22:54:26', '2019-01-12 17:53:43'),
	(23, 1, 1, 11, 23, '7', '7', 'ACTIVE', '2019-01-11 22:54:25', '2019-01-11 22:54:26', '2019-01-12 17:53:44'),
	(24, 1, 1, 11, 24, '7,9', '7,9', 'ACTIVE', '2019-01-11 22:54:25', '2019-01-11 22:54:26', '2019-01-12 17:53:45'),
	(25, 1, 1, 11, 25, '7,2,4', '7,2,4,9', 'ACTIVE', '2019-01-11 22:54:25', '2019-01-11 22:54:26', '2019-01-12 17:53:45'),
	(26, 1, 1, 11, 26, '7', '7', 'ACTIVE', '2019-01-11 22:54:25', '2019-01-11 22:54:26', '2019-01-12 17:53:46'),
	(27, 1, 1, 11, 27, '7', '7', 'ACTIVE', '2019-01-11 22:54:25', '2019-01-11 22:54:26', '2019-01-12 17:53:47'),
	(28, 1, 1, 11, 28, '7', '7', 'ACTIVE', '2019-01-11 22:54:25', '2019-01-11 22:54:26', '2019-01-12 17:53:49'),
	(29, 1, 1, 12, 29, '7', '7,2,8,9', 'ACTIVE', '2019-01-11 22:54:25', '2019-01-11 22:54:26', '2019-01-12 17:54:03'),
	(30, 1, 1, 12, 30, '7', '7,2,8,9', 'ACTIVE', '2019-01-11 22:54:25', '2019-01-11 22:54:26', '2019-01-12 17:54:03'),
	(31, 1, 1, 12, 31, '7', '7,2,8,9', 'ACTIVE', '2019-01-11 22:54:25', '2019-01-11 22:54:26', '2019-01-12 17:54:06'),
	(32, 1, 1, 12, 32, '7', '7,8,9,2', 'ACTIVE', '2019-01-11 22:54:25', '2019-01-11 22:54:26', '2019-01-12 17:54:05'),
	(33, 1, 1, 12, 33, '7', '7,8', 'ACTIVE', '2019-01-11 22:54:25', '2019-01-11 22:54:26', '2019-01-12 17:54:00'),
	(34, 1, 1, 12, 34, '7', '7,8,9,2', 'ACTIVE', '2019-01-11 22:54:25', '2019-01-11 22:54:26', '2019-01-12 17:54:07'),
	(35, 1, 1, 12, 35, '7', '7', 'ACTIVE', '2019-01-11 22:54:25', '2019-01-11 22:54:26', '2019-01-14 13:36:15'),
	(36, 1, 1, 13, 36, '7', '7', 'ACTIVE', '2019-01-11 22:54:25', '2019-01-11 22:54:26', '2019-01-12 17:53:58'),
	(37, 1, 1, 13, 37, '7', '7', 'ACTIVE', '2019-01-11 22:54:25', '2019-01-11 22:54:26', '2019-01-12 17:54:11'),
	(38, 1, 1, 14, 38, '7', '7', 'ACTIVE', '2019-01-11 22:54:25', '2019-01-11 22:54:26', '2019-01-12 17:54:14'),
	(39, 1, 1, 14, 39, '7', '7', 'ACTIVE', '2019-01-11 22:54:25', '2019-01-11 22:54:26', '2019-01-12 17:54:13'),
	(40, 1, 1, 14, 40, '7', '7', 'ACTIVE', '2019-01-11 22:54:25', '2019-01-11 22:54:26', '2019-01-12 17:54:15'),
	(41, 1, 1, 15, 41, '7', '7', 'ACTIVE', '2019-01-11 22:54:25', '2019-01-11 22:54:26', '2019-01-12 17:54:16'),
	(42, 1, 1, 15, 42, '7', '7', 'ACTIVE', '2019-01-11 22:54:25', '2019-01-11 22:54:26', '2019-01-12 17:54:18'),
	(43, 1, 1, 15, 43, '7', '7', 'ACTIVE', '2019-01-11 22:54:25', '2019-01-11 22:54:26', '2019-01-12 17:53:57'),
	(44, 1, 1, 17, 44, '7', '7', 'ACTIVE', '2019-01-11 22:54:25', '2019-01-11 22:54:26', '2019-01-12 17:54:20'),
	(45, 1, 1, 17, 45, '7', '7', 'ACTIVE', '2019-01-11 22:54:25', '2019-01-11 22:54:26', '2019-01-12 17:54:22'),
	(46, 1, 1, 19, 46, '7,4', '7,4', 'ACTIVE', '2019-01-11 22:54:25', '2019-01-11 22:54:26', '2019-01-12 17:54:22'),
	(47, 1, 1, 19, 47, '7,4', '7,4', 'ACTIVE', '2019-01-11 22:54:25', '2019-01-11 22:54:26', '2019-01-12 17:53:56'),
	(48, 1, 1, 19, 48, '7,4', '7,4', 'ACTIVE', '2019-01-11 22:54:25', '2019-01-11 22:54:26', '2019-01-12 17:54:24'),
	(49, 1, 1, 11, 49, '7', '7', 'ACTIVE', '2019-01-11 22:54:25', '2019-01-11 22:54:26', '2019-01-12 17:54:24'),
	(50, 1, 1, 19, 50, '4,2,8', '7,2,4,9,8', 'ACTIVE', '2019-01-11 22:54:25', '2019-01-11 22:54:26', '2019-04-01 17:27:17'),
	(51, 1, 1, 5, 51, '7', '7,1', 'ACTIVE', '2019-01-11 22:54:25', '2019-01-11 22:54:26', '2019-01-12 17:52:51'),
	(52, 1, 1, 10, 52, '7,9', '7,9', 'ACTIVE', '2019-01-11 22:54:25', '2019-01-11 22:54:26', '2019-01-12 17:53:14'),
	(53, 1, 1, 10, 53, '7,9', '7,9', 'ACTIVE', '2019-01-11 22:54:25', '2019-01-11 22:54:26', '2019-01-12 17:53:14');
/*!40000 ALTER TABLE `workspace_category` ENABLE KEYS */;
/*!40101 SET SQL_MODE=IFNULL(@OLD_SQL_MODE, '') */;
/*!40014 SET FOREIGN_KEY_CHECKS=IF(@OLD_FOREIGN_KEY_CHECKS IS NULL, 1, @OLD_FOREIGN_KEY_CHECKS) */;
/*!40101 SET CHARACTER_SET_CLIENT=@OLD_CHARACTER_SET_CLIENT */;
